-115.31753
-88.55408
-84.61171
-85.81886
-86.03192
-87.64181
-87.85538
-89.04551
-89.50952
-90.54562
-90.84267
-91.52475
-91.76048
-92.66572
-93.35987
-94.31444
-94.81096
-95.81225
-96.84810
-97.10944
-98.27304
-98.31984
-98.37395
-92.30820
-91.69601
-91.95807
-91.70237
-91.50668
-90.47323
-89.98404
-88.77857
-91.41138
-99.58143
-95.50295
-85.79247
-84.47617
-85.70050
-86.06238
-87.36997
-88.04255
-89.03825
-89.71291
-90.18857
-90.40157
-90.74538
-89.81791
-90.34195
-90.51750
-91.00154
-90.46751
-91.38277
-90.99243
-91.05885
-92.63296
-93.57377
-93.57050
-89.98304
-91.00920
-91.02709
-91.73419
-91.28847
-91.45622
-89.94869
-90.37627
-87.90469
-90.50776
-90.37146
-83.73839
-84.49144
-84.20938
-85.80691
-86.69781
-87.32479
-88.37257
-88.61347
-89.28399
-89.53106
-89.84582
-90.00666
-91.31791
-91.21301
-91.78707
-91.47138
-92.24495
-91.46554
-91.40206
-91.06298
-93.25653
-93.33782
-91.17808
-91.67258
-91.46338
-91.82229
-91.89722
-90.61684
-90.08125
-89.55892
-88.44118
-88.34040
-83.82563
-82.75727
-84.27582
-83.85949
-85.24302
-86.05500
-86.54804
-87.51430
-88.47820
-88.74491
-89.67032
-90.74482
-91.10657
-91.20303
-91.22564
-91.90631
-91.79941
-92.71851
-92.41664
-92.57656
-92.47763
-92.02042
-88.97760
-88.91666
-89.92143
-89.79631
-90.51652
-90.69963
-90.65691
-90.37528
-90.22104
-89.24150
-88.05899
-82.14584
-80.63130
-82.91033
-84.62310
-85.24724
-86.14560
-87.26857
-86.92550
-87.75129
-88.01957
-88.89740
-88.53880
-88.96178
-89.15751
-89.57404
-89.80538
-89.48907
-89.88355
-90.15899
-90.74164
-90.77481
-90.26583
-87.08180
-87.21152
-88.94650
-90.98067
-91.56166
-92.55127
-92.19253
-91.85707
-91.28931
-91.21111
-88.62542
-82.60854
-82.23717
-81.80115
-83.03106
-84.83926
-85.06527
-86.25013
-86.40640
-87.13268
-87.89751
-88.44446
-87.70771
-88.21543
-89.23961
-90.61104
-90.05663
-91.32548
-91.08652
-92.49539
-91.39376
-93.78537
-90.77426
-88.60440
-88.61311
-88.65000
-89.93399
-91.16551
-91.04864
-91.79858
-92.30164
-90.41017
-93.14054
-81.73126
-79.54315
-81.64618
-81.26399
-82.41996
-83.15443
-85.02875
-86.51622
-86.01910
-87.94196
-87.66420
-90.22799
-87.40357
-90.73858
-86.98005
-97.20336
-82.54545
-74.92717
-83.78186
-89.67817
-91.18186
-94.01890
-88.88115
-87.59753
-86.92923
-87.97376
-88.46195
-83.02068
-82.55752
-88.87602
-88.71431
-90.73693
-89.62785
-81.92847
-80.24871
-82.24830
-81.36635
-83.50322
-83.45397
-83.78051
-84.34264
-87.01472
-87.78203
-88.50560
-88.57634
-86.95174
-91.00370
-87.24440
-99.84914
-78.53541
-76.13255
-87.31090
-88.83608
-92.84005
-92.51544
-89.53389
-88.59670
-87.82722
-89.08039
-87.24806
-81.73671
-84.00916
-89.64887
-88.88160
-93.17733
-87.32826
-80.24428
-80.63105
-82.28991
-81.55960
-82.96113
-82.59126
-84.31976
-83.13487
-85.16191
-86.21853
-88.69911
-88.18021
-88.43573
-88.86840
-88.33304
-92.05848
-76.11855
-78.25494
-90.49829
-88.44128
-93.97007
-89.84123
-88.00093
-87.23851
-87.16373
-88.41583
-85.47498
-80.47838
-84.33954
-87.88015
-88.23156
-93.34988
-84.88354
-79.08539
-80.40162
-81.34987
-81.93305
-83.13530
-82.56022
-83.68305
-82.89098
-84.78215
-83.74891
-86.98151
-84.80076
-87.96204
-85.80641
-89.61528
-84.13319
-74.57139
-80.83176
-87.76391
-88.05258
-93.34112
-88.24033
-87.29075
-86.72932
-88.45963
-89.57690
-83.82314
-81.04075
-85.88151
-87.74587
-89.16756
-90.95403
-81.21878
-78.28485
-81.08455
-80.83186
-81.82685
-82.25357
-82.57503
-82.72366
-82.69129
-83.59916
-83.18730
-85.41733
-85.75795
-91.10626
-86.27620
-99.88310
-79.65652
-74.66771
-84.37400
-86.68361
-89.46860
-91.86693
-88.14090
-86.52756
-86.59794
-87.81490
-87.43478
-81.65766
-81.71554
-86.87999
-86.62803
-89.40962
-87.60070
-79.57614
-78.24318
-80.78453
-80.05050
-82.04133
-81.88920
-82.40601
-81.46172
-82.20409
-82.19024
-82.96396
-83.50902
-81.98204
-84.91937
-85.49915
-92.25337
-76.30177
-75.92665
-86.77695
-85.89721
-90.71061
-89.65736
-86.96692
-85.84480
-86.25684
-86.97223
-85.22739
-80.15625
-82.48676
-86.61089
-85.99070
-89.36486
-83.96255
-78.70201
-78.38996
-80.05659
-80.88501
-81.77057
-81.19573
-82.25693
-81.86193
-83.57485
-82.44067
-83.95604
-83.43537
-84.43278
-83.89639
-84.85073
-87.50626
-75.37983
-78.40203
-87.13845
-86.60770
-92.15361
-88.67512
-86.91324
-85.28455
-86.62251
-88.79957
-84.01485
-80.52698
-84.10205
-86.18002
-86.98189
-90.02260
-82.20604
-77.79912
-79.80589
-80.17153
-80.90522
-81.99971
-82.65823
-83.50084
-82.64279
-84.32989
-83.32421
-85.86153
-83.56022
-86.02097
-83.84771
-87.79134
-81.30502
-74.34926
-81.68761
-87.78820
-88.69797
-94.11274
-88.23055
-86.52978
-86.30463
-87.18375
-88.14632
-82.38022
-80.98730
-86.69435
-87.86638
-89.57174
-90.12963
-79.89416
-76.87468
-79.33038
-79.51268
-80.72990
-80.36211
-82.04359
-82.57006
-82.62082
-83.39201
-83.61504
-84.98194
-83.77563
-85.91796
-83.20725
-88.88264
-77.95041
-75.00154
-83.12065
-86.73721
-91.57010
-92.10241
-86.42369
-85.05369
-85.41266
-86.56152
-86.01638
-81.50249
-82.88847
-87.74888
-87.38176
-90.48565
-87.79299
-78.86961
-78.04169
-79.91031
-79.54371
-81.30302
-81.48240
-83.44370
-83.38324
-85.04922
-85.07829
-86.30368
-86.05281
-86.15049
-87.07685
-85.68122
-89.74756
-75.95113
-76.55457
-86.86918
-83.95654
-88.43187
-91.51174
-86.24769
-85.64419
-86.09583
-87.37018
-85.03348
-81.28524
-84.77105
-88.78918
-89.05319
-94.22856
-85.91611
-78.05579
-78.82994
-79.50311
-79.48829
-80.96176
-81.04120
-82.30586
-81.75006
-83.52173
-83.16264
-84.30783
-82.40031
-84.09437
-83.01029
-84.39776
-83.00079
-75.09032
-79.01696
-84.60884
-83.36029
-85.20722
-84.37342
-85.75061
-85.73565
-86.10014
-87.36177
-83.50126
-81.16628
-85.32335
-87.76896
-88.07806
-92.40995
-81.37126
-76.52300
-78.42646
-78.92926
-79.50543
-79.87716
-80.54761
-81.31900
-81.15915
-82.54464
-81.70348
-83.49929
-82.92833
-85.40746
-82.96588
-88.16697
-79.53669
-74.01651
-81.36419
-83.69625
-83.96622
-84.71881
-82.69793
-82.44080
-83.93844
-86.33084
-86.07875
-81.79408
-81.49019
-86.33071
-85.66552
-88.15091
-87.06077
-79.12140
-76.99769
-78.66045
-77.89274
-79.77559
-80.37774
-81.13838
-81.70582
-82.22662
-82.82685
-82.35767
-82.34804
-81.18986
-83.42070
-81.29325
-85.77472
-76.03293
-74.25279
-82.30431
-82.15052
-83.70579
-82.20669
-81.39937
-80.42527
-79.63737
-81.45413
-82.88252
-79.83102
-80.63681
-83.97750
-84.08066
-87.41170
-83.07075
-77.01755
-76.94913
-78.31651
-78.58861
-79.67994
-79.36432
-80.67518
-80.29678
-82.08822
-82.34679
-83.05671
-81.41083
-81.41741
-81.95122
-82.09571
-84.35228
-75.07728
-77.05773
-84.87653
-83.83214
-85.83570
-82.62848
-80.64637
-79.84215
-80.00472
-79.52808
-79.45807
-79.93887
-83.03919
-85.27270
-84.90804
-88.45955
-81.90993
-76.00399
-77.08967
-78.51504
-79.62101
-80.38888
-79.92262
-81.29215
-81.37901
-82.92901
-81.40422
-82.17469
-81.92095
-83.72904
-81.96710
-82.87906
-80.85168
-74.40147
-79.61169
-85.82204
-84.48515
-86.50429
-82.54187
-81.41020
-81.24217
-82.30437
-82.22795
-78.93705
-77.87381
-83.08736
-86.35830
-85.66168
-87.14291
-79.05805
-75.75056
-77.15192
-77.73859
-79.39689
-79.87072
-80.68457
-80.81512
-81.34946
-83.37689
-82.71109
-83.86272
-82.71335
-85.15800
-83.09331
-88.83379
-78.54466
-74.21720
-82.68938
-85.41463
-86.86134
-88.48825
-84.26556
-82.57483
-82.23907
-82.63437
-82.40199
-79.71733
-79.95075
-81.45837
-82.72381
-88.41998
-86.97648
-78.57883
-76.27133
-77.28114
-76.90474
-78.82142
-79.54197
-80.41355
-80.06185
-81.41120
-82.01891
-83.46163
-83.08804
-82.04785
-84.06800
-82.36464
-87.30735
-75.69372
-75.45053
-84.51028
-84.07003
-86.88246
-85.63544
-83.89906
-82.77041
-82.64968
-83.22230
-82.21690
-79.77357
-80.20277
-81.21999
-79.88531
-82.52666
-84.34635
-76.91417
-76.64810
-77.77274
-77.68105
-79.59471
-79.89935
-80.92667
-80.67678
-81.85783
-81.56244
-83.41568
-82.36613
-83.82373
-83.45442
-84.73151
-84.38244
-75.09870
-78.31297
-84.58313
-83.27275
-86.40647
-84.59420
-82.84617
-82.16317
-82.27299
-83.20282
-81.31430
-79.78916
-81.77346
-81.53481
-80.92908
-81.75600
-78.06745
-75.15379
-76.24611
-76.68338
-77.50096
-77.75423
-77.64966
-78.13573
-78.04915
-78.05195
-77.65547
-76.94890
-76.69782
-76.58118
-74.51486
-75.30162
-73.26351
-70.76817
-72.69653
-73.79844
-73.78494
-72.90694
-72.33949
-72.12209
-72.91724
-73.63076
-72.10717
-71.28606
-70.38508
-71.18379
-73.15079
-73.72905
-73.16693
-70.93957
-68.96085
-70.79842
-71.31754
-71.41622
-71.61591
-72.07461
-74.59317
-73.88469
-72.37127
-72.73480
-73.73698
-72.06088
-73.68642
-73.50826
-75.01370
-72.90251
-70.85353
-73.34939
-73.32661
-72.85823
-73.81480
-73.15597
-73.60990
-76.14897
-75.43008
-76.77605
-73.51203
-74.23327
-76.02841
-74.83702
-74.49111
-74.02509
-71.76393
-71.67686
-72.08449
-71.66347
-74.32592
-73.26136
-74.02193
-74.71093
-74.60585
-74.54391
-74.04773
-73.26348
-75.26969
-74.72765
-74.70308
-77.81697
-73.18605
-74.38035
-78.85085
-77.46654
-76.16179
-75.63993
-74.05754
-75.10076
-76.19301
-76.53044
-77.53449
-76.73937
-77.19463
-77.20372
-75.51910
-76.80903
-75.01371
-71.18406
-73.23416
-73.86800
-73.99124
-74.44020
-74.21318
-75.24268
-75.04224
-75.10022
-75.90158
-76.37869
-75.04380
-75.75851
-74.62077
-75.48153
-75.43627
-72.50471
-74.69765
-77.74654
-76.98472
-77.78015
-75.56446
-76.54006
-76.74756
-75.66841
-77.06068
-75.69737
-77.53326
-78.13772
-77.22876
-77.74637
-79.34945
-74.98227
-73.31723
-73.90488
-72.83742
-73.63977
-74.30802
-74.46487
-75.31967
-76.95820
-76.87156
-78.00324
-77.89056
-78.03621
-78.89752
-78.17326
-81.16242
-75.54688
-73.20868
-78.42858
-79.69816
-81.25925
-79.84779
-78.45458
-78.36474
-77.10993
-78.84220
-78.34751
-77.23270
-77.29232
-78.23162
-78.23970
-78.07013
-78.85687
-74.87726
-72.59931
-73.46063
-74.06469
-75.14976
-74.39921
-74.72535
-74.32598
-76.09761
-79.09694
-78.23226
-78.96607
-79.44238
-79.55250
-80.18434
-80.41812
-81.16791
-82.54484
-81.79068
-82.17177
-80.94311
-82.35254
-79.83898
-79.06642
-79.19155
-80.22272
-80.40353
-81.25341
-80.37192
-82.59716
-81.82146
-86.92597
-79.14904
-67.98066
-70.37488
-72.14276
-71.21266
-73.42374
-73.62901
-73.89192
-73.76727
-74.41395
-73.20631
-75.04231
-74.60629
-74.84676
-74.34287
-74.71004
-74.87123
-70.36098
-70.84379
-72.84983
-72.64551
-73.41975
-73.57243
-72.56379
-72.30863
-72.98175
-73.28538
-71.84329
-71.89120
-72.53476
-73.59545
-73.70913
-75.80835
-71.35555
-67.04568
-69.22056
-69.21326
-69.82071
-70.85246
-70.59481
-71.76821
-71.81097
-72.19223
-72.27704
-72.79374
-73.06649
-72.96337
-73.52647
-75.58375
-74.33339
-70.91497
-71.59542
-73.51942
-73.62059
-75.54791
-74.79807
-75.05544
-75.13291
-74.95001
-75.83365
-75.32830
-75.66524
-77.13060
-76.62178
-76.68270
-78.68698
-71.09173
-69.78186
-72.46790
-71.86857
-72.52044
-72.94556
-73.88126
-74.51072
-74.77444
-76.18069
-76.55273
-76.89172
-75.46701
-75.83937
-76.99700
-79.38804
-75.49612
-71.05669
-72.42650
-73.27088
-74.36698
-75.14598
-74.33737
-74.77642
-75.02952
-76.02132
-75.44253
-75.09694
-75.97571
-78.58511
-77.85609
-78.72646
-78.68083
-68.64361
-68.10111
-70.61463
-71.09181
-71.89917
-71.29971
-72.80149
-72.57223
-74.11911
-73.96200
-73.64790
-74.26268
-74.29526
-74.08977
-74.69931
-76.33897
-72.31882
-71.68288
-74.38233
-70.79808
-69.86482
-71.00948
-69.94755
-70.90143
-71.28993
-71.77693
-72.29669
-73.25297
-74.78349
-76.68913
-75.01088
-77.27233
-74.02474
-68.29001
-70.02086
-70.13786
-70.81680
-72.33085
-72.65200
-73.62693
-73.37066
-75.12343
-74.72785
-74.20138
-74.25803
-75.96832
-75.75976
-76.26915
-76.50398
-72.41714
-72.69314
-75.62488
-75.72202
-77.28263
-77.27108
-77.08405
-77.43863
-76.84969
-78.00761
-75.88816
-76.58844
-79.10945
-82.01947
-79.65687
-86.65017
-73.30628
-67.42357
-70.11288
-69.80428
-70.36839
-70.94839
-71.65743
-72.26469
-72.73956
-74.09938
-73.84923
-74.74215
-74.54545
-75.64106
-75.15228
-76.08941
-75.00056
-71.54508
-73.64503
-75.17142
-75.43291
-76.76651
-75.78876
-76.80288
-77.38144
-78.29767
-78.45954
-76.27143
-77.14947
-80.88012
-81.36636
-86.90763
-78.58955
-68.58895
-67.81317
-69.99260
-70.50184
-72.04933
-72.18275
-72.71886
-73.23947
-73.70103
-72.94923
-72.83862
-73.71874
-73.33205
-74.22611
-74.53288
-75.56193
-72.23212
-70.96503
-72.78739
-72.61516
-73.67128
-74.40543
-73.87858
-74.68955
-75.33484
-72.10830
-69.80813
-70.03929
-69.97342
-70.91114
-71.16409
-72.35649
-72.20365
-67.35516
-67.45170
-69.71377
-70.93227
-71.79448
-71.61488
-72.92186
-72.94112
-73.08264
-73.16113
-73.95060
-74.15010
-73.48298
-73.89010
-74.85452
-75.92880
-70.91448
-68.28942
-69.44464
-69.84569
-70.34432
-71.05310
-72.30185
-72.74368
-72.73105
-74.24867
-74.05897
-73.79881
-73.73579
-74.38569
-73.80029
-75.82845
-71.94608
-68.15464
-68.81159
-68.50125
-69.65045
-71.50314
-72.07082
-71.39265
-71.09752
-71.89048
-72.43234
-73.66602
-73.54692
-74.07323
-74.48048
-73.91998
-72.86549
-70.74337
-71.83113
-73.68755
-73.25364
-74.42789
-73.87359
-73.15994
-74.70292
-76.13327
-76.73029
-75.59870
-74.83650
-76.93199
-77.90821
-77.80085
-81.57248
-71.35886
-70.13556
-72.82580
-70.67480
-72.36472
-72.22175
-72.99957
-73.58930
-74.67482
-75.63493
-75.84429
-75.99525
-74.28996
-74.42201
-74.60978
-76.40852
-74.59147
-71.46225
-73.87266
-74.89132
-74.46275
-76.09789
-75.30308
-76.11943
-75.67287
-77.30293
-77.67471
-76.36076
-77.03829
-80.67626
-80.48568
-80.97351
-79.38812
-70.27693
-70.29294
-72.81822
-73.24359
-74.31260
-73.20657
-74.49146
-75.17347
-76.66523
-76.68495
-77.83614
-78.07661
-78.11878
-79.42084
-78.03606
-81.11024
-74.43615
-72.34256
-76.07263
-76.09235
-76.45686
-77.23178
-75.98094
-76.17889
-76.02835
-76.11081
-76.03549
-77.00129
-79.38145
-87.05466
-83.82155
-91.48802
-80.97385
-69.11168
-70.64199
-72.18230
-72.93637
-75.01966
-74.71060
-76.04687
-76.43687
-77.79971
-77.47989
-77.87578
-76.79720
-78.02902
-77.97215
-78.38537
-78.84395
-73.28457
-72.77669
-75.44818
-75.46000
-76.95400
-77.39388
-76.66340
-77.17225
-76.81684
-77.74598
-75.86360
-75.14188
-78.83361
-82.57193
-80.28740
-89.89838
-76.30739
-68.74176
-70.59299
-71.84844
-71.97983
-71.81042
-72.16904
-71.38792
-72.38194
-73.16492
-70.81037
-71.38804
-71.05378
-70.96630
-70.60664
-71.07688
-70.56920
-69.40438
-70.82404
-71.67967
-70.96996
-71.31609
-71.20506
-71.36941
-71.36429
-71.69513
-71.95935
-70.52140
-70.69412
-71.08347
-72.04211
-73.51202
-76.43555
-69.51922
-67.70429
-69.89474
-69.62690
-69.86780
-68.55349
-69.26881
-69.39602
-70.13094
-69.81277
-69.38615
-69.25142
-69.11928
-69.28993
-68.97763
-69.30420
-68.26889
-67.39102
-67.78245
-68.10629
-67.78450
-68.19335
-68.53760
-68.94242
-69.10777
-69.29968
-68.91400
-69.06745
-68.81930
-68.90922
-68.36798
-67.67662
-67.15147
-65.89924
-66.56157
-67.87878
-70.18827
-71.79319
-73.54654
-74.98703
-73.93219
-75.48202
-75.47683
-75.16667
-76.00496
-75.53651
-75.83742
-75.86345
-76.49800
-72.24454
-70.01724
-72.65985
-72.62115
-71.90825
-70.91647
-71.20603
-72.08106
-70.97811
-70.91702
-70.94775
-70.48260
-69.37794
-69.22337
-68.61185
-68.67587
-67.46694
-65.80124
-66.57667
-67.03449
-67.43858
-67.79264
-67.64059
-67.76593
-68.06655
-68.50558
-69.13854
-69.51841
-68.79108
-69.40652
-69.54511
-70.43753
-72.27571
-70.25138
-71.24632
-73.38359
-74.37328
-71.35719
-68.43902
-68.35354
-68.28650
-69.05204
-68.83758
-68.72310
-69.76497
-70.91292
-71.01624
-69.54667
-69.71439
-67.98873
-66.37964
-68.14622
-68.24812
-68.45568
-68.96899
-68.85077
-68.72895
-69.30700
-70.26440
-69.47291
-70.06651
-70.27962
-70.52441
-69.57775
-70.86845
-72.30607
-70.91768
-72.49602
-74.12476
-74.81061
-75.51893
-74.87709
-75.02576
-75.57516
-75.21252
-75.21595
-73.89086
-74.94900
-77.04417
-78.15370
-76.58244
-77.48507
-70.01168
-67.58090
-69.90058
-69.24041
-70.49639
-70.11641
-71.18817
-71.38678
-71.74004
-72.31426
-72.85570
-74.20507
-74.31528
-74.53138
-74.22944
-75.06879
-71.07705
-70.13501
-72.01573
-72.32448
-72.70408
-73.60641
-73.08018
-72.68738
-72.73183
-72.60362
-72.61163
-72.43351
-72.69382
-74.06757
-73.35046
-75.22848
-75.28465
-68.47227
-68.23440
-69.69378
-68.93143
-69.65862
-70.17839
-70.64360
-70.32509
-70.50967
-71.17882
-71.19681
-69.77218
-70.65170
-71.62654
-70.64320
-71.58460
-69.92716
-69.09723
-70.65658
-71.13664
-70.13480
-69.40945
-69.14962
-70.21899
-70.37170
-68.80494
-67.84781
-68.02893
-68.12021
-69.10789
-69.49597
-71.68694
-70.19667
-67.58411
-69.54315
-68.67599
-69.67617
-70.22512
-69.32890
-68.91955
-69.79621
-70.29233
-70.60438
-73.07862
-73.01821
-72.87405
-72.38300
-72.59324
-71.96119
-68.13305
-68.10532
-69.81046
-69.41946
-70.37994
-70.09531
-71.03364
-70.84308
-70.96024
-70.22524
-69.50422
-69.22187
-70.94650
-74.12058
-73.11302
-76.17493
-70.51191
-68.10926
-70.46297
-69.34662
-69.88838
-70.53937
-69.64876
-69.52739
-69.77823
-70.77274
-71.64082
-71.89259
-72.03674
-74.33759
-72.90443
-73.09514
-71.94649
-68.66006
-69.04891
-69.11150
-69.51867
-70.60328
-70.84369
-71.57493
-71.05011
-71.63402
-72.43184
-71.15508
-71.77438
-72.79825
-72.35033
-72.28670
-73.14082
-68.37528
-69.59355
-72.12290
-69.89644
-71.30085
-71.19568
-72.19277
-72.18832
-72.54154
-72.95423
-73.48932
-72.91834
-72.35040
-72.41814
-71.99911
-73.11674
-70.88705
-69.60076
-71.69555
-71.52339
-71.55439
-71.93706
-71.46778
-71.68611
-71.63505
-72.03460
-71.45245
-71.66653
-72.06735
-72.90633
-72.21240
-72.88603
-71.39609
-67.85935
-70.23138
-72.26754
-72.20360
-72.70715
-72.08752
-72.85906
-72.83271
-73.96448
-73.97082
-74.71425
-74.89103
-76.54346
-77.72490
-77.51902
-77.46685
-72.10783
-72.19319
-74.85426
-74.73715
-75.54093
-75.52584
-75.25885
-75.36075
-75.14689
-75.94049
-74.35711
-73.92736
-75.52312
-77.13335
-75.60730
-79.29217
-72.90120
-67.45175
-70.32730
-70.54301
-71.17162
-71.96414
-72.02922
-72.69245
-72.38705
-73.69288
-74.21577
-75.25453
-74.38826
-76.58582
-77.04944
-79.44099
-77.23752
-71.82534
-73.47820
-75.75193
-74.67810
-74.75398
-73.50512
-73.63951
-73.90427
-73.38077
-73.62482
-72.95311
-73.81199
-76.22989
-78.37953
-76.51576
-80.47422
-70.72488
-67.91242
-71.14781
-70.34827
-71.11830
-71.07907
-72.98137
-73.03219
-72.53349
-73.64986
-75.36276
-75.22349
-74.13635
-75.27018
-74.79529
-77.76558
-73.86779
-70.92424
-72.69955
-73.27710
-73.69274
-74.22337
-73.60495
-73.39644
-73.10553
-73.75025
-74.10068
-73.88984
-74.94069
-76.41774
-76.95021
-79.70804
-80.33515
-68.47432
-67.24580
-69.82908
-70.41279
-71.79995
-70.84455
-70.51775
-69.82918
-70.90345
-71.00032
-72.32054
-72.10100
-71.74657
-71.24365
-70.51749
-71.93584
-69.79389
-69.59326
-70.89110
-70.66884
-71.05738
-71.54914
-71.47342
-71.69777
-71.76527
-73.01516
-72.69779
-71.97694
-72.58431
-72.79200
-71.48707
-72.42441
-70.31219
-67.28523
-69.03348
-70.38072
-72.47187
-74.37786
-74.80671
-75.64598
-76.24091
-76.83190
-75.95828
-77.58446
-77.65365
-78.55618
-78.50919
-79.99918
-79.98381
-72.41321
-72.02258
-74.44182
-73.62687
-73.78256
-73.26837
-73.67911
-73.64669
-73.57234
-74.18159
-72.74707
-72.84220
-73.06005
-72.39211
-71.88188
-72.77527
-69.83072
-66.74590
-68.10351
-68.13402
-68.38682
-69.52103
-70.05155
-71.16353
-70.66248
-71.47661
-70.83593
-70.33290
-71.17096
-72.18402
-72.52899
-74.01255
-73.84031
-70.91682
-73.47401
-72.15327
-69.79986
-70.49725
-69.55999
-70.07160
-70.53362
-71.47833
-71.48601
-71.01791
-71.72045
-73.25549
-73.68938
-73.43479
-74.22933
-68.27230
-67.46799
-69.40844
-69.21914
-70.96919
-71.28670
-72.45527
-71.60937
-71.61855
-72.61820
-72.23797
-71.79928
-72.77680
-74.20087
-72.18168
-74.22809
-73.23966
-71.60492
-73.95300
-74.86226
-75.50616
-76.56276
-76.79186
-78.35905
-77.44715
-77.69438
-77.16994
-75.85818
-78.67039
-81.30800
-81.04179
-84.30313
-82.22084
-68.86541
-68.33735
-70.01715
-69.24046
-70.89531
-70.95994
-72.63341
-72.14109
-73.31305
-73.29383
-74.09643
-74.56390
-74.65307
-75.27690
-74.80773
-75.58062
-71.97858
-72.01429
-74.24868
-73.67811
-74.33014
-74.85248
-74.90157
-75.68091
-75.41955
-76.52238
-75.13476
-74.51594
-75.73623
-78.42707
-77.02425
-81.45808
-75.45154
-67.67800
-69.06318
-69.89815
-70.97313
-71.97227
-71.65049
-72.46777
-72.36724
-72.93739
-71.46348
-72.08817
-73.56641
-73.60964
-73.27781
-73.11483
-71.65787
-69.28221
-70.35371
-70.81689
-71.20046
-72.35962
-71.79152
-72.90881
-73.35058
-72.73117
-69.80552
-69.08686
-69.69129
-69.98706
-71.13959
-71.17948
-73.15940
-70.26185
-68.35065
-70.38584
-70.44584
-71.24890
-71.72173
-70.78296
-70.89424
-71.21215
-71.90964
-72.58025
-73.51900
-73.64105
-73.63878
-73.53585
-74.00262
-72.90354
-68.50265
-69.16213
-70.08550
-69.57655
-70.87812
-70.77254
-71.57949
-71.83362
-71.84598
-71.80253
-71.18800
-71.50838
-74.23737
-73.95216
-74.08413
-75.75572
-68.96496
-67.81626
-69.76694
-69.27345
-70.57359
-70.99943
-71.93112
-70.84841
-70.93678
-71.30416
-72.20123
-73.28005
-73.68185
-75.30208
-73.08125
-73.48272
-71.44627
-71.01058
-72.78945
-73.31862
-73.79001
-74.07402
-73.14965
-73.82096
-74.22944
-74.68887
-74.34629
-73.38785
-74.05818
-74.97996
-74.49856
-77.00240
-74.43565
-68.41440
-71.10998
-71.59461
-70.31791
-71.21436
-71.55507
-72.54493
-72.75820
-73.33858
-73.05120
-74.61760
-74.13935
-73.47682
-73.28002
-73.35791
-73.70001
-71.16407
-70.93790
-72.96976
-72.39633
-72.87776
-73.10576
-73.39707
-73.66735
-73.47559
-73.63592
-73.30352
-73.14851
-73.33080
-74.69374
-74.33147
-76.60304
-71.52216
-68.47148
-71.61750
-72.44726
-73.33670
-73.79685
-74.14974
-74.54078
-75.07932
-75.33978
-75.07964
-76.01368
-74.93378
-76.53912
-75.71088
-77.98056
-76.69687
-71.92800
-73.41161
-74.93194
-74.73846
-75.62296
-75.52078
-75.73043
-75.72590
-76.15227
-76.34167
-75.01693
-75.30874
-76.75654
-77.54451
-76.68883
-82.38160
-71.52332
-68.57370
-72.04950
-71.32287
-72.96650
-73.39266
-74.94634
-75.19301
-75.27012
-75.26491
-74.71162
-74.85429
-74.21283
-75.27522
-75.34716
-76.84266
-73.75505
-71.37879
-73.33195
-73.90612
-74.97198
-77.10047
-75.88035
-76.02926
-75.63789
-77.25752
-76.81225
-75.70900
-75.95288
-76.46170
-75.73719
-76.49579
-77.44572
-70.04041
-70.76627
-73.04704
-72.53089
-73.33344
-72.87082
-74.29646
-73.68151
-74.53654
-74.37525
-73.13856
-73.26023
-73.96247
-73.49599
-73.00640
-73.59450
-70.89183
-70.88383
-72.67669
-71.86658
-72.82847
-73.26820
-73.88946
-74.10157
-73.62120
-72.81767
-72.84224
-73.53921
-72.90684
-74.06638
-73.28024
-76.23368
-73.48502
-68.01596
-69.31959
-69.77820
-69.83571
-70.73660
-71.42345
-71.34417
-71.32661
-72.89843
-72.66587
-72.43923
-72.04511
-73.13623
-73.27857
-72.99878
-72.36462
-70.49159
-70.19759
-72.15013
-71.28984
-71.15707
-72.11195
-72.17119
-72.50045
-72.44396
-73.44304
-71.83150
-71.66115
-74.75991
-73.46775
-71.38647
-73.99707
-70.28124
-68.83415
-70.24700
-71.42657
-73.73915
-74.14872
-75.26011
-75.66175
-77.63027
-76.70453
-76.42477
-77.70775
-77.06480
-78.93270
-78.42974
-79.72643
-77.22462
-71.10813
-72.03098
-73.76621
-73.91946
-74.99251
-74.12302
-74.17858
-74.19707
-73.78348
-74.55612
-73.81637
-73.81095
-75.27331
-75.68838
-75.73523
-74.74875
-69.50479
-68.09961
-70.30912
-69.99886
-70.92848
-70.85804
-71.33491
-72.90523
-72.80463
-72.85358
-72.54689
-72.49754
-73.90458
-73.70943
-73.19031
-76.07160
-73.40871
-71.08506
-74.47868
-71.51891
-68.86586
-70.05465
-70.26866
-70.30813
-70.43145
-71.97006
-71.71382
-71.87002
-72.92357
-74.75939
-73.57626
-74.67378
-73.94116
-68.32733
-69.06710
-70.69166
-70.70784
-71.21800
-71.74552
-72.52907
-73.08649
-74.92207
-74.14936
-73.63712
-73.32871
-74.45946
-75.72052
-74.69827
-77.23376
-73.30787
-71.94279
-74.81117
-75.18735
-76.55414
-76.96939
-76.93907
-77.45987
-76.71585
-77.42229
-76.24222
-75.90528
-78.77512
-81.46280
-80.08199
-85.29443
-77.25485
-68.63977
-69.32702
-70.52316
-71.05804
-71.59052
-71.19052
-72.01567
-73.18379
-73.92392
-74.09026
-75.77457
-75.15788
-75.48332
-75.26782
-76.20167
-75.68391
-72.01813
-73.01465
-75.25953
-74.70866
-76.19636
-75.74127
-76.02005
-76.94904
-77.21604
-77.72036
-75.58082
-75.98296
-77.85557
-79.91702
-80.14045
-87.04353
-72.85915
-67.98504
-70.71018
-69.62435
-70.29089
-70.64773
-70.54850
-72.29254
-72.83021
-73.79806
-73.96327
-73.38677
-72.13671
-71.81105
-71.90183
-73.16408
-71.23555
-69.72291
-70.97512
-71.50332
-71.60663
-71.54248
-70.95165
-72.07398
-73.10889
-71.35374
-69.49217
-69.19445
-69.07364
-69.38662
-69.54209
-70.41750
-71.79262
-68.16666
-67.89800
-69.36832
-69.69885
-70.66481
-70.07226
-70.85463
-71.53046
-71.43854
-71.81764
-71.52869
-72.83244
-72.82574
-72.80860
-73.08393
-73.52956
-70.84286
-67.80111
-69.60410
-69.67496
-69.69941
-70.85289
-71.11353
-70.76701
-70.36844
-71.81193
-71.04971
-70.81592
-72.57787
-73.94066
-73.06907
-73.93630
-72.13492
-67.35846
-68.44820
-69.34393
-69.77072
-70.33514
-68.57455
-70.64123
-71.29283
-71.44435
-71.06710
-72.56026
-73.32481
-73.50757
-72.62315
-72.25645
-74.12905
-70.62196
-71.25670
-73.52398
-73.30914
-74.32598
-74.38581
-73.62527
-74.02410
-74.76049
-75.29703
-74.82489
-74.46904
-74.27937
-75.93852
-75.43311
-78.46004
-72.13927
-68.77561
-73.05052
-71.71220
-71.54605
-71.65388
-72.47861
-72.39243
-72.03248
-74.60414
-73.97733
-74.72005
-73.67899
-73.39898
-73.34255
-74.26882
-74.29314
-70.76873
-72.46483
-73.42749
-73.37932
-74.83644
-74.36520
-75.00524
-74.93610
-75.07640
-74.61850
-74.45883
-74.95397
-76.98612
-77.26629
-76.98934
-78.75692
-70.85864
-69.50242
-73.05069
-72.07710
-72.53732
-72.30426
-73.34588
-74.55917
-75.75102
-76.86013
-77.03632
-76.64825
-76.01346
-78.46550
-76.86903
-78.90589
-74.74782
-71.63418
-74.88746
-76.26481
-76.37700
-77.78798
-77.01832
-77.69163
-78.13261
-79.20459
-78.52506
-76.17591
-77.66057
-81.97432
-81.80240
-82.18888
-82.53085
-69.94739
-69.86413
-72.21496
-72.09447
-74.33970
-73.81435
-75.35568
-75.11991
-76.92655
-77.31536
-78.56810
-77.82433
-78.60478
-78.41091
-79.13591
-79.33248
-78.61779
-77.57635
-77.88942
-79.00994
-78.60115
-78.48848
-77.17906
-78.09058
-76.98317
-77.54478
-77.18154
-80.20299
-80.09356
-83.73683
-80.32118
-88.01172
-76.33241
-67.85611
-70.51111
-72.00177
-72.79396
-72.93964
-73.68251
-74.85294
-75.33913
-75.71963
-74.77741
-75.57962
-73.18105
-75.11001
-74.46672
-74.24770
-74.42104
-68.51163
-72.21629
-75.36162
-73.13696
-76.01829
-74.57650
-75.74780
-75.80820
-75.04147
-74.75975
-72.96186
-71.76974
-75.35617
-74.90383
-74.81870
-77.83692
-72.01020
-72.06584
-74.19182
-73.34362
-74.62836
-74.88219
-76.20461
-76.12701
-75.40489
-74.48553
-75.34110
-75.78527
-73.03637
-77.41990
-75.34867
-76.57179
-72.71076
-68.39866
-74.45634
-76.97245
-75.40254
-76.92649
-76.94448
-77.55528
-77.42450
-76.76034
-76.82494
-72.50792
-73.19134
-78.56125
-75.29083
-77.07707
-77.12031
-70.75290
-72.88902
-76.19199
-74.90050
-76.97680
-75.83815
-76.35506
-75.52153
-77.49524
-77.07782
-79.73778
-77.38783
-74.89578
-79.07517
-77.03437
-84.57971
-72.61039
-70.78560
-79.15817
-78.64844
-79.75029
-79.78582
-77.48444
-78.93118
-79.97143
-80.83928
-79.98042
-73.02074
-76.71915
-83.40406
-79.05072
-84.52018
-76.26852
-70.53564
-74.79707
-77.84397
-76.81260
-78.67410
-78.81585
-81.01819
-78.33556
-80.60819
-80.23980
-82.37172
-77.15310
-78.15858
-81.00702
-78.80101
-82.97734
-69.93866
-72.27210
-81.68795
-78.57605
-81.75014
-79.46945
-79.58204
-78.80856
-78.62485
-83.14301
-77.88762
-72.68908
-79.64683
-82.34784
-80.89385
-87.19691
-74.70508
-72.01789
-76.75782
-75.53732
-76.97754
-77.90771
-78.07805
-79.85721
-78.23764
-79.82268
-79.31497
-82.67011
-76.06404
-80.79572
-80.11053
-83.04308
-79.68368
-70.29728
-75.98694
-81.33668
-80.98700
-82.87796
-81.00327
-80.51524
-80.50113
-80.10146
-83.14015
-75.58452
-74.04832
-84.36029
-82.58134
-84.04692
-86.29519
-73.49020
-73.00193
-78.50824
-77.21087
-79.83264
-78.99098
-80.53918
-80.94193
-81.95349
-81.70423
-82.60035
-81.97770
-76.31902
-84.47799
-80.77032
-89.96204
-76.15185
-70.47138
-80.38768
-83.14710
-84.07612
-85.41975
-82.93571
-83.50153
-82.32338
-82.80411
-81.44639
-73.61744
-75.80277
-88.49391
-82.23269
-90.06439
-81.13747
-71.31811
-73.41033
-75.53187
-73.80420
-75.85512
-74.16714
-75.34191
-75.79703
-76.90933
-76.88394
-78.51488
-75.76803
-73.67433
-74.94118
-74.01243
-75.53885
-69.23366
-69.45903
-74.42671
-74.09689
-75.36232
-74.55742
-74.36596
-74.69051
-73.83856
-74.50343
-73.03042
-70.73701
-72.52579
-75.96664
-74.35943
-76.27373
-72.52238
-69.29435
-73.22788
-73.46718
-74.31051
-74.77638
-73.65787
-74.90201
-73.82324
-75.08931
-74.69225
-75.28679
-74.37170
-74.86852
-76.36254
-75.60416
-75.81865
-69.37115
-71.91109
-77.28826
-76.07331
-77.11715
-76.96862
-78.16957
-75.89788
-74.59039
-75.90142
-72.83550
-70.64820
-76.69245
-75.47515
-75.51995
-77.55393
-71.20080
-70.15606
-72.97367
-72.20949
-74.98685
-73.89464
-73.51054
-76.94926
-76.20054
-78.84010
-77.06875
-78.84365
-75.04390
-78.84631
-76.64370
-78.45921
-75.79277
-69.40860
-76.09433
-78.28092
-77.92210
-81.16518
-79.93086
-80.08405
-78.97298
-78.66629
-79.35773
-73.25684
-72.92417
-78.61189
-76.06217
-77.91280
-78.95814
-71.81726
-72.82970
-76.31829
-75.79509
-77.66831
-76.04293
-77.98069
-76.99654
-78.80482
-79.33275
-80.12265
-78.80401
-76.17926
-81.50332
-77.93283
-84.09034
-73.76679
-70.91210
-79.10347
-79.05286
-79.21478
-79.50550
-78.75622
-79.13431
-78.91456
-80.13970
-79.25637
-73.66868
-75.68227
-81.83748
-78.61821
-82.66198
-77.33196
-70.51428
-74.45830
-77.18666
-76.70949
-79.61687
-77.79414
-80.84071
-78.86672
-82.04550
-81.05361
-83.60500
-77.58513
-77.81061
-84.91917
-80.61490
-90.20167
-71.71217
-72.53888
-83.80668
-81.39247
-85.53057
-83.57788
-82.24536
-83.52899
-82.89345
-87.34024
-80.02676
-72.91064
-79.83810
-85.56589
-81.79356
-88.37848
-75.93675
-71.43009
-74.26261
-74.64483
-77.04542
-78.32689
-78.92694
-81.45271
-80.29788
-83.35628
-80.84119
-86.32937
-77.68897
-82.55887
-85.01683
-86.10377
-84.62641
-70.68779
-75.79388
-85.24757
-82.83518
-87.10335
-83.75613
-82.17857
-82.15671
-82.73458
-88.03370
-77.19867
-73.61453
-84.15722
-83.57246
-83.95742
-88.89626
-73.03983
-71.32375
-75.93208
-74.11582
-75.23012
-75.45753
-75.99608
-76.98942
-76.96723
-77.91021
-75.96820
-76.03266
-73.74632
-77.37342
-74.76378
-77.63004
-73.47975
-68.96226
-76.01849
-75.91322
-75.43345
-77.00144
-76.63373
-77.77003
-77.03924
-75.41414
-75.57715
-72.10421
-72.78662
-77.49210
-75.01456
-77.85074
-77.78569
-70.88102
-72.96869
-75.76446
-73.41855
-76.11113
-75.51955
-77.44859
-76.75090
-76.59159
-75.57384
-77.07049
-76.22701
-74.96990
-79.56603
-76.01610
-80.18402
-71.79156
-70.11025
-78.47224
-77.11323
-77.27994
-78.55736
-77.24285
-77.76983
-78.06605
-78.55002
-76.99954
-72.23702
-75.66880
-80.04644
-76.45373
-80.19444
-75.10171
-70.69082
-73.68581
-74.04642
-74.26068
-76.03281
-75.34130
-77.23878
-76.02475
-78.63326
-78.04082
-82.12209
-77.02615
-77.49638
-81.57258
-80.46731
-84.82759
-70.76876
-73.07323
-81.36537
-80.22660
-82.67878
-81.38263
-80.25260
-81.17828
-79.43207
-81.60106
-76.98548
-71.92824
-79.55316
-82.14681
-80.74418
-86.64108
-74.35286
-71.02610
-75.96814
-75.55388
-76.31734
-76.78259
-76.61870
-78.87458
-77.24902
-79.45001
-80.68851
-82.30233
-76.12843
-80.64415
-79.99994
-82.40013
-79.12497
-69.84136
-75.68265
-82.75086
-81.30365
-84.11170
-81.41082
-81.00020
-79.81015
-80.55168
-83.24647
-75.29290
-73.35847
-81.96990
-80.54436
-82.05099
-84.72574
-72.93297
-73.19341
-78.09341
-75.98217
-78.25064
-77.70115
-79.51058
-79.37939
-79.67379
-80.97309
-81.06390
-81.73560
-76.71068
-85.80217
-81.18356
-91.83515
-76.21619
-70.30641
-80.46014
-82.39481
-83.54707
-85.95482
-83.47316
-84.11528
-83.26867
-83.55304
-84.58532
-74.11594
-75.79261
-87.42657
-81.55686
-87.45447
-82.37599
-72.54959
-74.20745
-78.05963
-76.86225
-79.38544
-78.02816
-80.22575
-78.84233
-81.24226
-79.80649
-81.70545
-78.30216
-77.72033
-87.35826
-81.46392
-97.92592
-72.70190
-71.80519
-85.50318
-83.54855
-87.33366
-86.45432
-83.64753
-83.62219
-83.57362
-87.00897
-82.01986
-73.40214
-78.87609
-86.72979
-82.24204
-91.73654
-73.88598
-70.01553
-74.86326
-75.29323
-75.63880
-76.85515
-76.37710
-77.30776
-76.48487
-77.73715
-77.46690
-79.28315
-74.34681
-74.45890
-75.50549
-76.38488
-76.15150
-69.55133
-71.81632
-76.85341
-76.47144
-76.80807
-75.72261
-75.71533
-76.04629
-75.73142
-76.58336
-72.83878
-71.15243
-75.42651
-76.56040
-75.88419
-78.00680
-71.53943
-69.98672
-73.19821
-72.79657
-76.58759
-74.92952
-74.42948
-76.18521
-74.65820
-75.67040
-75.16055
-76.83989
-73.68281
-76.90920
-76.05918
-77.44947
-75.51053
-69.32348
-75.26152
-78.29315
-77.43472
-77.91248
-78.00957
-78.53139
-76.72527
-76.38828
-77.08082
-72.43189
-72.55488
-79.61218
-76.51977
-78.61143
-77.53077
-71.11567
-72.19173
-73.69305
-72.56752
-74.73682
-72.96164
-75.33595
-76.45860
-76.70414
-77.35205
-78.65884
-78.71024
-75.20959
-78.95917
-76.44259
-80.50102
-72.52142
-70.84336
-80.02812
-78.99410
-80.39084
-82.17420
-80.71363
-80.53789
-79.40906
-79.71029
-79.46695
-72.65448
-74.82967
-81.36597
-77.78736
-83.02925
-76.76487
-70.30815
-73.51866
-75.94705
-75.77632
-77.71089
-76.72729
-78.80502
-77.05113
-80.28173
-79.00857
-80.81568
-77.06847
-77.18578
-81.41593
-78.38827
-82.79003
-70.91880
-71.84090
-80.26120
-79.45394
-81.38606
-81.11350
-80.59577
-81.04137
-80.75895
-83.30569
-78.58943
-72.76397
-78.54416
-82.51499
-80.62758
-88.21881
-75.22445
-71.19096
-76.42302
-76.39763
-77.27817
-79.34632
-78.59529
-81.41882
-80.50008
-82.93678
-80.88613
-84.70954
-76.69082
-81.78002
-82.98243
-83.69220
-82.86398
-69.95014
-75.03489
-82.68738
-80.74100
-85.37086
-85.44746
-83.40953
-84.74857
-83.19135
-89.12660
-76.89223
-73.48686
-84.72134
-84.85092
-84.36130
-91.37388
-73.53035
-70.98834
-76.91173
-76.73577
-79.17225
-79.75964
-81.36804
-81.56746
-82.65815
-83.49300
-83.34068
-84.05789
-82.91378
-85.08255
-83.57552
-85.45209
-83.21322
-80.40425
-83.37046
-85.63172
-84.74119
-86.60232
-84.55203
-85.34201
-85.72773
-87.65233
-85.85905
-87.27086
-87.14760
-87.81091
-89.19473
-88.78277
-90.75584
-79.00971
-75.07190
-76.16769
-76.88627
-77.32045
-77.91799
-77.40141
-77.44929
-79.77271
-78.77927
-76.65932
-78.66237
-78.21601
-77.27021
-76.99988
-77.93776
-77.51238
-77.53427
-79.02559
-77.05214
-77.55325
-78.17788
-76.83208
-77.48000
-78.19271
-77.25690
-78.75722
-80.24690
-78.62185
-78.59974
-78.28803
-78.74550
-79.97727
-76.00150
-75.93429
-75.14860
-74.85342
-76.90439
-77.35549
-78.40302
-77.13992
-77.02948
-77.44810
-78.16376
-78.21680
-78.68439
-79.27467
-78.57147
-78.38970
-79.89557
-79.07456
-79.54106
-78.65422
-78.46785
-79.23730
-78.32154
-79.14613
-78.28434
-78.50981
-78.84127
-79.95116
-80.39594
-80.23036
-79.53095
-80.77358
-80.30726
-78.16252
-75.75770
-74.00419
-75.90016
-77.58669
-78.38522
-78.42140
-78.93726
-80.24915
-80.55216
-81.59280
-81.50990
-81.81178
-81.30194
-82.33526
-83.07935
-82.22358
-82.27412
-82.74234
-83.61986
-83.85365
-82.42694
-81.27204
-81.43295
-80.58840
-81.07610
-81.69861
-83.59292
-84.19772
-85.32797
-84.17646
-83.98269
-79.48485
-75.46346
-75.66567
-76.07396
-77.68640
-78.62561
-79.03914
-79.86512
-79.91209
-80.63866
-82.13193
-80.92255
-81.54056
-81.58441
-82.55718
-82.60367
-82.02316
-84.13979
-83.93101
-83.28728
-82.87325
-83.88095
-81.67773
-80.72669
-81.11823
-80.90404
-80.05780
-80.78934
-80.43704
-82.38948
-84.69671
-85.27683
-87.00451
-79.43802
-77.09245
-76.57867
-76.60083
-77.61168
-78.32723
-79.68303
-80.74341
-82.05907
-82.24510
-83.10087
-84.21028
-83.84118
-83.79556
-84.36586
-85.25916
-85.68389
-85.57186
-85.84462
-86.24720
-86.48449
-87.35260
-84.59484
-83.85539
-83.11538
-83.15728
-82.65405
-82.46578
-82.67325
-81.47773
-82.71894
-88.62138
-87.44869
-76.58547
-75.14012
-76.44936
-77.68646
-79.11342
-79.54999
-80.26944
-81.58423
-83.03570
-82.88521
-83.88296
-83.90854
-84.35714
-84.79255
-85.64391
-86.19975
-86.23429
-86.24366
-86.57245
-87.36566
-90.05539
-88.24370
-84.99170
-83.87498
-84.58178
-83.98393
-84.42590
-83.69268
-82.94230
-81.35384
-82.02467
-78.72015
-73.15658
-73.25716
-74.74535
-75.59383
-76.98928
-78.81837
-79.29515
-80.19296
-80.77137
-79.78583
-80.89932
-81.30039
-79.58677
-78.95146
-79.40152
-79.28941
-79.59989
-80.20399
-80.13075
-80.53985
-80.19443
-80.28117
-78.80840
-77.90811
-79.35079
-79.78250
-79.81101
-79.58300
-80.31915
-79.88886
-80.36045
-79.00899
-80.63027
-76.59215
-71.87832
-72.25963
-73.85713
-76.34329
-77.92438
-78.95894
-78.15068
-79.56901
-80.01616
-79.56238
-80.47366
-80.39224
-81.09575
-81.72749
-82.03859
-81.81350
-82.74004
-82.42791
-82.00115
-82.10090
-82.27893
-81.54052
-81.72134
-81.20888
-81.44007
-81.20503
-81.70025
-81.94715
-82.94582
-81.68442
-81.87372
-80.85738
-77.23869
-74.85193
-71.23479
-72.55563
-75.17422
-75.97982
-78.91101
-80.44656
-81.28322
-82.70782
-83.57559
-83.40513
-83.74372
-83.45515
-83.78628
-84.69155
-86.40286
-86.00252
-86.04342
-85.27033
-85.99464
-85.57132
-82.97034
-82.26582
-83.45968
-84.31450
-84.47944
-84.77850
-84.84279
-85.65234
-84.84579
-85.84663
-78.73640
-73.88915
-74.31329
-75.02795
-76.65477
-79.46070
-81.00596
-82.44526
-82.44198
-83.25920
-84.64328
-84.81190
-84.45349
-84.97368
-85.64183
-86.69399
-86.82759
-87.43530
-87.74143
-87.95269
-87.37924
-88.32745
-86.22670
-84.10348
-84.49785
-84.27368
-85.18606
-87.55423
-87.52011
-88.46965
-88.80809
-88.76469
-89.98696
-76.82573
-73.73362
-74.66446
-75.43145
-77.30515
-78.67568
-81.23332
-82.27301
-83.47426
-84.01246
-85.73472
-85.88315
-85.12961
-85.80898
-85.99695
-86.91553
-87.21467
-88.57435
-88.37402
-90.38243
-89.71060
-91.68084
-86.74629
-84.18776
-85.14949
-85.27207
-85.91459
-86.14272
-87.79493
-88.13923
-90.39037
-88.72457
-93.65355
-78.10676
-73.60032
-73.65861
-73.99575
-76.22093
-77.14514
-78.51215
-80.41178
-82.91499
-82.95259
-85.17819
-84.99896
-85.33794
-85.85832
-86.40125
-87.02512
-87.31474
-87.41496
-87.91798
-88.83153
-89.22853
-90.87560
-85.24401
-83.56884
-83.73852
-84.34775
-85.05945
-85.63894
-86.18834
-88.03177
-89.71874
-90.79302
-90.62409
-90.65511
-88.64703
-85.93843
-85.49666
-85.21090
-84.55993
-84.30545
-84.33644
-86.02948
-93.73034
-95.00687
-90.51527
-89.72868
-89.80973
-90.25892
-90.33731
-90.38455
-90.74764
-92.05363
-92.75945
-93.56770
-93.54543
-93.65986
-92.51849
-91.24667
-91.45555
-91.07723
-91.65142
-91.43417
-91.58382
-93.42795
-96.36752
-95.99095
-93.87867
-90.31146
-87.80828
-87.94246
-88.42457
-88.66981
-88.96431
-90.41311
-91.62530
-94.13049
-95.74775
-96.95526
-96.72990
-96.87392
-97.04132
-96.37766
-97.02333
-96.49411
-96.84724
-96.90243
-97.74341
-97.12791
-96.13168
-93.93207
-93.22778
-93.69015
-94.33395
-95.17625
-95.90506
-97.34967
-98.79274
-100.97678
-102.35217
-103.07669
-103.17439
-100.76817
-97.97892
-97.40860
-96.51275
-95.90452
-96.17660
-96.69329
-99.43630
-103.66828
-103.40692
-101.21752
-100.64394
-100.68750
-101.38497
-101.70274
-102.01827
-102.97518
-103.64026
-104.73772
-105.32742
-105.08652
-105.36196
-105.10889
-103.37386
-103.48031
-102.93511
-102.96012
-103.33602
-104.15822
-106.50273
-106.75639
-105.41562
-104.35097
-101.74121
-99.61820
-99.80275
-100.02647
-100.73853
-101.05219
-102.28916
-103.19036
-105.89934
-107.69150
-109.16479
-109.20162
-108.67465
-108.92334
-108.09773
-108.51154
-108.72112
-110.06245
-110.41984
-108.77617
-107.61099
-107.10922
-105.62201
-105.66585
-105.56057
-107.16119
-107.20377
-109.37788
-109.44992
-112.55074
-111.40780
-111.78451
-104.32756
-99.27634
-87.47143
-80.28411
-78.69898
-78.99362
-79.41963
-80.35248
-80.53739
-80.78201
-82.65104
-84.87800
-86.58565
-86.72765
-87.16579
-87.10604
-86.69003
-87.36691
-86.23055
-82.25562
-79.55218
-78.45597
-78.30851
-78.33625
-78.23540
-79.01383
-80.50022
-81.33710
-81.78391
-83.31471
-83.74697
-82.63977
-82.36669
-83.48835
-83.75832
-84.40172
-84.22384
-82.89469
-81.12210
-79.81826
-79.35838
-79.17212
-79.97729
-80.63569
-81.38308
-81.89474
-82.11898
-82.47228
-83.31032
-84.53285
-84.75822
-85.16539
-85.67320
-85.98755
-87.13351
-88.77819
-91.36371
-92.30217
-92.14616
-90.39077
-87.95581
-86.45879
-85.23984
-84.51366
-84.01547
-84.28939
-84.83140
-85.30884
-86.30934
-87.29878
-88.33717
-90.43293
-93.98754
-96.70553
-92.86012
-89.25869
-86.70602
-85.34603
-84.67268
-83.77456
-83.20222
-83.02192
-83.39877
-83.86802
-84.32309
-84.91077
-85.46399
-86.57756
-87.78415
-88.39148
-89.06144
-89.50858
-89.90977
-90.29522
-90.62295
-90.87676
-92.70521
-94.79175
-96.21695
-96.37993
-95.96787
-95.30174
-94.97786
-94.77241
-94.12679
-93.85801
-94.20367
-94.99577
-95.64341
-96.63231
-96.15252
-96.41351
-96.73238
-97.11200
-95.80994
-96.19201
-96.04101
-95.59837
-94.92402
-95.85936
-97.41368
-97.99795
-96.83436
-96.84462
-96.47676
-97.58392
-96.72937
-95.60118
-96.02971
-95.44298
-94.33115
-92.19998
-89.91114
-80.98088
-78.95916
-79.63971
-79.15770
-79.84890
-80.96142
-82.02834
-83.01245
-84.07520
-84.03055
-83.64176
-84.78700
-85.74601
-84.62228
-84.75797
-83.80774
-82.98116
-82.66678
-82.52670
-81.93877
-81.60701
-81.65855
-82.69989
-83.09429
-82.75737
-83.54803
-84.39452
-83.52983
-82.92114
-82.36676
-82.19081
-83.04113
-82.99441
-84.30636
-83.64447
-82.54793
-82.33599
-83.25484
-83.63391
-83.55567
-84.36724
-85.11870
-86.02778
-86.19337
-85.77632
-85.03778
-85.71689
-87.00842
-86.69963
-85.38344
-83.97181
-84.04574
-83.86441
-83.05684
-84.11909
-85.35946
-87.22386
-87.81340
-86.55197
-85.54195
-85.46552
-85.77225
-86.80007
-86.79169
-87.42034
-87.16900
-86.24619
-86.16649
-85.07016
-85.80422
-86.34150
-86.89114
-86.62091
-85.89979
-85.36336
-86.48864
-85.74609
-85.98439
-86.12978
-85.26772
-84.97614
-85.31183
-85.18278
-84.70893
-86.08445
-84.64772
-86.42448
-86.32555
-85.92873
-85.81209
-85.78524
-85.38460
-83.43906
-84.72552
-85.70967
-85.05488
-85.79118
-84.00576
-82.36424
-83.35110
-82.28818
-82.25954
-83.94259
-83.47954
-81.76423
-82.53870
-80.66769
-81.01532
-83.26196
-81.95586
-83.53908
-84.92017
-84.88804
-84.83814
-85.53966
-83.62739
-83.11062
-84.30066
-84.87942
-85.92469
-84.29487
-83.76128
-83.69222
-82.56354
-81.86375
-82.27254
-83.28120
-83.81343
-83.31766
-84.48930
-83.80102
-81.35130
-79.40040
-77.07175
-76.31853
-76.97089
-77.01704
-76.96981
-77.77689
-78.40572
-78.12452
-76.64122
-76.66661
-76.27608
-75.98080
-76.47953
-77.19981
-77.14555
-76.66582
-75.28963
-74.58906
-76.37750
-75.90983
-76.07870
-75.99944
-75.57911
-75.77547
-75.55139
-76.03569
-75.94296
-74.91422
-74.39942
-74.02355
-74.60320
-75.57704
-74.87191
-75.67825
-76.98006
-77.35371
-77.80602
-78.25353
-78.73048
-79.32135
-79.11441
-78.65554
-79.93500
-79.57136
-78.94446
-80.10767
-79.32890
-78.82205
-77.95321
-77.94357
-78.18029
-76.68250
-76.01172
-77.16300
-77.69257
-76.49978
-76.72369
-77.97914
-79.02866
-78.99939
-78.91102
-79.25163
-79.89577
-81.58445
-81.78217
-79.81690
-80.81232
-80.89378
-80.72048
-80.94200
-80.28589
-80.88209
-80.77310
-81.14829
-81.27978
-82.00770
-80.62612
-80.51043
-81.70731
-81.56572
-82.24180
-80.36108
-79.93259
-80.15884
-80.48371
-81.54928
-81.43208
-82.22623
-82.38571
-81.88064
-82.59828
-82.85887
-82.14216
-82.29027
-82.08703
-82.72452
-83.32246
-83.04761
-82.82415
-82.63671
-82.66239
-83.27099
-82.87589
-81.76481
-81.50710
-80.53915
-79.77653
-78.95071
-78.57761
-78.57893
-78.97771
-79.10413
-78.36308
-77.65586
-78.21904
-79.38551
-80.12408
-81.04341
-81.72303
-81.21548
-80.36985
-81.44829
-81.25606
-81.56174
-80.87730
-80.48277
-80.21347
-79.35816
-79.01815
-76.65321
-75.34135
-75.29598
-75.36207
-74.84832
-74.35612
-74.26935
-74.90940
-74.40007
-73.80732
-73.57932
-73.74397
-72.56291
-72.03735
-72.14872
-72.06849
-73.68059
-72.21911
-72.08421
-72.13630
-71.75905
-72.60489
-72.83459
-72.90314
-71.80942
-71.44821
-72.20378
-72.62219
-72.08897
-72.40504
-71.29090
-70.26056
-71.43244
-72.19163
-72.71728
-72.27318
-72.55311
-73.48225
-73.20466
-73.36888
-73.48555
-72.82039
-72.75497
-73.74852
-73.62924
-74.13055
-74.46379
-75.00940
-75.06608
-74.91407
-74.94441
-74.73568
-75.40672
-75.25788
-76.29767
-76.61204
-76.31692
-76.05245
-75.91371
-76.47682
-76.67962
-76.77685
-77.03917
-76.83215
-76.90075
-77.04672
-76.52275
-76.17611
-75.85074
-76.06804
-75.81124
-75.59029
-76.61475
-75.95549
-76.86482
-77.29169
-77.26941
-77.38284
-76.86881
-77.14624
-76.65982
-78.77238
-77.64740
-79.10744
-77.59407
-76.95933
-76.49671
-75.77706
-77.54844
-76.83929
-75.87324
-76.22786
-77.22855
-75.71968
-76.24908
-74.81389
-75.13109
-75.68382
-76.27153
-76.56234
-76.90878
-75.63654
-74.87659
-73.59543
-74.35955
-75.17031
-72.41618
-75.38810
-75.95600
-74.82935
-76.42118
-76.89196
-76.56988
-75.82045
-74.63863
-75.88389
-76.51804
-75.48650
-74.88700
-73.84423
-73.02144
-73.32570
-76.47047
-76.33291
-75.65327
-77.94918
-72.42074
-69.55182
-70.24617
-70.23327
-70.92648
-70.37044
-70.73491
-71.58138
-70.06463
-70.17685
-71.00244
-72.99211
-71.98777
-72.15176
-73.64462
-74.53196
-72.18074
-69.15191
-73.15350
-72.72517
-72.74857
-75.47125
-75.33928
-75.90537
-77.13441
-73.69711
-69.45173
-69.59966
-70.08575
-71.69920
-70.02291
-68.32439
-70.08337
-71.51617
-73.68444
-74.71458
-73.85339
-73.42175
-71.61376
-72.84794
-74.09996
-73.98603
-74.23344
-74.38819
-74.62009
-75.42698
-75.79625
-74.08718
-79.14112
-72.83201
-70.91218
-72.78993
-69.40870
-69.57698
-70.58368
-72.89514
-74.34573
-73.94880
-74.79576
-73.53094
-70.37951
-70.77431
-70.86825
-71.76164
-74.19588
-73.44347
-72.43804
-72.72394
-72.95144
-73.29606
-75.80596
-75.49425
-76.87728
-75.47370
-74.01960
-74.67306
-77.86507
-75.51220
-76.55455
-77.27697
-75.22928
-77.52356
-72.20447
-74.13620
-78.04932
-78.04466
-76.49162
-76.18503
-77.64286
-77.11976
-78.76541
-79.00467
-76.65907
-73.49489
-76.59236
-77.94124
-78.07431
-78.83395
-74.17102
-73.64358
-77.01786
-78.33111
-79.10871
-79.93708
-77.99109
-76.89032
-75.75432
-77.61620
-78.12654
-80.04868
-76.95860
-76.45789
-78.78850
-81.80489
-79.27412
-72.36410
-74.88502
-77.09443
-76.28449
-76.74981
-76.89283
-76.86796
-77.68012
-76.73317
-76.85001
-75.31795
-74.20687
-76.94970
-76.95806
-78.29926
-79.35363
-72.87862
-68.89350
-70.33223
-70.93661
-71.35611
-72.01534
-71.40499
-71.72217
-73.95826
-74.69449
-74.50564
-74.20595
-73.12067
-74.99288
-73.63964
-75.61625
-72.03618
-70.70444
-74.00972
-75.27011
-76.66089
-75.60080
-76.67244
-76.04596
-75.89691
-74.05557
-73.91134
-73.05814
-73.83558
-76.96010
-74.94565
-75.04789
-74.83120
-72.40900
-74.08000
-75.83128
-74.47784
-75.46117
-74.52100
-76.05753
-76.81075
-77.54037
-76.52477
-77.16964
-77.68911
-76.25525
-77.79192
-78.87950
-83.16719
-74.43486
-74.60033
-80.36022
-78.65622
-78.54294
-77.33189
-78.08556
-79.43236
-79.30206
-78.82698
-78.26591
-74.61820
-75.82295
-77.59535
-77.41997
-81.70038
-76.10380
-73.16306
-76.47361
-77.80094
-78.18882
-78.90859
-79.52986
-79.83287
-78.85136
-80.84301
-79.29325
-79.97083
-77.89133
-80.14820
-80.37978
-80.46382
-81.72459
-73.19997
-76.65304
-81.91378
-80.08037
-80.66280
-80.83699
-81.25386
-80.90637
-81.94229
-83.23066
-78.61880
-74.45483
-78.27524
-79.09364
-79.11702
-81.72410
-76.43004
-76.02257
-81.02091
-80.19393
-81.87934
-82.24042
-82.71514
-83.57856
-81.90295
-83.58943
-83.71357
-84.56932
-79.02477
-83.27533
-82.31781
-85.08876
-80.37063
-72.21979
-75.02770
-77.23455
-76.00877
-76.63165
-77.09477
-76.78516
-76.70571
-77.29858
-77.05024
-74.39579
-73.56090
-75.33468
-76.34025
-77.58870
-80.16770
-74.28936
-73.57761
-75.17168
-74.34726
-75.75992
-74.27384
-76.14141
-76.91324
-77.12598
-76.82925
-77.41317
-78.52423
-77.05554
-78.43977
-77.68265
-80.87684
-74.86191
-72.87809
-77.85891
-78.19494
-78.46903
-78.48307
-78.86742
-78.56958
-78.09143
-78.58182
-77.72555
-72.69105
-72.87361
-76.53021
-76.18208
-78.21359
-75.84225
-73.29124
-76.99827
-78.20742
-77.80871
-79.02984
-78.90563
-79.39589
-79.91501
-76.82125
-70.00624
-69.60023
-70.21521
-74.07409
-80.12876
-79.93587
-84.38727
-73.75463
-73.37627
-76.77843
-76.51772
-77.98324
-76.43986
-76.46412
-76.85640
-77.22643
-78.79505
-75.58465
-73.40879
-74.60917
-75.81812
-75.82845
-78.72604
-74.59731
-71.89529
-75.40905
-75.89165
-76.33158
-77.38632
-77.23384
-76.67849
-76.77082
-77.21820
-78.44053
-80.98768
-77.36460
-78.27171
-78.11499
-78.53218
-79.00097
-72.79018
-76.05993
-79.82017
-78.74892
-81.01255
-78.32904
-79.50100
-78.47223
-76.85004
-80.46934
-76.14904
-73.15850
-76.86024
-76.28520
-76.80383
-77.57585
-74.52940
-71.04814
-70.60011
-70.36096
-70.45625
-71.18393
-71.88534
-73.46543
-73.43286
-73.10306
-72.33374
-76.19247
-74.95005
-74.65980
-74.15135
-74.51461
-73.20304
-69.49016
-70.54173
-70.97596
-69.63472
-69.49062
-71.89013
-74.14405
-74.36309
-73.15972
-71.74814
-70.26416
-71.17815
-72.08849
-72.23581
-74.42127
-76.12388
-70.77879
-68.24547
-68.64793
-68.86497
-69.62876
-69.44040
-68.90029
-69.68226
-72.01056
-73.05114
-73.56690
-73.43358
-72.01313
-71.21969
-71.73636
-74.41248
-72.21121
-70.57037
-74.53921
-74.11127
-74.61909
-73.59229
-72.54759
-75.50858
-74.93331
-75.04610
-75.38195
-72.30007
-72.67062
-74.40273
-73.80903
-74.62414
-72.59114
-69.96027
-68.97879
-69.73028
-69.77583
-70.54899
-72.56022
-72.79352
-72.32168
-73.24684
-71.86343
-69.21180
-70.08187
-71.16497
-71.36612
-73.33479
-74.43297
-69.93128
-69.17741
-71.63436
-70.65176
-70.12946
-70.13281
-70.88125
-71.94912
-72.17797
-73.86033
-72.06097
-70.64614
-71.69997
-70.98036
-71.93434
-70.67107
-68.83912
-70.03949
-72.01441
-72.20701
-72.92478
-73.51582
-72.58302
-71.79788
-72.43158
-73.91913
-73.14802
-72.97142
-71.99210
-72.59885
-72.28290
-74.30705
-72.68899
-72.08061
-73.29739
-71.98009
-72.98203
-72.32076
-71.24115
-71.16280
-73.22171
-71.76383
-73.18776
-72.45504
-70.46818
-71.85045
-71.92226
-72.25397
-73.33604
-70.70062
-71.73332
-74.29137
-72.14339
-73.13131
-73.64318
-73.60050
-73.30267
-75.48194
-71.87613
-71.01356
-72.10331
-71.74289
-73.58867
-71.29955
-72.01550
-71.40839
-69.82949
-70.92995
-71.32144
-71.63319
-70.77561
-71.16021
-72.07299
-71.98578
-71.39569
-72.09403
-71.39895
-71.60267
-72.98688
-72.55260
-73.71538
-70.03191
-67.23711
-67.85648
-67.62443
-67.59024
-68.36758
-69.00401
-69.32081
-67.99619
-67.10714
-67.51619
-69.31739
-69.49284
-69.98726
-68.82264
-69.47937
-68.93042
-69.16931
-71.25048
-69.41784
-70.44915
-70.00173
-70.07151
-70.41112
-72.36089
-68.94951
-66.59508
-66.81474
-67.23543
-68.22059
-68.00357
-67.49073
-66.36413
-67.23191
-69.21142
-69.75400
-69.65922
-70.81778
-70.33033
-70.36934
-71.08391
-70.38222
-69.83508
-71.14367
-70.57999
-71.17825
-71.59489
-70.98468
-72.36537
-69.96800
-68.84059
-68.38395
-67.83296
-68.48506
-69.11211
-70.10948
-71.75661
-71.24109
-70.24026
-68.92440
-68.45189
-69.54133
-68.99189
-70.60457
-72.34732
-69.40874
-68.93864
-69.97692
-70.36967
-71.25058
-72.12155
-71.27341
-71.58050
-72.37013
-72.20827
-72.66025
-73.94993
-72.60793
-73.45098
-72.39370
-72.45330
-73.42467
-69.61313
-72.75900
-74.95857
-75.03751
-72.97752
-73.06772
-74.92661
-74.32455
-75.58385
-75.29519
-72.11738
-70.78096
-74.11553
-73.50805
-74.56719
-75.23385
-71.95064
-71.55989
-75.35847
-75.16664
-75.65584
-75.81906
-74.81674
-74.44085
-73.02813
-75.55615
-75.86622
-76.25885
-74.96492
-76.06778
-74.67294
-76.47025
-75.35130
-71.56484
-74.09498
-73.10045
-73.28148
-73.81226
-73.00315
-71.81488
-72.73251
-73.92618
-73.30190
-71.33945
-70.24118
-71.16326
-72.72175
-73.06906
-72.98435
-69.79504
-68.06288
-69.40040
-68.61358
-69.85137
-69.09974
-69.17026
-69.76493
-70.50337
-70.50909
-69.53659
-70.44776
-70.75099
-71.60375
-70.91755
-71.60602
-69.48898
-70.11271
-71.47483
-70.59097
-72.37195
-71.61074
-70.96923
-71.16194
-72.09980
-70.80607
-69.63927
-69.30078
-69.36871
-70.87764
-70.97865
-70.69576
-70.08552
-69.95925
-69.72501
-69.77491
-70.47930
-71.17582
-71.39226
-71.13289
-71.48102
-72.35111
-71.66831
-73.02670
-73.62548
-72.94312
-73.19179
-74.81280
-75.06113
-70.64865
-72.29736
-73.58402
-73.17341
-74.31408
-74.02779
-72.66883
-73.70392
-75.20357
-73.56750
-72.80202
-71.58127
-72.87281
-73.38543
-72.78947
-74.29358
-70.99369
-70.39012
-72.58168
-71.61034
-73.52327
-73.62241
-73.67028
-73.03647
-73.04836
-75.82253
-74.67377
-75.01821
-73.96393
-76.30231
-76.17399
-75.83531
-75.60247
-71.47736
-74.12771
-75.73253
-76.00135
-75.32319
-76.10472
-76.93961
-75.28851
-75.92375
-77.08822
-73.43952
-71.40089
-74.56435
-73.61398
-74.27449
-74.48019
-72.60054
-73.37589
-75.65061
-76.42122
-76.43171
-77.04316
-77.62570
-76.69317
-76.88934
-76.95807
-76.40351
-76.25721
-76.15599
-76.12771
-75.07064
-78.22817
-74.16596
-71.64024
-75.39376
-75.21650
-74.23713
-74.42223
-74.62796
-74.54044
-72.92280
-74.20979
-73.06768
-71.44150
-71.18819
-72.10988
-72.82650
-73.16926
-73.35076
-70.55523
-70.32754
-71.65156
-72.39286
-72.66163
-72.16782
-73.15913
-73.45694
-72.92261
-72.60167
-72.81575
-73.37783
-73.01615
-72.74707
-72.63871
-74.48688
-70.95208
-70.99554
-73.56247
-73.09955
-72.57659
-72.69084
-72.33622
-72.41890
-73.47967
-72.87638
-72.32743
-69.22667
-69.78054
-71.43806
-71.27029
-71.51093
-70.68088
-70.28052
-72.68715
-72.96591
-73.22651
-72.25802
-73.12621
-74.13717
-74.01768
-72.76131
-69.31680
-69.74019
-68.56688
-72.94017
-75.60840
-75.76828
-78.14768
-71.55165
-72.00740
-73.63792
-73.28588
-73.97498
-73.78255
-73.49570
-74.13483
-74.47346
-74.25544
-72.99245
-71.85665
-72.31918
-72.56297
-73.03308
-74.61335
-71.80932
-70.01077
-72.05660
-73.08727
-73.18820
-74.81938
-75.40924
-75.07577
-74.81127
-75.77313
-75.62867
-76.16006
-74.23097
-76.15412
-76.30127
-76.93462
-74.88553
-71.19865
-74.57683
-75.26248
-76.56736
-75.80604
-76.21956
-75.77393
-75.29359
-74.43189
-76.98035
-73.04329
-70.51152
-73.75132
-72.76238
-74.23090
-73.45992
-71.67874
-69.88169
-69.94086
-69.89653
-70.23685
-71.00626
-70.75766
-72.26487
-70.69776
-70.85788
-73.96246
-73.37019
-73.02708
-72.71806
-73.27818
-73.75354
-70.22737
-68.98799
-69.67205
-70.30863
-70.35137
-70.41426
-71.03080
-72.54912
-72.94683
-72.09310
-71.30762
-69.54140
-70.30199
-71.34845
-71.51783
-73.99909
-73.92376
-68.73292
-67.98508
-69.66465
-69.27545
-70.50432
-71.00709
-70.01921
-69.24705
-70.11821
-70.57488
-72.04850
-71.87489
-71.70082
-71.67062
-70.51276
-71.93658
-70.14181
-70.66118
-72.23455
-72.34604
-72.55808
-71.44253
-71.93814
-72.99064
-72.16935
-72.63724
-71.92893
-69.33163
-70.12021
-70.67676
-70.46105
-71.41602
-69.71164
-68.20041
-68.54395
-68.68793
-69.64724
-70.87918
-71.47148
-72.02938
-72.05545
-71.85636
-70.65658
-70.08464
-70.48892
-71.13672
-72.06351
-72.76513
-71.67214
-68.92479
-68.92115
-70.84766
-69.62734
-69.70359
-70.48824
-70.24053
-70.14035
-71.99941
-73.22156
-71.32418
-70.90347
-69.63538
-69.92561
-71.10729
-70.00691
-68.00786
-68.47899
-69.54799
-70.29782
-71.23274
-71.47354
-71.37670
-71.55544
-72.50941
-72.32297
-72.59840
-71.75362
-72.10974
-72.37735
-72.21120
-73.28216
-70.98911
-71.03646
-73.66392
-72.43698
-72.42559
-72.36678
-71.67826
-72.64855
-73.76781
-73.00047
-71.69248
-69.86890
-69.57794
-70.84823
-70.46373
-72.08075
-71.82953
-70.87092
-73.18165
-73.46348
-73.78549
-73.65255
-73.12532
-74.00695
-74.50792
-74.42992
-72.36375
-72.07217
-72.02994
-72.74195
-73.65037
-72.50409
-73.11567
-71.13841
-70.42527
-71.75368
-72.45240
-72.93088
-72.16391
-72.46655
-73.09263
-72.64058
-72.71411
-72.01306
-71.49772
-70.88502
-71.51492
-72.47146
-73.03697
-75.32270
-70.52109
-67.84414
-68.34879
-70.10698
-70.94786
-70.40345
-72.04468
-72.63636
-72.29033
-72.97804
-73.08795
-73.63285
-75.17390
-75.01779
-74.14576
-73.02920
-72.80770
-73.37288
-73.24547
-75.24239
-75.53599
-76.14042
-76.78273
-76.57896
-74.71718
-72.39295
-73.37803
-70.01412
-69.23153
-69.96757
-71.49988
-73.05809
-72.18256
-72.44911
-73.20819
-74.29103
-73.95057
-73.18489
-72.67018
-72.77910
-73.58777
-74.90896
-74.73160
-75.35396
-77.81883
-79.22568
-76.42013
-76.18202
-76.83617
-76.81869
-74.53231
-75.08191
-74.75097
-71.94911
-71.63539
-72.38783
-72.63487
-73.04257
-74.58534
-74.22936
-74.46493
-74.62856
-75.24492
-71.63131
-70.92984
-72.32057
-73.49233
-74.07803
-71.64853
-74.55325
-77.21601
-76.40912
-76.86819
-77.41398
-76.95438
-76.47130
-76.34484
-75.17132
-75.76158
-78.10307
-77.78682
-76.22714
-77.91307
-78.34405
-78.72069
-79.60813
-76.92833
-77.30147
-80.50260
-79.17291
-78.53861
-78.42220
-75.52244
-74.94699
-76.42653
-76.73136
-77.97625
-77.81068
-77.27515
-78.00686
-76.68171
-77.85554
-79.71619
-80.52274
-81.86308
-80.31625
-79.30733
-79.85470
-80.51391
-82.38831
-81.74458
-80.22860
-83.18930
-80.66673
-76.34417
-71.61696
-70.76653
-72.72642
-72.86882
-74.41147
-72.51446
-71.80380
-74.52395
-74.69019
-73.89516
-73.71044
-72.18014
-72.85787
-73.38774
-73.53469
-75.05795
-71.92839
-72.32609
-73.97472
-72.23936
-73.36471
-74.40518
-74.14970
-75.29747
-75.91573
-75.08399
-75.28680
-76.95370
-75.77126
-75.59901
-76.13056
-74.85446
-75.23562
-77.38036
-78.79188
-77.66579
-77.97465
-79.44626
-79.40065
-77.96984
-79.87459
-80.63134
-78.23806
-75.75288
-73.67400
-72.54937
-71.78202
-73.30233
-74.53611
-75.14423
-74.64504
-73.75414
-73.72187
-75.34890
-75.85297
-75.90750
-76.57140
-74.92083
-75.54634
-77.32266
-78.94305
-77.28363
-78.05156
-77.87732
-76.19855
-76.97004
-77.21144
-79.17882
-77.41528
-76.54771
-76.73539
-75.72949
-77.66349
-75.73225
-74.05319
-75.37814
-76.78866
-76.33568
-76.12026
-76.16775
-76.13514
-75.38170
-75.69561
-77.96935
-77.04508
-77.98788
-78.98948
-79.54153
-77.41234
-77.74034
-78.35923
-77.67462
-77.35288
-78.18772
-77.78266
-78.35361
-79.08115
-76.41369
-80.84134
-82.13733
-82.40789
-82.12641
-81.47238
-83.57024
-83.23044
-82.68390
-82.67860
-81.61892
-79.44991
-79.61486
-80.87425
-82.49349
-82.81216
-81.60346
-81.51663
-82.16531
-81.94456
-83.78483
-83.27942
-83.43712
-83.45105
-84.07921
-85.16240
-84.60967
-85.14180
-85.56163
-87.09998
-85.78735
-88.70890
-80.71732
-77.83376
-80.88132
-80.54808
-81.50951
-80.34362
-80.57432
-82.62098
-85.50008
-87.96135
-84.62607
-80.81245
-81.12418
-82.15296
-82.55388
-84.78367
-83.32454
-83.06403
-80.37035
-79.75384
-78.94393
-76.99599
-77.65768
-78.14221
-77.67428
-79.53740
-80.64667
-81.56088
-82.24393
-82.31257
-81.43685
-81.21663
-84.12084
-78.35244
-79.61168
-86.20085
-84.75658
-84.25949
-83.59029
-83.17889
-83.18141
-84.10910
-83.70052
-83.17660
-80.95419
-80.92400
-81.84123
-82.11036
-83.04275
-81.92486
-80.97458
-81.94759
-82.20285
-81.83712
-81.17105
-81.13094
-81.80630
-80.39980
-80.36976
-79.71401
-79.05781
-78.10000
-77.86660
-77.02566
-77.14969
-77.36170
-76.38054
-78.95958
-80.43426
-81.61525
-81.36265
-82.49977
-82.03255
-81.79369
-82.96522
-81.88632
-81.22046
-80.47091
-80.31352
-76.86523
-78.80922
-79.78233
-77.42346
-77.61628
-76.93085
-77.61101
-78.30455
-77.11871
-77.35005
-78.82484
-77.64890
-77.26808
-78.25750
-79.30136
-78.99860
-78.92322
-77.68298
-78.12136
-76.65447
-75.67241
-78.68406
-78.39091
-78.07029
-77.23855
-77.19453
-78.15810
-79.43864
-81.20333
-78.75540
-75.33211
-74.21526
-75.49776
-77.98370
-77.96783
-75.64303
-73.20956
-72.63747
-75.90208
-76.82236
-73.63035
-71.58108
-71.91220
-75.19650
-76.23521
-74.03111
-72.90680
-73.81613
-77.11447
-78.59681
-75.00922
-74.53157
-74.75928
-75.15896
-76.22201
-74.82865
-76.71516
-78.48506
-76.68303
-76.02637
-76.56258
-76.11647
-77.22078
-75.95217
-76.21657
-77.98809
-76.13942
-77.57724
-79.06365
-76.45058
-76.15844
-77.89328
-77.32076
-76.82407
-76.23563
-76.69091
-75.54850
-76.41620
-76.24627
-76.28458
-76.35291
-76.60127
-77.18505
-75.94539
-75.52094
-74.31106
-76.17269
-77.16875
-76.06582
-76.70631
-77.03027
-75.42569
-76.07448
-74.41946
-75.79123
-75.54256
-74.59551
-74.33509
-73.16535
-73.47440
-73.16342
-74.73952
-72.06993
-71.98793
-71.03679
-71.56667
-72.60650
-71.44611
-71.39000
-69.07583
-70.19642
-70.18464
-70.19953
-72.63406
-71.01275
-71.36872
-71.25387
-71.52447
-72.24743
-71.18235
-72.73759
-72.36099
-72.85102
-73.82049
-74.04809
-74.82724
-72.37703
-70.88718
-70.93070
-72.00562
-73.68691
-73.52265
-71.98695
-71.89396
-71.54668
-71.83852
-72.67683
-71.98499
-74.55449
-76.28479
-76.89761
-78.46167
-78.10771
-79.18725
-77.71619
-78.08368
-79.34512
-80.25557
-78.82040
-78.51956
-80.65675
-78.67902
-76.93392
-78.52819
-80.11379
-78.77841
-77.54086
-77.24377
-77.85007
-77.94982
-79.50484
-81.51148
-82.31496
-82.44174
-82.43979
-83.86994
-84.74827
-85.50992
-86.33233
-86.38847
-86.62991
-87.32846
-87.42959
-87.25829
-87.38820
-87.44803
-87.47906
-88.68980
-89.48083
-89.78582
-89.32137
-89.75797
-92.02957
-91.42849
-91.31607
-92.93023
-94.21909
-93.03371
-92.63220
-94.51668
-96.29581
-95.40073
-95.10987
-95.59061
-94.89276
-95.51938
-95.95425
-96.89830
-96.33828
-97.95496
-97.82891
-97.88996
-95.50534
-91.93774
-83.68731
-79.77943
-81.70992
-81.18729
-80.17479
-80.62381
-81.23127
-83.64589
-86.38918
-89.20292
-87.39498
-84.58931
-84.67885
-88.87827
-91.25201
-88.35551
-86.76413
-85.93846
-85.37048
-86.40571
-86.81633
-84.29994
-83.82125
-83.37452
-83.17712
-82.43127
-82.08350
-83.11954
-83.35524
-84.15239
-84.18828
-84.35289
-84.44582
-83.41717
-84.02204
-86.32246
-87.76795
-87.35383
-85.85972
-82.80897
-82.82022
-85.74053
-86.59554
-86.32775
-86.37581
-85.22923
-86.84218
-90.43904
-90.82820
-88.61630
-84.69492
-83.58296
-84.02276
-86.24903
-88.48028
-89.68201
-87.05103
-86.83410
-89.15273
-87.87382
-87.39533
-85.23997
-82.10857
-83.00447
-83.99042
-84.37287
-85.72747
-85.92013
-86.83353
-86.57724
-88.89427
-88.14605
-87.14304
-84.71997
-84.51885
-86.14854
-87.92973
-88.92251
-85.71566
-84.81770
-85.85732
-85.91942
-84.83728
-84.24452
-83.50151
-82.36320
-81.65591
-82.82463
-82.74199
-81.91260
-80.56979
-80.69481
-81.39100
-82.11660
-83.52483
-84.38476
-83.82120
-84.71101
-87.90360
-85.25129
-82.95302
-81.94606
-82.22489
-83.66464
-84.80987
-84.06189
-82.97811
-82.37790
-84.07700
-85.04380
-84.71098
-84.24499
-82.95330
-84.06125
-83.78093
-83.73189
-83.02343
-81.87033
-81.81664
-83.82464
-84.42398
-84.10094
-83.77763
-83.68026
-84.58111
-83.66702
-83.10726
-81.55102
-81.55460
-81.86606
-80.97161
-80.73998
-81.66875
-82.35013
-82.83663
-82.22972
-81.73572
-83.68759
-83.26052
-83.01303
-84.07399
-83.00416
-83.74097
-83.99888
-83.35565
-83.55387
-83.70470
-84.00962
-83.77275
-82.74121
-83.01428
-83.77287
-83.67322
-84.17794
-83.54462
-82.15387
-80.86034
-80.36681
-81.17793
-82.40564
-83.65142
-84.14963
-83.73299
-83.97261
-83.08613
-84.04730
-84.96811
-85.07939
-84.89398
-86.22640
-86.06961
-86.52750
-86.27791
-85.42237
-80.20281
-73.01136
-72.28620
-73.25390
-73.00829
-73.88124
-75.00040
-76.73525
-78.18442
-79.09659
-79.64361
-78.81191
-78.93645
-79.56383
-81.16187
-81.76988
-80.97828
-80.11153
-77.65985
-76.19291
-76.17996
-76.22224
-76.79090
-78.36958
-78.86535
-79.55142
-78.10427
-77.44368
-76.88904
-75.14912
-75.09686
-76.40936
-77.15338
-77.42166
-78.58460
-78.92497
-79.60162
-79.82414
-79.71406
-79.72517
-79.03793
-78.42509
-78.15279
-78.09213
-78.22932
-79.65177
-80.53151
-78.99980
-77.29282
-75.16657
-73.61045
-73.95512
-75.96633
-76.84944
-76.78048
-76.90478
-76.87185
-77.49735
-77.68214
-77.89643
-79.02462
-79.14491
-78.99145
-78.98171
-78.35075
-78.48106
-78.26076
-78.52555
-78.01506
-77.77022
-77.51126
-77.78628
-77.98366
-77.29431
-77.56363
-77.95208
-77.54617
-77.16167
-77.07878
-77.11697
-77.04644
-76.36009
-76.57437
-76.30419
-77.21325
-78.16277
-78.86791
-79.67361
-79.19497
-78.68658
-79.17764
-80.43102
-80.80371
-80.92696
-81.38835
-80.44246
-79.58395
-78.13739
-77.54573
-77.14250
-77.61942
-78.87770
-78.91851
-79.53038
-78.73453
-78.50905
-76.78155
-77.91589
-78.39511
-77.57301
-78.23358
-78.90163
-79.17614
-77.95645
-76.97579
-76.01549
-75.48805
-75.81750
-76.54334
-77.16901
-78.62734
-78.81208
-79.03130
-79.23450
-77.71806
-77.31838
-77.35228
-76.94956
-77.57954
-78.33780
-78.79139
-77.22027
-78.33278
-78.80640
-78.73701
-79.17553
-79.02910
-80.51339
-81.33234
-81.76448
-81.08513
-80.49743
-80.22579
-80.39190
-80.03833
-80.15782
-79.39134
-79.49719
-79.51746
-80.41802
-80.78244
-80.59870
-80.95593
-80.97345
-81.81445
-82.53608
-82.28339
-82.79703
-82.75216
-82.16817
-83.39507
-82.81084
-81.51817
-80.53167
-80.51459
-81.01523
-82.06782
-82.64715
-82.42868
-82.72556
-83.94652
-84.35774
-83.71918
-84.31644
-83.65327
-82.82306
-83.30971
-83.46863
-83.69807
-83.23919
-83.86698
-84.73503
-85.17388
-85.53991
-86.18962
-86.45092
-85.82218
-85.22651
-85.88865
-86.56065
-85.62179
-85.56117
-85.33495
-86.38334
-86.42083
-86.58050
-86.91728
-87.33617
-86.65640
-87.01623
-88.10359
-88.26851
-87.63884
-88.23310
-88.15596
-87.46005
-88.71779
-88.56162
-90.09286
-89.55762
-88.40897
-88.04639
-87.91834
-88.06137
-89.36543
-89.41589
-88.48062
-86.88812
-84.54984
-79.28051
-77.84695
-79.43528
-79.75461
-81.24934
-82.21484
-82.21144
-80.15253
-78.70385
-79.95975
-81.99473
-81.58326
-79.75616
-79.29777
-79.24273
-78.06386
-77.74613
-78.51460
-80.50912
-80.37465
-79.68975
-80.90689
-79.15949
-78.22346
-78.93542
-80.38706
-83.19539
-80.83796
-78.65190
-79.47970
-78.63849
-79.03119
-78.92239
-78.28364
-78.52406
-78.93182
-79.03772
-76.75679
-76.20551
-77.72087
-79.00720
-79.33092
-78.84668
-78.32278
-78.01672
-77.58703
-77.83685
-78.15002
-79.63978
-81.58835
-81.26828
-80.43352
-80.25711
-79.92831
-80.17537
-81.49359
-81.30070
-81.18845
-79.60153
-78.81181
-80.22378
-81.04811
-80.72714
-81.54677
-81.69502
-81.55283
-80.04167
-79.72836
-80.15299
-78.52179
-79.48766
-78.13581
-78.14783
-79.30547
-79.14574
-80.44488
-79.35876
-78.73546
-78.46867
-76.96576
-76.39490
-76.76031
-76.25253
-75.46727
-75.98370
-76.47367
-77.16168
-77.16594
-76.85608
-79.63188
-80.31723
-79.05684
-78.62668
-78.94037
-78.55292
-79.31528
-80.39907
-79.49552
-79.12971
-77.91647
-78.37503
-77.67802
-77.95522
-78.35964
-77.85873
-78.40277
-78.40842
-78.27808
-77.89277
-76.71640
-76.31387
-76.34715
-75.85920
-76.60735
-77.18227
-77.31765
-77.36931
-78.83110
-78.23991
-78.87396
-79.81508
-77.50298
-77.54450
-78.37463
-78.87614
-78.88502
-78.52133
-77.90507
-78.06767
-77.71606
-78.57061
-80.36272
-78.59403
-79.05686
-80.25002
-78.87255
-79.06689
-78.73235
-79.14518
-79.96138
-80.43631
-78.95948
-79.41940
-79.83729
-78.21947
-78.35439
-77.64122
-78.55256
-78.19851
-78.04584
-79.13999
-80.33258
-80.53338
-80.80361
-79.08525
-78.91536
-81.29639
-80.13689
-80.36032
-79.59121
-79.34906
-78.97729
-78.91302
-78.83605
-79.54103
-80.72343
-81.17189
-80.93402
-80.53178
-81.75823
-80.75986
-80.87453
-80.49518
-81.35083
-76.93912
-72.09631
-72.61519
-74.44517
-74.56086
-75.53765
-77.04881
-76.91297
-76.55927
-76.97242
-77.05119
-77.81152
-78.30316
-77.84105
-77.71543
-77.23251
-76.49353
-76.18817
-75.30601
-74.67760
-75.76748
-76.37239
-78.06045
-79.28850
-79.05202
-79.09817
-77.21920
-77.14200
-76.13784
-74.62274
-75.33293
-77.17844
-78.10988
-78.06662
-77.32496
-76.89460
-77.21345
-76.77738
-76.63706
-76.38592
-76.73490
-76.69135
-76.66614
-76.99333
-76.70517
-76.15507
-75.29902
-74.96380
-74.45684
-73.34852
-72.95738
-74.55823
-75.98750
-75.62490
-75.27093
-75.64846
-76.08240
-76.27220
-76.38346
-76.60234
-77.94700
-78.28709
-78.27519
-77.56027
-77.20086
-77.58632
-77.28091
-77.71029
-76.56810
-77.15708
-78.26452
-77.51405
-76.91317
-76.57469
-76.23556
-75.61980
-75.55969
-75.47055
-75.92669
-75.63129
-75.38421
-75.31272
-76.40527
-77.43450
-77.40247
-77.95454
-77.96818
-78.04923
-77.27548
-78.12291
-77.92911
-76.73339
-76.40575
-76.43429
-76.97834
-76.62057
-77.19873
-77.68604
-77.37947
-77.71426
-77.90023
-77.75410
-78.71242
-78.02956
-78.08437
-78.80647
-77.84912
-78.09870
-77.54589
-77.39312
-78.07731
-78.15627
-77.04844
-76.27844
-75.75364
-75.53876
-75.90203
-76.43998
-76.42751
-76.71273
-77.38997
-77.28326
-77.84444
-77.76921
-77.94502
-78.19712
-76.82248
-76.53472
-76.93190
-77.52458
-78.49085
-78.50448
-80.12150
-80.05539
-80.37818
-80.23607
-79.42801
-79.12966
-79.16696
-80.32042
-80.46490
-80.85012
-80.23018
-80.92209
-80.43779
-80.38975
-80.09129
-79.53896
-79.95341
-81.57069
-82.01128
-81.34621
-81.48715
-80.65540
-81.19973
-81.51282
-81.99330
-81.94179
-82.77252
-82.62538
-82.44625
-83.07468
-83.12261
-82.90200
-81.80800
-82.46882
-82.64617
-83.71452
-84.58759
-84.14668
-84.24580
-83.41755
-83.69415
-83.22355
-83.66836
-84.51965
-83.75008
-83.31591
-83.63970
-84.07342
-84.97356
-85.79294
-84.27848
-83.86035
-85.19084
-86.35071
-87.22663
-87.12061
-86.08707
-87.49221
-87.56794
-87.40518
-87.75327
-87.79047
-88.11954
-87.35607
-87.62536
-87.01061
-87.50139
-87.75437
-87.71006
-88.70659
-89.00958
-88.62383
-88.00075
-88.09654
-89.76722
-88.49391
-88.90163
-90.20041
-90.14613
-89.77522
-89.49105
-90.64212
-88.67610
-87.27590
-86.18890
-83.43106
-78.88507
-78.15891
-77.38782
-77.22835
-79.57966
-79.79988
-79.77106
-81.03694
-81.17129
-81.27150
-82.40111
-81.82272
-81.46292
-82.69175
-83.44183
-80.28828
-80.95603
-80.64251
-79.60853
-79.88447
-79.24003
-78.17123
-76.28149
-75.84457
-75.52370
-75.38286
-75.56199
-76.56212
-77.64449
-76.40241
-75.81837
-76.79325
-77.31776
-78.43358
-78.91903
-79.14033
-78.46463
-78.17507
-77.82110
-78.24293
-79.78172
-80.21186
-80.86144
-80.84907
-80.92330
-80.44828
-80.43375
-80.86901
-82.30965
-81.87504
-81.84081
-81.29296
-79.53325
-78.57989
-77.35761
-76.64870
-76.22229
-76.67966
-76.80888
-76.01197
-76.10416
-76.67451
-76.86466
-77.36036
-78.37535
-78.61991
-78.57454
-78.68711
-78.17521
-77.64919
-77.55212
-78.49631
-79.15171
-79.05226
-78.56925
-78.22106
-78.34003
-78.56754
-78.61444
-78.20670
-77.83702
-78.14537
-77.93508
-78.07720
-78.56110
-77.74160
-76.93504
-77.66382
-78.01520
-78.05932
-78.21993
-77.61252
-79.28130
-80.14747
-79.23870
-78.32568
-79.28633
-77.21178
-77.41548
-77.90853
-76.14046
-77.42372
-77.41265
-77.73343
-76.30988
-77.23464
-77.73029
-77.88731
-77.87969
-77.71561
-77.89500
-76.32198
-77.05729
-77.70785
-78.13363
-78.01657
-78.52672
-78.08072
-78.05782
-78.40989
-78.88341
-78.25966
-79.06094
-78.62810
-78.18873
-79.18276
-79.54741
-78.71315
-77.08432
-78.46283
-77.40233
-77.33499
-78.25890
-78.82165
-79.02871
-78.67255
-78.29253
-77.74280
-78.23367
-78.85636
-78.63005
-78.63161
-77.63837
-78.79901
-77.73904
-77.18893
-77.93468
-76.81313
-78.07633
-77.59177
-79.16250
-78.71003
-78.75660
-80.12198
-81.03985
-79.93617
-79.67888
-81.40139
-81.05518
-80.89054
-79.54383
-80.23023
-79.80471
-80.23785
-80.61709
-80.12553
-79.77864
-80.00834
-81.09780
-81.21270
-80.74721
-77.72236
-75.99793
-76.32644
-75.65464
-74.60993
-74.72662
-75.72132
-76.15319
-77.35847
-78.43646
-79.07573
-79.70116
-79.18031
-79.70458
-80.99833
-80.86835
-80.29928
-79.89194
-78.12839
-76.73499
-76.14001
-76.86801
-76.63226
-76.67624
-76.53194
-77.13928
-78.84095
-79.50207
-80.28988
-79.30127
-80.58202
-80.23783
-78.06073
-76.47860
-76.11839
-76.88625
-78.17645
-79.88524
-80.65057
-80.08817
-78.49664
-79.15550
-79.07395
-79.15257
-80.92384
-81.30787
-79.32312
-78.32801
-78.58083
-78.16484
-78.55763
-78.95807
-79.68646
-79.24521
-78.78556
-77.53363
-74.70222
-72.54430
-71.08777
-70.59980
-71.16192
-70.75162
-69.63127
-69.08961
-68.71040
-69.40658
-70.03078
-71.03335
-71.88305
-72.10037
-72.13761
-72.87579
-73.96724
-74.60369
-76.07814
-75.79261
-75.33959
-73.91694
-73.35312
-72.78783
-73.13708
-74.62774
-74.14731
-74.69911
-74.81391
-73.11682
-72.15620
-71.93421
-73.09796
-74.51126
-75.18524
-75.33310
-75.86524
-75.76886
-74.38531
-73.53769
-71.64113
-70.27389
-69.50983
-69.24550
-70.05000
-70.93784
-71.81959
-72.99744
-73.39893
-75.24306
-77.43957
-76.90414
-75.67714
-74.83663
-74.44322
-75.61509
-76.61121
-74.58750
-71.87332
-70.27940
-70.37783
-71.51983
-72.52918
-72.78688
-73.46712
-72.77404
-73.48596
-76.58942
-77.22587
-75.21965
-73.77266
-74.34843
-75.97954
-76.43929
-76.07693
-75.86437
-76.20184
-77.78066
-77.81898
-77.35920
-77.85359
-78.46395
-79.54898
-78.98703
-78.34917
-78.77069
-79.13846
-80.06603
-80.68063
-80.44711
-81.38483
-82.12000
-80.38140
-80.55057
-80.67474
-80.07783
-79.85309
-81.44690
-81.54552
-79.84470
-80.20461
-80.55054
-82.23876
-81.51580
-81.43338
-83.26671
-82.30854
-80.84221
-81.15788
-82.37115
-82.85383
-82.56702
-81.98212
-82.00260
-82.26480
-83.52593
-83.45905
-82.59854
-82.76384
-82.66760
-82.35285
-82.48052
-84.58715
-83.42963
-82.11326
-83.20085
-83.07871
-83.38675
-84.58711
-85.43792
-84.13224
-84.35830
-85.32788
-86.10839
-85.83547
-85.80450
-86.30367
-86.67013
-86.34771
-86.93660
-86.70453
-85.39883
-86.62358
-86.93704
-86.73134
-86.20124
-87.81011
-86.72161
-87.25065
-88.40107
-87.63259
-86.19472
-86.69897
-89.52536
-88.84825
-87.58094
-88.59745
-89.62367
-88.43949
-89.57260
-88.65256
-89.94793
-84.37222
-78.80229
-76.60292
-77.03393
-75.15795
-73.56820
-74.02006
-74.25900
-74.05432
-73.35011
-75.01993
-74.25745
-73.72376
-75.22516
-75.31021
-74.56861
-75.27761
-76.47835
-75.10349
-74.61091
-76.85672
-76.99515
-74.96877
-77.06329
-78.36619
-77.71968
-77.27028
-78.35379
-77.98057
-76.42730
-77.54516
-77.49247
-76.39000
-75.76057
-77.94088
-78.13385
-76.43913
-78.14793
-76.74100
-75.08414
-75.60272
-74.84296
-73.67398
-73.60257
-74.41129
-74.69252
-75.35257
-76.87544
-77.54519
-77.27286
-76.86467
-77.55791
-77.60779
-76.43136
-77.82494
-78.79662
-77.46297
-76.82297
-77.00485
-76.66577
-76.35626
-77.61582
-77.72336
-76.08854
-76.99595
-78.09755
-77.13667
-76.26541
-77.89027
-78.23772
-75.95112
-77.40785
-77.39642
-76.09969
-74.73650
-75.61117
-76.60762
-76.41514
-76.99773
-76.86013
-76.46362
-76.65961
-78.03552
-76.45695
-75.41750
-75.48030
-76.44736
-75.23476
-76.02402
-76.08729
-74.35682
-75.39391
-76.70294
-76.41549
-73.30192
-74.72164
-76.35561
-75.85272
-75.49692
-75.73463
-75.77446
-74.57161
-75.89488
-75.17590
-74.57160
-75.36861
-76.26354
-75.62117
-75.30800
-75.90208
-76.32582
-75.39550
-75.32701
-75.76770
-75.29706
-75.59384
-75.96389
-76.72308
-75.98441
-76.52269
-77.19768
-76.21829
-76.19189
-76.93527
-76.26670
-76.65793
-77.76453
-77.72749
-76.37679
-76.70498
-78.46193
-76.48444
-75.55461
-76.84645
-77.12503
-76.69560
-77.59884
-77.91519
-78.16616
-77.45412
-77.63943
-77.90819
-78.03531
-77.69453
-77.96228
-77.89068
-77.14953
-78.62582
-76.73441
-76.98368
-76.75051
-76.43807
-78.27240
-77.89782
-79.21088
-78.17647
-77.37760
-79.55965
-79.73201
-78.75570
-79.50399
-80.34723
-79.71477
-79.15456
-78.68742
-79.29626
-79.20336
-80.51579
-79.92149
-79.52053
-79.47666
-79.93203
-80.50300
-80.33746
-74.76129
-69.78997
-72.39211
-73.79245
-74.35327
-73.89170
-73.20646
-76.27235
-74.78551
-75.66513
-76.06299
-75.97899
-76.72610
-76.93281
-77.61615
-76.80753
-74.98600
-72.18411
-69.67748
-69.57077
-72.22827
-75.19498
-72.60848
-68.79351
-67.14987
-66.92073
-67.97556
-69.54521
-70.81585
-72.75910
-75.29247
-78.08833
-77.18041
-75.06235
-75.10854
-76.53111
-76.99729
-75.80327
-74.91848
-74.50145
-74.60223
-74.65830
-73.35573
-72.25591
-72.81773
-73.00873
-72.83829
-72.77530
-74.03936
-73.40970
-73.69554
-76.52055
-75.86674
-76.36059
-79.03807
-76.27759
-73.85423
-73.26716
-72.50573
-70.85328
-70.44847
-71.61378
-70.84703
-70.65284
-71.32332
-72.03450
-72.10772
-72.33829
-73.00077
-72.84220
-72.35449
-72.87049
-72.92204
-73.06752
-72.97590
-72.28098
-72.13730
-72.21940
-71.96111
-72.44623
-73.61271
-73.61491
-74.29729
-74.01763
-73.71645
-73.73137
-74.31533
-73.66317
-73.71039
-73.95825
-74.27460
-73.90566
-73.00066
-73.43849
-73.98687
-74.55168
-74.69832
-74.29165
-72.63975
-72.20084
-72.75949
-74.59058
-74.12883
-73.26002
-72.82463
-72.93752
-74.46915
-75.31156
-74.74586
-74.02403
-74.73048
-74.85189
-74.54811
-74.65296
-75.02852
-74.07598
-73.21789
-73.28840
-74.24409
-74.71615
-74.66972
-74.63859
-74.36280
-74.22176
-76.03916
-76.94258
-75.83891
-75.17962
-75.02036
-75.06227
-74.39096
-75.53444
-76.69835
-77.29401
-77.03182
-77.19886
-77.61561
-78.03270
-77.73293
-77.73418
-77.94457
-78.27091
-77.63416
-77.62873
-79.87901
-79.18263
-78.89346
-79.01681
-79.25769
-78.07120
-79.06064
-80.65168
-79.86015
-80.39896
-81.54650
-79.83224
-78.62437
-78.97204
-80.20140
-80.15804
-78.82521
-81.33112
-81.61122
-81.31851
-81.80823
-81.97828
-81.23806
-81.02606
-81.11897
-81.27475
-82.52188
-82.36112
-83.38034
-83.81200
-83.76629
-82.36390
-81.87955
-82.11812
-82.34442
-83.76398
-82.14185
-81.99004
-82.48715
-82.50008
-83.02153
-82.86273
-82.80048
-82.49622
-83.24365
-84.06971
-84.12483
-83.97130
-84.86905
-84.43170
-85.20023
-85.26533
-84.57603
-83.55611
-84.21626
-84.53049
-83.93177
-83.62370
-83.20832
-84.32313
-84.32011
-85.20839
-85.11429
-85.16575
-83.56827
-84.65823
-86.35029
-85.59660
-85.46669
-87.42826
-86.45995
-87.42115
-87.02373
-89.05428
-84.98698
-78.45571
-79.90608
-81.48319
-83.73500
-84.97388
-86.14487
-86.37155
-85.94298
-87.37098
-87.01798
-86.75977
-86.95042
-87.66646
-87.74582
-87.40468
-86.61551
-86.11920
-85.82042
-87.37991
-86.93047
-87.02075
-87.65403
-87.66693
-86.25389
-86.18391
-86.79656
-87.24305
-86.71872
-87.07561
-87.68484
-86.77462
-87.55537
-87.28840
-86.94253
-87.07859
-88.19193
-87.79078
-86.94204
-87.36873
-87.96317
-88.04199
-88.07741
-88.27788
-87.84480
-87.88629
-88.27533
-88.49609
-88.30866
-88.95368
-89.42083
-89.32955
-88.35883
-88.11506
-89.22552
-90.37856
-90.35093
-89.26688
-89.98719
-90.57167
-90.33688
-89.84392
-89.81413
-89.36838
-90.06740
-91.58935
-90.61575
-90.01679
-90.68308
-90.98897
-91.64055
-91.80402
-92.31008
-93.10605
-92.90410
-92.72624
-92.68549
-92.57278
-93.32542
-93.01796
-93.65859
-94.43183
-93.98720
-92.60411
-92.61746
-93.63399
-93.30577
-94.59306
-93.27094
-94.76913
-93.55919
-95.83515
-94.21165
-94.81393
-93.06150
-94.89137
-92.92594
-96.72514
-90.64601
-78.04091
-78.61931
-81.45854
-83.32597
-86.17060
-87.22934
-89.64969
-90.10455
-92.32257
-92.48336
-94.91180
-94.26812
-94.60860
-93.80646
-95.06963
-94.40266
-95.85443
-94.83406
-94.08295
-94.06049
-93.65315
-94.19808
-94.54128
-96.80084
-95.56195
-96.36030
-94.12401
-96.71006
-93.64066
-97.89288
-93.14508
-108.64183
-84.08713
-76.15402
-78.70158
-80.60868
-82.97118
-84.74267
-86.57050
-88.66027
-89.82025
-90.70257
-91.08620
-91.17188
-91.42461
-92.99564
-92.60814
-93.30147
-91.97186
-91.68969
-90.85142
-91.37517
-90.25625
-89.99072
-89.12925
-89.43947
-89.45356
-89.76626
-89.52423
-89.63936
-90.33311
-90.33210
-90.28913
-89.89697
-90.57018
-87.63212
-86.42366
-87.10957
-87.64352
-88.53233
-89.35578
-89.41822
-89.06219
-89.05116
-89.19741
-89.79498
-89.77696
-89.30832
-88.98640
-89.05723
-88.68732
-88.47938
-88.78885
-88.19571
-87.66520
-88.02547
-88.45947
-88.23696
-89.07785
-89.57261
-88.95909
-88.68015
-88.21113
-88.13391
-87.82725
-87.75251
-88.28406
-87.87909
-87.38668
-87.77518
-88.45523
-88.79337
-89.06744
-89.12925
-89.83024
-91.00094
-91.62690
-92.03286
-93.10074
-94.23016
-93.29220
-93.37456
-94.57828
-95.26705
-95.30462
-95.00050
-94.78072
-94.94335
-95.58727
-96.56982
-97.21997
-97.44273
-97.30758
-96.59784
-97.13575
-97.69405
-97.86977
-99.61875
-99.87335
-100.77115
-99.13285
-94.06038
-95.21040
-96.69446
-98.13518
-100.24551
-98.84917
-100.58092
-98.55455
-99.00818
-99.21069
-99.06677
-99.31481
-100.76586
-99.02866
-98.54097
-98.57103
-99.32612
-100.18130
-100.79794
-99.11282
-98.92325
-100.22080
-100.03611
-100.90428
-98.64169
-99.23708
-98.81237
-101.83179
-98.43374
-102.55070
-96.01501
-102.34376
-84.85349
-79.07498
-81.49365
-82.57113
-85.17284
-87.06423
-88.78759
-88.51176
-89.38462
-90.66057
-89.94965
-89.42960
-89.72334
-89.28366
-87.94593
-89.40844
-88.99080
-87.98181
-88.04040
-87.79700
-87.82597
-88.72945
-88.84398
-89.52728
-89.66913
-88.97171
-87.45988
-87.59372
-88.05859
-88.61875
-88.87968
-88.67384
-88.73481
-87.06511
-85.66283
-86.29470
-87.26484
-87.64189
-88.04320
-88.69280
-89.11545
-88.82039
-89.38174
-89.99187
-89.91765
-89.44070
-89.51468
-89.77656
-90.58687
-91.16983
-90.73283
-90.49751
-91.41782
-91.71743
-92.82816
-93.79216
-93.83831
-93.81702
-94.09562
-94.48212
-94.82639
-94.86331
-94.79128
-95.02808
-95.76296
-96.24920
-92.93615
-93.64160
-94.92991
-96.01149
-96.79452
-96.82928
-97.67969
-97.89836
-98.28481
-98.04262
-99.00531
-99.10351
-99.53087
-100.03445
-99.93101
-99.16801
-99.85344
-99.39735
-100.55763
-100.30014
-99.88554
-100.13145
-99.94897
-100.08478
-100.79925
-100.54765
-100.15166
-100.40533
-100.34368
-100.84642
-100.42460
-101.46704
-99.48565
-99.19823
-101.25456
-100.80584
-102.45497
-102.01498
-101.22501
-103.21496
-102.52994
-102.93502
-103.31139
-103.80643
-102.91758
-105.36822
-102.56288
-104.13220
-104.34750
-105.13702
-104.87297
-105.89393
-103.76085
-105.47272
-105.99804
-106.26484
-108.79532
-106.46374
-109.02137
-106.02850
-116.37382
-105.77543
-121.25492
-101.78198
-102.08804
-83.54342
-77.04375
-80.35834
-81.58567
-83.35647
-84.17681
-85.09428
-85.41367
-85.91174
-86.41914
-86.41154
-85.71489
-85.90727
-87.98980
-88.44168
-88.78379
-86.94473
-86.27468
-85.39225
-86.02377
-86.35265
-85.66731
-85.39023
-86.04942
-85.43667
-84.60189
-84.91366
-85.52940
-85.01460
-85.52988
-84.16803
-83.92745
-84.56510
-74.61719
-73.08419
-76.32800
-77.22061
-79.62448
-79.81302
-81.12046
-81.44444
-81.86026
-82.59880
-82.69507
-83.48384
-82.63382
-82.69379
-83.12596
-84.27781
-84.79698
-85.14658
-85.10786
-83.72838
-83.34213
-84.06675
-83.74358
-85.18803
-85.11068
-86.91650
-84.38451
-84.43537
-83.31448
-84.69827
-84.08448
-85.60714
-79.99651
-69.51566
-70.16877
-73.17284
-75.36343
-78.71756
-79.94883
-83.43733
-82.80644
-85.59720
-85.27058
-87.68535
-85.52803
-86.46113
-86.28754
-89.34113
-88.47218
-90.11071
-89.50989
-89.57780
-89.27235
-89.46658
-90.57323
-89.93204
-93.21997
-90.53648
-95.96323
-90.55370
-97.73606
-89.33919
-105.13467
-86.89037
-93.54572
-74.77738
-65.52174
-67.93452
-70.85431
-74.11834
-78.22898
-80.63788
-85.73576
-85.68773
-89.98054
-85.77916
-90.40315
-85.98109
-90.43394
-86.45748
-94.13965
-84.25816
-64.39692
-63.92758
-68.70869
-71.53290
-77.38134
-79.39751
-83.40157
-81.16366
-83.09453
-82.48545
-83.98897
-85.83927
-85.69364
-90.08537
-83.40938
-105.44912
-67.78333
-61.67755
-63.89756
-67.55799
-70.62157
-72.28495
-76.89385
-79.26180
-82.36632
-83.98945
-84.67984
-85.14252
-83.85039
-84.38429
-84.78492
-85.03049
-81.93708
-77.64337
-76.74391
-80.18743
-82.76898
-84.27414
-82.03695
-82.47128
-82.42293
-82.75967
-81.55758
-82.64042
-82.45975
-82.42336
-83.17231
-83.23522
-83.20946
-75.21703
-72.88592
-76.59760
-79.01878
-81.50663
-82.46512
-84.08633
-82.46027
-83.12192
-83.98997
-82.66786
-83.32388
-83.96122
-83.43858
-82.19779
-84.63407
-79.76280
-76.90382
-78.47247
-80.02147
-81.32669
-83.74092
-83.36748
-85.48665
-82.75986
-86.17457
-83.02576
-86.91258
-81.65863
-87.33847
-81.44524
-90.59081
-73.49073
-61.98040
-63.71334
-67.83971
-71.86723
-76.29247
-76.45535
-78.27591
-78.21439
-79.75916
-79.66665
-82.34209
-80.28929
-80.79256
-79.97210
-79.67364
-80.64332
-66.29241
-64.10261
-68.07322
-70.88873
-75.74743
-76.77475
-79.88910
-79.61700
-79.86125
-78.66840
-80.00655
-80.59659
-79.47505
-80.15731
-79.40149
-81.69557
-76.22453
-71.97789
-73.69321
-75.96128
-77.46728
-78.77020
-78.17948
-78.65340
-78.97710
-79.32265
-78.58522
-80.33883
-79.81455
-81.53400
-81.55434
-82.57194
-79.39087
-75.80538
-75.39621
-78.28545
-80.76134
-81.07303
-81.73368
-81.47942
-80.55509
-81.24111
-81.59947
-80.78498
-83.22293
-80.83717
-84.31604
-79.95771
-92.45662
-68.22885
-61.83054
-64.92702
-68.41068
-72.11039
-75.57722
-76.91294
-80.87241
-71.51222
-67.27002
-69.88139
-71.85503
-74.51657
-76.20239
-77.84477
-81.22399
-78.01296
-76.16957
-76.02178
-79.29343
-79.73378
-82.29895
-79.31177
-82.94871
-76.51650
-66.72589
-63.85639
-64.69465
-68.41458
-70.97508
-73.60946
-76.86769
-78.60071
-74.42099
-72.89444
-75.67845
-78.22123
-80.96802
-80.45450
-80.77455
-80.24830
-79.45419
-79.14582
-80.14229
-79.19974
-79.84444
-80.21984
-79.86117
-79.69242
-78.05710
-77.04881
-77.81141
-77.81358
-79.12349
-81.58078
-79.94709
-80.93740
-78.12777
-76.60556
-77.49880
-76.93731
-78.85363
-79.69710
-80.30095
-82.66164
-80.18546
-75.00299
-73.75727
-75.47425
-77.67286
-79.25316
-79.47364
-81.39290
-81.21100
-78.22598
-79.24089
-80.39236
-79.23835
-82.31613
-80.79549
-81.94537
-81.51412
-79.86261
-78.95326
-79.92135
-79.99204
-82.69838
-82.39486
-83.81169
-83.36332
-81.10008
-78.76536
-76.88955
-79.98124
-79.87588
-84.29822
-80.54538
-93.65190
-69.47956
-64.73052
-68.16979
-70.56255
-73.92468
-77.91904
-78.61936
-85.61718
-73.09676
-65.25804
-67.61265
-70.95011
-73.05672
-77.76622
-77.35242
-82.46597
-76.60377
-67.66580
-68.79237
-72.20877
-73.69285
-77.81896
-78.72770
-81.88537
-81.04708
-81.79130
-80.15092
-82.75421
-82.05170
-81.29745
-81.81195
-81.25886
-85.74259
-69.73044
-65.97899
-68.66895
-70.85498
-74.30334
-76.74697
-77.54358
-85.43181
-68.50732
-62.72047
-64.50728
-70.35895
-66.40740
-63.31230
-67.05527
-69.85558
-74.01260
-74.61362
-77.57752
-78.60532
-77.91797
-79.40148
-79.81817
-80.84121
-78.68421
-78.87743
-76.78127
-78.57437
-78.12090
-78.15075
-77.00699
-78.49921
-77.99717
-74.63781
-75.48080
-77.33199
-77.36508
-79.15272
-80.09554
-80.71396
-81.08851
-74.23449
-72.67948
-76.23192
-78.05785
-77.09580
-76.50690
-77.17415
-78.59862
-78.27969
-77.74035
-78.84578
-79.28746
-80.45357
-81.17056
-81.32961
-81.84865
-81.71472
-80.30804
-80.92356
-81.15454
-80.26956
-81.72225
-81.20816
-82.26871
-80.20637
-76.79322
-77.50706
-78.88673
-78.93554
-80.09976
-80.63154
-79.67477
-78.16939
-76.06811
-73.29335
-75.47269
-80.98124
-75.90232
-76.23666
-79.82609
-79.71729
-81.31719
-80.34882
-80.38854
-80.62475
-79.98232
-80.89680
-81.21641
-81.49592
-81.49087
-80.66481
-82.67933
-84.07697
-84.31766
-82.68084
-82.25309
-82.66520
-80.52009
-78.53013
-80.11630
-81.03321
-81.40537
-82.64787
-82.73815
-83.64867
-80.30461
-76.86718
-77.88681
-80.12026
-81.11968
-79.16875
-79.87273
-81.94459
-80.92082
-81.01850
-81.37278
-84.95772
-82.81942
-86.92943
-83.74956
-87.31553
-83.87561
-90.43400
-85.98731
-92.33999
-87.90368
-93.98542
-89.15095
-90.83495
-90.66779
-63.54561
-61.93096
-65.82952
-68.11521
-71.53376
-74.02698
-75.96336
-80.89424
-65.31233
-61.80217
-66.38889
-69.78549
-73.63115
-75.56042
-74.86013
-78.31428
-67.83204
-63.85764
-67.14124
-70.24398
-72.41889
-76.75670
-74.56238
-82.25162
-68.52323
-60.12526
-62.95514
-66.68951
-69.86824
-74.15851
-73.65146
-75.74446
-75.32796
-73.35724
-73.86876
-76.32298
-74.30729
-77.69318
-76.11984
-78.74759
-75.95860
-74.39793
-73.68470
-77.50394
-77.79308
-77.53224
-78.56175
-76.58026
-79.48794
-62.04425
-60.94909
-66.37233
-69.81141
-74.56948
-73.18051
-74.60372
-75.24523
-74.11084
-71.81361
-76.22227
-75.01520
-75.31507
-76.59387
-76.33055
-78.40924
-75.84506
-73.77621
-75.35761
-76.88013
-75.77787
-77.97672
-76.75613
-78.68601
-75.48282
-73.49338
-74.46795
-78.02867
-75.92324
-77.68645
-76.40999
-78.80369
-74.21169
-62.04306
-62.43145
-67.40359
-70.36088
-74.94766
-75.22756
-76.20564
-75.82725
-73.18290
-73.56870
-76.24393
-75.93728
-76.56434
-75.96076
-77.68058
-77.30853
-76.69928
-76.33846
-77.98040
-78.37931
-78.12868
-78.60239
-78.01202
-78.70813
-75.22404
-75.32839
-77.34645
-78.31895
-77.94365
-78.72732
-77.14249
-79.82441
-74.81082
-71.14776
-72.96106
-75.56091
-78.08623
-79.50734
-78.08483
-77.67363
-77.47421
-75.15408
-77.24495
-79.02427
-78.10377
-78.97501
-79.54987
-80.30090
-79.15170
-63.75154
-61.45955
-64.96745
-67.13713
-69.62940
-70.10368
-71.20234
-71.32504
-72.46794
-74.18540
-75.09534
-73.30366
-73.59889
-73.10512
-72.91745
-73.80681
-71.79703
-71.63478
-73.58306
-73.09897
-75.14864
-75.42057
-73.37374
-72.02087
-71.29722
-73.96618
-75.27980
-75.03395
-74.14599
-74.14444
-73.48769
-72.43140
-72.20506
-72.10850
-72.53556
-73.92809
-74.20454
-75.45168
-76.99858
-76.19984
-76.03806
-74.89872
-74.29724
-74.25285
-74.29743
-73.86225
-72.94126
-72.92693
-66.87594
-65.10065
-67.95859
-68.53821
-68.92495
-68.98349
-67.58985
-68.53491
-69.27675
-69.55705
-70.52538
-70.66165
-70.42395
-70.45887
-70.07589
-69.18214
-72.16496
-63.97242
-60.81380
-64.18124
-67.05973
-68.91798
-69.69989
-70.14656
-70.53388
-71.75460
-73.21964
-72.75467
-73.17737
-73.01629
-74.08858
-73.61418
-76.09161
-69.55924
-61.86742
-62.28762
-63.57939
-64.84871
-66.36394
-66.13927
-68.98692
-69.12669
-67.52004
-66.53696
-67.82667
-70.07118
-69.03590
-69.19656
-67.57667
-67.65859
-68.33138
-67.75799
-68.60642
-68.38963
-70.34190
-71.09109
-71.73603
-72.81264
-70.77649
-68.70947
-70.46308
-73.31041
-72.84437
-71.58269
-72.46011
-72.63293
-72.88317
-71.66217
-71.89234
-74.34781
-73.87238
-73.70379
-73.23924
-73.71332
-73.19991
-73.46352
-73.39625
-73.68523
-73.37089
-75.46890
-73.65320
-73.74960
-68.01934
-61.07460
-60.16243
-62.74357
-63.71463
-64.58438
-63.33424
-63.23226
-64.97713
-63.64667
-64.50905
-66.45880
-67.49834
-65.79433
-67.01872
-66.50803
-67.49952
-68.99592
-69.58153
-69.65999
-67.07242
-69.28654
-68.71453
-69.32875
-70.86271
-67.33919
-63.95763
-62.53591
-64.21048
-66.83888
-66.77249
-69.25942
-69.99113
-69.15662
-68.82515
-68.61088
-71.25624
-72.07530
-70.66457
-70.94610
-71.04120
-70.41325
-70.72832
-71.03003
-72.21877
-71.06039
-71.05785
-71.88811
-72.65828
-72.93148
-72.62322
-73.18863
-72.08379
-71.27951
-71.20072
-69.72028
-70.11569
-73.44184
-66.28157
-63.05249
-64.02288
-62.65009
-62.10402
-62.70375
-64.95486
-64.49011
-63.13579
-65.59298
-65.39171
-65.70389
-66.34934
-66.18097
-65.15844
-65.49295
-67.65606
-66.44017
-67.40581
-67.02596
-67.17892
-65.93521
-64.84336
-68.12693
-69.92491
-68.83207
-68.79827
-68.15373
-68.19495
-69.57263
-69.04171
-71.01754
-70.63758
-71.76737
-69.93333
-68.74817
-69.19078
-70.33996
-72.18608
-73.36586
-72.60032
-65.51843
-65.35510
-68.36610
-69.33584
-69.95142
-71.15259
-71.85693
-74.69180
-67.69432
-65.00201
-68.46614
-69.60212
-71.40818
-72.71510
-74.04700
-75.50062
-69.21501
-66.43247
-69.74650
-70.48683
-71.22723
-73.03698
-72.51668
-73.10069
-72.03908
-73.19420
-72.03706
-73.73361
-71.81968
-72.12313
-73.07358
-75.75509
-72.70557
-64.06400
-63.86085
-64.38475
-65.24111
-65.16545
-66.23450
-68.82788
-68.89856
-64.47434
-61.74913
-64.06403
-65.76471
-63.11339
-62.25844
-64.73400
-67.27270
-68.91647
-67.93003
-67.74091
-67.66813
-68.61983
-68.61462
-69.11319
-68.06011
-67.99565
-70.19830
-68.12214
-67.63392
-68.80363
-69.63474
-69.65878
-69.31706
-67.60113
-67.76515
-68.45777
-68.06154
-68.60304
-69.12772
-69.98712
-70.61349
-69.45110
-67.83040
-68.64647
-70.83050
-70.64657
-70.54323
-70.92106
-71.75861
-72.47359
-70.91569
-70.17662
-70.87713
-72.16620
-72.76334
-71.43296
-71.33044
-71.52167
-71.70549
-72.71683
-73.30304
-73.51580
-73.82074
-72.88283
-72.65075
-74.21166
-73.58782
-73.19804
-73.35396
-73.42196
-72.49657
-73.70128
-75.07925
-74.51438
-74.34548
-72.97507
-72.52902
-75.03611
-76.20818
-73.88095
-75.71912
-76.61745
-76.63735
-75.62690
-74.37708
-75.18474
-75.54068
-76.39937
-76.35148
-75.30373
-76.13315
-77.46783
-77.19606
-77.40023
-78.33775
-78.93952
-78.21637
-78.40565
-78.84816
-77.55603
-77.07037
-77.54968
-77.52683
-74.84600
-72.69383
-71.99841
-72.56530
-73.62778
-73.04967
-72.93982
-73.94555
-75.57011
-73.33274
-73.82553
-74.86599
-75.90833
-74.94177
-73.30770
-73.30892
-72.50647
-73.17657
-74.97685
-76.55828
-77.29589
-76.72454
-76.14101
-78.00357
-76.18049
-79.51205
-75.51182
-82.35580
-69.77449
-58.91209
-60.11007
-61.94875
-60.82925
-64.39624
-63.47495
-62.64970
-60.25650
-59.48664
-60.70440
-61.67409
-63.14857
-64.13243
-64.23990
-63.71123
-65.19615
-63.40442
-62.52068
-63.69078
-65.81748
-67.32784
-66.80559
-64.72535
-65.81528
-59.98080
-59.28422
-63.63129
-62.87259
-66.28813
-68.17749
-67.95821
-69.31582
-68.90083
-67.69402
-69.20010
-68.15239
-68.39958
-68.07247
-67.23395
-70.67152
-68.10905
-67.17737
-67.79803
-70.08270
-70.67068
-71.61707
-69.16408
-74.72654
-68.04215
-59.24951
-61.94584
-63.69516
-65.38146
-63.24259
-62.30208
-64.49823
-63.62819
-66.22652
-64.22748
-64.27989
-66.22220
-65.00612
-65.55825
-68.42997
-66.74726
-64.95066
-65.70691
-65.85374
-65.54941
-66.25151
-66.74801
-68.64692
-67.56164
-66.93784
-68.45484
-68.58455
-68.89214
-68.62706
-68.40389
-67.44295
-69.15016
-64.45250
-60.61495
-63.67568
-65.57103
-66.93756
-69.98315
-69.11776
-71.03262
-69.05118
-68.79851
-69.59059
-70.37838
-70.47624
-70.81986
-70.94968
-69.92985
-70.91789
-70.42792
-71.60845
-72.59997
-72.10449
-71.52410
-71.61778
-72.75931
-71.32855
-70.89084
-71.98203
-72.86608
-72.22008
-72.38018
-72.65649
-72.51129
-74.07405
-70.53204
-69.25065
-71.68625
-73.76490
-74.81737
-75.69064
-74.88475
-73.41674
-73.37629
-74.22136
-75.42744
-75.10906
-75.87919
-76.33140
-76.29876
-78.44302
-74.45134
-69.80369
-69.03791
-70.48168
-72.33268
-72.96806
-72.03531
-70.56617
-69.70211
-71.02856
-74.07797
-74.95982
-74.72552
-75.33578
-75.82985
-75.96478
-75.84503
-71.68155
-72.32582
-74.77309
-74.40762
-75.03370
-74.69610
-74.85548
-72.02694
-71.55059
-73.92682
-77.40087
-78.07063
-76.55768
-75.78257
-75.25211
-76.87562
-77.10682
-77.47283
-77.82021
-78.24490
-78.07234
-77.40046
-81.47848
-81.02960
-80.41268
-78.13653
-79.06837
-80.97523
-82.44802
-80.96808
-82.92366
-75.92253
-66.88810
-67.03108
-67.87498
-68.96050
-71.97765
-71.16283
-71.47457
-71.71620
-72.14678
-70.81363
-69.90433
-71.06699
-70.16802
-71.27284
-72.67121
-74.79655
-74.42856
-72.41292
-72.47038
-73.21660
-73.35903
-72.66416
-74.18359
-73.87402
-73.74064
-73.91621
-75.66050
-74.55128
-76.51529
-75.11731
-76.39831
-79.43791
-79.95212
-73.18539
-66.88698
-66.24838
-66.20872
-69.16520
-68.40463
-69.10560
-69.29201
-66.61549
-67.56859
-69.73280
-71.45894
-69.68442
-69.05453
-69.65639
-69.83537
-70.82537
-71.06829
-69.47543
-70.56778
-72.30842
-73.39385
-72.30148
-73.92390
-74.48678
-71.96477
-72.92823
-74.97056
-76.83437
-75.88740
-74.66035
-77.33524
-80.75373
-76.53985
-75.40199
-77.58324
-77.95668
-77.43987
-76.74501
-78.40495
-79.41618
-77.83585
-81.06234
-78.47035
-78.23512
-79.43954
-82.04290
-82.46350
-84.22202
-78.45761
-68.49471
-66.49232
-68.94712
-69.35806
-69.67626
-68.25726
-68.15412
-71.16318
-69.66346
-70.41350
-71.18237
-70.66838
-69.30880
-70.61320
-71.07225
-71.85975
-72.08470
-71.75211
-72.20459
-72.34468
-73.61678
-73.31265
-74.03209
-73.58131
-73.07852
-72.90897
-74.08994
-72.95962
-75.25463
-75.91399
-75.08561
-74.09509
-75.61375
-76.06780
-77.80499
-79.21878
-76.15188
-76.56761
-77.03156
-77.57109
-75.38440
-76.71042
-77.70477
-80.03403
-78.90837
-79.95730
-80.60354
-80.94980
-80.53205
-80.21238
-80.36598
-80.69537
-80.38539
-81.77920
-82.45344
-82.04020
-81.37411
-68.51041
-67.09894
-68.89754
-66.64315
-67.84355
-71.72582
-72.60801
-68.04470
-67.55434
-68.38940
-66.45460
-69.11706
-71.11471
-69.36085
-67.48992
-69.74811
-74.44216
-70.10652
-71.75994
-73.05476
-72.17076
-73.34602
-70.90715
-72.18604
-75.02289
-73.92789
-73.14117
-74.58197
-76.79624
-75.52296
-76.06559
-77.94666
-76.77508
-76.86378
-76.58196
-75.98723
-76.60385
-77.21677
-76.68359
-78.54884
-79.81517
-75.99284
-76.63643
-78.24255
-79.90161
-80.12349
-79.12089
-80.48669
-80.78424
-79.43793
-75.80435
-75.76355
-78.53439
-79.85867
-79.99872
-80.38628
-81.25862
-79.53517
-78.26949
-79.25343
-80.76533
-81.58817
-80.19540
-80.92851
-82.59821
-82.96348
-83.19996
-83.45267
-82.17274
-83.05626
-84.19634
-82.74479
-86.50298
-82.66463
-77.26704
-73.86864
-72.24332
-71.84469
-72.37572
-73.28751
-73.10552
-73.61766
-71.60872
-70.25492
-71.28411
-71.21982
-71.51851
-74.07983
-74.99717
-74.41197
-73.62961
-74.56283
-74.60947
-73.96086
-76.71774
-77.83921
-79.14488
-78.38620
-78.49611
-77.39826
-78.03181
-80.20394
-79.02154
-80.44550
-78.83581
-78.54276
-78.20047
-78.79038
-79.24026
-79.54348
-78.63335
-77.74705
-77.65587
-78.46106
-80.86659
-79.31237
-81.44041
-81.35207
-80.64163
-80.45490
-80.31036
-81.81776
-83.26475
-83.16505
-81.54871
-82.08175
-82.22418
-84.04286
-83.53624
-82.44485
-81.33119
-82.54426
-83.04824
-84.16457
-85.44835
-84.32997
-85.38119
-84.62368
-84.27655
-85.07968
-85.37549
-84.17492
-83.88421
-83.47381
-84.45737
-86.58230
-86.49794
-84.78316
-86.13102
-86.46827
-85.80225
-86.68990
-89.12456
-89.91463
-87.82747
-85.45396
-85.57055
-87.35827
-87.11976
-86.68614
-86.56517
-88.33387
-86.78295
-88.46641
-89.19514
-88.59678
-88.14408
-90.13018
-90.15709
-89.55767
-90.29714
-89.72383
-92.03503
-91.31074
-92.29224
-90.90670
-91.52021
-90.61878
-91.45740
-90.45756
-90.71560
-91.18660
-89.72245
-91.45696
-93.17940
-92.80650
-92.25174
-93.17814
-93.82633
-94.77971
-93.45366
-93.19037
-91.80085
-90.56976
-93.04160
-93.56917
-94.37364
-93.43074
-92.87981
-95.98044
-94.54011
-100.17674
-93.73166
-121.83931
-76.53839
-68.88303
-69.60695
-68.89826
-69.53926
-72.77324
-74.51909
-72.97308
-69.77292
-71.56958
-74.12850
-72.79797
-73.64120
-73.88775
-72.18256
-74.19630
-74.86969
-74.11351
-73.41155
-75.43646
-78.05287
-77.69064
-76.13998
-74.79957
-76.96398
-72.35517
-70.89616
-71.94678
-74.09915
-74.67784
-74.25708
-75.90424
-76.45952
-77.44686
-78.03071
-78.15264
-77.11853
-77.22695
-77.05611
-78.32211
-78.53059
-78.34883
-79.91332
-80.40671
-79.92464
-80.14709
-81.25662
-82.89966
-83.99897
-81.98219
-79.96176
-79.34976
-78.16099
-76.06316
-74.19149
-74.30027
-75.38486
-76.35679
-77.59114
-77.00903
-77.59522
-78.86470
-77.50462
-77.76949
-77.54615
-77.89530
-78.92454
-78.28328
-78.65436
-79.74035
-78.32842
-78.57935
-79.80246
-78.45310
-81.30790
-81.28995
-80.09896
-81.90445
-82.07287
-81.47031
-80.08905
-79.68054
-79.30603
-79.71683
-80.63811
-79.28171
-79.71479
-80.67791
-80.88049
-81.56459
-82.35006
-81.26625
-82.26731
-82.90896
-82.64122
-83.16311
-81.90113
-83.58793
-83.15267
-84.36016
-84.98497
-83.82675
-84.12374
-84.25990
-84.42713
-85.12979
-86.79518
-85.85693
-85.07024
-84.43425
-84.12707
-84.90431
-84.55778
-85.52516
-87.01832
-86.72863
-85.27929
-86.37066
-86.18536
-87.42238
-87.51858
-88.50255
-87.94360
-88.17003
-88.34825
-86.54172
-87.93460
-88.21648
-92.03114
-89.05438
-95.40900
-76.25024
-71.29982
-72.06972
-73.72901
-76.62951
-77.95663
-80.78188
-81.28861
-82.70347
-83.72097
-84.87802
-85.57096
-86.11114
-87.21907
-87.68002
-86.85231
-86.66645
-87.91846
-88.80745
-88.08153
-86.85349
-87.95533
-89.03519
-88.44404
-85.76655
-85.75034
-87.41339
-88.30898
-88.78767
-89.65032
-89.69735
-89.45983
-90.91390
-90.65637
-89.54419
-89.84704
-90.54552
-90.28514
-90.54916
-92.15399
-92.55232
-91.95073
-91.20303
-93.32356
-93.61320
-94.45458
-93.33161
-97.55875
-84.66969
-78.58462
-79.87450
-82.67986
-83.08438
-82.92151
-83.80811
-85.17867
-87.08759
-86.15713
-85.93970
-85.86203
-83.52243
-81.67115
-84.67218
-86.68041
-87.47340
-84.38911
-81.44108
-82.04961
-83.68513
-82.98845
-83.27169
-84.92248
-84.96307
-86.93895
-86.78958
-86.26574
-85.38708
-87.48449
-85.81742
-88.20167
-89.36935
-88.95975
-80.54404
-78.42522
-79.25225
-78.45844
-80.95702
-80.40854
-81.88271
-80.12350
-79.98937
-80.02713
-80.38036
-82.17960
-82.28899
-81.91525
-81.11182
-82.01330
-82.13345
-82.27329
-81.87545
-83.19282
-84.12177
-84.15470
-84.13471
-85.55860
-86.39076
-85.20572
-86.79638
-87.82730
-87.49303
-87.09279
-86.59620
-89.02880
-90.58983
-90.17070
-89.33859
-89.05002
-90.51628
-90.39364
-88.26473
-89.89628
-90.82299
-90.09588
-90.99900
-87.95767
-88.66049
-90.52281
-92.22229
-92.79328
-96.48564
-84.95425
-76.76874
-77.05435
-79.66467
-80.68435
-80.51835
-79.57024
-81.64641
-81.48416
-80.87735
-81.96943
-82.53323
-83.72414
-82.18256
-80.30527
-81.55291
-83.86041
-82.59128
-82.73685
-82.86388
-83.32276
-86.05834
-84.48060
-86.58965
-82.56867
-78.75796
-81.22953
-79.84947
-80.42861
-84.64371
-86.18522
-85.82448
-85.24679
-87.17031
-88.15667
-88.80698
-89.44908
-87.90648
-87.45706
-88.49540
-86.81648
-88.11063
-88.76175
-89.75933
-88.82829
-88.58039
-92.31748
-92.42559
-91.92313
-91.74898
-92.15913
-92.16393
-90.93546
-90.62263
-91.56709
-91.62258
-95.90241
-86.76161
-80.27527
-77.79043
-76.34923
-76.99098
-79.26413
-78.77829
-77.66838
-79.49193
-80.56629
-79.71882
-80.17633
-80.28987
-80.49083
-81.12153
-78.49324
-79.33860
-81.24798
-81.01403
-83.01686
-82.22156
-81.96289
-79.52215
-80.31887
-85.04658
-83.52892
-82.50999
-82.21084
-84.36250
-86.41093
-84.74785
-85.25961
-86.44924
-86.35122
-87.27895
-87.63731
-86.23443
-85.03268
-85.97623
-85.75702
-87.07630
-86.15505
-85.39522
-87.77653
-88.97133
-91.05926
-91.10104
-91.98673
-89.71938
-91.99871
-88.07808
-85.82944
-88.03254
-88.34644
-90.02287
-90.70807
-92.00559
-92.55285
-92.48931
-89.82856
-91.04845
-91.65387
-90.16521
-92.71319
-92.51251
-92.04820
-93.69769
-93.27514
-90.68370
-91.66884
-94.75160
-91.36803
-92.25916
-95.45981
-92.70028
-87.90090
-83.67722
-84.09820
-84.37157
-82.46189
-81.20447
-81.72039
-82.96709
-81.81273
-80.30459
-81.70957
-83.12895
-82.13984
-82.12826
-82.76027
-84.44206
-84.89582
-85.71381
-84.60456
-84.93367
-85.36970
-85.33369
-86.75466
-85.83789
-86.41639
-86.65997
-87.08179
-86.97839
-86.20104
-87.55811
-88.45741
-86.27291
-85.15603
-86.80174
-86.82913
-86.52800
-86.59032
-86.14364
-86.89960
-87.44590
-89.83272
-89.69980
-91.49924
-91.75289
-91.89545
-93.17962
-90.85429
-89.38981
-90.46662
-90.31893
-88.92572
-90.50022
-90.54158
-93.49732
-91.25742
-89.66381
-91.80329
-92.80922
-92.59462
-93.90703
-93.78731
-93.71993
-92.38472
-91.38326
-92.82226
-93.03843
-93.09072
-91.81357
-92.00860
-93.09164
-93.69856
-95.06578
-93.82182
-93.01494
-96.10482
-94.20210
-94.44570
-96.70024
-98.25384
-95.18625
-95.62714
-94.90679
-94.40702
-94.81448
-94.08284
-96.62787
-94.98422
-95.93066
-95.29626
-96.05015
-96.58582
-96.14010
-96.23685
-98.00892
-95.94673
-99.19164
-99.26669
-97.20252
-98.84109
-97.87225
-99.11658
-97.68997
-98.76371
-97.09943
-98.95495
-99.84793
-101.09087
-100.67591
-98.96601
-98.65470
-100.21406
-99.84988
-100.48846
-100.31288
-103.09882
-101.05257
-101.36099
-98.70304
-97.53155
-98.50607
-101.33350
-103.62297
-102.44867
-100.25935
-100.57138
-102.15524
-99.26413
-104.84206
-100.54001
-104.11580
-80.24944
-75.61984
-74.61652
-75.69921
-79.29690
-79.84111
-78.46627
-77.39500
-79.86154
-77.69890
-77.11326
-78.83782
-80.45537
-79.43277
-76.78032
-77.73487
-80.77719
-81.33088
-80.20242
-81.28401
-81.57703
-81.82898
-80.73045
-80.23781
-81.46673
-81.46383
-82.50301
-82.23745
-83.09694
-84.64154
-83.12957
-84.43604
-86.68631
-84.06228
-85.59839
-84.45607
-82.62350
-83.84862
-83.16258
-86.97809
-84.42984
-85.47021
-87.74706
-87.69726
-85.83892
-84.63668
-86.62300
-87.54376
-90.28526
-89.49844
-87.34486
-82.98513
-82.88099
-78.92689
-76.28676
-78.61262
-77.93869
-77.07557
-78.13282
-79.58711
-82.83910
-80.74194
-81.98957
-82.86377
-82.02917
-81.81465
-82.10994
-80.11849
-80.82553
-83.76755
-81.49695
-85.15719
-81.98132
-81.68864
-84.47477
-85.00193
-84.58277
-84.47318
-83.69223
-84.65469
-84.74739
-83.13137
-84.78497
-84.68649
-84.76398
-86.41953
-88.15487
-86.50899
-87.87852
-87.56931
-86.56930
-86.22962
-86.32520
-84.22389
-84.85939
-88.19008
-89.05055
-87.52384
-87.58747
-89.86306
-89.03298
-88.79935
-88.04299
-87.10810
-88.68101
-90.86958
-90.45226
-92.88994
-92.19000
-91.28013
-90.88520
-91.31875
-92.22931
-92.92842
-93.22692
-92.18815
-92.50442
-91.47956
-90.88745
-92.29052
-93.38592
-96.21427
-97.53986
-95.81593
-94.84653
-92.81436
-92.15325
-94.23882
-95.17857
-94.77643
-96.40106
-92.38390
-92.34060
-92.19230
-91.78230
-94.76293
-94.04625
-93.12730
-93.34379
-94.19635
-92.03850
-91.63347
-94.45638
-97.08369
-97.00494
-95.49948
-97.10438
-93.83748
-92.10851
-94.27581
-93.38778
-91.37732
-91.00793
-92.30105
-93.41302
-94.76518
-95.62687
-93.77136
-95.64056
-96.17894
-96.63709
-97.61802
-97.89177
-96.62029
-90.13043
-89.59216
-90.32373
-89.63408
-89.74182
-88.84613
-90.21926
-92.37674
-92.53201
-93.10027
-94.99366
-95.75064
-94.33450
-94.76148
-93.24663
-95.09943
-86.41766
-81.18647
-80.24967
-80.07648
-81.69844
-82.25921
-82.93176
-86.12282
-88.48689
-87.22302
-86.49355
-86.02952
-85.60885
-86.92422
-86.28064
-86.93941
-85.15881
-81.77357
-81.46127
-81.72107
-82.16423
-82.03858
-83.50049
-82.23947
-80.98384
-80.38585
-80.72898
-83.93121
-84.30731
-83.35133
-82.21613
-82.90557
-85.59272
-79.09973
-76.44970
-77.94828
-77.18693
-79.15880
-79.55066
-79.14322
-81.45218
-80.44259
-79.15099
-81.36513
-80.98551
-80.38084
-83.87921
-79.63348
-79.34828
-84.13540
-82.00121
-83.09297
-84.56643
-80.71722
-78.77219
-80.92984
-84.85494
-84.46681
-84.17328
-84.08597
-83.43658
-84.27822
-85.14867
-84.19885
-85.43667
-85.99309
-87.16707
-84.44180
-83.38669
-84.13556
-85.08385
-86.72381
-87.78941
-87.92244
-89.78306
-90.59750
-86.57920
-87.18273
-86.92133
-89.44530
-90.27661
-90.32256
-91.01979
-94.17508
-93.22166
-91.43296
-92.93328
-92.64812
-94.24226
-94.23965
-98.33455
-98.33798
-97.76432
-99.16704
-98.72590
-99.92431
-98.02332
-98.17410
-103.36512
-100.99756
-100.87017
-98.70372
-99.49787
-98.12057
-97.73621
-103.49640
-102.60063
-103.15294
-103.92891
-102.33134
-99.97001
-101.81379
-105.01681
-105.27770
-105.67391
-108.29474
-108.43944
-106.08577
-104.68820
-106.41293
-105.16930
-106.10725
-112.23514
-108.99617
-111.71888
-111.33824
-109.56902
-109.15189
-108.59210
-109.24845
-109.69632
-114.81874
-116.70663
-115.37279
-113.17713
-112.06777
-114.69872
-116.83251
-116.57671
-117.38906
-117.42546
-115.90521
-119.53024
-118.36357
-120.08011
-121.78970
-118.01509
-120.85709
-123.68240
-119.60136
-117.55276
-121.63261
-121.80591
-124.32287
-125.00526
-126.60697
-122.58073
-122.52735
-126.48389
-124.12436
-128.58886
-130.59737
-131.83940
-131.32356
-132.25621
-132.97695
-135.36973
-134.08160
-134.90452
-136.19169
-136.78800
-136.60143
-137.24084
-137.05114
-137.31597
-137.88359
-138.42484
-138.97736
-137.76695
-139.59239
-138.72874
-139.99541
-138.50276
