-97.84332
-76.44782
-71.44686
-72.86579
-72.84502
-73.90635
-74.27946
-75.24726
-75.36779
-76.33133
-76.85386
-77.62912
-77.88643
-78.62821
-79.39338
-79.93223
-80.68519
-81.21458
-82.08560
-81.95837
-83.05609
-82.63158
-83.34357
-77.27428
-75.67830
-75.71190
-75.40361
-75.25525
-74.55495
-74.43506
-73.62708
-77.20258
-83.04941
-82.20021
-73.69331
-72.31823
-73.46315
-73.52221
-74.61987
-74.84800
-75.83101
-75.75643
-76.69009
-76.43973
-77.09811
-76.42242
-76.04042
-76.05138
-75.90727
-75.58810
-75.51117
-75.18089
-75.02527
-77.43115
-79.12452
-78.86225
-77.47908
-78.30848
-79.09709
-80.22606
-80.11227
-80.66953
-79.66529
-79.14199
-77.56905
-78.22480
-77.88948
-72.67793
-73.43689
-74.99615
-75.72279
-76.54750
-77.39590
-77.91407
-78.80511
-79.41477
-79.47833
-81.58244
-81.50885
-82.05031
-81.99824
-81.86264
-80.79207
-80.94059
-79.39923
-79.72281
-78.29323
-80.65360
-80.47795
-76.80709
-78.05898
-79.08768
-78.56760
-78.61213
-78.35123
-77.60510
-77.51978
-76.15083
-76.00657
-70.37377
-69.74423
-70.79310
-70.68875
-72.18996
-72.41881
-73.89121
-73.99753
-75.04427
-75.37965
-76.10685
-76.03374
-76.35417
-76.95931
-77.20749
-76.99384
-77.36145
-77.17594
-77.20514
-77.61678
-77.36413
-77.75776
-74.21214
-75.02289
-75.96650
-77.08126
-78.56191
-80.11299
-80.85361
-80.52895
-80.00834
-78.33208
-77.89027
-70.42276
-68.99794
-71.11691
-72.92754
-73.74425
-74.42151
-75.44595
-75.62999
-76.32867
-76.46548
-77.70134
-77.78717
-78.38008
-78.40571
-78.85802
-77.72499
-77.33937
-76.53055
-76.02934
-75.29477
-75.31865
-74.68054
-72.62043
-72.50673
-74.93860
-77.35729
-78.34885
-80.24773
-80.67097
-82.05789
-81.29504
-81.64874
-78.18282
-70.93397
-69.88410
-71.03245
-70.76354
-71.13635
-72.13751
-72.66790
-72.96558
-73.59630
-73.45184
-74.71536
-75.75960
-76.39354
-77.04230
-79.14775
-77.79685
-79.52046
-77.61269
-79.18939
-77.14654
-78.80495
-76.44584
-74.73455
-74.58650
-75.23930
-75.80172
-76.74877
-78.38768
-76.08116
-79.35387
-74.05610
-85.24225
-62.81802
-60.24592
-66.62744
-67.21268
-69.80163
-70.18130
-71.72786
-72.24945
-72.28202
-74.29835
-73.37404
-76.04749
-72.76381
-76.29620
-72.44594
-81.69884
-68.34306
-58.87937
-63.06953
-68.65298
-71.73692
-75.17714
-73.63661
-73.35425
-73.66718
-73.38156
-79.09797
-62.87241
-59.77597
-66.55064
-69.51440
-74.46336
-76.77352
-63.22355
-61.80845
-67.65495
-66.84943
-69.93837
-68.75275
-69.74001
-70.78902
-73.17472
-73.11958
-72.93463
-73.60344
-71.06736
-75.26061
-71.61843
-83.71686
-63.72345
-59.20077
-64.34125
-69.55721
-72.80164
-76.27358
-73.47856
-73.92482
-72.70844
-74.00775
-72.18207
-60.33616
-61.26327
-69.10750
-69.45704
-75.50539
-70.08988
-60.78707
-62.80838
-68.28778
-66.98304
-69.59662
-68.09724
-70.72735
-68.96182
-71.57222
-73.58978
-75.32135
-77.33777
-77.83687
-79.51903
-76.82534
-88.88788
-61.13852
-60.60815
-68.67437
-70.08076
-73.46214
-76.76371
-76.56291
-79.47258
-75.70070
-84.03646
-69.91858
-58.54622
-61.92909
-69.42633
-70.72899
-84.19637
-68.32621
-60.96559
-64.94405
-68.43417
-68.84003
-71.52249
-69.84663
-73.03613
-70.69239
-74.84008
-73.19858
-76.61648
-72.40917
-76.10361
-72.69058
-76.92817
-71.09343
-58.50452
-61.22248
-68.04722
-69.96280
-76.05877
-74.64285
-72.11140
-74.31889
-73.09093
-80.63361
-64.75657
-58.94309
-63.79900
-68.57355
-72.18778
-82.09757
-63.78075
-60.47026
-66.41319
-66.26640
-67.44307
-67.32438
-67.77565
-68.52127
-68.13860
-69.24462
-68.02378
-70.74677
-70.94572
-78.44902
-72.50661
-88.17578
-66.29215
-59.08322
-64.59886
-68.91780
-71.17059
-77.90293
-74.77745
-74.23562
-74.82943
-74.21406
-77.41844
-61.69695
-60.22710
-67.25344
-69.04996
-74.94845
-73.74618
-62.61107
-62.20314
-67.59364
-66.90545
-69.55823
-68.59848
-70.63866
-69.91732
-70.92271
-71.03866
-70.97957
-71.60826
-69.67792
-72.89531
-70.66772
-80.35394
-61.35016
-58.93334
-65.24831
-67.48360
-72.12250
-74.67073
-72.87080
-74.09821
-72.73625
-74.93688
-71.54404
-59.62064
-60.72817
-68.05183
-69.50498
-77.68961
-69.36353
-61.15117
-63.27205
-67.24404
-66.97521
-69.18655
-67.66686
-68.59832
-66.91726
-68.84940
-68.82234
-70.69147
-70.61805
-72.48450
-72.06850
-70.06070
-73.92863
-60.97758
-60.48485
-65.56322
-68.62511
-75.87395
-76.85182
-73.63817
-74.69779
-73.78698
-81.04326
-67.83486
-59.68111
-63.12765
-68.08683
-69.31408
-77.89336
-65.56784
-59.84304
-63.31418
-64.57720
-64.78817
-65.79662
-65.91297
-67.39884
-66.57452
-68.27097
-66.69204
-69.51978
-69.24038
-71.34892
-68.62027
-71.23139
-66.19357
-58.25071
-61.38063
-67.53674
-71.43402
-78.89894
-73.86059
-69.91964
-71.02110
-69.80838
-74.01084
-62.61229
-58.83523
-65.00839
-69.18232
-71.54304
-75.15808
-62.15461
-59.43051
-63.62907
-62.90774
-64.10021
-63.92713
-65.34185
-66.34361
-66.65170
-67.55873
-66.94015
-68.66044
-67.16957
-69.26158
-66.79752
-70.80709
-62.00815
-57.95257
-62.31703
-67.66220
-73.46756
-77.83467
-71.72697
-70.01640
-69.76705
-70.11452
-70.48577
-60.78493
-60.77941
-67.08627
-68.72993
-73.33020
-70.98859
-61.31239
-61.55261
-65.38504
-65.43185
-67.90376
-66.70326
-68.59884
-68.31808
-71.25227
-71.12056
-71.94983
-70.83811
-69.74808
-71.25274
-68.86795
-72.82911
-60.70555
-59.32325
-65.33973
-66.93622
-71.29431
-76.33843
-71.66188
-71.94131
-70.56865
-74.64522
-68.94995
-59.72374
-61.99023
-68.82177
-70.44094
-82.26928
-68.60831
-59.50634
-61.82242
-63.46654
-63.05187
-64.64905
-64.17470
-65.46610
-64.67256
-66.34966
-66.69417
-67.79417
-65.65179
-66.42608
-65.86737
-66.55325
-66.37256
-59.14506
-60.22800
-65.28997
-66.50025
-68.15173
-69.93564
-70.02307
-70.28874
-68.71450
-72.06947
-64.32011
-59.04417
-63.21743
-67.91283
-69.18811
-75.99127
-63.79548
-59.45213
-63.57782
-63.65724
-64.40327
-65.26299
-65.14607
-66.07201
-65.34756
-66.61628
-65.31951
-66.63951
-65.89959
-67.79253
-65.92007
-68.89210
-63.53899
-58.18070
-62.27070
-65.35370
-66.25251
-67.78201
-66.94833
-66.92375
-68.85162
-69.81539
-72.39895
-61.96772
-59.54615
-65.60607
-67.20937
-70.34714
-71.28287
-61.20608
-60.01004
-62.45439
-61.26893
-62.83797
-63.68965
-67.09343
-69.13638
-70.01338
-69.72342
-67.22432
-66.29555
-64.80932
-65.73362
-64.58870
-69.39234
-61.61726
-58.71500
-63.78256
-66.46185
-67.46988
-66.61833
-65.46795
-65.46516
-64.59690
-66.46337
-67.83993
-59.85182
-60.47050
-67.42052
-69.32658
-74.36254
-68.40802
-60.65335
-62.45533
-65.03854
-63.72896
-65.03993
-64.10911
-66.24882
-66.54142
-69.19081
-69.83337
-71.60301
-68.44438
-66.60451
-65.93991
-65.07825
-66.93602
-59.23444
-60.24699
-65.95042
-68.29635
-70.86778
-68.88129
-68.51858
-68.51189
-67.48222
-69.50361
-66.25795
-59.71422
-62.57417
-69.09165
-70.35361
-84.03219
-67.05723
-58.80646
-61.86325
-64.35433
-65.38125
-67.91193
-67.30112
-69.86559
-67.91579
-69.86764
-67.27861
-69.24020
-68.47186
-69.92636
-68.50226
-71.89054
-69.56431
-59.08047
-61.50318
-67.80180
-70.14300
-75.94119
-71.00378
-67.22784
-70.08759
-70.61148
-81.37479
-64.66507
-58.98865
-64.70727
-69.14438
-71.57354
-77.30664
-62.88236
-59.50348
-64.65215
-64.48772
-65.69478
-65.90208
-66.58396
-67.92980
-68.09865
-70.56791
-69.59488
-70.00189
-66.96269
-70.88168
-69.00656
-79.65633
-65.70627
-58.77515
-62.76893
-66.65079
-69.49083
-71.25595
-71.43275
-71.81988
-72.03159
-71.33990
-72.38671
-61.75030
-60.08885
-65.67421
-67.87212
-73.90895
-73.73460
-61.35079
-61.28964
-65.72717
-64.20656
-66.76382
-66.20753
-67.89648
-68.60110
-70.49745
-71.58833
-72.17238
-70.13266
-69.45126
-72.25232
-69.40633
-75.63506
-61.71109
-59.08958
-64.53410
-68.49715
-72.25306
-74.13453
-72.24362
-72.93877
-71.57380
-72.31614
-68.61817
-59.80454
-60.84134
-66.59617
-65.60149
-70.18200
-69.70914
-59.78572
-60.95822
-64.05948
-63.91524
-66.25321
-65.71028
-67.38195
-66.83136
-67.37293
-65.89495
-67.97960
-67.65238
-69.28917
-70.05167
-70.54399
-71.88103
-60.04009
-60.12096
-65.78720
-68.20142
-70.84977
-70.93509
-68.79520
-70.25943
-69.44792
-72.53294
-65.67184
-59.25017
-62.81647
-66.65493
-66.29450
-68.78394
-62.78356
-59.13414
-62.33771
-63.44804
-63.37872
-63.83601
-63.26363
-63.33087
-63.28469
-65.14993
-65.89786
-67.67198
-66.57835
-68.98709
-67.56542
-68.95486
-64.48040
-58.49858
-61.73736
-65.32302
-66.65439
-70.11380
-68.32465
-66.09880
-66.42056
-66.85133
-66.80665
-61.04034
-58.90101
-63.43417
-63.75131
-63.71442
-64.49676
-59.94959
-59.54924
-61.56265
-59.69824
-60.00267
-59.97243
-61.03841
-61.81617
-62.13684
-62.20196
-61.62815
-62.83061
-62.13260
-64.09176
-63.92867
-65.42704
-58.75260
-56.03364
-57.33659
-56.72443
-56.20199
-57.70507
-59.14453
-61.44527
-65.48792
-64.46513
-65.01140
-58.90663
-59.30271
-63.31991
-62.27307
-60.97595
-59.53242
-56.79176
-56.72382
-58.80164
-58.26750
-59.43612
-60.42820
-60.46713
-59.87768
-60.67256
-60.04802
-57.67966
-57.67031
-60.87330
-62.28254
-63.70648
-68.24878
-60.47098
-59.77578
-65.40999
-62.59412
-61.28019
-60.42466
-58.20684
-60.34966
-60.56371
-62.50881
-64.29554
-58.59143
-60.87517
-65.72208
-64.08497
-66.48200
-61.99647
-57.44300
-58.82728
-60.08983
-59.94606
-60.95739
-61.39306
-60.15912
-61.30819
-60.93244
-60.77072
-61.40285
-58.43823
-58.74269
-57.59513
-58.25412
-59.52400
-57.58576
-59.48080
-62.62515
-63.93164
-64.66565
-65.20412
-64.91816
-64.80585
-64.89848
-64.60489
-61.06286
-58.89036
-61.73038
-63.34090
-63.92639
-66.48504
-61.47302
-57.89752
-58.80689
-58.53450
-59.12243
-59.72745
-59.16922
-59.27579
-59.65014
-61.34654
-62.07836
-62.54249
-61.78684
-64.87997
-64.10761
-65.73686
-62.32004
-57.81242
-61.18019
-63.50113
-65.33611
-67.23046
-65.40066
-63.24547
-62.97757
-63.26549
-63.81422
-59.69700
-58.48732
-61.02930
-61.38680
-60.96602
-61.76197
-58.36433
-56.64801
-59.40271
-59.64524
-60.47846
-59.97982
-60.39089
-59.20397
-60.41047
-62.90544
-62.44683
-64.12842
-64.66943
-64.09526
-64.60132
-65.00577
-64.91589
-66.03223
-65.14179
-66.09160
-63.59436
-65.12315
-63.44796
-62.30108
-63.53080
-64.74499
-64.11928
-64.46613
-63.56315
-64.60742
-64.21209
-68.68446
-63.72011
-53.62170
-54.10673
-54.55855
-54.18029
-55.69218
-56.47506
-57.19564
-57.89130
-57.46717
-58.46918
-60.02642
-59.61158
-60.79696
-60.82197
-61.43828
-61.73122
-57.54661
-57.24473
-60.76790
-61.04340
-62.77385
-62.66772
-61.55097
-61.70173
-61.08114
-61.67623
-59.49741
-58.59876
-61.29632
-66.04717
-64.05539
-69.77683
-64.12791
-54.41104
-54.78122
-54.36805
-55.15389
-56.64246
-56.98833
-58.21789
-58.83573
-60.97342
-59.84991
-59.22428
-58.69710
-59.58134
-59.79488
-61.89333
-61.34519
-57.11100
-58.67356
-60.60752
-61.94110
-65.20653
-63.99370
-64.68247
-63.63383
-62.94443
-64.20266
-61.14650
-58.68283
-62.03882
-63.05970
-63.48973
-65.50104
-60.15311
-57.04783
-56.16320
-56.54484
-57.60445
-58.13336
-58.87472
-60.02868
-60.51470
-62.75473
-62.50922
-62.16327
-60.74542
-63.04035
-63.75991
-67.36226
-61.98852
-55.64298
-57.25560
-57.62775
-58.68124
-58.78507
-58.18200
-58.77200
-59.28144
-59.69158
-59.56407
-57.92674
-57.95280
-60.57076
-60.67790
-61.47021
-62.72391
-55.02005
-53.55928
-55.49582
-55.69490
-57.77284
-57.22890
-58.26750
-58.98989
-60.29648
-60.19356
-59.52454
-59.60226
-59.57975
-60.25294
-60.98319
-62.53974
-58.34128
-57.94351
-60.51601
-59.13091
-58.94983
-59.52182
-58.60303
-58.99882
-58.52167
-58.97101
-58.81077
-57.17509
-58.89458
-61.51055
-60.96443
-61.83826
-60.16905
-55.50210
-54.60684
-54.63271
-55.62156
-56.92811
-57.16855
-58.70118
-59.25456
-60.50504
-60.29715
-60.04622
-59.75272
-61.35768
-62.23219
-63.01521
-64.13020
-59.31823
-58.50499
-60.43976
-62.35885
-64.33023
-64.32103
-63.27895
-64.56256
-62.44001
-62.56539
-59.98313
-58.29926
-62.09292
-65.71683
-65.11328
-70.73874
-62.55498
-54.98494
-55.76481
-56.23260
-56.82450
-57.32423
-57.64527
-57.92621
-57.99162
-58.76915
-58.66192
-59.77154
-59.54969
-60.54881
-60.26877
-61.79461
-60.92190
-57.70390
-59.80945
-61.74093
-62.73098
-63.71483
-63.53256
-64.13047
-64.70215
-64.24183
-65.35842
-60.43394
-59.05932
-62.92911
-65.44817
-70.47529
-64.88069
-56.77916
-54.12339
-55.53112
-56.17189
-57.22377
-57.94096
-58.53256
-58.90841
-59.10414
-59.30802
-58.41290
-59.22768
-59.22475
-60.53893
-60.77226
-63.33674
-59.61498
-57.26175
-60.04207
-61.02692
-62.92682
-64.16825
-63.06696
-64.17881
-65.47525
-60.37237
-58.50179
-57.05074
-57.13294
-58.89483
-58.89499
-57.33447
-57.87189
-55.27641
-53.32046
-55.76359
-56.36109
-57.65438
-57.78492
-58.26632
-58.74274
-58.99790
-59.09267
-58.82698
-59.82753
-60.17302
-60.53482
-60.91000
-62.33676
-57.45602
-55.42945
-57.08813
-57.56040
-58.81455
-60.19978
-60.96239
-61.04624
-60.17505
-61.48347
-60.44054
-57.33601
-57.17987
-58.67677
-58.55024
-60.23200
-59.78247
-55.43006
-53.96257
-54.81901
-55.76904
-56.67403
-58.00044
-57.42256
-57.34157
-58.77174
-59.90318
-62.17185
-62.44361
-62.57291
-63.11078
-61.85163
-60.48693
-57.66745
-58.77062
-60.44504
-60.34148
-61.89151
-62.40924
-62.66090
-63.60196
-63.15860
-64.60288
-61.02578
-58.45308
-62.45599
-64.41842
-64.36149
-64.68807
-59.59673
-56.37484
-58.11936
-58.00412
-58.07048
-58.61616
-59.11508
-60.00562
-60.37196
-61.34497
-60.59048
-60.82899
-59.39155
-60.78347
-60.81679
-62.31693
-60.67553
-57.69152
-60.64810
-62.26543
-62.46950
-64.02990
-64.35517
-64.26212
-64.25109
-64.47150
-65.26642
-60.58730
-59.04516
-63.43800
-64.49302
-65.33061
-64.08091
-56.17676
-54.62381
-55.46506
-56.34527
-57.45711
-56.04925
-56.34807
-57.64652
-59.26126
-59.77353
-61.30580
-63.10068
-63.13749
-62.65702
-61.09277
-63.03914
-59.59003
-58.13904
-62.97556
-64.25070
-64.64584
-64.66166
-61.76061
-62.28927
-62.37884
-62.93027
-62.85388
-59.04072
-60.30815
-67.81390
-69.21034
-76.06882
-70.34904
-56.43060
-55.38000
-57.44686
-57.89119
-59.56301
-59.62666
-60.65210
-60.57891
-61.54583
-61.94726
-61.96395
-61.01188
-61.94079
-62.94816
-63.48869
-64.02381
-58.31884
-58.64382
-61.17604
-62.22711
-64.62920
-64.51244
-62.78827
-63.15885
-61.92080
-62.69654
-61.02430
-57.89839
-60.51201
-64.25080
-63.55047
-69.26569
-63.58535
-54.20752
-54.64763
-55.80464
-56.06324
-56.50563
-55.98767
-56.18343
-56.79488
-57.48615
-54.85787
-55.13362
-55.43870
-55.30798
-55.32987
-55.31794
-55.03237
-54.49917
-56.47481
-57.36531
-56.66817
-56.75508
-57.28986
-57.46719
-57.86723
-57.51542
-57.38911
-55.89905
-55.09323
-55.91162
-57.30312
-59.37843
-61.98502
-57.38043
-54.08747
-55.34919
-55.13895
-55.53460
-55.54976
-56.16004
-56.58281
-57.27490
-58.06395
-57.90059
-57.70071
-57.02716
-57.45564
-57.40244
-58.56613
-57.12025
-55.51747
-56.35092
-57.01511
-56.51325
-57.05003
-57.60591
-57.81599
-57.77571
-57.39315
-57.69605
-56.20940
-55.99042
-57.54807
-58.10660
-57.92077
-57.36495
-55.78564
-54.85114
-56.31808
-57.85887
-58.66299
-59.71880
-60.47508
-60.57551
-61.35504
-61.30229
-61.06950
-61.63072
-61.23765
-62.16040
-61.41228
-62.71974
-58.06464
-54.99156
-56.82455
-57.20330
-57.31013
-57.34042
-57.67080
-58.42189
-57.45302
-56.62734
-56.73371
-55.61967
-55.81549
-57.32105
-57.33168
-56.95445
-55.92284
-53.53375
-53.38630
-54.58381
-54.67661
-55.22863
-55.20230
-56.06061
-56.57988
-56.58818
-56.62041
-57.09202
-56.48178
-57.01427
-57.16629
-57.92694
-59.28674
-55.84188
-57.43926
-59.59562
-61.45620
-59.00679
-56.05998
-56.23583
-55.85372
-56.07622
-56.05468
-56.39751
-55.88499
-57.45457
-58.28200
-56.88188
-58.49592
-56.77888
-54.15283
-54.67234
-54.35934
-55.50063
-56.01662
-55.84928
-56.37962
-57.13552
-57.86382
-56.94568
-57.43089
-57.19704
-57.65982
-57.06031
-58.93445
-59.58991
-57.10712
-58.19024
-59.50495
-60.87201
-62.15919
-61.78069
-61.79327
-61.87984
-60.34371
-60.60746
-58.26931
-57.85719
-60.64485
-62.15078
-62.10817
-62.96802
-58.24844
-54.79778
-56.19320
-55.68074
-55.62895
-55.84732
-56.45105
-56.61787
-57.13979
-57.89206
-58.85172
-60.48769
-60.09118
-60.16418
-59.94043
-61.00170
-57.40462
-55.83591
-56.99446
-58.10349
-59.91862
-61.69311
-60.80454
-59.13669
-58.20676
-58.06005
-59.03337
-57.68323
-57.83583
-59.74089
-59.04724
-60.54833
-61.09553
-54.97480
-53.73823
-54.67137
-54.71358
-55.90950
-56.06449
-57.31759
-57.40717
-57.71432
-58.10919
-57.74847
-57.06363
-57.58569
-58.32909
-57.61027
-58.94900
-56.22851
-56.23204
-58.27787
-58.49908
-58.33257
-57.34109
-57.09069
-58.61393
-58.50181
-56.86982
-55.82133
-55.21548
-55.94100
-56.55266
-57.64038
-59.06275
-58.89714
-55.40188
-55.32052
-55.35294
-55.90661
-57.31786
-57.04542
-58.03836
-58.15848
-58.73999
-58.40177
-59.30480
-59.09903
-59.19161
-59.34653
-60.45658
-59.97227
-55.75476
-56.89042
-58.74065
-58.40798
-59.11353
-58.59074
-58.40595
-58.33457
-58.55053
-59.46965
-57.28027
-56.52207
-58.49614
-59.71437
-59.40525
-60.84909
-58.06521
-54.17503
-55.80782
-55.71342
-57.00725
-57.23159
-55.89387
-55.98187
-56.05499
-58.90403
-59.59879
-60.63825
-60.20698
-61.60663
-60.41365
-60.70708
-59.65521
-56.21147
-57.07196
-57.83555
-58.01508
-58.56789
-58.49453
-58.38639
-58.40383
-58.78326
-59.81224
-57.77848
-57.31365
-59.05200
-59.78171
-60.60112
-61.75520
-57.01380
-56.04625
-57.87462
-56.18399
-56.98165
-57.45170
-57.81768
-58.17218
-58.50008
-59.23048
-59.81143
-59.56423
-59.38602
-59.83713
-59.48080
-60.80176
-58.05555
-57.00665
-59.08623
-59.41726
-59.74650
-60.37497
-59.65632
-60.11676
-59.95738
-59.97157
-59.70198
-57.49281
-58.18362
-60.42502
-60.04103
-60.95535
-60.51503
-55.51941
-56.08896
-57.38688
-56.79133
-57.29878
-56.10769
-56.53441
-56.72306
-57.38260
-58.32241
-58.89312
-59.86532
-60.93575
-61.51961
-61.20028
-61.21338
-57.76475
-57.92380
-61.62229
-61.47754
-62.51333
-62.24480
-60.57172
-61.52615
-61.52601
-63.13009
-60.41771
-57.22087
-59.68095
-62.11644
-61.62066
-63.85742
-62.21055
-55.63873
-56.08856
-57.51138
-57.76302
-58.54845
-57.67108
-57.64466
-57.27911
-58.90540
-59.71148
-61.49494
-61.91049
-63.30743
-62.88015
-65.49387
-63.97426
-58.25038
-60.57024
-63.32775
-62.15204
-60.01702
-57.50624
-57.36552
-57.82814
-56.90342
-57.13355
-56.60096
-56.34417
-58.82812
-62.08281
-60.38175
-63.51648
-58.31968
-54.35144
-56.16772
-55.93992
-56.46260
-55.98338
-57.03392
-57.78928
-57.21366
-57.38486
-59.52513
-59.88194
-58.69352
-59.96980
-58.84659
-61.19564
-58.53333
-56.23599
-57.66189
-58.34308
-59.07093
-59.25037
-58.57994
-57.60479
-57.42224
-57.85208
-58.62773
-57.35755
-57.97667
-60.00053
-61.64870
-64.45606
-67.06302
-57.41496
-54.54361
-56.06858
-56.14867
-57.15237
-56.90552
-57.74491
-57.62277
-58.66496
-57.94309
-57.94727
-58.31763
-58.16666
-59.09502
-59.02937
-60.75091
-57.68911
-57.34354
-59.34970
-59.49636
-60.24449
-61.11559
-60.23454
-59.75968
-59.39094
-60.55389
-61.42619
-58.19410
-59.46745
-61.48232
-60.87929
-61.60170
-60.60508
-57.21014
-56.41769
-57.78529
-58.68586
-59.89973
-60.01275
-60.77869
-60.56692
-61.48786
-61.12962
-61.65190
-63.18545
-64.45874
-65.74558
-66.16257
-67.77950
-58.18540
-56.85440
-58.42821
-58.55369
-59.27521
-58.75380
-58.99135
-58.86884
-58.64225
-59.10705
-57.51818
-56.39256
-58.23124
-58.48520
-58.49004
-59.82555
-58.91775
-54.66207
-54.80257
-55.75785
-55.93062
-56.29066
-56.45898
-57.16976
-56.86960
-57.95991
-57.34949
-57.42782
-57.24379
-58.33432
-59.25362
-61.38143
-61.17119
-57.73291
-59.80408
-60.36648
-57.83027
-58.28122
-57.84132
-57.91278
-58.44500
-58.50654
-59.32866
-56.81156
-57.25570
-59.52901
-59.86706
-60.70772
-61.20150
-56.91377
-54.83312
-56.63557
-56.75880
-56.95294
-57.63275
-58.62446
-58.24679
-58.20194
-59.84728
-59.47709
-58.65087
-59.23114
-60.69314
-59.36506
-61.50341
-60.11931
-57.87098
-59.38418
-61.43615
-63.08123
-63.41831
-64.44047
-66.37595
-65.02532
-62.58061
-61.76928
-58.01368
-59.72842
-64.55062
-65.42956
-67.66985
-70.74835
-57.28578
-54.92279
-57.15738
-56.95038
-58.09338
-57.49688
-58.59003
-57.98357
-58.78121
-58.70154
-59.27621
-58.82208
-58.78090
-59.66251
-59.71511
-61.46742
-58.04553
-57.76576
-60.01284
-60.42541
-60.67611
-61.12011
-61.59053
-63.94174
-63.07821
-64.15429
-61.87805
-58.16276
-59.55144
-63.09955
-63.44857
-66.50084
-64.53449
-55.32284
-55.25741
-56.42936
-56.72478
-57.98298
-57.79498
-58.90343
-58.46294
-59.27797
-58.15103
-58.52939
-59.28460
-60.06138
-60.00430
-59.55688
-58.23059
-54.97901
-56.50433
-58.41005
-59.88529
-60.75837
-59.84201
-60.66931
-62.74642
-61.30276
-58.25968
-56.53535
-55.72225
-57.53931
-59.00983
-58.68478
-60.04477
-57.21811
-54.46578
-56.48449
-57.06119
-58.12096
-58.57932
-58.36716
-58.93545
-58.39531
-59.33310
-58.80105
-59.62846
-59.08016
-60.03568
-60.21364
-61.84804
-60.70923
-56.13201
-57.76485
-58.65348
-58.46749
-58.84620
-58.49328
-58.81057
-58.87405
-59.56223
-60.83057
-58.29485
-57.15767
-59.28535
-59.58934
-59.79261
-62.62626
-57.37515
-55.24907
-58.24526
-58.07416
-58.41301
-58.00591
-58.65111
-58.43067
-59.28626
-60.17024
-60.15868
-61.50088
-62.41278
-63.79276
-61.37233
-61.54931
-59.30427
-58.31182
-61.01791
-63.23622
-62.79367
-63.24476
-64.29627
-65.73680
-65.45464
-65.57961
-64.58870
-59.24142
-59.56485
-61.68845
-61.08872
-63.25985
-62.45580
-57.12412
-57.05050
-58.30307
-57.56623
-57.57349
-57.17533
-58.74238
-59.78504
-59.60017
-59.61466
-60.94275
-61.27270
-60.81807
-60.47624
-60.71721
-61.21876
-57.46137
-58.29068
-60.72073
-59.72771
-59.79007
-61.55802
-61.75838
-62.06593
-61.34181
-61.55688
-60.35844
-57.41417
-58.85169
-60.89787
-61.84458
-63.26639
-60.37170
-55.02757
-56.14869
-57.60517
-57.60478
-57.61970
-56.72701
-57.36555
-57.88893
-58.73884
-58.63016
-60.39532
-60.49373
-61.00144
-60.44009
-61.09560
-60.78873
-57.61125
-58.25725
-61.42033
-61.70087
-61.77925
-60.80260
-60.17740
-61.34164
-61.59427
-63.81523
-60.06930
-58.19961
-61.62351
-62.58005
-62.09168
-67.59136
-60.65125
-55.60479
-57.00545
-57.48611
-58.44515
-59.20492
-60.15503
-61.32176
-60.40270
-59.38958
-58.46216
-58.40391
-58.12239
-59.15173
-59.45006
-60.80165
-58.17228
-56.40778
-58.66399
-59.18821
-61.85390
-63.75599
-61.73444
-61.60801
-61.02380
-61.83882
-62.09403
-58.46386
-57.74899
-59.46291
-58.96511
-60.39398
-63.60305
-56.53061
-54.84138
-56.87150
-57.25635
-58.20167
-57.87869
-58.34646
-58.89936
-59.24271
-58.36814
-58.03121
-59.06394
-59.13096
-58.56283
-58.20328
-59.35323
-57.93393
-57.25087
-59.66954
-60.20040
-60.44917
-61.26397
-61.63347
-62.54126
-61.86898
-61.94561
-59.98172
-57.55952
-58.86519
-61.04038
-62.58727
-65.10904
-63.88774
-56.93934
-56.40689
-56.81121
-56.78256
-58.41785
-58.23189
-59.02821
-58.89605
-60.10744
-59.67613
-59.65221
-59.14066
-59.53509
-60.12183
-60.50422
-60.43400
-57.09100
-57.58128
-60.03580
-59.00695
-59.47719
-61.31084
-61.53752
-61.02335
-60.04544
-61.80913
-59.34935
-57.61157
-60.81834
-60.45069
-60.04608
-61.49176
-58.59086
-56.66719
-57.29016
-58.66747
-59.77402
-60.91652
-61.90029
-63.09586
-63.64965
-64.25062
-63.51951
-64.85602
-64.27945
-66.59173
-66.80995
-67.50552
-63.59091
-55.68186
-56.82293
-58.16090
-58.56048
-59.64202
-59.12316
-59.69754
-59.76869
-59.69129
-59.92318
-58.15278
-57.35470
-59.45428
-60.57618
-60.20816
-60.95950
-56.68941
-54.32041
-56.38849
-56.03317
-57.11344
-57.29081
-57.99220
-59.54008
-59.68082
-60.17917
-60.11923
-59.91096
-59.54157
-60.27606
-60.27047
-63.66696
-59.17450
-57.18172
-61.10900
-59.68483
-58.26441
-58.64642
-58.02387
-57.92995
-58.26626
-59.01026
-59.23342
-57.47520
-58.65025
-61.17224
-60.30445
-60.97485
-60.66171
-56.18315
-55.35461
-56.48419
-56.24796
-56.83567
-56.73791
-58.86075
-59.97767
-60.56684
-60.84865
-59.82472
-59.36755
-60.36555
-62.04799
-61.22638
-63.39942
-59.67111
-59.10198
-61.00366
-62.06949
-63.96741
-63.91132
-63.89670
-65.23638
-64.23969
-62.63061
-61.41864
-58.10741
-61.12809
-65.86443
-65.66166
-69.58406
-66.39462
-57.28184
-56.30170
-57.31350
-56.89482
-57.96624
-57.88187
-58.63158
-58.71061
-60.28368
-60.34475
-60.58046
-59.93908
-59.97737
-60.17191
-61.20173
-61.92897
-58.19487
-59.83909
-61.94827
-61.79436
-62.52048
-63.15288
-63.48628
-64.31875
-63.39156
-64.78903
-60.76869
-58.69157
-62.33268
-64.97367
-66.67796
-73.68868
-62.94424
-55.08087
-56.55373
-56.20324
-56.14615
-57.03958
-56.97396
-58.26107
-59.29648
-59.69690
-59.45403
-60.01557
-58.14069
-58.03034
-58.01933
-60.09228
-57.29809
-55.38326
-57.88806
-59.76938
-59.68719
-58.70879
-58.07671
-58.86872
-60.29137
-58.59836
-57.64498
-55.84154
-55.26918
-56.75936
-58.14747
-59.36263
-60.75165
-56.67905
-54.26754
-55.56210
-55.61476
-56.42452
-56.36119
-56.66794
-57.24375
-57.77027
-59.05697
-58.58805
-59.77541
-58.91717
-59.43916
-61.80455
-62.89987
-58.35493
-55.59744
-58.27598
-58.87054
-58.59163
-59.30717
-58.37660
-58.74150
-58.78998
-59.53089
-59.77195
-57.00408
-57.60903
-59.56991
-59.40797
-59.78150
-60.70239
-55.82525
-53.94149
-53.89610
-54.02066
-55.78009
-55.63306
-57.90579
-58.70179
-59.35838
-58.94996
-59.17717
-59.38704
-59.82867
-61.85625
-60.94485
-62.46877
-58.00016
-58.57628
-61.48811
-60.64632
-62.08233
-62.75099
-63.10075
-64.42283
-63.79786
-63.98927
-62.31320
-58.65045
-60.48991
-62.99180
-63.11418
-63.65218
-61.40319
-58.31809
-59.95533
-58.99501
-58.65661
-60.25764
-60.61025
-59.71400
-58.26634
-62.10054
-60.99260
-61.38160
-59.38690
-60.55733
-61.17343
-60.57925
-61.45639
-57.73767
-59.98290
-60.60052
-61.89869
-64.52255
-64.41153
-64.03815
-62.99063
-62.18888
-63.25451
-59.86851
-58.42150
-61.69049
-64.72494
-65.27304
-68.15466
-59.66544
-54.87606
-56.53837
-55.38063
-55.29211
-55.73366
-56.83384
-58.25619
-59.44398
-61.23533
-61.37494
-61.89934
-61.23403
-61.43644
-60.44242
-61.83002
-59.43028
-57.62604
-61.08842
-64.37213
-64.00411
-64.87719
-64.71627
-66.43982
-67.36542
-66.54463
-66.08097
-59.01040
-59.66408
-65.17579
-67.10636
-67.32918
-71.04791
-57.66627
-54.03600
-56.58688
-57.22196
-58.85761
-58.78628
-59.21568
-58.91173
-60.57383
-61.73619
-62.69504
-63.31875
-64.28128
-64.34085
-64.63110
-64.69778
-62.91271
-61.64870
-61.56629
-63.38600
-63.23927
-62.10163
-60.80512
-61.81262
-60.53250
-60.60096
-61.12905
-63.37893
-64.20543
-66.72220
-65.21759
-69.53757
-66.80712
-57.94457
-59.73119
-61.25158
-61.68938
-62.99027
-63.06459
-63.90919
-64.40380
-64.66600
-64.91637
-65.88329
-65.53000
-65.60909
-63.60107
-63.11380
-63.20969
-57.64756
-59.53353
-63.17397
-62.96090
-65.01525
-65.90456
-65.83449
-65.27379
-65.04273
-66.85872
-64.12357
-59.05134
-61.67920
-64.83110
-65.79591
-68.51626
-62.59438
-57.46824
-58.96963
-59.91880
-60.68242
-62.00032
-63.17971
-65.94922
-65.10308
-65.05136
-63.60744
-65.00268
-63.71476
-64.40495
-63.01458
-64.32594
-62.39582
-57.77619
-61.09473
-64.30135
-62.27340
-64.21978
-66.95284
-66.11738
-67.04772
-67.31596
-69.06996
-62.03935
-59.44889
-64.41401
-64.41004
-67.41989
-70.61358
-60.21933
-58.89022
-61.85087
-61.82429
-63.43405
-63.72579
-64.24997
-63.95371
-64.71138
-65.13633
-65.05124
-67.02142
-65.62204
-69.00171
-67.01900
-71.38040
-62.28542
-58.45085
-63.64896
-65.96952
-68.16251
-69.24485
-68.67245
-68.89279
-68.44851
-70.00403
-71.22839
-60.69166
-60.42260
-66.85579
-68.33699
-72.40430
-69.26157
-59.11622
-58.45509
-62.00086
-61.30957
-63.52655
-63.97774
-65.14492
-64.99837
-67.06609
-67.54243
-68.81876
-69.10095
-67.22605
-68.10864
-66.43788
-68.68529
-59.47649
-59.44709
-65.25571
-66.21200
-68.42112
-68.41201
-69.33757
-69.16078
-68.97461
-72.16290
-68.31437
-59.80207
-61.82622
-68.72442
-69.41916
-77.61772
-66.31581
-58.67991
-60.21305
-62.32870
-62.90533
-63.95143
-63.86519
-65.36781
-64.38834
-66.26829
-65.89090
-68.15125
-66.48898
-67.94958
-66.06729
-66.57951
-66.23937
-58.21463
-60.64162
-64.81437
-65.44706
-66.85677
-68.58066
-72.26316
-73.24069
-71.93895
-75.75215
-64.38954
-59.23635
-63.78818
-68.78558
-70.75837
-80.94821
-63.40194
-57.56957
-60.84297
-61.67216
-62.96181
-64.33417
-64.59352
-66.22649
-66.16003
-67.90614
-67.56956
-69.80772
-68.21224
-72.11367
-69.41472
-74.07522
-65.36491
-58.56156
-62.68966
-67.15771
-69.79918
-72.28214
-70.47640
-69.38599
-69.77726
-69.43912
-69.85497
-61.17533
-59.69462
-66.38385
-69.99999
-75.24466
-73.63200
-60.20609
-57.68379
-60.19161
-59.62200
-61.30387
-61.46934
-62.43097
-63.38986
-63.61266
-64.25184
-64.92212
-64.94981
-61.58142
-60.16018
-59.84263
-61.48414
-57.12020
-56.86376
-61.55450
-62.69857
-61.78399
-60.35768
-59.73628
-59.12598
-59.57823
-59.89842
-59.92484
-58.55817
-59.01496
-62.32019
-64.52169
-67.70938
-66.10510
-58.96439
-58.21747
-59.93161
-60.75123
-62.72073
-61.50600
-61.17683
-59.90544
-61.33887
-62.24996
-63.72814
-64.00067
-61.89722
-63.42067
-64.30552
-66.23904
-58.88015
-58.73947
-63.24495
-65.81061
-66.68258
-64.63999
-64.50208
-63.88171
-63.48280
-65.72423
-62.80577
-57.82715
-60.50895
-61.40077
-61.16701
-64.33334
-62.01935
-57.32788
-57.51871
-58.52332
-59.30845
-61.82493
-62.53432
-65.61637
-65.43029
-66.47760
-65.71166
-66.67888
-65.07457
-65.56598
-64.53885
-65.10748
-63.80139
-57.94498
-60.61842
-64.38973
-65.66845
-67.98832
-70.43577
-68.92415
-67.37331
-66.83104
-67.78674
-61.89955
-58.98677
-62.52772
-62.19085
-62.44582
-64.55412
-60.36670
-56.98993
-59.19903
-60.93808
-61.85619
-62.05995
-62.07472
-62.41175
-63.61539
-65.80065
-65.66890
-67.36417
-65.12919
-66.94369
-65.10637
-67.98803
-62.59231
-58.19751
-62.67207
-64.40131
-64.75005
-67.15071
-67.28849
-67.63091
-65.57873
-65.11001
-66.83146
-60.73057
-59.72291
-65.39882
-67.39320
-71.98272
-66.96781
-57.79387
-58.04791
-61.27583
-61.55805
-63.09373
-62.63119
-63.59836
-64.44206
-66.72804
-67.05726
-67.49765
-67.81036
-66.83917
-68.46914
-67.39372
-74.00593
-61.30308
-59.55304
-65.31075
-66.46191
-72.62576
-72.45516
-68.82279
-71.07467
-70.93584
-74.89529
-70.95768
-59.70392
-61.34016
-68.11684
-67.79715
-71.50527
-66.22924
-57.63368
-56.48541
-57.62314
-59.79012
-62.17818
-62.24659
-64.42224
-63.91014
-65.45273
-65.11302
-68.63188
-69.02666
-70.62914
-69.85320
-71.15449
-71.22233
-60.10828
-60.40768
-65.24562
-69.69242
-71.83374
-70.77392
-67.60499
-67.53549
-67.83041
-72.12536
-65.52912
-59.13194
-63.31629
-68.09605
-68.72841
-73.39933
-62.67875
-56.95775
-58.50795
-59.90612
-60.16680
-61.47950
-62.36839
-64.09901
-64.38592
-65.65280
-64.99099
-65.79412
-64.21748
-64.64090
-63.70792
-66.40428
-63.95009
-58.25177
-61.42257
-64.28010
-64.31238
-66.50458
-67.73764
-66.90779
-65.65663
-65.63306
-68.30584
-61.75054
-59.00889
-63.33641
-65.96128
-67.95145
-71.54202
-60.75226
-58.47833
-60.80710
-59.75989
-61.82016
-61.37799
-62.11773
-62.89093
-63.57535
-64.38334
-64.59144
-67.54653
-67.11123
-67.26084
-64.55929
-68.10951
-61.82715
-58.59679
-63.68591
-64.96768
-64.51801
-66.46683
-67.14923
-68.01948
-67.82447
-68.32518
-67.95857
-59.96835
-60.45563
-65.60536
-65.20523
-69.28215
-67.31015
-59.41126
-58.48765
-59.83130
-59.43052
-61.47100
-61.80569
-62.84068
-63.84166
-66.51880
-66.88470
-67.70636
-67.51332
-67.73479
-69.27358
-67.22271
-69.76308
-59.81474
-59.39150
-65.50616
-67.64086
-71.54757
-73.46162
-69.15105
-69.82098
-69.13699
-71.29254
-67.85365
-59.49280
-62.04716
-68.71015
-69.74079
-77.39119
-66.08526
-57.85930
-59.46016
-61.88151
-62.33040
-63.59763
-63.13479
-64.90515
-64.90755
-66.78351
-66.95318
-67.83628
-66.33999
-69.07440
-68.43222
-70.98713
-69.39400
-58.87696
-60.98564
-67.03679
-69.08488
-72.92808
-71.60647
-70.91530
-72.24053
-70.70338
-72.83624
-65.11268
-59.21545
-64.03138
-68.11794
-69.53105
-73.69658
-62.65277
-58.65629
-59.59579
-60.42967
-62.13292
-63.11428
-64.22311
-66.60344
-66.34207
-68.66220
-68.48733
-68.75581
-66.11070
-68.63625
-66.49710
-70.25819
-64.02992
-58.32909
-62.95427
-66.24816
-69.28848
-72.26609
-70.53359
-70.08467
-69.34550
-68.67066
-72.29817
-61.68391
-59.70537
-66.01813
-68.61350
-71.48958
-74.31826
-59.87887
-57.23865
-60.59323
-60.41824
-61.91794
-61.85204
-63.54726
-63.65388
-64.01799
-64.27521
-64.45233
-64.82390
-64.73677
-67.89564
-66.57256
-71.61872
-62.02139
-58.80918
-64.47475
-68.19999
-71.32663
-73.33729
-68.92270
-67.50105
-68.23898
-68.79890
-68.51576
-60.09388
-60.88879
-66.73849
-68.04633
-70.85672
-62.91069
-57.71581
-57.96999
-60.19314
-59.56592
-61.90740
-62.17339
-62.93116
-64.43000
-64.89716
-65.22365
-64.82393
-61.18318
-58.17374
-58.44504
-61.10275
-61.61769
-56.33795
-58.06487
-63.12489
-63.80625
-62.85281
-61.64172
-60.19274
-59.31108
-59.31433
-59.87402
-59.72732
-58.27548
-60.76358
-64.16520
-65.72724
-69.64880
-63.42321
-56.79876
-57.53032
-59.45378
-61.06320
-61.47178
-60.50004
-60.80977
-60.19203
-62.25476
-61.78084
-63.63812
-61.60685
-61.18452
-62.08094
-64.03949
-64.62791
-58.61382
-60.67714
-65.00810
-66.81154
-66.49157
-65.07143
-63.76447
-64.31648
-64.98322
-67.34042
-61.54488
-58.40594
-62.62211
-64.06843
-64.86191
-68.27174
-60.96732
-56.95231
-57.74987
-57.72471
-58.52910
-58.68166
-60.07247
-60.89974
-60.91592
-62.55783
-63.42342
-65.35612
-64.12598
-63.74533
-62.88713
-64.93592
-61.84492
-58.55024
-62.97559
-67.52229
-68.58412
-71.28317
-69.42518
-66.28120
-64.62658
-64.75994
-65.49754
-60.27512
-59.72026
-64.68117
-64.59394
-66.74087
-65.68020
-58.04115
-56.95882
-60.05106
-60.32054
-61.29899
-61.41536
-62.25404
-63.07941
-64.93169
-65.67422
-65.30231
-65.59616
-65.65814
-66.21548
-65.24081
-69.02531
-59.92860
-58.62318
-64.35984
-65.55195
-67.34858
-69.39992
-68.39331
-68.21910
-66.61870
-68.03669
-66.28296
-59.55139
-60.90356
-66.68528
-67.11661
-74.81639
-64.00763
-57.13089
-59.35026
-59.47955
-60.06832
-62.25684
-62.00473
-64.31714
-64.70090
-66.54489
-65.76778
-66.83170
-67.03646
-68.28723
-67.31797
-67.66718
-69.04400
-58.78346
-60.06255
-65.51303
-65.41589
-71.29843
-73.62332
-70.10801
-71.27796
-70.30298
-74.10467
-65.83697
-59.16296
-63.25504
-69.09350
-69.58105
-77.10183
-64.21195
-56.52232
-58.52919
-61.93681
-62.95579
-64.31158
-64.76920
-66.18559
-66.32671
-68.33199
-67.12743
-68.68117
-67.58357
-70.31225
-68.76209
-71.20725
-68.84459
-59.70649
-63.17736
-69.53701
-69.97091
-73.01440
-69.92851
-70.54173
-71.44940
-73.62408
-72.78645
-73.62518
-73.71440
-75.24735
-77.53517
-74.56406
-83.27794
-62.52843
-58.54479
-60.44978
-60.91122
-62.65445
-62.67866
-63.99588
-64.73350
-65.40646
-66.34548
-67.37029
-67.07967
-65.72538
-64.72984
-65.05357
-66.51228
-66.66657
-66.82244
-66.96350
-66.25598
-65.67687
-67.17262
-67.47611
-67.12829
-66.71361
-68.22500
-70.50507
-71.21197
-68.04913
-68.10452
-69.37151
-69.25764
-69.08390
-62.97123
-60.50609
-59.61270
-59.91003
-61.55879
-62.89460
-65.16822
-64.99170
-65.32266
-66.69126
-66.60047
-65.77763
-66.19191
-66.14932
-65.81503
-65.74825
-66.10009
-67.75856
-67.88096
-65.79644
-65.31409
-67.08702
-67.59571
-68.00405
-67.55607
-68.42570
-68.81005
-69.95521
-70.57444
-69.14124
-69.04241
-72.15644
-68.81111
-62.20448
-59.82451
-58.84943
-60.68523
-62.27965
-63.42961
-64.91116
-65.65145
-67.22741
-67.24542
-68.84390
-68.16082
-69.00939
-69.75839
-69.45663
-68.52124
-69.31385
-70.74416
-70.69307
-70.97124
-72.67758
-73.70850
-71.07184
-69.84471
-68.48431
-69.46834
-69.34075
-73.63353
-74.76276
-76.19520
-73.78325
-76.55632
-64.81907
-57.83743
-59.39030
-60.94829
-62.51078
-62.76971
-63.37955
-64.22276
-65.15361
-66.11603
-65.98519
-66.80484
-67.49868
-68.28485
-68.58598
-69.59894
-68.79115
-70.06290
-69.97251
-70.61054
-70.07497
-71.75678
-69.68087
-69.77600
-70.98495
-70.35641
-69.72493
-69.82895
-68.64994
-69.98488
-74.47968
-72.46389
-76.25376
-64.28724
-60.07822
-59.14754
-59.81818
-61.91845
-62.95072
-64.95785
-65.75978
-67.24225
-67.21091
-68.95746
-70.74015
-70.99892
-72.16313
-72.26835
-73.00773
-74.00530
-73.78563
-74.13316
-74.95423
-73.51671
-77.07554
-71.84636
-70.62606
-70.48038
-70.35500
-69.30024
-68.58656
-68.26256
-66.84562
-69.68790
-78.03723
-77.29290
-59.31934
-57.90274
-59.86223
-60.55867
-62.53635
-63.14666
-64.52283
-65.14335
-66.71295
-66.90652
-68.47450
-66.62134
-67.14444
-68.04753
-68.73756
-69.02870
-69.29384
-69.74945
-69.69490
-71.72119
-75.19019
-73.82111
-69.84316
-68.34636
-68.45136
-67.81425
-68.22340
-67.56556
-67.92684
-67.54270
-68.52749
-65.45527
-59.96347
-60.43452
-62.21788
-63.91464
-64.87966
-65.44597
-64.87838
-66.11996
-67.85038
-67.38048
-67.79673
-66.43711
-63.91234
-63.14550
-64.43422
-65.83823
-65.27926
-65.05350
-65.66668
-66.82810
-66.36200
-65.16386
-63.83016
-62.41973
-62.65045
-63.02051
-64.91983
-66.41635
-68.47177
-67.09636
-67.00448
-65.37147
-65.93162
-61.18672
-57.85602
-59.28427
-60.80381
-64.26028
-64.98814
-64.48918
-63.76687
-64.97748
-65.23297
-65.67718
-66.37223
-65.35401
-65.55661
-68.26459
-69.96806
-70.01222
-69.11795
-68.53487
-69.67764
-67.72839
-67.02614
-64.83840
-65.24916
-65.82706
-67.32438
-68.41219
-68.00137
-67.17999
-67.01673
-65.98817
-66.37401
-67.67872
-64.00275
-60.51926
-57.75369
-59.88454
-62.49994
-63.75009
-65.96676
-66.00606
-67.62791
-70.54897
-71.56241
-71.72497
-72.62216
-71.53197
-73.68390
-73.28341
-75.57156
-75.39027
-75.81513
-75.23911
-73.97382
-73.08746
-69.02395
-67.03897
-68.64535
-69.91115
-70.25274
-70.24151
-70.70339
-71.81547
-70.99510
-72.55165
-63.32189
-58.78386
-58.83358
-60.40783
-62.52908
-64.28930
-67.43214
-67.66807
-67.02140
-67.63269
-69.08664
-70.04997
-69.58058
-69.39223
-70.15584
-71.40756
-71.56280
-72.24937
-72.24214
-73.14629
-71.83611
-72.55265
-71.32858
-70.03180
-69.43494
-69.42997
-70.44251
-73.84544
-73.72567
-76.14917
-76.59157
-78.53212
-77.77172
-62.02043
-59.55532
-59.07104
-59.73163
-62.41342
-63.90249
-66.65856
-67.09532
-67.05613
-67.91976
-70.42355
-70.54408
-70.03131
-70.66374
-70.83258
-71.80460
-72.02314
-73.52707
-73.77552
-75.29288
-75.02047
-78.15468
-72.89956
-69.51669
-70.21134
-70.53707
-70.97942
-71.32453
-71.24103
-71.31066
-73.62044
-72.25477
-76.97818
-62.63937
-59.52728
-58.24629
-57.35004
-60.26715
-61.87119
-64.08613
-65.65065
-66.36605
-66.30593
-69.00276
-68.52043
-68.91061
-69.36052
-69.97225
-70.54774
-70.87676
-70.29286
-70.71542
-71.62869
-72.34456
-73.87916
-68.73702
-67.48610
-67.67888
-68.29543
-69.45199
-70.42813
-71.43920
-72.74891
-73.79489
-76.04188
-77.18110
-76.57783
-74.21103
-71.47252
-70.94190
-70.42985
-69.94882
-70.08203
-69.51718
-70.83991
-77.24761
-78.97711
-74.23853
-73.47662
-73.70474
-74.13495
-74.33661
-74.56119
-74.75609
-75.22293
-76.08442
-77.05347
-77.82789
-78.46142
-78.18086
-77.02782
-78.00526
-78.12649
-78.96471
-78.66281
-79.28589
-78.97290
-79.30567
-79.19278
-77.35043
-73.55877
-71.14755
-71.63984
-71.66056
-72.31463
-72.86036
-74.29508
-75.42818
-77.37322
-79.34327
-80.53928
-81.41161
-81.53088
-82.21694
-82.00499
-82.69747
-81.99672
-82.25388
-80.82167
-80.36474
-79.96099
-78.82184
-77.00048
-76.20688
-76.75073
-77.48620
-78.52998
-79.71401
-81.43075
-82.49253
-84.21617
-85.93896
-87.37370
-87.54949
-85.22161
-82.79053
-81.91000
-81.10966
-80.40891
-80.19376
-81.54995
-84.54584
-86.89086
-86.89740
-84.26648
-83.84503
-84.35375
-85.01965
-85.53510
-85.90275
-86.80493
-86.96545
-87.56093
-88.19165
-88.48977
-90.26671
-92.15239
-90.71720
-90.50449
-89.79150
-89.50240
-89.46503
-91.86981
-92.91944
-89.47004
-88.31358
-86.94195
-84.80967
-82.82922
-82.97266
-83.16560
-83.98536
-84.82900
-85.94697
-86.77802
-88.66477
-91.34760
-93.09802
-95.25426
-93.95261
-94.92294
-93.18399
-93.76722
-93.08995
-96.83269
-94.23797
-91.73053
-90.30750
-89.66476
-88.31710
-88.33309
-88.96016
-90.23045
-91.60294
-93.12189
-94.92757
-94.82287
-97.18969
-97.13052
-91.32724
-81.26786
-73.31435
-65.28455
-61.08032
-59.23971
-59.44266
-60.50334
-60.98285
-61.91237
-63.11084
-65.24798
-68.91649
-73.67807
-75.81066
-75.04575
-71.99825
-69.73142
-67.18819
-62.95268
-59.63265
-58.42493
-58.23538
-58.39766
-58.82220
-59.72904
-61.05974
-62.47735
-63.87925
-64.34367
-64.30576
-63.30305
-63.22164
-64.01685
-64.38140
-64.85439
-64.59783
-63.50399
-62.61422
-61.36866
-60.25020
-60.02263
-60.34928
-60.80400
-61.17212
-61.60886
-61.80457
-62.03080
-62.66675
-63.50247
-64.07021
-64.76405
-65.61139
-66.67548
-67.98420
-69.70191
-73.19283
-76.03390
-73.52886
-69.56173
-66.72115
-64.86043
-63.55668
-62.77518
-62.46790
-62.69995
-63.38290
-63.80424
-64.75278
-65.91657
-67.27591
-69.78684
-73.88069
-78.45598
-74.13907
-69.74269
-67.28260
-65.80758
-64.87845
-63.96424
-63.35138
-63.04908
-63.02488
-63.00952
-63.20690
-63.83568
-64.91601
-66.37878
-67.86575
-68.70214
-68.96444
-68.96379
-69.17686
-69.66952
-69.93485
-70.53597
-72.19252
-74.25682
-75.39123
-75.68163
-75.77903
-75.15171
-74.65935
-73.72771
-72.74469
-72.28068
-72.64154
-73.55053
-74.51033
-75.51763
-75.63933
-75.81912
-75.93351
-76.36679
-75.61085
-75.87444
-75.84510
-75.23849
-75.14182
-76.10986
-77.55352
-78.27421
-78.21312
-77.98792
-77.93022
-78.40214
-77.01153
-75.99331
-76.57678
-76.87028
-75.97576
-76.50176
-74.18136
-66.88709
-64.10246
-64.84842
-66.70141
-66.69801
-66.15039
-66.73253
-67.25276
-67.84263
-70.59900
-70.22787
-71.33017
-71.13415
-69.46205
-69.50175
-68.25399
-66.86922
-65.11091
-65.21811
-64.73707
-64.49517
-64.77534
-66.35075
-67.01180
-68.96548
-69.84270
-68.48429
-67.45359
-66.97984
-66.86440
-67.32236
-68.20104
-69.54613
-70.96201
-69.12144
-68.94382
-69.57228
-68.47845
-66.99739
-68.05945
-67.68685
-68.96695
-69.90612
-69.99462
-69.83228
-68.33803
-68.01707
-69.33893
-68.62829
-67.02123
-66.01022
-66.55418
-66.29709
-65.29528
-66.93759
-67.94018
-69.89191
-69.65022
-68.15821
-66.52795
-66.56864
-66.72234
-68.09098
-68.81079
-69.84023
-70.88486
-69.04356
-69.00562
-68.30858
-69.04582
-69.60081
-70.28591
-70.19898
-69.17079
-69.62028
-71.07718
-71.68514
-71.83082
-71.64582
-70.98077
-70.64617
-70.96555
-71.05333
-70.01387
-70.53266
-74.48616
-76.73073
-73.54179
-70.93658
-70.03811
-70.04151
-68.84592
-68.33898
-68.12571
-68.52225
-69.21736
-69.70854
-71.94177
-73.25409
-73.59257
-72.31618
-72.22746
-73.43235
-73.25714
-70.57206
-69.75155
-71.88007
-71.77159
-71.19181
-71.15407
-71.70717
-72.99357
-74.78932
-76.70551
-78.91953
-76.84946
-72.76454
-72.33592
-72.48114
-72.52417
-72.72617
-73.87818
-73.94465
-73.62098
-74.41650
-74.78983
-75.85130
-73.02160
-72.24515
-70.37823
-68.39005
-66.51920
-63.50037
-60.77489
-59.32807
-59.51647
-59.64154
-59.86536
-61.36364
-62.40197
-62.48476
-62.12514
-61.78804
-61.26617
-61.37782
-62.10701
-62.48539
-61.61688
-59.52653
-58.83842
-59.24622
-60.30097
-60.49412
-60.85445
-60.51081
-60.60627
-60.45874
-60.45253
-60.32546
-60.01703
-58.88934
-58.07238
-57.69494
-57.43442
-58.46762
-57.62755
-58.65538
-60.10395
-62.03869
-63.59526
-63.85578
-64.86213
-64.12700
-63.51408
-63.36016
-64.03955
-64.32190
-63.88572
-63.25475
-61.77472
-60.77212
-61.36090
-61.67564
-60.66841
-59.70111
-59.16654
-59.34830
-60.05785
-59.35880
-59.73406
-60.13786
-60.79000
-61.42049
-61.65545
-63.16632
-65.05675
-66.83185
-65.89574
-64.59941
-64.49957
-64.29204
-64.43784
-63.78090
-63.20630
-64.06954
-63.73825
-63.90977
-63.93404
-64.19736
-63.80619
-64.42591
-65.92612
-64.42597
-63.97168
-62.36399
-61.36168
-62.34490
-63.45318
-64.36384
-65.79463
-67.50741
-69.18196
-70.64935
-70.45455
-69.10391
-68.46089
-68.27962
-68.17742
-67.68304
-68.74307
-71.86825
-73.51850
-73.13337
-70.41207
-71.67618
-68.08494
-67.68233
-69.34469
-67.81660
-67.73250
-66.68386
-66.47175
-66.30811
-67.22062
-66.84090
-66.10465
-65.48413
-66.67704
-68.18573
-70.73830
-72.29238
-70.96273
-70.35916
-68.79580
-70.22851
-70.21200
-71.14844
-70.53676
-69.55439
-66.87862
-64.29676
-64.00953
-61.87453
-60.07585
-60.35056
-61.92981
-60.94338
-60.42724
-60.55043
-60.88486
-62.34378
-63.03817
-63.94187
-63.87204
-63.46041
-62.96337
-63.28238
-62.16438
-61.70632
-62.01698
-63.00546
-63.65875
-63.01216
-62.54707
-61.65990
-60.92693
-60.35770
-60.31157
-61.28207
-62.28126
-63.23945
-63.15529
-61.70706
-61.27319
-60.23075
-60.43362
-60.43848
-60.81590
-61.19380
-63.00056
-61.72212
-60.24609
-61.53237
-61.58493
-61.45998
-61.71064
-61.47622
-62.26952
-63.36215
-63.07596
-62.08432
-59.77258
-60.17415
-60.00059
-60.24798
-60.11953
-61.34780
-63.56332
-63.94960
-63.41772
-63.44310
-63.31440
-64.12919
-63.54789
-63.41903
-63.30379
-63.77216
-63.93186
-62.03150
-62.42247
-60.62782
-62.68021
-62.44587
-62.17629
-62.63822
-63.75650
-64.55709
-64.10130
-65.06866
-65.40673
-67.07970
-68.00897
-66.77345
-66.60239
-69.16126
-67.50307
-67.06326
-65.65014
-64.51336
-63.59410
-63.86345
-63.78345
-64.32607
-64.38787
-65.02613
-64.30442
-62.02911
-62.77009
-63.01862
-62.26702
-60.80174
-61.24050
-62.19646
-62.62733
-63.11723
-63.80328
-64.95848
-65.39538
-65.07570
-64.50527
-64.63562
-64.05240
-63.96761
-62.58757
-63.92927
-64.97065
-63.43960
-64.21012
-62.79827
-62.45559
-62.26590
-62.36371
-59.94922
-56.76712
-59.63602
-62.27168
-61.32371
-64.59105
-60.70743
-57.22208
-58.02159
-59.23963
-59.75734
-59.40689
-59.82517
-60.03966
-59.25635
-59.82334
-59.52916
-60.82045
-61.36646
-62.93124
-63.90514
-64.49676
-62.23547
-58.98112
-61.23573
-60.25072
-59.68495
-59.96852
-60.51393
-60.66676
-64.17919
-61.60973
-57.48124
-59.12574
-59.70766
-59.91646
-58.01914
-56.23578
-58.30916
-59.95641
-58.63725
-59.43210
-59.57233
-59.08488
-58.71210
-60.06064
-59.78502
-60.32377
-60.08798
-60.03895
-62.15641
-62.31816
-61.87985
-60.49938
-64.97823
-62.90736
-60.44401
-60.58127
-58.79766
-57.74621
-57.91528
-59.74027
-61.93998
-61.95263
-62.27322
-60.59018
-57.91416
-58.58807
-58.87498
-60.76011
-61.47589
-62.81508
-60.57158
-58.66402
-59.13310
-59.07978
-61.36416
-61.31525
-62.24374
-62.14732
-61.02588
-61.62253
-63.54398
-63.24965
-65.26861
-64.42893
-63.96298
-66.42376
-60.65025
-60.89815
-62.77525
-64.64101
-63.46485
-62.61177
-65.29868
-65.44598
-67.25457
-67.57121
-65.90065
-61.86803
-63.33284
-66.37129
-66.33855
-66.78729
-62.44516
-58.97962
-60.07502
-61.74714
-61.69468
-63.30106
-62.97381
-62.86594
-61.61661
-63.15491
-62.96373
-64.45463
-65.26425
-63.79689
-65.82005
-68.02007
-68.39822
-58.96773
-57.98924
-59.92705
-60.22872
-60.25964
-60.90754
-61.84963
-62.76424
-62.18486
-62.07932
-62.17060
-60.60683
-63.03410
-64.20604
-64.93463
-65.08845
-60.70494
-56.17961
-57.15595
-58.07089
-58.87895
-59.97011
-59.32695
-60.59903
-62.28073
-63.84919
-61.95663
-61.34534
-59.64182
-60.04411
-60.19260
-63.55156
-62.39132
-59.76188
-61.03354
-62.88078
-66.17453
-64.00787
-65.72206
-64.59065
-62.90164
-61.37888
-61.33443
-61.60614
-61.86301
-65.03494
-64.44086
-63.49002
-66.06192
-60.79771
-57.33651
-58.36249
-57.91499
-59.05798
-59.71007
-60.34576
-61.47783
-62.21375
-62.06850
-61.96847
-62.74596
-62.71926
-63.36102
-64.32682
-68.12452
-62.98830
-62.35861
-64.99642
-65.25109
-64.03502
-63.06475
-64.65081
-65.17534
-65.29908
-64.96796
-65.23568
-61.21690
-61.51857
-64.59639
-65.28160
-67.27092
-66.64373
-61.02684
-60.29717
-62.82056
-62.97455
-64.19670
-64.29467
-64.41005
-63.93234
-64.49719
-63.70513
-65.10905
-65.74638
-66.90599
-68.82907
-67.92013
-68.39876
-62.44436
-62.87238
-66.06869
-66.00154
-66.47769
-67.58645
-67.41757
-66.88113
-67.19530
-68.77586
-66.27825
-62.25702
-65.00485
-69.05451
-68.78961
-71.79758
-66.94065
-60.81955
-61.94053
-63.66187
-63.61307
-64.81143
-65.12242
-65.90744
-66.22342
-68.39288
-68.26402
-69.02514
-67.11825
-67.84385
-67.23827
-68.41618
-67.84238
-60.09006
-60.31185
-61.42598
-60.32692
-60.56412
-60.94452
-61.48823
-61.79696
-61.52358
-60.76030
-59.77531
-59.80487
-61.84533
-65.48840
-67.62762
-70.54469
-62.92060
-58.30374
-59.32850
-59.53834
-60.48198
-60.33155
-61.56365
-63.58572
-62.70842
-61.47496
-63.55719
-66.36625
-65.83408
-65.66188
-64.30982
-65.76216
-62.23228
-60.15773
-61.98243
-63.94754
-64.75144
-65.69376
-64.15082
-63.24958
-63.14892
-62.69798
-62.07256
-59.57126
-59.78616
-63.30056
-66.15803
-67.73868
-69.02840
-62.08620
-60.47092
-61.48926
-61.71843
-63.06844
-63.33888
-64.28761
-65.36196
-63.04056
-58.26149
-57.80611
-58.86961
-62.67467
-69.10544
-68.36724
-73.67606
-62.53149
-59.17455
-61.20485
-61.52703
-63.94883
-64.32861
-64.57548
-64.62054
-64.70433
-64.73178
-63.04088
-60.93563
-61.14760
-63.02654
-62.97554
-65.35554
-63.84390
-59.29067
-59.56086
-61.16776
-61.59691
-62.77604
-63.10363
-63.13182
-62.69906
-63.32508
-64.76913
-67.12870
-65.00709
-64.67596
-65.04201
-64.10151
-64.67201
-61.03727
-61.80835
-65.04547
-66.46287
-68.70754
-69.13156
-68.80380
-67.78452
-66.89881
-69.81021
-66.21238
-62.20141
-64.24540
-66.10677
-66.03845
-69.10958
-64.98119
-59.20138
-59.13895
-58.50962
-59.29282
-60.64581
-61.00646
-62.74338
-62.76801
-63.01230
-62.39475
-62.92540
-62.49755
-62.31812
-61.65531
-62.65758
-61.65596
-58.04800
-58.01188
-58.91819
-57.24895
-57.76905
-60.85784
-62.48058
-62.95353
-60.83391
-59.30180
-58.68293
-58.66490
-61.00524
-62.96259
-62.64710
-65.66938
-59.89371
-56.31657
-57.33962
-57.67480
-57.63695
-57.44934
-56.62578
-57.79143
-60.34976
-61.13789
-62.35862
-62.23717
-60.27927
-58.76125
-60.07587
-62.30043
-60.91969
-59.97484
-63.13325
-62.81310
-62.97808
-62.20418
-60.56117
-63.57648
-63.31304
-63.51528
-64.41899
-61.53475
-62.21419
-63.21973
-62.69875
-65.64299
-63.52796
-58.69727
-56.73168
-57.42545
-56.90407
-57.83357
-61.06918
-61.57392
-60.67755
-61.45785
-59.96951
-57.66257
-59.60566
-61.52483
-63.01105
-62.18618
-63.12276
-60.06512
-57.27099
-59.11910
-59.39899
-59.08889
-58.76583
-60.06392
-61.07757
-60.92228
-63.48728
-60.92189
-58.99576
-60.65071
-60.70761
-61.83337
-59.46594
-57.93800
-58.27563
-59.06611
-60.08716
-61.14211
-62.62576
-62.16166
-61.38619
-61.41012
-61.96283
-60.19839
-60.11058
-59.95684
-60.07347
-60.07544
-63.24865
-63.00610
-60.93446
-60.89038
-60.32311
-61.52089
-61.35817
-60.74285
-60.75122
-62.87653
-61.28276
-64.04461
-63.18288
-60.63084
-61.67367
-63.74424
-62.46385
-62.32508
-63.06517
-59.04000
-59.53207
-60.26786
-61.33506
-61.18489
-61.74562
-63.09012
-62.12273
-59.79310
-60.02383
-61.99202
-62.97674
-63.38526
-61.87889
-61.56736
-62.85181
-58.61998
-57.71729
-59.74345
-59.08585
-58.85857
-58.78427
-59.63100
-58.90704
-58.95176
-59.82402
-59.67872
-58.76370
-60.01106
-60.82241
-61.83736
-59.60074
-55.94337
-55.64299
-56.00094
-56.19998
-55.82906
-56.80563
-58.37241
-56.86566
-56.04821
-56.02449
-57.18580
-56.59309
-58.43934
-59.23464
-57.93045
-58.73446
-59.11939
-59.36401
-57.26007
-60.32718
-58.80319
-56.85102
-58.24568
-65.02217
-58.14597
-54.60016
-56.76417
-57.03484
-57.41521
-56.96050
-56.96732
-55.42320
-57.20219
-57.38862
-57.94096
-58.33678
-59.24208
-59.15474
-58.63141
-59.88040
-58.98624
-58.82327
-60.39223
-61.12008
-61.26801
-60.44624
-60.01472
-63.25282
-60.62988
-58.86451
-57.32864
-56.85665
-58.00629
-58.37164
-59.15094
-61.72212
-61.67320
-60.57872
-59.53149
-57.57181
-57.71789
-58.49134
-60.79518
-60.71361
-59.62234
-58.38037
-58.05451
-59.05878
-60.02883
-60.34649
-58.75269
-59.63315
-60.71279
-60.40263
-61.22449
-63.82526
-62.14965
-61.48899
-60.76462
-61.08704
-61.70472
-58.59737
-61.05820
-62.67852
-63.03148
-61.07100
-60.97872
-62.55558
-63.00276
-65.33282
-64.11424
-61.59582
-60.42793
-62.97026
-62.16729
-64.19787
-65.24523
-61.82073
-58.68711
-60.44179
-61.21068
-60.32162
-62.40299
-61.22843
-60.99494
-60.05784
-63.91180
-63.26610
-63.83944
-64.13223
-63.08840
-61.82611
-62.95506
-63.99663
-57.34206
-57.20161
-57.88177
-58.92412
-60.14966
-59.93896
-59.84850
-61.34117
-62.18311
-62.31087
-61.86760
-59.88971
-60.76640
-61.83712
-63.21696
-64.41336
-58.20962
-55.86352
-56.83136
-56.57279
-58.20456
-57.68631
-57.57580
-58.40932
-59.95218
-59.81579
-59.18457
-60.68438
-59.73965
-60.73771
-61.55910
-62.53939
-60.44483
-59.72772
-60.97014
-62.04301
-64.37212
-63.15000
-62.35459
-61.28803
-61.54216
-60.44968
-58.78628
-59.32494
-59.00478
-60.12625
-60.69987
-60.64106
-61.75616
-58.50732
-57.40293
-57.95331
-57.82267
-58.77712
-58.65653
-58.93605
-60.11682
-61.08320
-61.12041
-61.69249
-62.40805
-62.16357
-62.68742
-64.03650
-64.35003
-60.85383
-60.35830
-62.05384
-61.91157
-61.87198
-61.24854
-60.93818
-62.48692
-62.58111
-61.56034
-62.30044
-61.13481
-60.90026
-62.57266
-63.64493
-65.63013
-63.16931
-59.39712
-60.36108
-61.65596
-62.46927
-62.50755
-62.10755
-63.00955
-62.72119
-63.97024
-62.92830
-64.08112
-63.85500
-65.22752
-65.35274
-65.47438
-65.73928
-61.29708
-62.44264
-64.68157
-65.06976
-65.08497
-67.40968
-67.25716
-65.73637
-65.34918
-66.44064
-63.37636
-61.29018
-64.64311
-67.22562
-66.58656
-67.93802
-64.41418
-60.21620
-62.02702
-63.35093
-63.60790
-64.13436
-64.40188
-65.64361
-65.30826
-66.32020
-66.43784
-67.18779
-66.90422
-66.72684
-64.60383
-66.56272
-64.31162
-58.48872
-59.77757
-61.00350
-60.71275
-61.23420
-61.33000
-62.18812
-61.44862
-61.43198
-60.47872
-58.51738
-58.33330
-59.86326
-62.64182
-64.14344
-65.96887
-59.35775
-57.33756
-59.29787
-59.54172
-60.65662
-60.05868
-60.71274
-61.08475
-60.18980
-60.01728
-62.23845
-63.45497
-64.08432
-62.43067
-61.68711
-61.65398
-59.08499
-58.20854
-58.31825
-59.18560
-60.25355
-60.68564
-59.62347
-60.72845
-62.26831
-63.55727
-62.87175
-60.50462
-61.11646
-63.32510
-63.45238
-63.08125
-62.35381
-59.24271
-59.06530
-60.34940
-61.05264
-60.81611
-60.97815
-61.01592
-62.57877
-60.56832
-57.57023
-57.45391
-56.75878
-61.32258
-66.32128
-66.37038
-69.54912
-60.69554
-58.44581
-59.33512
-59.24402
-61.09193
-61.41379
-61.63237
-61.64977
-61.38021
-61.30844
-61.17569
-59.86149
-59.69528
-61.17243
-60.72102
-62.11552
-60.73888
-58.41409
-59.31837
-60.14730
-61.02618
-61.87963
-62.50799
-63.41694
-63.57397
-63.83005
-64.27392
-65.05156
-62.58666
-64.06784
-64.54063
-64.03164
-63.11657
-60.34061
-61.85366
-64.32595
-66.21878
-65.22176
-64.54592
-64.92478
-65.70752
-65.65438
-67.27141
-63.54215
-61.49996
-63.82115
-63.44500
-64.20090
-66.93711
-63.01742
-58.64614
-58.79222
-59.50943
-60.12628
-60.30737
-60.17725
-61.59994
-61.73136
-61.83684
-62.69528
-62.89549
-62.52320
-61.65343
-61.50109
-62.81553
-61.25733
-58.06738
-58.33815
-58.81992
-58.45150
-60.22099
-60.51705
-60.88248
-61.57814
-59.77452
-58.83941
-59.00710
-59.63312
-61.21270
-62.61018
-62.95869
-65.36181
-58.21911
-55.53116
-57.93675
-57.72236
-58.63188
-58.73720
-57.68229
-57.36579
-58.71574
-60.04344
-62.21342
-63.17939
-61.35504
-59.94031
-59.16264
-61.10680
-59.87059
-60.34638
-62.79297
-62.70021
-63.01476
-62.11754
-62.61505
-65.64561
-63.30336
-63.94341
-63.73652
-60.32676
-61.42008
-60.99085
-62.23453
-63.91229
-61.90792
-57.77310
-55.89955
-57.23915
-57.81405
-58.61941
-60.73354
-61.52592
-61.01100
-62.29122
-60.08044
-58.77126
-59.93840
-60.57671
-62.69729
-62.28612
-62.69675
-59.55331
-57.54655
-59.33396
-58.87454
-58.88202
-59.39178
-60.01977
-60.29449
-61.47205
-62.85495
-60.12217
-58.82397
-58.17292
-59.00993
-60.67164
-59.35298
-57.07258
-56.61777
-57.89260
-59.15873
-60.47307
-60.64091
-61.32475
-61.62834
-62.63745
-61.16350
-59.85056
-61.29855
-61.20813
-60.28915
-60.60917
-62.73211
-60.97895
-59.86614
-61.82859
-61.83083
-61.65027
-61.78732
-61.04541
-62.57588
-62.30741
-62.36319
-62.34253
-60.70088
-59.43290
-60.48727
-63.23628
-63.04920
-62.86654
-59.66151
-58.72579
-59.66385
-60.88459
-60.92593
-60.24650
-61.46201
-62.49632
-61.72587
-60.48534
-61.21976
-62.69644
-63.62028
-64.28342
-63.09075
-64.36665
-62.66731
-58.16154
-58.53475
-59.32201
-59.80476
-60.24533
-61.36864
-61.15034
-60.30235
-60.36114
-59.62445
-58.98078
-57.85368
-59.46952
-60.81354
-61.48431
-61.34464
-57.93139
-56.23480
-57.17487
-59.40646
-59.13343
-58.39347
-58.95482
-58.87458
-59.04581
-60.26774
-60.69686
-61.28709
-62.11679
-61.52385
-62.91764
-62.05513
-60.69876
-61.77148
-61.39968
-63.03542
-63.83970
-63.40915
-64.20482
-62.54877
-61.65941
-59.69668
-58.94395
-58.90194
-58.32517
-59.37961
-60.28216
-61.46802
-60.76077
-58.47912
-59.00124
-59.48382
-59.62446
-59.41635
-59.34863
-59.99703
-60.73289
-62.86282
-63.04043
-63.68076
-64.84746
-65.12255
-64.34531
-63.45969
-61.92478
-61.80982
-63.07268
-63.31365
-62.93665
-61.47020
-59.93187
-60.25837
-60.35888
-60.54820
-60.79325
-59.77547
-60.88094
-61.02874
-60.89415
-59.75333
-60.02650
-59.89399
-59.73354
-60.53364
-60.13216
-61.74351
-62.71406
-63.26701
-62.93145
-63.85327
-64.30902
-65.56246
-64.93470
-63.51530
-62.97892
-65.29026
-64.95268
-61.28129
-62.77189
-64.08422
-65.01609
-65.28903
-66.51694
-67.76084
-69.27114
-68.75165
-69.55084
-64.21157
-62.09348
-64.39290
-65.78339
-65.90192
-65.26011
-63.88307
-60.12351
-60.58046
-61.23804
-62.10921
-63.14065
-64.00280
-65.47866
-65.78388
-65.94838
-66.39092
-66.59626
-67.13996
-67.84766
-68.11159
-70.62514
-67.75771
-61.24237
-58.27430
-59.01458
-59.86740
-60.64679
-61.76893
-62.28123
-62.61602
-63.78895
-64.34748
-61.77742
-61.46601
-62.77387
-61.55077
-64.14173
-66.05984
-63.43962
-61.10830
-60.61365
-62.33159
-61.92534
-63.16790
-64.08077
-63.71300
-64.69237
-65.19494
-65.69740
-66.30039
-66.26387
-67.14237
-66.77151
-67.21115
-63.33504
-62.46493
-67.02621
-69.51913
-70.23424
-69.83164
-71.44188
-71.80440
-70.24085
-72.74280
-70.12996
-63.25452
-63.41961
-64.11761
-63.57331
-63.75330
-64.08699
-63.16284
-61.32584
-61.90594
-62.19808
-61.76128
-63.05365
-64.14443
-64.59708
-65.93972
-64.75939
-66.39783
-67.77196
-69.35339
-67.94260
-68.56645
-68.54739
-62.68157
-63.90919
-67.63649
-69.51588
-69.40749
-69.67156
-68.54686
-66.98671
-67.38594
-68.53612
-65.29546
-62.36481
-65.61667
-66.80915
-67.69733
-68.86418
-65.78357
-62.99711
-62.09556
-63.13438
-63.44305
-64.34587
-65.15675
-65.44810
-65.13370
-67.15345
-67.45614
-67.36300
-67.32679
-69.53140
-68.39969
-69.58416
-68.66106
-62.52595
-66.03033
-70.00653
-70.72604
-71.45136
-72.38490
-74.72819
-74.84742
-72.91205
-75.47805
-66.52759
-63.35442
-68.61176
-70.12792
-74.30532
-74.04262
-67.51642
-62.85343
-62.69262
-63.94465
-64.26055
-64.95134
-66.29344
-67.21811
-67.97096
-69.14323
-69.59706
-70.31503
-70.56936
-73.14508
-71.48890
-75.83038
-67.05472
-61.83285
-62.57990
-63.56464
-65.00243
-64.99164
-65.69000
-67.82080
-69.02974
-70.39715
-69.99009
-63.81778
-63.91939
-67.62896
-68.93895
-73.28494
-71.13303
-65.37120
-62.16727
-62.24626
-63.15183
-62.70234
-61.38486
-61.33098
-62.56341
-63.98567
-64.43704
-65.51997
-66.45173
-66.57007
-66.61544
-66.02039
-68.68624
-63.47914
-63.17619
-68.27792
-69.22664
-69.20462
-67.15147
-66.96569
-67.69187
-67.88393
-67.51238
-65.23881
-61.60503
-63.16902
-64.66092
-64.21459
-65.75826
-64.42198
-61.49501
-60.90480
-62.06899
-62.32811
-62.29131
-62.62761
-63.26994
-62.46918
-62.66173
-62.10307
-61.35651
-60.65029
-60.24208
-59.74776
-59.42459
-60.14422
-59.68974
-61.73297
-65.03672
-66.28294
-67.83881
-68.31750
-68.60481
-69.51327
-69.70304
-68.22597
-64.01413
-61.73769
-63.96070
-64.35415
-65.44204
-66.28311
-63.74817
-61.74452
-60.99608
-61.87140
-62.62014
-63.55561
-63.71840
-63.48916
-62.19941
-61.66185
-62.33906
-63.47064
-63.59271
-63.34060
-62.30962
-62.75552
-60.90568
-59.12852
-60.81972
-61.46254
-62.06085
-62.64655
-63.38566
-64.19087
-65.20644
-66.21946
-64.96247
-60.84970
-59.66777
-61.09148
-62.10304
-63.17604
-64.68233
-63.21539
-61.37554
-61.98836
-62.17925
-62.85173
-63.19267
-62.97490
-63.17205
-63.71539
-63.57115
-63.45649
-62.53658
-64.01288
-66.12162
-62.19403
-61.49286
-61.56936
-61.74556
-61.81734
-60.80416
-65.17794
-66.83555
-62.05251
-62.84954
-65.69050
-64.77128
-62.52894
-61.08884
-63.04678
-65.92815
-63.60882
-65.39897
-66.72584
-62.82752
-63.97822
-67.52278
-67.42308
-66.81162
-66.72046
-68.30493
-66.86653
-66.30382
-66.47413
-68.26323
-68.58730
-68.81618
-68.08293
-66.93525
-68.90336
-62.62611
-63.03297
-66.18392
-69.04826
-68.46153
-64.85558
-64.80307
-68.55602
-68.27239
-67.39983
-64.86995
-61.60772
-64.35137
-63.62873
-62.92077
-62.54580
-63.69833
-66.17350
-70.13854
-66.55841
-62.97131
-62.11193
-62.66660
-64.69803
-64.58474
-64.68374
-63.93239
-63.43366
-62.21222
-61.35079
-63.52502
-66.42899
-62.66240
-59.19043
-58.36641
-61.86839
-64.55010
-61.61595
-60.38952
-62.56120
-62.89243
-57.97582
-54.74551
-54.16596
-56.57290
-62.93606
-65.04313
-61.44262
-62.47895
-64.89320
-64.02902
-61.99707
-61.62129
-63.17385
-65.89910
-68.22689
-68.63073
-67.07649
-68.19740
-68.26820
-67.29144
-67.27345
-68.81937
-66.88566
-65.89008
-69.85544
-67.89372
-63.67960
-64.21014
-70.41452
-68.51435
-64.64400
-67.41988
-72.99194
-70.50887
-68.44282
-71.46622
-75.48578
-73.02198
-71.22411
-72.05915
-72.79340
-73.46752
-74.92495
-76.16188
-75.15428
-76.25787
-77.99890
-76.20653
-74.23010
-75.34341
-76.12833
-77.19129
-78.30398
-77.49855
-76.23238
-77.14783
-78.94694
-77.57989
-76.11822
-78.37874
-82.08278
-79.18239
-77.66579
-79.97889
-82.43104
-80.83877
-79.61954
-80.06172
-79.69705
-80.30690
-82.54251
-82.81683
-82.54728
-83.98372
-86.73353
-83.72185
-81.18381
-77.64627
-73.30065
-68.79644
-67.05719
-64.23076
-63.00151
-63.95975
-64.99344
-67.60592
-69.71041
-70.29301
-69.02223
-69.84933
-71.34320
-76.22149
-79.98842
-81.02546
-75.91137
-73.43172
-73.13744
-69.67583
-68.81017
-67.12773
-66.40542
-65.10804
-63.94431
-63.10437
-63.06657
-63.78569
-65.79131
-66.85403
-65.13482
-64.96777
-65.20247
-67.09729
-68.29434
-69.98935
-70.45921
-67.83289
-67.37755
-65.26179
-64.76860
-66.46898
-67.64304
-67.70496
-69.47844
-71.77878
-73.00726
-76.73579
-76.27903
-70.33335
-66.29907
-65.44360
-65.80537
-68.32427
-71.32286
-73.80058
-74.87219
-73.06541
-72.46885
-71.78941
-69.18042
-66.41621
-64.73359
-64.04292
-64.56083
-65.82417
-68.20752
-70.96350
-72.84465
-74.60600
-77.04959
-74.86609
-69.89806
-67.72379
-68.17619
-70.43951
-74.52194
-77.46599
-77.56674
-77.48714
-73.76874
-69.22089
-67.78578
-67.36978
-66.29075
-65.10564
-64.64141
-64.68817
-64.86175
-64.56821
-62.96287
-62.26057
-62.60508
-64.21543
-67.11628
-70.04726
-72.16624
-73.78372
-74.93190
-71.96970
-68.41124
-66.66887
-66.35820
-66.76797
-66.82152
-66.73655
-67.37944
-68.17377
-69.17088
-70.07921
-70.80387
-70.68902
-70.29747
-70.03567
-69.53562
-67.96676
-66.93089
-67.81322
-69.59900
-70.99865
-71.20051
-70.45561
-68.97159
-69.11952
-68.37534
-67.15401
-66.10321
-64.44709
-63.54008
-63.01756
-62.80688
-63.06223
-63.40870
-64.23280
-65.49757
-66.27347
-67.01445
-67.30647
-67.37688
-67.62281
-68.89156
-69.34085
-69.93369
-71.04843
-71.74174
-71.74338
-70.64924
-68.95081
-67.00862
-66.63630
-67.33493
-68.86254
-70.17624
-71.61488
-69.08452
-64.60145
-62.38785
-61.78808
-62.25739
-63.84507
-65.71193
-67.06604
-66.93481
-67.02623
-67.11203
-67.93180
-69.75597
-70.03062
-69.95165
-72.08640
-71.63376
-71.90408
-71.96321
-70.84470
-67.67453
-60.62588
-58.28820
-55.68157
-54.43684
-55.34698
-56.64652
-59.42696
-62.39450
-64.43766
-62.17010
-60.21695
-59.94583
-61.57540
-65.29377
-67.84157
-64.35665
-61.27952
-59.80764
-57.43277
-56.57050
-57.03848
-57.62179
-59.08489
-60.23297
-59.94739
-59.27022
-58.20474
-56.77670
-55.00895
-54.73232
-55.88957
-56.69748
-57.15382
-58.02049
-59.10991
-59.88987
-59.99895
-59.87501
-60.30119
-59.59785
-58.36759
-57.88804
-58.51112
-59.17129
-60.98967
-61.29157
-59.16133
-57.62085
-55.07881
-53.50587
-53.92616
-56.30680
-57.10820
-56.83237
-57.11951
-57.31607
-58.06494
-58.20636
-58.49324
-58.99087
-59.27180
-59.05910
-59.00143
-58.68142
-58.71006
-58.76400
-58.92522
-58.24727
-58.34457
-58.25255
-58.11930
-58.20146
-57.60692
-57.87569
-58.22630
-57.72494
-57.13577
-57.57956
-57.45147
-57.62183
-56.94426
-56.98586
-56.84566
-57.52295
-58.58973
-59.03822
-59.98392
-59.89301
-60.16646
-60.77206
-62.83273
-63.97496
-65.06977
-64.99905
-64.52573
-63.17962
-61.14545
-60.21405
-59.92243
-60.54019
-61.42025
-61.95240
-62.33464
-62.03277
-62.46194
-62.09191
-61.56952
-61.59949
-61.56247
-62.19424
-64.11467
-64.31024
-61.13040
-59.09101
-57.92247
-57.25130
-57.19269
-58.46586
-60.62442
-62.19765
-62.54520
-62.65169
-62.82672
-63.35373
-61.14016
-59.55925
-58.85014
-58.87137
-60.97346
-61.82191
-61.10374
-60.99634
-61.90638
-63.06442
-63.96155
-64.16098
-64.25053
-63.82632
-64.32277
-64.39514
-63.95708
-63.43013
-62.89156
-62.75808
-62.22372
-62.21143
-62.21193
-62.40714
-63.71842
-64.41755
-64.66115
-64.62920
-65.37430
-66.68527
-66.21622
-66.66129
-68.20141
-68.38407
-68.01677
-68.22753
-66.82097
-64.97490
-63.16584
-62.41272
-62.94257
-64.08880
-64.93438
-65.10700
-65.94413
-66.96171
-68.35880
-68.92084
-67.95136
-67.68689
-66.91013
-67.15554
-67.41949
-66.71517
-66.10836
-66.21671
-67.69383
-69.10651
-69.27429
-69.69888
-70.20050
-69.35856
-70.25811
-70.90255
-70.44259
-69.45511
-69.59689
-69.94867
-70.29392
-70.38856
-70.71472
-71.69659
-71.80287
-71.42623
-71.76303
-73.86587
-73.93642
-73.26455
-72.35609
-73.00393
-74.28456
-75.51915
-75.76733
-77.44376
-78.12524
-76.64701
-76.91423
-75.50160
-75.25184
-75.01381
-75.66940
-73.76642
-72.61732
-69.20801
-64.80930
-62.71262
-61.93964
-64.48894
-67.12608
-68.35385
-68.77185
-66.09555
-63.88932
-62.76111
-63.46119
-63.23749
-62.74809
-61.74541
-60.96417
-59.82468
-59.58962
-60.44001
-60.55906
-61.38860
-62.33241
-63.35816
-62.78555
-61.79130
-61.87332
-64.64850
-65.90672
-62.49550
-59.46439
-58.66344
-58.68392
-58.91306
-59.72352
-59.88642
-59.42883
-59.31483
-59.34914
-57.77698
-57.43253
-57.81443
-58.61062
-59.09603
-59.02191
-59.14198
-58.74273
-58.54579
-59.04473
-60.78254
-63.49779
-65.97344
-65.76242
-64.01359
-62.46353
-62.03464
-62.98738
-64.81631
-65.67722
-65.43333
-64.77456
-64.64124
-65.65033
-67.23502
-66.75679
-65.01429
-63.83972
-63.11043
-62.62517
-62.61198
-61.69426
-60.30385
-59.47561
-58.95074
-59.59002
-61.46280
-64.78555
-68.33319
-66.65654
-62.60588
-60.17371
-58.51178
-58.02546
-57.91626
-57.54243
-57.22021
-56.92824
-57.43591
-58.69577
-60.39953
-62.78189
-65.16969
-66.88246
-67.19288
-66.35864
-65.86072
-66.21995
-67.88109
-67.76318
-65.98232
-64.72635
-64.14590
-63.61866
-63.19887
-63.05235
-62.95270
-63.19077
-64.71016
-65.71714
-64.71069
-61.72403
-59.31645
-58.18915
-57.38630
-57.19670
-57.18456
-57.87537
-58.96851
-60.79060
-63.14954
-65.18673
-66.08136
-64.59246
-63.18959
-63.15601
-64.33783
-65.50325
-66.29364
-66.30083
-64.95883
-63.78595
-63.26650
-63.26696
-64.22619
-64.87076
-64.91731
-64.77550
-64.93160
-65.07681
-66.23312
-67.93515
-70.13027
-71.93674
-71.25601
-70.52426
-67.84345
-66.24323
-65.22123
-63.80952
-62.79095
-62.46024
-63.05455
-64.86942
-67.21968
-69.12258
-68.95582
-68.32378
-68.40364
-69.85751
-69.44617
-65.90376
-63.18108
-61.42684
-60.34230
-59.84537
-60.82171
-62.51419
-65.23659
-66.84948
-67.18223
-65.93551
-65.55686
-64.94378
-64.40627
-63.45639
-63.00183
-61.42120
-59.57551
-59.36190
-57.14714
-57.42996
-58.62726
-59.62544
-59.18990
-58.31294
-58.04678
-58.38477
-59.20884
-59.21043
-59.05244
-58.08688
-57.36368
-56.16533
-55.78526
-55.53423
-55.32159
-56.28443
-58.01968
-59.78108
-62.20862
-62.02481
-60.47399
-58.47644
-57.37227
-56.08767
-54.62416
-55.39123
-57.46112
-58.66396
-58.23450
-56.88632
-56.59237
-56.40839
-55.93584
-55.74225
-55.77956
-56.77118
-56.33994
-56.28523
-56.46150
-56.32213
-55.49243
-54.42416
-53.93735
-53.61130
-52.84977
-52.67823
-54.35694
-57.29207
-57.52638
-57.02531
-57.63830
-57.28445
-56.97955
-56.80753
-57.26509
-57.92666
-58.75269
-59.28688
-58.84626
-58.56626
-58.67193
-58.02681
-58.29799
-57.24946
-58.20373
-58.63225
-58.43589
-58.70030
-57.83897
-56.91107
-55.52326
-55.88577
-55.27510
-55.63951
-55.52924
-55.78198
-56.20425
-56.30031
-57.52983
-58.23615
-59.38348
-59.52325
-59.89888
-59.17328
-59.62450
-58.51644
-57.75442
-57.36401
-58.03639
-59.00185
-58.49621
-58.64415
-58.39714
-59.54358
-58.96017
-60.64270
-60.77597
-61.57173
-60.54062
-60.41139
-61.69391
-61.79462
-60.51288
-58.85516
-58.93704
-58.34366
-59.36127
-57.91254
-56.84717
-55.81129
-55.95404
-56.49406
-57.18424
-57.94227
-58.52796
-58.69446
-58.81589
-59.20513
-59.79894
-60.05254
-59.59340
-58.08350
-57.03955
-57.30101
-58.00365
-60.13602
-61.49460
-63.71812
-64.40742
-65.80454
-64.94900
-63.87201
-62.54521
-62.04296
-62.18338
-61.63335
-61.75996
-61.91779
-62.44990
-62.17365
-61.55620
-60.57863
-60.36745
-60.63665
-62.41951
-64.26284
-65.50234
-65.46929
-64.97148
-64.75366
-63.85879
-63.95294
-64.51600
-64.56062
-64.65235
-64.61593
-64.76214
-64.73292
-64.31018
-64.41472
-64.82258
-64.97598
-65.33502
-65.53047
-65.05542
-64.64094
-64.12170
-63.95107
-64.03434
-64.57123
-65.53520
-65.31344
-64.89597
-65.71546
-66.89137
-67.85650
-68.07839
-68.09470
-68.48366
-70.49527
-72.42881
-72.93660
-72.82546
-72.10895
-71.00807
-70.30410
-70.88928
-70.53836
-71.26425
-71.69244
-71.83361
-73.13639
-72.25631
-71.64603
-72.01614
-73.05711
-74.42784
-75.57417
-75.51314
-73.67518
-71.98176
-72.47228
-74.24745
-75.97896
-76.92772
-75.73530
-74.45056
-74.67664
-74.56103
-73.55161
-72.31325
-71.87266
-68.90322
-62.26669
-60.27006
-60.91290
-62.44226
-64.20281
-64.15937
-65.16857
-65.81295
-65.90678
-66.50616
-67.01357
-68.06195
-68.69361
-67.65930
-66.69434
-64.57304
-64.48976
-64.36800
-62.51464
-61.63054
-61.48942
-60.25208
-58.07977
-57.32350
-56.73258
-56.70099
-57.42406
-58.58255
-59.68951
-58.24297
-57.60402
-58.47901
-59.52579
-60.71916
-61.59828
-62.19861
-60.91797
-60.56912
-60.63180
-60.51970
-61.50062
-62.47628
-62.62309
-62.81386
-63.77327
-63.54169
-63.70317
-64.14441
-65.51518
-66.17108
-65.50694
-64.79678
-62.47099
-60.61759
-59.15898
-58.28449
-57.96334
-58.05768
-58.05932
-57.50032
-57.44634
-57.68540
-58.42853
-59.37436
-60.13811
-60.97849
-61.41964
-61.30852
-60.65999
-60.58249
-60.56874
-61.21186
-62.50505
-63.23272
-63.05657
-62.41591
-62.24868
-62.66388
-62.24409
-61.20248
-60.08265
-60.01864
-61.58908
-63.88694
-64.27811
-62.45784
-61.51008
-60.56974
-60.79552
-61.56444
-62.29683
-62.67031
-63.61198
-64.35471
-64.59422
-65.49930
-64.87320
-64.14075
-65.25698
-66.21967
-64.62542
-63.22805
-62.35347
-61.94381
-61.75214
-62.11862
-62.78375
-64.18186
-64.78052
-65.24505
-64.39316
-63.45143
-63.06416
-62.95144
-64.20957
-65.70127
-66.13807
-64.95909
-64.49636
-64.20072
-64.53062
-63.80398
-64.52788
-65.98658
-66.64284
-67.58618
-67.38400
-67.36271
-67.51708
-67.45791
-66.40676
-66.41150
-67.71806
-69.38093
-68.42621
-66.81859
-65.95157
-66.57246
-68.26394
-69.58441
-71.08016
-68.20070
-67.62013
-69.25962
-68.36325
-67.80488
-68.04012
-68.19755
-66.89883
-66.60427
-68.05062
-69.94234
-70.92042
-70.38452
-69.01420
-68.40416
-70.24452
-70.90718
-70.53691
-69.58631
-68.21923
-67.30470
-66.34282
-66.73849
-67.06474
-67.12479
-67.38409
-68.14034
-68.19526
-68.33821
-68.36876
-62.99784
-59.89606
-59.68748
-57.86481
-56.73814
-57.12518
-57.40552
-58.59406
-61.20674
-64.74764
-66.62184
-66.33987
-65.76852
-66.03614
-67.93074
-70.39177
-69.01694
-64.46378
-61.66317
-59.35639
-57.84028
-57.94430
-57.91896
-58.16098
-58.81706
-59.89534
-61.61756
-64.32001
-67.03175
-65.86356
-65.49605
-63.63285
-59.27557
-57.17619
-57.12802
-58.36702
-60.48933
-63.67441
-66.39283
-64.01607
-62.80655
-63.53836
-63.70737
-66.09056
-70.67072
-68.31464
-64.33597
-61.48920
-60.72034
-60.70640
-60.52189
-62.77498
-66.35632
-65.35821
-62.19930
-59.40753
-59.77473
-57.38107
-53.79325
-53.47601
-52.72582
-52.03660
-50.94402
-49.71372
-49.83301
-50.62789
-51.32193
-52.40873
-53.05170
-53.49276
-54.04516
-54.35789
-55.86157
-58.37885
-60.69875
-61.45415
-60.09618
-56.46153
-55.24357
-55.29287
-55.90240
-56.72650
-56.95695
-56.68749
-56.83188
-55.38818
-53.19025
-53.76233
-55.26104
-56.78525
-58.09946
-59.71065
-60.38587
-58.18190
-56.42599
-54.91343
-52.65196
-51.04624
-50.10298
-49.93070
-50.92939
-52.10082
-53.01521
-54.14108
-55.19651
-57.81416
-62.30341
-61.22007
-58.11208
-56.55918
-56.31140
-57.65245
-60.08523
-57.00320
-52.75819
-51.17399
-51.15050
-52.57501
-53.82522
-54.52113
-54.75014
-54.05770
-55.45672
-60.07391
-61.24734
-57.94934
-56.18795
-57.02416
-57.67426
-58.19366
-58.24574
-57.55842
-58.85965
-60.39535
-61.47330
-60.73384
-61.07941
-62.53432
-64.00004
-62.56421
-61.07245
-62.04855
-63.65227
-64.90083
-64.12002
-65.04356
-66.41709
-67.21548
-67.20777
-65.78572
-63.88013
-63.20682
-63.52946
-64.87151
-66.55644
-65.46681
-64.70347
-66.70753
-67.77847
-66.35557
-66.68836
-68.21891
-67.37799
-64.57165
-64.57680
-66.71175
-68.58869
-68.24865
-67.04991
-67.28962
-67.19943
-66.57614
-65.74895
-64.86964
-64.82358
-65.36479
-65.46784
-66.54879
-67.35334
-66.06801
-64.77047
-65.35034
-66.05438
-66.93061
-69.67475
-70.80764
-70.70181
-71.76053
-73.73083
-73.95843
-73.24477
-74.60877
-74.67575
-72.59786
-72.26795
-71.73097
-70.55521
-70.07063
-70.86691
-72.16470
-73.47004
-72.92812
-72.47219
-72.58907
-73.24238
-75.10876
-73.87113
-72.53242
-73.61827
-75.59556
-75.68459
-76.18732
-76.70419
-76.08064
-74.57590
-74.61353
-74.42209
-73.85332
-70.59528
-66.23515
-63.33944
-61.92426
-60.08283
-58.15390
-57.34970
-57.39421
-57.80941
-57.80350
-58.08554
-57.58166
-57.76087
-58.67337
-58.69525
-58.79796
-59.53273
-60.06239
-59.51083
-58.95227
-60.10975
-61.09742
-60.84820
-62.42176
-64.55151
-64.99306
-63.91265
-63.69398
-62.61481
-61.85195
-62.92322
-63.49994
-62.71350
-63.00745
-64.95848
-65.64769
-63.86451
-64.29437
-62.81735
-61.30105
-60.81669
-58.05086
-56.41551
-56.47050
-57.08818
-57.95124
-59.56845
-61.46758
-63.61384
-63.20304
-61.83526
-61.57700
-62.77499
-62.64944
-63.34950
-65.78513
-64.45698
-62.81015
-61.62387
-60.84835
-60.79411
-61.62845
-61.58430
-60.67944
-61.00101
-62.41326
-63.19276
-63.59761
-65.96899
-65.25529
-62.52351
-63.42360
-62.49738
-60.35153
-59.22303
-59.66791
-61.40808
-63.03361
-63.67422
-62.92137
-62.88763
-64.09953
-65.96937
-63.55276
-60.47218
-59.69113
-61.64180
-63.04246
-63.48223
-63.15579
-61.66792
-62.40209
-63.75774
-62.27662
-60.10240
-60.68502
-60.94976
-60.73769
-61.44467
-62.29971
-62.08792
-61.89388
-62.05489
-61.05988
-60.66247
-61.54863
-62.58166
-61.94550
-61.79487
-61.47595
-61.22482
-61.61671
-61.98547
-62.25961
-61.68275
-61.42757
-61.96337
-62.24708
-62.59136
-64.05788
-65.56002
-64.49115
-64.65560
-64.99197
-63.73874
-63.77581
-64.62059
-66.05938
-64.95049
-65.31252
-65.63874
-64.86062
-65.08837
-65.77775
-65.67752
-65.21761
-67.31061
-69.02502
-68.29335
-67.63101
-68.12505
-67.55863
-66.42797
-67.18641
-69.35658
-67.02475
-66.57210
-67.20228
-66.30120
-66.70137
-68.18254
-68.76190
-68.63828
-68.44406
-68.07116
-67.99311
-67.81028
-68.53219
-68.01494
-68.30374
-69.23855
-69.40203
-67.71088
-66.01058
-65.33861
-65.55287
-65.76273
-67.17985
-67.54746
-67.77818
-68.12325
-68.58492
-67.78780
-67.46142
-61.00228
-55.88710
-58.08515
-59.74318
-58.44250
-58.71062
-59.41673
-60.79477
-61.58696
-62.42759
-62.61359
-63.77264
-64.98559
-65.21903
-65.18121
-63.79464
-60.40666
-56.16289
-53.16868
-53.14434
-56.09496
-59.03700
-56.70211
-52.45016
-50.41964
-50.32148
-51.40190
-52.96756
-54.37750
-56.58990
-59.73553
-64.24002
-63.25342
-59.80830
-59.28838
-59.79488
-60.58103
-58.80363
-57.27446
-57.40718
-57.63650
-57.55119
-56.47805
-55.62447
-56.33209
-56.34736
-56.39493
-56.93991
-57.06464
-56.71412
-56.87738
-58.81455
-59.85548
-61.62042
-65.65353
-62.69050
-59.51550
-59.86363
-57.43126
-55.80886
-55.82967
-54.90792
-53.74769
-53.26612
-53.88668
-53.90866
-53.98411
-54.31431
-54.71185
-55.78203
-56.01386
-56.10503
-56.74551
-56.33791
-56.40188
-56.61431
-55.86959
-55.11421
-54.01063
-54.49665
-55.51458
-56.01298
-56.17772
-55.90255
-56.04396
-56.31923
-56.28038
-55.87553
-56.54491
-56.71802
-56.50165
-55.99284
-55.80084
-55.63664
-55.51848
-56.39728
-57.77952
-57.58848
-55.19752
-54.17561
-54.81951
-57.32826
-57.80680
-55.80042
-55.23662
-55.69118
-57.38718
-57.85245
-57.78470
-57.53935
-56.82571
-57.37915
-57.65284
-57.69325
-57.00452
-55.69735
-54.43786
-54.87260
-56.17256
-56.67481
-56.90655
-56.88020
-57.13345
-57.56661
-59.11756
-60.92634
-60.26303
-58.20574
-57.93035
-57.43961
-56.73716
-58.36674
-61.24534
-61.22662
-60.27712
-60.95817
-61.14852
-61.27911
-61.88291
-62.07428
-61.25208
-60.71815
-61.27036
-62.35183
-62.53654
-61.70774
-61.96838
-62.65765
-63.87732
-64.84871
-64.72571
-65.60240
-65.38010
-65.54735
-67.08405
-66.54275
-64.85161
-64.88429
-66.65722
-65.91463
-65.10043
-67.37244
-68.40982
-67.79092
-68.81828
-69.65148
-67.89486
-66.47471
-66.77443
-67.70596
-68.00667
-68.82706
-69.08405
-68.93047
-69.28898
-68.90922
-68.30946
-67.89787
-67.70888
-67.88534
-67.42260
-66.67374
-66.78066
-67.38662
-68.49678
-69.07940
-68.74120
-68.51962
-69.84398
-71.43751
-72.11263
-71.85548
-73.54908
-72.83398
-71.95701
-71.33775
-70.67452
-69.51520
-69.86339
-70.22242
-69.97409
-69.58700
-69.08152
-69.73623
-69.53069
-70.95943
-71.05735
-71.16146
-70.42422
-71.38169
-71.01640
-71.96179
-71.43576
-74.62743
-72.60589
-74.69862
-71.85145
-76.12786
-66.49195
-57.08663
-58.91672
-61.29466
-63.27525
-65.57074
-67.69360
-67.98557
-68.09797
-71.43281
-71.52966
-73.00443
-72.99242
-73.37101
-71.64879
-71.71366
-70.55919
-69.69199
-69.05434
-69.33308
-68.72286
-68.89015
-69.00217
-69.04982
-68.88727
-69.32448
-69.35214
-69.78852
-70.48037
-70.93643
-71.94391
-72.03150
-73.66771
-72.02916
-71.01768
-71.95040
-72.41730
-72.84581
-73.68503
-74.72547
-75.47855
-75.97251
-76.23564
-75.57264
-74.47433
-74.06818
-74.12478
-74.13265
-73.89778
-73.58790
-74.03026
-73.95987
-73.04781
-72.35507
-72.83482
-74.19996
-74.64808
-74.57419
-75.11614
-75.32515
-75.70818
-75.82349
-75.95647
-75.83940
-76.36997
-77.47011
-73.33423
-70.98816
-72.02921
-72.94240
-74.14871
-74.23905
-74.90099
-75.08272
-75.65855
-75.68976
-76.59027
-76.51596
-76.14620
-76.08101
-76.90515
-77.98613
-77.35162
-77.24009
-76.31742
-77.41791
-75.86289
-77.02991
-75.85700
-77.71587
-76.11659
-78.37054
-76.40851
-79.20979
-76.70831
-79.62221
-76.50318
-82.00877
-71.74226
-56.95830
-57.32169
-60.39713
-62.20545
-65.38680
-66.76868
-69.54491
-70.39782
-73.54005
-73.53839
-76.46432
-75.62517
-76.96195
-75.95407
-78.55077
-77.42699
-78.97413
-78.82259
-78.53915
-78.81757
-78.37233
-79.08726
-79.01476
-82.43832
-79.95025
-83.84439
-79.73469
-87.32834
-78.25781
-90.51937
-77.03974
-87.10825
-64.32098
-55.52782
-58.10451
-60.12885
-62.48747
-64.38030
-66.41597
-69.13017
-71.03059
-72.04545
-71.41673
-71.38051
-72.44756
-73.90959
-73.01396
-73.86319
-71.47343
-71.27833
-70.78540
-70.73064
-69.70747
-68.88980
-67.90907
-68.51860
-68.79289
-69.02040
-68.45649
-68.70060
-69.40204
-68.94640
-69.16123
-69.23228
-69.09815
-67.18454
-66.16227
-66.20491
-66.69010
-67.33710
-68.20713
-68.51256
-68.31792
-68.52019
-68.65591
-68.87600
-68.18814
-68.12111
-67.72758
-67.65877
-67.50664
-66.99500
-67.54356
-67.48631
-67.09054
-67.20544
-67.79446
-67.72947
-68.49849
-68.78017
-68.07574
-67.37594
-66.99169
-66.98835
-66.85290
-66.54673
-66.39970
-65.76964
-65.60462
-66.44640
-67.44075
-67.53627
-67.43370
-67.48352
-67.96482
-69.75983
-70.16616
-71.12589
-72.56099
-73.95789
-73.60260
-73.62021
-75.21841
-75.51489
-75.68411
-75.22456
-74.72246
-74.77448
-75.85830
-76.73184
-77.70585
-77.89443
-77.94991
-77.92995
-77.92279
-77.91436
-78.00083
-78.96882
-78.79751
-79.69072
-77.88658
-73.25427
-74.48305
-76.86388
-77.76786
-79.55122
-79.02330
-80.82102
-79.72335
-80.61831
-80.22843
-80.45186
-80.23628
-81.57595
-80.05123
-80.50734
-80.54003
-81.41380
-81.76974
-81.71139
-80.41142
-80.04517
-81.20415
-80.37648
-81.80623
-79.05005
-80.24685
-78.79416
-81.90680
-77.80986
-83.30024
-75.07019
-85.51802
-64.00991
-57.23909
-59.78354
-61.30822
-64.01051
-66.37649
-68.14498
-68.79036
-70.46070
-71.79189
-71.10825
-70.34837
-70.50118
-70.71313
-69.96098
-70.55736
-70.05922
-69.35718
-68.26463
-68.31617
-68.06114
-69.15923
-70.31728
-71.60729
-70.98011
-70.91672
-69.70460
-68.77006
-68.45164
-68.53913
-68.68682
-68.33894
-68.80430
-67.27248
-66.15612
-66.60567
-67.36919
-67.64436
-67.71966
-68.78094
-69.52439
-69.28382
-69.19388
-69.93549
-69.91024
-69.53613
-69.73748
-69.40528
-70.10281
-70.43734
-70.39826
-70.03540
-70.81390
-71.12977
-71.67886
-72.80162
-72.80443
-73.01158
-72.67810
-72.73547
-73.02359
-72.57639
-72.34207
-72.96633
-74.21609
-75.01725
-72.08750
-72.59299
-74.75387
-75.56205
-75.95722
-75.88840
-76.52305
-76.59786
-77.10613
-77.35881
-78.00876
-78.00827
-78.91417
-79.02200
-78.71459
-78.14074
-78.38724
-78.27365
-79.25543
-79.17430
-78.35397
-78.48797
-78.35944
-78.39722
-79.12371
-79.08756
-78.65427
-78.78242
-78.56800
-79.23074
-78.97782
-79.77757
-78.09783
-77.69867
-80.78009
-81.06213
-81.37659
-80.38710
-79.53618
-81.63049
-81.75597
-82.34253
-82.02179
-82.52102
-81.63431
-84.39445
-82.58572
-84.32917
-84.15203
-84.80408
-84.93424
-86.19323
-84.75951
-86.44006
-87.14830
-86.72260
-90.89505
-87.25766
-92.46309
-87.16213
-104.01099
-85.35379
-94.83628
-80.86965
-80.40549
-62.59870
-55.81346
-59.11179
-60.48651
-62.89509
-63.75304
-65.10362
-66.16402
-66.79836
-67.04344
-66.73811
-66.50776
-66.70346
-69.37236
-70.82956
-71.72898
-69.48610
-68.11554
-66.19959
-67.11840
-68.99439
-69.33633
-69.08480
-70.33074
-67.93895
-66.79477
-66.89636
-67.79391
-67.13352
-66.42006
-65.18859
-64.94218
-65.46195
-55.94797
-54.36698
-57.46569
-58.37820
-59.69773
-59.96348
-61.11699
-60.89232
-61.56534
-62.48329
-62.90011
-63.56294
-62.57922
-62.28910
-62.66421
-63.96442
-64.80168
-65.17391
-64.79174
-64.38216
-64.75023
-65.77563
-65.92845
-67.16975
-67.73072
-68.69111
-65.95305
-65.91248
-64.65947
-65.04648
-64.93099
-65.48741
-61.68891
-53.97151
-55.02362
-57.97614
-60.12727
-62.89028
-63.67382
-65.68419
-65.14018
-66.16225
-66.66489
-67.90914
-65.97423
-66.56652
-67.04295
-69.15885
-69.59737
-70.87618
-70.86182
-70.43795
-70.26188
-70.29622
-70.55109
-70.94999
-73.29531
-73.04749
-74.79541
-73.11185
-76.27662
-72.91664
-76.88151
-71.81125
-89.78343
-63.61838
-54.94123
-57.46347
-60.38803
-63.21600
-65.97894
-66.81284
-69.85032
-70.38718
-73.82486
-72.96764
-77.38767
-73.99281
-75.56010
-73.10787
-79.60163
-73.41794
-57.20571
-56.81833
-61.51131
-63.20280
-66.41013
-66.90750
-69.79198
-69.63711
-71.03665
-71.99816
-72.37404
-76.42471
-74.02596
-84.17731
-71.93190
-79.68698
-54.10663
-48.27034
-50.86968
-53.43274
-56.88457
-58.70733
-61.98401
-63.70340
-66.42809
-67.81828
-68.67946
-69.51729
-69.50181
-69.29946
-68.79469
-68.87671
-67.28850
-66.30265
-65.73663
-66.21093
-66.16107
-66.42723
-65.49764
-65.79407
-65.26897
-65.87319
-65.14524
-65.51382
-65.50203
-65.69047
-66.19425
-66.38597
-66.80397
-62.88410
-60.94792
-63.05295
-65.20621
-66.23216
-66.91500
-68.76559
-68.17447
-68.02692
-68.69140
-68.01018
-68.14166
-68.17364
-67.53415
-67.58619
-68.09140
-66.76847
-65.56979
-66.03271
-67.09885
-67.07368
-67.54549
-67.18274
-67.62859
-68.49586
-69.52049
-68.79731
-69.77448
-67.99607
-70.28966
-68.16538
-70.94630
-64.34102
-56.42878
-57.21625
-59.51855
-61.46605
-62.39828
-62.09385
-64.33639
-66.44961
-67.07593
-67.26713
-68.76695
-67.82560
-67.91061
-67.59061
-67.60764
-68.60438
-57.35034
-55.53181
-58.97278
-61.54417
-64.76006
-64.78216
-67.16479
-68.33502
-68.03483
-67.29543
-68.29926
-69.57055
-67.99447
-68.54470
-66.61656
-71.22904
-61.40130
-55.51139
-58.07068
-59.87057
-62.00595
-63.24355
-63.57313
-64.78199
-66.94036
-68.56247
-68.09144
-68.89977
-67.47295
-69.04770
-68.52743
-69.80606
-67.79809
-66.55679
-65.76933
-67.48908
-67.53355
-68.84725
-68.90828
-69.72548
-68.05721
-68.77160
-68.69531
-68.79123
-69.42408
-67.79082
-72.43488
-67.98203
-84.61248
-55.03391
-50.30030
-53.86322
-56.31643
-58.84543
-60.81228
-62.12128
-66.53742
-58.56649
-53.82737
-56.56299
-58.45371
-61.06863
-62.92548
-65.26501
-67.52772
-65.92272
-66.10340
-65.45872
-66.98135
-65.36204
-67.74823
-65.24032
-66.77852
-62.71172
-54.61033
-52.56135
-53.67748
-57.19851
-59.35541
-60.87873
-63.56827
-64.73412
-62.07094
-61.67422
-63.31563
-63.95411
-66.35069
-65.82821
-65.24077
-64.98721
-64.49469
-64.09919
-64.68436
-64.10167
-63.91188
-63.71189
-64.25638
-64.04032
-63.92161
-64.11962
-64.72025
-64.43569
-64.36082
-66.19001
-64.95263
-65.79879
-63.79775
-62.95044
-64.81191
-63.01199
-63.47672
-64.22186
-64.44544
-65.69377
-64.67515
-62.72303
-61.70399
-62.76115
-63.80412
-64.82459
-65.36069
-65.62987
-66.34560
-64.03058
-65.46323
-66.36336
-66.10119
-69.00629
-67.23710
-68.41468
-67.55533
-67.58562
-67.48769
-68.61429
-67.79079
-68.97621
-68.42670
-69.44764
-69.52200
-68.42700
-66.75300
-65.18971
-67.25057
-66.97320
-69.57439
-67.43976
-74.04373
-58.81665
-54.62896
-57.89137
-60.43221
-62.93411
-65.93726
-65.57628
-70.71138
-61.13613
-54.44528
-57.03962
-59.68147
-61.17013
-64.65822
-63.75439
-69.10084
-63.12504
-54.46094
-55.79450
-58.97984
-60.43088
-64.45923
-64.91836
-67.93288
-67.49185
-68.52051
-67.34971
-68.82312
-68.53660
-68.11512
-69.08368
-67.55129
-71.96576
-53.77340
-50.65478
-53.69954
-55.54576
-59.17293
-60.56305
-62.53720
-67.62008
-55.47157
-50.75254
-52.83267
-56.88028
-55.97139
-54.18362
-58.22473
-60.51442
-62.59081
-61.98958
-62.40841
-64.41132
-64.89412
-65.99104
-66.31619
-67.41884
-65.29656
-65.30929
-64.06721
-64.70938
-63.67941
-63.80726
-63.82921
-64.40735
-64.13895
-61.79876
-61.36547
-62.67376
-63.04552
-64.35551
-65.16926
-65.71985
-66.19815
-62.05638
-61.07572
-63.56792
-65.41287
-64.82293
-64.25895
-65.06741
-65.57241
-64.16949
-63.59183
-64.87609
-64.90441
-65.63604
-67.36237
-67.21586
-67.40145
-67.80072
-66.82764
-66.56266
-67.43033
-66.23928
-66.67134
-67.06359
-68.10893
-66.20708
-62.86592
-64.78611
-66.07651
-66.30803
-67.06549
-67.71173
-67.31201
-65.71343
-64.34698
-61.56267
-63.49907
-68.48627
-65.57816
-65.87324
-68.31305
-66.82316
-67.31007
-67.05343
-67.51038
-67.59459
-67.58163
-68.09850
-68.20319
-68.31707
-67.88444
-67.81972
-68.59922
-70.47067
-69.95848
-69.57382
-68.93341
-69.99193
-67.16987
-65.32426
-68.27086
-68.01237
-68.63220
-69.67260
-69.73131
-70.19552
-67.72315
-64.86303
-66.13908
-68.45549
-68.60233
-68.15414
-68.20530
-69.47591
-69.28125
-67.90937
-69.02684
-71.95560
-70.75222
-76.17988
-73.36575
-76.04170
-73.68815
-78.68562
-74.16019
-78.28231
-76.21940
-79.37723
-76.95020
-77.59730
-80.61550
-52.34000
-50.41242
-53.32181
-54.66336
-57.81444
-58.76213
-61.56007
-63.04188
-57.77293
-55.91133
-58.90482
-60.50352
-61.03394
-62.09644
-61.09072
-62.32463
-57.83370
-55.01609
-57.70053
-59.97738
-60.45749
-61.55334
-60.48854
-63.56198
-57.74931
-52.52032
-55.08094
-57.18537
-59.14103
-61.69324
-61.94179
-63.01013
-62.96763
-60.25861
-61.48284
-62.69836
-61.69561
-63.87792
-63.61003
-64.05340
-63.55390
-62.76537
-61.63925
-63.52246
-64.31406
-63.66013
-63.73064
-64.01753
-64.37265
-58.72664
-57.75069
-61.09341
-62.02504
-62.26198
-62.20778
-63.06564
-63.58463
-62.89600
-61.30861
-62.76104
-62.95526
-63.00319
-64.83869
-63.97210
-65.67092
-63.95735
-61.94172
-63.44677
-63.32884
-63.14643
-65.52363
-65.60659
-66.36228
-65.57881
-63.55358
-64.27307
-66.62828
-64.77752
-66.17899
-65.59473
-67.19478
-65.64601
-56.85005
-57.54885
-60.98000
-61.43722
-63.30074
-63.92493
-64.84140
-65.69876
-64.19481
-64.99582
-66.58954
-65.39419
-66.23881
-66.08354
-66.17765
-66.81549
-66.83480
-65.28645
-66.61970
-67.37178
-66.97089
-67.22283
-67.45915
-68.14729
-66.14230
-65.43086
-67.13440
-68.35194
-68.15291
-68.13109
-67.15540
-68.83314
-66.31558
-65.11868
-65.72241
-66.85320
-66.91940
-68.33712
-67.40215
-69.30975
-68.34989
-68.96275
-70.20775
-72.38932
-71.27960
-73.65138
-74.61701
-74.93508
-72.14030
-49.95978
-48.66531
-51.94880
-52.52252
-55.01992
-55.20965
-56.08721
-55.79040
-57.18847
-59.36666
-59.89247
-56.69631
-56.80737
-57.84236
-57.34247
-59.07104
-58.16773
-57.93725
-58.44709
-56.87484
-59.10041
-59.29433
-57.41667
-56.45515
-56.89065
-59.19662
-58.75712
-58.13803
-56.90609
-56.96653
-56.48433
-54.92718
-54.08685
-54.22364
-55.15946
-55.98917
-56.63778
-58.13220
-59.30281
-58.92487
-58.12404
-57.44085
-56.93834
-56.53992
-56.10846
-54.89994
-54.13198
-54.34105
-52.96625
-51.87679
-53.29267
-54.48623
-55.23268
-53.85569
-52.45884
-53.80184
-55.07889
-55.61511
-55.64404
-56.77840
-56.52077
-56.01737
-55.19838
-54.88931
-55.69411
-53.73341
-52.69377
-53.86171
-54.83434
-54.75929
-54.75943
-54.62700
-55.36949
-56.04958
-57.27279
-57.20150
-57.35468
-56.38398
-56.91965
-57.37724
-58.62766
-55.70515
-50.70966
-50.85816
-50.75641
-52.15526
-53.98275
-55.18814
-57.92944
-57.54338
-56.20620
-54.29515
-55.08666
-57.43207
-57.70322
-59.01181
-57.31973
-56.46312
-54.19582
-53.61854
-55.23556
-55.31748
-57.58819
-58.84204
-60.91142
-61.91697
-59.48805
-56.74109
-57.97338
-60.64209
-60.67669
-59.52897
-59.72121
-60.63254
-61.43282
-59.80856
-59.51591
-61.99664
-62.14299
-60.71498
-59.56718
-59.42081
-59.65473
-61.55467
-63.10780
-62.77651
-62.44608
-65.58000
-62.17790
-61.62449
-58.50049
-51.79485
-50.36915
-50.66766
-50.20576
-51.37182
-50.90133
-51.63011
-52.67937
-51.94033
-52.76026
-54.77848
-57.45335
-57.06093
-57.70856
-57.32841
-58.66222
-59.63795
-59.12186
-57.63133
-56.21919
-57.19966
-56.38093
-57.13300
-58.46319
-55.22401
-52.68931
-51.13877
-53.46849
-56.03669
-55.90915
-58.30816
-58.73548
-58.12720
-57.09323
-57.51625
-58.91184
-59.78129
-58.17722
-57.88704
-56.87630
-56.58861
-57.24749
-58.20371
-58.33112
-57.25011
-56.97543
-56.84468
-57.30334
-56.89941
-58.60151
-59.43389
-58.66230
-58.30425
-57.46010
-56.48526
-56.08694
-57.20885
-54.03023
-52.99375
-53.28521
-51.92148
-51.63540
-51.59518
-53.70901
-54.16763
-53.70459
-54.08994
-53.73164
-54.86853
-56.11075
-56.82040
-56.78282
-56.78128
-57.56621
-56.31825
-55.23428
-54.64001
-53.26005
-52.65759
-52.90327
-53.71277
-54.44146
-54.03164
-54.73081
-54.75308
-56.04842
-56.75107
-56.06192
-58.67470
-59.06334
-59.14108
-57.08960
-56.25086
-57.05622
-58.15129
-57.16832
-57.26238
-56.71087
-54.27124
-53.82059
-55.51975
-56.55190
-56.24660
-55.61440
-55.18571
-57.40869
-54.83370
-53.64263
-55.57771
-56.98213
-57.64374
-58.51553
-58.72456
-60.02370
-56.07274
-53.15045
-55.92258
-57.35132
-58.42112
-60.74027
-60.54433
-60.86872
-60.22895
-61.86283
-60.07253
-61.39932
-60.33970
-60.47327
-60.72742
-62.01409
-59.10130
-49.10763
-50.05672
-52.68948
-53.60021
-54.20416
-53.73340
-56.65759
-55.21840
-51.03008
-49.39161
-51.19763
-52.97043
-52.29563
-51.24848
-53.42669
-54.96081
-55.53838
-55.26731
-55.11888
-55.49564
-56.04503
-55.96514
-56.94999
-56.43976
-55.54097
-57.89009
-56.54738
-56.18854
-56.24115
-55.48571
-55.46990
-55.63302
-55.26445
-55.61307
-55.81930
-55.13342
-55.34757
-55.44223
-55.48120
-55.29255
-55.79699
-54.86345
-54.23717
-56.12619
-55.08512
-55.05120
-56.23427
-56.40884
-58.49938
-57.44753
-56.40999
-57.47600
-57.97498
-59.05835
-57.85618
-57.14234
-57.48848
-57.32172
-57.99249
-58.01425
-58.33728
-58.03464
-57.91871
-58.83344
-59.12560
-59.06343
-58.06883
-57.97801
-58.44834
-57.01566
-57.87472
-58.86002
-58.69468
-59.91335
-59.49808
-60.22712
-61.58355
-61.53855
-61.02877
-63.01982
-63.00623
-62.17612
-62.18479
-60.67891
-61.20609
-62.37015
-62.25234
-60.81530
-60.98365
-61.35710
-62.24561
-62.15593
-61.70853
-63.41528
-64.27896
-63.51659
-65.31467
-65.77241
-63.63244
-63.69906
-65.19673
-65.39292
-62.64283
-59.92793
-58.25051
-58.41508
-57.81790
-57.52166
-58.79909
-59.93772
-60.90865
-61.28033
-62.84042
-64.00157
-64.29525
-65.19625
-65.66052
-63.59011
-63.06768
-62.83578
-63.21185
-64.82364
-63.91637
-64.63797
-63.26686
-62.70070
-61.13950
-64.80589
-62.97444
-74.03059
-57.52535
-47.88132
-50.39459
-51.21141
-50.33149
-52.27903
-52.37174
-51.00903
-49.82051
-50.67203
-50.94301
-51.94686
-51.68381
-52.15129
-52.38917
-53.97317
-55.21446
-53.43016
-53.17618
-53.96086
-54.40828
-54.79279
-55.09973
-53.37351
-54.82307
-50.47233
-50.34735
-54.44453
-54.03317
-55.20735
-56.41451
-56.63848
-56.94262
-56.40182
-54.84898
-56.21344
-55.91672
-55.85241
-56.36726
-55.58529
-55.77569
-55.14669
-54.80213
-55.44766
-56.05865
-57.53079
-57.57878
-57.40387
-59.53232
-58.53455
-54.92228
-55.51102
-54.93144
-54.28074
-52.02745
-50.65881
-51.58602
-52.23889
-54.23667
-53.49333
-53.84538
-54.34107
-53.46651
-54.18961
-56.48322
-55.22050
-54.36771
-55.03648
-55.13280
-54.39416
-54.14734
-54.69701
-55.09280
-55.33391
-54.92148
-56.64072
-57.15396
-56.92987
-56.72780
-56.51261
-56.62309
-56.99355
-55.83958
-54.41395
-55.39673
-55.20760
-55.38742
-56.05448
-54.90633
-55.51578
-55.62986
-56.19132
-57.45513
-57.87875
-57.76290
-57.40859
-56.39933
-56.74456
-58.34728
-57.46953
-57.94611
-57.99600
-57.61068
-57.70935
-58.04350
-58.01387
-57.76480
-57.70969
-58.58692
-58.72964
-58.77509
-59.19743
-59.29153
-58.72910
-58.53089
-58.67307
-58.50318
-60.08053
-60.86398
-61.23331
-61.36746
-62.33126
-61.16105
-61.55978
-63.23705
-62.05262
-61.50587
-61.86377
-63.25344
-63.77733
-65.01055
-63.51005
-58.32734
-56.39331
-57.06355
-57.81586
-57.81824
-56.41682
-54.56260
-53.97300
-56.04107
-59.15522
-59.41517
-59.09796
-59.53927
-58.97906
-59.72165
-60.63600
-59.46591
-60.01123
-60.21403
-59.23345
-59.09802
-59.26523
-58.70519
-56.87960
-56.87987
-59.36938
-62.04345
-61.58294
-59.84331
-59.64233
-59.63241
-60.57042
-60.68041
-60.86585
-60.78117
-60.79289
-61.15446
-61.60839
-63.85298
-63.98450
-64.36649
-63.20029
-63.60854
-64.93281
-65.90101
-64.23248
-66.56862
-61.24835
-55.06129
-55.84595
-56.49423
-57.26761
-59.42776
-58.70861
-58.17923
-58.05956
-59.12557
-58.69010
-57.64251
-58.25541
-56.90028
-58.41177
-59.96012
-62.12134
-61.52235
-59.81851
-59.99757
-59.60742
-59.55568
-58.93228
-60.20532
-60.04143
-60.26383
-60.44456
-61.83091
-60.86856
-62.61859
-61.73666
-62.62733
-65.34144
-66.00851
-61.41008
-56.00523
-55.64587
-55.20411
-57.68679
-58.38571
-59.56050
-58.94945
-56.78829
-56.92086
-57.80799
-59.94422
-58.65780
-58.26273
-59.24489
-58.59344
-58.72920
-58.69220
-57.99316
-60.39519
-61.09764
-61.09592
-60.03066
-61.83739
-62.52356
-59.76463
-60.76782
-62.71612
-64.42795
-64.19344
-62.53711
-64.72661
-69.47353
-65.03247
-64.02770
-65.38799
-65.19306
-64.21044
-63.74298
-66.77339
-67.82717
-66.27012
-68.38210
-66.62183
-66.27679
-66.55770
-68.76203
-69.41047
-71.28360
-66.00874
-58.13089
-56.90090
-58.89583
-59.03070
-58.54151
-57.91232
-57.72843
-59.41656
-59.30983
-60.28252
-59.71560
-59.12946
-59.00748
-60.20700
-60.65512
-61.56126
-61.68449
-60.45621
-61.47456
-60.99600
-60.88662
-60.34949
-61.76364
-61.67272
-60.99933
-61.98004
-62.48650
-62.25962
-63.11209
-64.70381
-64.19412
-63.81265
-64.82245
-64.73351
-65.32631
-64.74265
-64.05110
-63.79035
-63.59033
-63.37206
-63.22419
-65.17347
-65.46723
-66.50925
-66.63146
-66.60627
-66.32262
-66.79543
-66.88457
-67.32379
-66.57169
-66.07019
-66.40183
-67.46054
-67.67654
-67.50700
-66.55726
-59.30721
-58.37859
-58.15409
-56.42236
-57.53291
-60.52290
-62.01667
-59.53028
-59.59335
-59.36769
-57.01036
-58.91865
-60.98436
-60.19137
-60.91772
-61.81471
-64.89008
-62.10282
-62.55073
-63.17740
-61.05798
-62.23958
-61.95752
-63.30150
-63.46979
-63.99407
-63.77677
-64.54695
-67.06278
-66.02938
-65.68812
-66.96542
-67.47366
-66.61727
-65.20870
-63.34968
-64.59476
-65.87230
-65.72689
-65.53585
-66.38670
-66.23495
-66.32539
-67.87365
-69.13825
-68.68503
-67.07260
-68.14649
-68.33921
-69.08492
-69.19089
-67.84796
-67.41310
-68.21450
-68.50484
-67.86309
-67.97131
-68.58923
-68.43152
-67.14499
-67.32829
-68.65822
-68.39502
-68.48545
-68.66732
-69.28374
-71.26362
-69.78650
-69.32617
-70.27168
-70.62908
-69.13682
-71.74989
-69.33671
-63.36633
-60.64879
-59.42114
-59.67866
-59.58947
-60.20082
-60.79173
-62.68429
-62.06946
-61.36378
-61.45628
-59.78465
-59.99865
-61.62026
-63.10823
-60.94058
-60.15192
-60.65588
-60.58297
-60.81656
-62.92810
-65.15688
-66.05987
-65.79529
-65.92384
-65.86375
-65.63229
-67.31581
-66.36264
-66.52272
-66.00261
-65.75443
-65.27214
-64.00618
-63.67036
-64.49255
-64.37250
-63.84470
-63.72308
-64.31658
-66.50321
-66.16668
-66.82493
-66.17349
-65.69944
-66.03229
-66.00404
-67.03208
-68.68918
-68.95377
-67.07593
-67.22530
-67.54453
-68.76568
-68.61948
-67.98790
-66.67657
-67.29396
-67.56409
-68.14416
-70.77961
-69.99926
-71.19124
-69.96569
-69.34296
-69.94240
-70.53959
-70.40737
-69.72110
-69.05866
-69.47785
-71.17710
-71.75389
-71.15382
-71.78174
-72.85554
-72.13158
-72.20245
-73.57870
-74.37236
-73.00886
-71.26130
-71.08376
-72.37134
-72.50474
-72.99052
-72.56336
-72.94383
-72.46693
-72.99722
-74.41225
-73.06598
-71.51935
-73.85577
-75.02176
-74.69166
-75.00597
-75.00185
-76.65161
-75.35506
-76.32052
-75.73512
-76.13078
-75.46455
-76.43648
-76.37442
-76.76111
-76.30260
-74.89018
-76.01578
-77.18348
-77.86367
-77.03530
-78.25792
-81.15884
-81.26102
-79.03305
-78.37474
-76.89382
-75.21047
-76.36788
-77.90385
-77.13892
-78.19086
-76.64765
-78.82504
-78.79630
-83.23141
-79.91492
-86.45613
-66.45882
-59.58689
-60.13946
-59.80263
-60.95443
-62.26747
-62.68917
-61.42424
-60.77158
-62.67400
-63.18779
-61.80634
-61.93369
-62.75032
-62.42131
-63.87891
-64.54745
-65.02311
-64.49751
-64.60664
-65.69849
-65.44679
-64.65309
-64.98085
-67.09792
-66.55791
-65.15803
-65.30484
-66.87397
-66.05042
-65.88935
-68.37757
-68.90736
-68.24833
-68.65770
-68.24844
-68.17100
-68.14543
-66.12146
-67.04189
-67.46199
-66.92404
-68.00287
-68.57997
-68.90162
-68.35732
-70.06137
-72.15439
-73.10605
-72.54047
-71.98412
-69.40794
-67.64779
-66.46032
-63.82120
-62.56232
-63.54441
-65.77800
-65.89976
-65.93909
-66.48362
-67.51093
-66.93767
-67.11713
-65.70633
-64.98515
-66.34246
-68.08620
-67.78912
-67.09553
-67.22993
-66.48293
-67.10128
-66.16248
-69.01435
-69.26968
-67.67759
-68.37956
-69.50042
-69.91621
-68.23889
-68.65512
-69.82887
-70.54015
-69.95267
-68.65178
-69.55059
-70.14570
-68.85732
-69.56215
-70.19655
-70.32562
-72.13026
-72.76196
-72.91945
-72.34095
-70.52096
-73.33459
-73.25669
-73.21315
-73.01805
-72.67034
-73.73039
-73.01077
-73.66770
-73.88957
-75.22652
-74.54555
-73.33529
-72.28759
-72.56513
-72.56024
-72.90986
-73.71825
-74.62642
-74.98737
-74.36818
-75.76944
-74.57266
-74.48859
-75.43676
-76.63093
-76.24032
-77.25294
-77.40378
-74.96441
-75.38698
-76.23252
-79.33031
-79.67504
-81.11300
-75.02958
-70.36144
-71.14802
-71.39835
-71.06576
-72.04197
-71.37951
-69.75685
-70.21687
-72.65395
-74.13071
-73.39682
-73.09550
-73.04097
-71.95083
-72.25522
-73.65459
-73.83808
-75.90322
-74.52105
-72.86332
-74.07738
-75.35376
-74.28902
-71.90416
-71.75568
-73.12066
-73.70886
-73.77063
-74.50702
-74.53621
-74.91529
-76.48340
-78.52027
-78.55980
-76.86232
-77.20892
-76.73181
-77.46077
-78.54797
-78.63177
-78.09074
-77.59805
-78.88287
-80.04348
-81.95463
-80.44053
-84.63796
-71.28466
-66.40830
-68.18692
-70.25342
-70.83568
-70.84425
-72.04669
-73.82261
-75.52204
-74.08070
-73.30234
-73.21475
-70.87367
-69.49582
-72.16372
-74.14487
-74.69094
-72.51639
-71.70079
-72.81138
-74.69715
-73.76515
-74.12241
-76.34049
-75.67852
-76.99142
-75.35477
-73.87827
-73.36210
-75.55462
-73.20489
-76.33892
-78.88610
-77.26751
-70.47547
-68.57573
-69.46405
-68.63669
-71.14162
-71.18699
-73.10038
-69.79192
-68.59983
-68.31136
-69.80015
-71.78622
-70.74193
-71.08830
-71.09659
-72.19149
-71.68798
-71.54954
-71.01310
-73.54815
-74.58982
-73.65521
-73.54769
-75.07265
-75.53078
-73.40556
-75.32014
-76.46861
-76.98618
-76.09430
-74.98614
-79.03709
-78.86170
-77.95762
-78.13420
-77.70420
-78.94117
-77.61111
-76.43880
-78.03059
-78.75717
-78.11645
-78.52476
-77.35310
-77.14887
-77.51819
-80.18494
-80.49350
-84.20811
-72.71628
-66.39434
-67.47940
-68.98658
-69.80907
-70.31643
-70.28681
-72.03036
-72.71567
-73.57705
-73.76036
-72.84762
-71.91623
-71.49448
-70.28572
-70.33793
-73.04427
-71.56336
-71.90989
-73.06475
-74.01021
-73.86274
-72.96455
-74.02916
-73.62202
-73.49399
-73.78497
-73.79232
-74.09441
-76.23190
-76.30071
-76.74638
-76.26492
-76.40905
-78.14252
-77.72393
-77.77258
-78.17492
-77.99419
-75.61089
-74.17225
-75.69589
-76.13986
-75.96903
-76.37254
-76.27654
-77.98159
-79.36922
-79.40883
-79.39005
-79.20470
-77.84937
-77.35228
-77.62547
-79.15537
-78.62838
-79.88602
-73.78029
-69.44999
-68.83566
-67.22996
-66.94641
-67.94961
-68.71423
-69.05423
-70.49126
-71.71323
-71.35893
-70.64100
-70.74268
-69.95989
-70.89129
-70.20946
-70.64165
-73.65000
-72.07644
-73.92522
-72.11636
-70.20254
-70.78010
-72.05914
-73.02140
-72.56830
-72.12190
-72.25103
-75.05169
-75.44559
-74.55989
-75.44273
-77.72371
-77.93829
-77.23423
-74.75043
-74.47654
-76.39890
-75.74083
-75.33253
-74.68995
-74.65742
-74.97177
-75.92689
-79.05031
-80.17771
-79.41979
-79.78215
-79.51687
-81.49962
-80.90406
-80.11342
-78.71766
-77.43411
-79.61070
-81.08604
-81.60421
-81.70309
-82.77687
-81.34492
-80.38476
-80.85506
-80.54102
-82.63591
-81.69421
-79.65985
-81.38654
-79.80713
-77.67527
-79.85092
-81.93795
-79.70403
-80.54238
-83.94201
-79.72143
-74.22011
-71.06875
-71.27122
-71.44373
-70.34790
-69.81998
-70.16185
-71.68648
-71.96760
-70.19372
-70.19453
-71.01858
-70.26008
-70.28523
-70.96012
-72.71063
-74.54650
-74.22178
-72.60178
-73.21005
-72.90081
-73.52391
-75.60397
-73.83353
-73.83136
-73.78567
-73.49443
-74.09175
-72.80038
-73.77823
-75.57642
-74.25610
-72.95869
-71.91462
-71.88889
-72.78775
-73.80494
-73.96658
-74.69642
-75.22637
-77.22588
-77.05029
-78.36853
-78.82919
-78.14331
-79.81558
-77.41974
-76.69119
-76.99700
-75.66394
-74.42859
-75.74559
-76.77194
-77.88627
-77.48008
-76.88525
-78.26287
-78.76680
-77.67230
-79.91293
-81.01251
-80.85125
-80.21909
-78.39543
-79.50995
-79.26682
-78.57327
-77.79142
-78.06376
-79.58344
-81.11359
-81.98645
-80.28038
-79.38097
-81.90235
-80.68659
-80.07551
-82.03288
-83.04845
-81.66202
-82.79459
-82.38147
-81.16525
-80.65370
-80.21361
-82.02918
-81.13161
-82.37292
-82.22673
-82.73250
-83.59786
-80.87656
-80.80274
-83.80475
-82.19179
-85.23652
-86.00857
-83.75612
-83.45247
-82.40665
-84.75878
-83.62359
-82.60720
-81.38393
-83.55848
-84.81287
-85.12231
-84.84471
-83.08875
-82.21966
-83.62526
-84.42922
-84.23629
-85.80279
-87.95922
-85.93636
-85.26299
-83.10919
-81.55902
-82.40113
-85.81931
-87.62021
-85.71577
-85.06640
-84.08576
-84.85763
-84.53290
-89.10532
-85.61462
-86.70872
-69.91991
-65.68993
-65.63345
-65.39668
-66.80213
-67.36387
-67.77236
-67.06221
-69.60309
-70.08278
-69.09985
-69.35531
-70.40382
-69.43211
-68.22999
-69.82366
-70.09608
-72.76490
-71.73417
-70.57421
-71.17149
-71.49546
-71.67061
-71.57352
-72.02995
-71.19933
-71.60209
-72.75046
-74.12514
-74.06580
-73.39339
-73.74481
-74.81353
-72.61515
-73.76971
-73.78559
-73.38664
-75.34502
-74.52187
-77.28908
-75.00173
-75.70186
-77.57841
-77.04615
-75.08578
-74.78279
-74.98972
-77.32136
-79.31186
-79.85589
-78.26679
-71.40895
-68.57264
-66.59158
-66.17043
-67.45683
-67.97834
-67.41713
-68.25024
-70.24456
-72.09207
-70.05372
-71.08854
-72.27186
-69.83851
-69.01337
-72.08672
-70.45697
-69.99216
-72.29630
-71.92129
-74.59812
-71.29739
-72.76496
-72.77682
-71.59366
-71.17313
-71.22433
-72.44802
-75.55650
-76.75905
-74.74804
-72.89638
-70.41778
-70.57671
-72.59677
-75.42603
-74.40744
-74.58454
-73.35921
-72.59453
-71.40261
-71.41951
-71.04687
-71.94916
-75.56947
-76.25776
-74.54343
-76.19467
-79.51356
-78.52556
-77.75155
-76.33252
-74.68105
-73.92201
-75.72770
-76.53796
-78.44760
-78.64972
-78.39968
-77.90350
-77.91621
-78.24088
-78.82786
-79.47956
-79.00411
-79.97154
-76.89024
-75.85637
-77.74246
-79.36676
-82.67680
-84.18154
-82.21953
-80.21307
-76.58918
-76.33787
-78.45655
-79.73310
-81.65384
-81.91129
-77.93731
-77.31265
-76.54133
-76.47074
-78.95143
-78.15486
-77.59487
-76.93739
-77.61103
-77.11041
-77.55143
-79.33009
-80.49120
-80.43025
-79.56744
-80.96161
-78.51771
-76.62250
-77.23603
-76.08799
-74.46195
-73.68712
-74.21590
-76.38925
-78.19337
-80.15874
-79.11628
-80.63777
-80.65600
-81.07527
-80.98190
-80.77926
-79.70633
-74.20797
-73.19619
-72.86434
-72.17959
-72.15548
-72.21336
-73.07858
-75.26247
-77.47248
-78.96435
-79.81708
-80.18132
-79.09625
-78.73721
-77.46444
-78.37155
-73.50537
-69.68840
-68.82721
-68.17920
-68.76012
-69.68350
-71.39834
-73.54725
-75.26926
-74.51984
-74.62383
-72.37271
-73.02472
-75.20948
-74.36453
-75.06403
-73.96962
-72.08286
-70.54203
-70.45514
-70.77311
-70.87366
-71.46307
-71.74394
-71.07241
-70.89064
-71.14954
-72.53316
-72.55922
-72.13207
-71.97919
-71.82735
-73.51807
-70.85829
-69.04422
-67.58098
-66.04698
-67.25225
-68.61653
-69.25013
-71.02709
-71.33802
-71.25516
-72.12712
-69.57177
-69.80411
-73.38765
-72.10020
-72.21195
-76.05869
-73.79061
-74.12661
-73.65192
-69.80250
-70.99658
-74.81006
-74.60753
-74.05393
-74.06267
-73.50193
-72.45119
-73.22915
-75.73761
-75.46215
-76.93610
-76.73903
-78.47699
-76.44276
-74.90851
-75.40828
-74.53928
-76.83062
-77.40323
-77.70996
-81.92115
-79.86709
-74.70915
-75.13215
-76.43361
-78.80996
-81.19612
-82.30795
-83.10897
-84.26016
-83.27740
-81.73384
-83.75112
-82.89531
-83.23805
-83.62131
-86.54593
-87.55327
-85.74399
-85.92571
-85.23128
-87.17263
-86.76170
-87.37634
-89.82500
-88.98500
-89.67658
-88.39792
-87.38064
-86.95309
-87.22387
-89.75982
-92.07769
-92.47862
-92.37020
-91.39880
-88.84982
-89.93497
-92.63964
-94.45335
-94.12989
-96.74441
-97.24692
-95.14688
-93.46270
-92.08663
-91.85987
-91.69767
-97.27298
-98.96132
-101.40045
-99.01925
-96.97750
-96.74204
-96.47191
-97.65680
-97.85695
-102.52537
-102.07669
-103.42170
-100.45204
-98.18612
-99.63009
-103.03367
-103.14897
-105.01745
-106.86400
-103.52682
-106.21483
-104.86483
-107.51606
-107.46361
-104.87156
-107.76248
-110.99805
-107.84401
-104.20853
-107.59656
-108.76020
-109.88501
-111.40252
-113.41169
-110.10677
-109.84402
-112.11600
-109.62006
-114.67215
-117.35492
-119.62896
-121.51762
-121.22911
-121.04958
-123.79846
-123.06960
-124.30275
-129.69710
-131.90441
-133.37050
-136.35648
-136.76599
-136.23079
-141.40558
-139.57684
-143.86383
-140.53694
-146.55691
-142.20379
-147.38920
-142.21381
