-100.41724
-82.33199
-76.61769
-78.49338
-77.96981
-79.14861
-79.63437
-80.28172
-80.93075
-81.35495
-81.93921
-82.95048
-82.91936
-83.96867
-84.57569
-84.86647
-85.89799
-86.04187
-87.13638
-86.93461
-87.67776
-87.41325
-87.73613
-82.05632
-80.72365
-80.83167
-80.47297
-80.29035
-79.76630
-79.63246
-78.83286
-82.44852
-87.96696
-87.29937
-78.98554
-77.51263
-78.39858
-78.71692
-79.52208
-79.68719
-80.79051
-80.33173
-81.56329
-81.02571
-81.56175
-81.33447
-80.86472
-81.00458
-80.76726
-80.36505
-80.40964
-80.05049
-79.86253
-82.31956
-84.30747
-83.61851
-82.23727
-83.47873
-84.18422
-85.64669
-84.69758
-85.33571
-84.37850
-83.52384
-82.79893
-82.80858
-82.97268
-77.39196
-78.93438
-81.85231
-81.05389
-82.60862
-82.90986
-83.12702
-84.96110
-84.71604
-85.60122
-89.06600
-88.92089
-90.00228
-89.95412
-89.67907
-87.78905
-87.86164
-85.62282
-85.90922
-84.08962
-86.32007
-85.23628
-81.10017
-82.79470
-83.84663
-83.13189
-83.34898
-83.30077
-82.62071
-82.64306
-82.07288
-81.46609
-75.35287
-75.09198
-76.03926
-75.85028
-77.47390
-77.68208
-78.97037
-79.21304
-80.28164
-80.38033
-81.58919
-80.39456
-80.54274
-81.50097
-81.60319
-81.68955
-81.80433
-81.78886
-81.83426
-82.18133
-82.12801
-82.71959
-79.31526
-80.54153
-81.33029
-82.71374
-85.25101
-88.67817
-90.82568
-89.68782
-88.37441
-85.63798
-84.37155
-75.73818
-74.65514
-76.65350
-78.59892
-79.87214
-79.99146
-81.55721
-81.72164
-82.38172
-82.67474
-84.29428
-86.51223
-85.97682
-85.20469
-85.81506
-83.65867
-83.43559
-82.11170
-81.63412
-80.60865
-80.62964
-79.40145
-77.69604
-77.50157
-80.06024
-82.53687
-83.75896
-85.87624
-86.68816
-88.37983
-88.37651
-87.32915
-85.85681
-76.50522
-74.51046
-76.84353
-75.37185
-76.42220
-77.12226
-77.59598
-77.76788
-78.28791
-77.87599
-79.72928
-80.74552
-82.12603
-82.06936
-85.01191
-83.36161
-85.15794
-82.97472
-84.33288
-82.47801
-83.67708
-81.68798
-78.84945
-79.56636
-79.25745
-80.98068
-80.45151
-84.86651
-79.19968
-86.85190
-77.02850
-133.60974
-65.89460
-59.15807
-61.89201
-63.56706
-68.40615
-74.91587
-77.09916
-81.89955
-77.82205
-85.09694
-78.47289
-85.71986
-77.25403
-86.19595
-77.24140
-95.10535
-71.75177
-56.03951
-57.34724
-61.96248
-65.62680
-72.06559
-75.77973
-78.06441
-81.13946
-77.08363
-93.21456
-62.01203
-56.49163
-62.79232
-66.58701
-72.90026
-80.56320
-65.04938
-60.03761
-62.14220
-64.28961
-70.89629
-74.48308
-75.75962
-78.84946
-78.52841
-82.98983
-77.36577
-85.73983
-75.63175
-91.06382
-74.81133
-83.14146
-64.12444
-55.70472
-58.72571
-62.78712
-66.43484
-73.24280
-77.55115
-80.91917
-80.14669
-80.11367
-84.52984
-58.76047
-57.73066
-65.90465
-67.73251
-76.25738
-74.72192
-61.31771
-59.63292
-63.12866
-65.23367
-74.15642
-73.13990
-78.54666
-75.11039
-78.99125
-81.66990
-81.91889
-88.86903
-82.16871
-134.13475
-78.70737
-80.27643
-60.20533
-56.64232
-60.53724
-63.48378
-68.25745
-74.25935
-78.61304
-87.86261
-80.17182
-102.58568
-72.63780
-55.96371
-58.43427
-66.32885
-67.88419
-79.34735
-70.03329
-60.39947
-60.29724
-63.93886
-67.03302
-76.81665
-75.18993
-86.55443
-77.09644
-88.86658
-79.78745
-87.75405
-78.99462
-84.12191
-80.09235
-82.25421
-80.65077
-56.54805
-56.60146
-61.71199
-64.48605
-71.17477
-75.64949
-77.83656
-85.54226
-77.80715
-85.67963
-64.93353
-56.02551
-60.46015
-65.76519
-70.50959
-81.72138
-66.30982
-59.57648
-60.99893
-63.89647
-68.97128
-74.75471
-73.98917
-78.73819
-74.58462
-80.22827
-74.37195
-81.90750
-75.95716
-99.80186
-76.84323
-87.32635
-68.67185
-55.77514
-57.90213
-62.49041
-65.91445
-72.76456
-77.11540
-80.51800
-85.86639
-79.01882
-87.93447
-60.77943
-56.73060
-63.39985
-66.31848
-73.33860
-78.43253
-63.43080
-59.69503
-62.66997
-64.42153
-71.60862
-74.64646
-77.79128
-78.93508
-77.54144
-81.15947
-76.72396
-83.36384
-74.86222
-88.89225
-74.25047
-81.30010
-61.99399
-55.41481
-58.98516
-62.46285
-67.87313
-73.67289
-77.45933
-81.80690
-80.08629
-82.82889
-80.26646
-57.70755
-57.49707
-65.16871
-67.32986
-79.04329
-72.32977
-62.12353
-60.13900
-63.13534
-66.15650
-74.12179
-74.11122
-77.87211
-74.72729
-77.50754
-77.04736
-78.91515
-80.66191
-79.47321
-85.11053
-75.14299
-94.28612
-58.97079
-56.04425
-60.69296
-63.40041
-69.71577
-76.13544
-78.30151
-86.63888
-79.06985
-91.18344
-69.88674
-56.89166
-59.60693
-65.98090
-68.06447
-82.43741
-68.13534
-59.75382
-60.79972
-63.77683
-67.69120
-74.43445
-73.13760
-79.57314
-74.06373
-80.77254
-74.54034
-82.01079
-76.79882
-84.01534
-76.63285
-82.49571
-73.88908
-56.16410
-56.69509
-61.50124
-65.14758
-71.55914
-75.71437
-76.99983
-81.42765
-75.78517
-92.84803
-63.19100
-56.04764
-61.55489
-66.57398
-70.95119
-82.49230
-64.26997
-59.32124
-61.84629
-63.86119
-69.64196
-72.36074
-73.68622
-76.96762
-74.47747
-79.32545
-74.34313
-81.26340
-73.59756
-82.78476
-72.74700
-98.34550
-64.98802
-55.59790
-58.00662
-62.15133
-66.99078
-73.78132
-76.22981
-78.63007
-79.39090
-77.50804
-89.95753
-59.51462
-57.02996
-63.65594
-66.72498
-74.20366
-77.18850
-62.41101
-59.17887
-62.89908
-65.01721
-73.10752
-73.28297
-77.12241
-76.55936
-79.14621
-80.95752
-78.47418
-82.14881
-75.26158
-86.27839
-72.88738
-85.98618
-60.15749
-55.44900
-59.84632
-63.24426
-68.66922
-74.10883
-77.43286
-80.98771
-77.57528
-84.98355
-75.12078
-57.57022
-58.25698
-65.71331
-67.96666
-80.83523
-71.26747
-60.29557
-59.80703
-62.90970
-65.92248
-72.39453
-71.10850
-75.45677
-72.27229
-76.19827
-74.51492
-77.38088
-74.21121
-74.89264
-75.13100
-73.56274
-78.78307
-57.62460
-56.26293
-60.90520
-63.70283
-69.71019
-74.97150
-76.54317
-80.11795
-75.03199
-92.25533
-66.33759
-56.45658
-60.13909
-65.90936
-68.86562
-82.90910
-66.43473
-59.66316
-60.67452
-63.51936
-68.03514
-73.11414
-72.37642
-76.17391
-72.94468
-77.41904
-72.87137
-77.41008
-72.85920
-78.35944
-72.74666
-80.26824
-68.74915
-55.90775
-57.45168
-61.52748
-65.35722
-71.06338
-73.92136
-75.26319
-78.20237
-75.68657
-109.36876
-61.73279
-56.40263
-62.79047
-66.81700
-71.54165
-78.85814
-63.85307
-59.22969
-61.76466
-63.75932
-68.96193
-71.16104
-74.25997
-78.14169
-76.72529
-80.64848
-73.97575
-76.76124
-71.61599
-76.72453
-70.42802
-92.65915
-63.30307
-55.73858
-58.71184
-62.28450
-66.65012
-72.04749
-72.69064
-73.21360
-72.76439
-73.36422
-79.30569
-58.52868
-57.24059
-64.33788
-67.46321
-76.06711
-75.25320
-61.63678
-58.99275
-62.62065
-64.66238
-71.83459
-70.87252
-74.69857
-74.19100
-77.44665
-78.70140
-78.60053
-77.65143
-73.25403
-75.96754
-70.73998
-83.65909
-59.05456
-55.80576
-60.13887
-63.27187
-68.44837
-74.46464
-74.01470
-77.22107
-73.96314
-79.34255
-70.54892
-57.09182
-59.10679
-65.97490
-68.20676
-80.97763
-70.33367
-59.58047
-60.18858
-63.43354
-65.80880
-74.74575
-72.60345
-80.02617
-74.10351
-79.82099
-74.21359
-78.61502
-75.57046
-78.39270
-76.66695
-78.88015
-79.41296
-57.07713
-56.72464
-61.38923
-64.90262
-71.12384
-74.69510
-74.67376
-80.28245
-76.79329
-83.55401
-65.18075
-56.08904
-61.20427
-66.34256
-70.12609
-80.86125
-65.34624
-59.43032
-60.92479
-63.37825
-68.27762
-73.53503
-73.10955
-77.67320
-74.39759
-81.67627
-75.58326
-81.94118
-73.18788
-83.49990
-74.30653
-91.93254
-68.26003
-55.97917
-58.04657
-62.00372
-66.09778
-71.84388
-76.91674
-79.85856
-84.09264
-77.96219
-106.81854
-60.87487
-56.88448
-63.51708
-66.45268
-73.26310
-78.29490
-62.80640
-58.88436
-61.73553
-64.26536
-70.89861
-72.69259
-75.30857
-77.08094
-77.19395
-81.44300
-77.44496
-80.48451
-74.77883
-87.67513
-73.43499
-85.75554
-61.99451
-55.53261
-59.56890
-62.89977
-67.42562
-73.96541
-77.14796
-82.29012
-79.51973
-80.84367
-77.41247
-58.02932
-57.73798
-65.68380
-67.19693
-75.88476
-73.11256
-60.67202
-59.29345
-62.48952
-64.72822
-72.34949
-71.76257
-76.19565
-73.90656
-75.53470
-73.62417
-75.58036
-76.21638
-76.15930
-81.11483
-75.38029
-111.77959
-58.66992
-55.92310
-60.73373
-64.26578
-69.60567
-75.16821
-74.96221
-79.96935
-75.76007
-87.79829
-68.72392
-56.76638
-59.92150
-66.40975
-68.62189
-76.40707
-67.99157
-59.49112
-59.84011
-63.64133
-66.63276
-72.38687
-70.39628
-73.24263
-70.78260
-75.49134
-73.64272
-79.72771
-74.44866
-81.32990
-76.15039
-82.69493
-72.10876
-56.81504
-57.33059
-61.15214
-64.92174
-70.59222
-74.73558
-74.05060
-77.85956
-73.78466
-87.27251
-62.59785
-56.22089
-61.81046
-66.40086
-70.53887
-74.75454
-64.21954
-59.28455
-61.17385
-63.36117
-67.64203
-70.26010
-71.00807
-73.54770
-71.80472
-74.98783
-71.28379
-76.69623
-71.66664
-79.10509
-71.64486
-87.67195
-63.62384
-55.28309
-58.64382
-61.87264
-64.55349
-69.01105
-70.22113
-72.35894
-75.20737
-73.17046
-79.37222
-59.29475
-57.01359
-63.83247
-66.29898
-70.98735
-70.05990
-60.57901
-58.48293
-62.30740
-63.72271
-68.64600
-69.26321
-71.15451
-70.58519
-71.25580
-71.76013
-68.87869
-70.04298
-70.66865
-75.87824
-70.84462
-102.60622
-60.30282
-55.64997
-60.10662
-63.20085
-68.02462
-70.40439
-68.98188
-70.97807
-71.01088
-74.26911
-72.87960
-57.68288
-58.23851
-65.74482
-67.69832
-77.39937
-68.75570
-60.19324
-59.49593
-62.69558
-65.03763
-68.94291
-69.31703
-71.32069
-70.42477
-71.66608
-70.77468
-72.56890
-69.72655
-70.08148
-69.71032
-69.18669
-73.50767
-57.61408
-56.78975
-61.32613
-63.73747
-69.51446
-73.35600
-73.29051
-74.38050
-71.64589
-76.45620
-65.03226
-56.40025
-60.21473
-66.18100
-68.63799
-76.44645
-66.33327
-59.08850
-59.78516
-63.14632
-65.54699
-68.40137
-67.45142
-69.78979
-68.57679
-72.30347
-70.44089
-73.67831
-70.14884
-74.63246
-71.20086
-76.02145
-68.16155
-55.86425
-57.24701
-61.29224
-65.27774
-71.03650
-72.23441
-71.30407
-72.40296
-70.06884
-77.37048
-61.04618
-56.72612
-62.55014
-66.27141
-69.83250
-73.43164
-62.74691
-58.49194
-61.74048
-63.69556
-67.98253
-68.36369
-69.63920
-68.78874
-69.70981
-72.83968
-71.93348
-74.54668
-73.42823
-74.53205
-73.44563
-75.67286
-73.71818
-77.01247
-74.86536
-78.46326
-74.16983
-77.54419
-72.85295
-72.60765
-72.82273
-74.32240
-73.20210
-73.40217
-73.20449
-72.78998
-75.27989
-73.97057
-80.38666
-54.27143
-51.76251
-54.78772
-55.15707
-57.02426
-56.65129
-58.23192
-58.34284
-59.55599
-60.86013
-61.57221
-62.60028
-62.76726
-64.42679
-64.13830
-69.43787
-57.62108
-55.19243
-59.42218
-62.28991
-67.44423
-69.73986
-68.74818
-71.09632
-68.86798
-72.60980
-66.52751
-57.24371
-58.67673
-66.58452
-66.54085
-78.94305
-67.29045
-52.77554
-53.32516
-54.52748
-54.49298
-56.92256
-56.48039
-58.24555
-58.53470
-61.22369
-61.77081
-63.18933
-62.21449
-63.86778
-63.83393
-65.26949
-65.97574
-55.91824
-56.40934
-60.53814
-63.87008
-69.29092
-69.97473
-71.89495
-74.33108
-70.39639
-78.75044
-63.30291
-56.55069
-60.37326
-67.17991
-67.08400
-92.12289
-60.33426
-52.06108
-53.82443
-55.29771
-56.43309
-56.80004
-57.54733
-58.33720
-59.15889
-60.65526
-60.83127
-63.39770
-62.55874
-66.46185
-64.16593
-69.93609
-62.45427
-55.23396
-57.29932
-59.84089
-63.36176
-66.90466
-66.07431
-67.42470
-68.05558
-67.93892
-71.19027
-59.34114
-56.84804
-62.81981
-65.67599
-68.28669
-75.08618
-56.35178
-52.55140
-54.48611
-54.61612
-56.52962
-56.70233
-58.05954
-58.66144
-60.11168
-61.65455
-61.80463
-62.64645
-63.09093
-65.30698
-63.46743
-68.96609
-59.73064
-55.86039
-58.56896
-62.00758
-65.66475
-68.70019
-68.70314
-70.69993
-69.10801
-70.79736
-69.05839
-57.75532
-57.94419
-65.20944
-66.58970
-74.18862
-69.88974
-54.64610
-53.39266
-54.74011
-55.46666
-57.20527
-57.27235
-58.90217
-58.26151
-60.25612
-60.67230
-62.22733
-62.18470
-63.79750
-65.79526
-65.62779
-69.29077
-58.36149
-56.27377
-59.86147
-63.82821
-67.15728
-70.86380
-70.03027
-72.44375
-69.62424
-74.95673
-66.02361
-56.80120
-59.69861
-66.26211
-67.77771
-83.67175
-64.86400
-55.01946
-55.79942
-57.22118
-57.91707
-58.97232
-58.89363
-61.18134
-61.07020
-62.89650
-62.87490
-64.60264
-64.28073
-66.94815
-66.78206
-68.76800
-67.39508
-56.35040
-56.93648
-61.26965
-64.66358
-69.70047
-72.20551
-72.26982
-76.08078
-72.44966
-86.94945
-62.46470
-56.46137
-61.68259
-66.76878
-70.40185
-80.69102
-60.61280
-51.75399
-53.59592
-56.04566
-55.21844
-55.59095
-56.96029
-58.26696
-58.13201
-60.14842
-60.10663
-62.48931
-61.58613
-64.25207
-63.17857
-67.33224
-60.99989
-55.36104
-58.59401
-62.87996
-66.33936
-68.13685
-69.78147
-71.96486
-73.73245
-69.29023
-72.72383
-59.11130
-57.30429
-63.13914
-67.01778
-67.70129
-72.86649
-57.12095
-51.95228
-56.38547
-55.51635
-54.90373
-55.72127
-56.99783
-58.49197
-59.22702
-60.58112
-60.79804
-61.52472
-62.21738
-63.98092
-63.10538
-69.02377
-58.27281
-55.50528
-59.99594
-63.74507
-65.48292
-67.67103
-69.96987
-71.32826
-70.18160
-72.51121
-69.60021
-57.19525
-58.66494
-64.87374
-66.70090
-70.97963
-69.91335
-55.09478
-52.97051
-56.41368
-54.51091
-55.30488
-56.26836
-58.40833
-58.50304
-59.62752
-60.62222
-62.02322
-62.64302
-63.58807
-64.51351
-64.22017
-66.90395
-57.12878
-57.24102
-61.66923
-64.40415
-66.34794
-69.18655
-70.57478
-73.38333
-69.59441
-76.96079
-64.67080
-56.56765
-60.65983
-66.16788
-68.92402
-73.51975
-66.08666
-53.79391
-54.87903
-57.19831
-54.70548
-55.85355
-56.50730
-58.60586
-58.29385
-59.84596
-60.13736
-61.61255
-61.91186
-64.02679
-64.34557
-66.44627
-64.39961
-56.09509
-57.98253
-63.64074
-65.28515
-67.72929
-70.12970
-72.43949
-73.27309
-72.42301
-80.72011
-61.66329
-56.45619
-62.90667
-65.98446
-72.06661
-74.28758
-60.33549
-51.79036
-51.96189
-56.31862
-55.11822
-56.37056
-57.38649
-58.27720
-58.98958
-60.62453
-60.52474
-62.99403
-61.80393
-64.66841
-63.29128
-68.96586
-60.62854
-55.64855
-59.31200
-60.51725
-67.64101
-69.04713
-69.16809
-70.77081
-71.62275
-71.18066
-75.39436
-58.56047
-57.55557
-64.10284
-68.98446
-70.95401
-117.23094
-53.08587
-50.88781
-55.70371
-52.87147
-56.26177
-56.21035
-57.96142
-57.96566
-59.73656
-60.30094
-61.13804
-62.50682
-62.98611
-65.21171
-64.13109
-68.54584
-58.09544
-56.04494
-58.83894
-64.90466
-66.56884
-70.41075
-70.21381
-72.31984
-70.57631
-73.28571
-68.02511
-56.66553
-58.96971
-65.63130
-68.25457
-75.30958
-72.36286
-54.79127
-52.55817
-54.54417
-54.88090
-56.93900
-56.59768
-58.32255
-58.80136
-60.40591
-60.35046
-61.46320
-62.00339
-63.31665
-64.16016
-64.39039
-64.76373
-57.16358
-56.40041
-59.67601
-63.47524
-65.83330
-68.63459
-67.46347
-69.77962
-67.35092
-71.91195
-61.86145
-56.40806
-60.89617
-65.70402
-68.09758
-75.99121
-62.94504
-53.11137
-53.58231
-54.99124
-55.47959
-57.16615
-57.80085
-59.22355
-59.48332
-60.81513
-60.70398
-62.71504
-62.65102
-65.18171
-63.99898
-67.23620
-62.98759
-55.84864
-57.62003
-61.11535
-63.46234
-67.65155
-68.36764
-68.81985
-69.68052
-67.96468
-71.88770
-59.39819
-56.91216
-62.45152
-66.95559
-67.39848
-76.12016
-57.35617
-51.66690
-54.50318
-55.24856
-56.72552
-57.08693
-58.68240
-59.06853
-59.74282
-61.16397
-61.14922
-63.69612
-62.89584
-66.45216
-63.95242
-70.98855
-59.51987
-54.80885
-58.65714
-60.85677
-63.61841
-66.23369
-65.80390
-68.11022
-66.51098
-67.57499
-67.27497
-57.43427
-57.80561
-64.55959
-65.44657
-67.68719
-67.75972
-53.38185
-51.88350
-54.72275
-54.22994
-56.92138
-56.27053
-57.90829
-58.93534
-59.97717
-60.61549
-61.86970
-62.28806
-62.70320
-65.12614
-63.74559
-68.04505
-56.47191
-55.47922
-60.29792
-62.56391
-66.74106
-67.37986
-66.66649
-68.24869
-66.50834
-70.08687
-64.34821
-56.97478
-59.57531
-65.98559
-65.41929
-73.29149
-63.14459
-51.80262
-53.15850
-54.72769
-54.79294
-57.24376
-57.04050
-59.45989
-59.25796
-60.78785
-60.48347
-63.33734
-62.04589
-63.72908
-64.13897
-65.71347
-65.35060
-55.58843
-56.88893
-60.61863
-63.90762
-68.86715
-69.31537
-70.13574
-71.24545
-68.37172
-73.96151
-61.58665
-56.36723
-61.59444
-66.37622
-68.83401
-74.07420
-61.91482
-54.31912
-55.76562
-56.93409
-57.74008
-59.30203
-59.66963
-61.44300
-61.51184
-63.27387
-63.32357
-65.76805
-64.29443
-67.10961
-65.66679
-71.04396
-62.45356
-55.73011
-58.35320
-61.54392
-65.30270
-69.74323
-70.01578
-70.31757
-69.43964
-68.77872
-72.58027
-59.08270
-56.98274
-63.94637
-66.10141
-70.45581
-71.00342
-57.27863
-53.70584
-53.06542
-52.14534
-54.76168
-56.34531
-57.30378
-58.19735
-59.26854
-60.50109
-60.86407
-62.17509
-62.12163
-64.00981
-63.10527
-67.26565
-58.49552
-55.49549
-58.72801
-60.42420
-64.89476
-69.05384
-68.72850
-70.68770
-69.09849
-69.35828
-67.17012
-57.35907
-58.32721
-64.66756
-66.38470
-72.58151
-67.82816
-56.45765
-53.79385
-52.94528
-53.15804
-55.95265
-56.44600
-58.12795
-58.38101
-60.17666
-60.90543
-62.14994
-62.57858
-63.53421
-63.96019
-65.17203
-66.76141
-56.86253
-56.94964
-59.32609
-61.15747
-66.72504
-69.86374
-68.46487
-69.92028
-68.90451
-74.04683
-64.14048
-56.50186
-60.35411
-65.87091
-67.04033
-74.03829
-63.50649
-53.96618
-52.65257
-52.49208
-53.86823
-56.37965
-56.59819
-57.84291
-58.13263
-60.12907
-60.34584
-62.16981
-62.02891
-64.54177
-63.67761
-66.26186
-63.78759
-55.88893
-57.02842
-59.35217
-62.29746
-68.05270
-69.22453
-68.49829
-69.92890
-68.57342
-74.27053
-60.75170
-56.65370
-62.42340
-66.56493
-69.24741
-74.70340
-59.91732
-52.23738
-51.67905
-52.06071
-54.71631
-56.94839
-57.44774
-58.60862
-58.95116
-60.38959
-60.25304
-62.89107
-62.48600
-65.29954
-63.74659
-68.69141
-60.46182
-55.56117
-58.03888
-60.47173
-64.59872
-71.58823
-69.58763
-70.35450
-70.68021
-71.65044
-72.95300
-58.61357
-57.48472
-64.31452
-67.09297
-71.32633
-77.32062
-54.43169
-53.76429
-53.48047
-53.00684
-56.39037
-55.81439
-58.07191
-57.56759
-59.65466
-59.82118
-61.21666
-62.05018
-63.07092
-64.35753
-64.44515
-68.23641
-58.12808
-54.63054
-60.65848
-62.71458
-65.28180
-71.22462
-67.71194
-71.85822
-69.80232
-77.07586
-68.19543
-57.23730
-58.75667
-66.30376
-67.31313
-78.45322
-67.11741
-56.41050
-51.05070
-53.53090
-55.80698
-55.24596
-56.77853
-57.50434
-58.41635
-59.21702
-60.71522
-61.43909
-62.79906
-64.17381
-64.94717
-65.57001
-66.62348
-56.28127
-58.02163
-60.03844
-62.35056
-69.99045
-66.94980
-69.25205
-68.99313
-67.94335
-70.43297
-62.58019
-56.17087
-61.21971
-66.44430
-68.97228
-77.21680
-63.85447
-53.55344
-52.99187
-54.89418
-55.39744
-56.98291
-57.39234
-58.83458
-58.73891
-61.10825
-61.02270
-62.75218
-62.18913
-63.99648
-63.30814
-66.34608
-62.66366
-55.58926
-57.80363
-60.19833
-64.08133
-67.26328
-67.42625
-67.83678
-68.42507
-67.32913
-71.22935
-59.48018
-56.75043
-62.83494
-66.16219
-69.08894
-74.38359
-60.50369
-53.15411
-54.13267
-54.95660
-55.94019
-56.64645
-57.80950
-58.44029
-59.33635
-60.92260
-60.81976
-62.73404
-62.25226
-65.33203
-63.39460
-68.32036
-60.20203
-55.91476
-58.60615
-61.49241
-65.64065
-67.31820
-67.46145
-68.22872
-67.89034
-68.20941
-68.49440
-57.09468
-57.95307
-64.03315
-66.03556
-67.90609
-68.95066
-58.41539
-53.11138
-54.84586
-54.84537
-56.70847
-57.20163
-58.56681
-59.23738
-60.31071
-61.48509
-61.80008
-63.75503
-64.02428
-66.04147
-64.95448
-69.07358
-57.96562
-56.22580
-59.14114
-62.28291
-65.39879
-67.36647
-67.06490
-68.63065
-66.79091
-70.16428
-64.15895
-56.27516
-60.35270
-64.46953
-66.65196
-68.73546
-67.19603
-54.93946
-52.92162
-54.97006
-55.10533
-56.51150
-57.07335
-59.57131
-59.73597
-61.20367
-60.39665
-62.31140
-62.23045
-64.05918
-64.56077
-66.43761
-65.69992
-56.93359
-56.57475
-59.97441
-63.63744
-66.44576
-69.13320
-67.49352
-70.65366
-67.63075
-74.96380
-60.87303
-56.78437
-61.67141
-65.80467
-69.25586
-74.40166
-62.21183
-52.71561
-53.70119
-54.91504
-55.49013
-56.39092
-57.04444
-58.71282
-59.08171
-61.20415
-61.04608
-63.11847
-62.37301
-64.33898
-63.41027
-66.50412
-62.04058
-55.98137
-57.60092
-62.25635
-64.63281
-67.69408
-71.28277
-72.24881
-73.68900
-71.00985
-75.06641
-58.57084
-57.01144
-64.13000
-65.82081
-73.45376
-77.16954
-57.05306
-53.52293
-56.15672
-57.03694
-59.03992
-59.21042
-60.93345
-61.53691
-62.54733
-63.15975
-63.99550
-65.34828
-64.93877
-67.63341
-65.33181
-71.12903
-59.59204
-55.64052
-58.87725
-62.73798
-66.23405
-70.91856
-69.95927
-75.36126
-72.76459
-77.64981
-71.34577
-57.47352
-58.32205
-65.98366
-67.50905
-77.52382
-71.05559
-51.25959
-49.69257
-53.51754
-55.16544
-56.58531
-55.77790
-57.49198
-57.72860
-59.69490
-59.64181
-60.90541
-61.94412
-62.79723
-63.53880
-64.01467
-66.03192
-56.30296
-55.21582
-59.11453
-63.69154
-68.51763
-68.60437
-68.94169
-74.67462
-69.51176
-73.63238
-63.07603
-56.62035
-59.80484
-66.39567
-66.11839
-78.69369
-60.26774
-49.85745
-51.41862
-54.44696
-55.61299
-55.93972
-55.77789
-57.87303
-58.02845
-59.49147
-59.44538
-61.65423
-61.41265
-63.75009
-63.16153
-66.31437
-63.02573
-55.35707
-56.41592
-60.84397
-65.68111
-68.68387
-67.45059
-67.97458
-69.82071
-68.27283
-75.44867
-60.69621
-56.58445
-61.77111
-66.71025
-67.06512
-93.96765
-56.04400
-49.02521
-52.17503
-54.92990
-56.92605
-56.62338
-56.53695
-57.98159
-58.62042
-60.16786
-60.80205
-62.95586
-61.62577
-65.39648
-63.02845
-67.66538
-60.81948
-55.24643
-57.86758
-62.45062
-67.52552
-69.66473
-69.32379
-74.17698
-73.82249
-74.81529
-76.24659
-58.82417
-57.60900
-63.76446
-66.27918
-69.51764
-74.50562
-53.02999
-49.66381
-53.25580
-55.83778
-56.66368
-55.84416
-57.54061
-58.06057
-59.62508
-59.96308
-61.50558
-62.24042
-62.92663
-64.10471
-63.56698
-68.20396
-57.90255
-55.19487
-59.31574
-64.16320
-67.89629
-68.12764
-69.07901
-72.48042
-70.06448
-72.69367
-67.45886
-56.85227
-58.96118
-65.34625
-67.06735
-72.64175
-66.49494
-52.45474
-50.65376
-55.34897
-54.40554
-56.53966
-56.64605
-57.59232
-58.42955
-59.82452
-60.54481
-61.57945
-62.44814
-63.67549
-65.09311
-64.98408
-66.33301
-56.76589
-56.78899
-59.76835
-64.02343
-67.00589
-68.75789
-68.24900
-72.05459
-69.64211
-84.55832
-63.53433
-56.78702
-60.54226
-67.32653
-67.00645
-94.79685
-59.99288
-51.27259
-55.29054
-53.11213
-55.31055
-57.55037
-56.72697
-59.06322
-59.10046
-61.12897
-60.29537
-62.43670
-61.63841
-65.15360
-63.25838
-67.59692
-62.09174
-55.20409
-57.04178
-61.69084
-63.88585
-69.33733
-69.06388
-70.22128
-70.83615
-69.58712
-74.31030
-59.84963
-56.55533
-62.99304
-66.60531
-68.79236
-78.68861
-56.37307
-52.33903
-54.03136
-54.80538
-56.05530
-56.93646
-58.13226
-58.93930
-59.44572
-60.62309
-61.57301
-62.85411
-63.06887
-64.93533
-63.72890
-67.59200
-60.01892
-55.45822
-58.51650
-61.93316
-65.10972
-68.01541
-67.80481
-69.93475
-68.16220
-68.71086
-66.92738
-57.26237
-57.84589
-64.25977
-66.12561
-70.31224
-67.69576
-55.15027
-53.25534
-54.51116
-54.78818
-56.86101
-57.26312
-59.20221
-59.49310
-61.69706
-62.26687
-62.57208
-63.16409
-63.54513
-65.18937
-64.49576
-67.64657
-57.17937
-55.51222
-60.37675
-61.48889
-65.23558
-66.28711
-66.27004
-67.25345
-64.92239
-67.51632
-62.86449
-56.42889
-59.43943
-64.14497
-64.66895
-66.80104
-63.44046
-54.51394
-52.68919
-55.06958
-55.14266
-56.98247
-57.05298
-58.57860
-58.91679
-60.80744
-60.84050
-62.56247
-63.54396
-64.86341
-65.51427
-66.38436
-65.95996
-55.47163
-57.03356
-60.46165
-62.58579
-66.26830
-66.42860
-67.33497
-68.90739
-66.93415
-71.82538
-61.14824
-56.33074
-61.38799
-65.29336
-66.63250
-70.65406
-61.50389
-53.78535
-54.05810
-55.09991
-56.03592
-56.42629
-57.50967
-59.23135
-59.23485
-60.15581
-60.54601
-63.23993
-62.31928
-65.45059
-63.98516
-68.32824
-61.72937
-55.35105
-58.02730
-60.89607
-64.60205
-69.28266
-68.36798
-68.90808
-69.62691
-69.18341
-73.66992
-58.82188
-57.68849
-63.02397
-66.98034
-70.47079
-72.67773
-60.17094
-53.08047
-54.14551
-54.63225
-56.32577
-56.81539
-58.55253
-59.16688
-59.92097
-61.71012
-61.73814
-62.59884
-62.61118
-65.40598
-63.97500
-69.10905
-59.48587
-56.47587
-58.47932
-62.69375
-65.85517
-68.29970
-70.76577
-72.11311
-71.16882
-71.60475
-69.09596
-56.54085
-58.31383
-66.06220
-65.80498
-79.51901
-68.11594
-55.98470
-55.40000
-56.68814
-57.25931
-59.12921
-59.66702
-61.26460
-61.36219
-63.26385
-62.77522
-64.75525
-64.79313
-66.00320
-66.48333
-67.16049
-69.54865
-57.79706
-56.51124
-60.65064
-63.78307
-67.97549
-72.54485
-71.96099
-76.99385
-72.35013
-83.88678
-65.63084
-56.58766
-60.33601
-66.65759
-69.18147
-85.11975
-65.80118
-55.51871
-56.04983
-55.83068
-54.50916
-55.74117
-56.50991
-58.31235
-58.80189
-60.48910
-60.43194
-62.07024
-61.70734
-63.51169
-63.35365
-65.61431
-62.43113
-55.39034
-57.49846
-61.35761
-63.41701
-65.68686
-66.56414
-67.68069
-69.28707
-67.36701
-71.03014
-60.12177
-56.44388
-61.72133
-65.53030
-67.79379
-73.13148
-61.26347
-55.39211
-56.44952
-54.60200
-54.50628
-55.87594
-57.59960
-58.89403
-59.28563
-60.64550
-60.09552
-62.38410
-62.31390
-65.25318
-64.26296
-69.03897
-60.89585
-55.99422
-59.85053
-62.48496
-63.73381
-66.86155
-68.07862
-69.05784
-69.59476
-70.29762
-72.27469
-58.13581
-57.64048
-64.41355
-65.80510
-69.26678
-70.60234
-57.80211
-54.80535
-55.79519
-53.99359
-55.05823
-56.08712
-57.76896
-58.19258
-59.30892
-60.24652
-61.07394
-62.74603
-62.61625
-64.56416
-64.21601
-68.21141
-58.44358
-56.55133
-60.64646
-61.79553
-64.65352
-68.82258
-71.16386
-73.37839
-71.59769
-76.57225
-68.91746
-56.89339
-58.97542
-65.90859
-67.29445
-73.65702
-66.98122
-56.74480
-55.72518
-55.15995
-53.66205
-56.03799
-56.26862
-58.05099
-58.40790
-60.07554
-60.44810
-62.11637
-62.44091
-63.66788
-64.41202
-65.53455
-65.56413
-56.55210
-57.41658
-61.00481
-62.36769
-66.13459
-70.84827
-71.78033
-74.78140
-70.12325
-80.48960
-63.03788
-56.74063
-60.63818
-67.29460
-67.65847
-100.32140
-61.71907
-55.21721
-53.93568
-52.48533
-55.40732
-55.77341
-57.17292
-57.50154
-58.47866
-60.29788
-61.28845
-62.35304
-62.08995
-64.26993
-63.67767
-66.10805
-63.55866
-55.32282
-57.38760
-63.19991
-63.13239
-70.76778
-70.32089
-74.21694
-75.72351
-73.46744
-79.64293
-60.04945
-56.87646
-63.29522
-66.88758
-73.49818
-77.86166
-59.61064
-50.83279
-52.07907
-55.43037
-54.54434
-56.55755
-57.51536
-58.34057
-59.07062
-60.72871
-61.96542
-62.62568
-63.38091
-64.50083
-66.07076
-66.92780
-66.96819
-67.83870
-68.40469
-70.49366
-70.16944
-71.49069
-69.83313
-71.25309
-70.69332
-72.17588
-72.18291
-74.54957
-73.74380
-76.55258
-75.15264
-79.77340
-77.55946
-57.15768
-55.13044
-56.20893
-55.98636
-56.89068
-57.20431
-58.01114
-58.62888
-60.62999
-60.68074
-61.87539
-62.80964
-63.38511
-64.59317
-64.32442
-67.71986
-57.78646
-56.48242
-60.22958
-63.27026
-68.44698
-72.31766
-72.29700
-76.12629
-72.72566
-82.38381
-67.80632
-56.75390
-59.65260
-66.43483
-68.17089
-81.09578
-65.54634
-52.15967
-51.10819
-52.80280
-53.82897
-55.96719
-56.60942
-58.53040
-58.44709
-60.88441
-60.60640
-62.15444
-62.12639
-64.17587
-64.18877
-65.92810
-65.63658
-55.73244
-56.78873
-61.05051
-63.59315
-68.87788
-70.95278
-71.47041
-75.59592
-72.67754
-90.13745
-62.97490
-56.54849
-61.95088
-66.92384
-70.56619
-84.23795
-62.34909
-54.66970
-55.59210
-56.10537
-56.44081
-57.13732
-57.57639
-58.54350
-59.18177
-60.79925
-60.58120
-62.72029
-62.23315
-65.37238
-64.06614
-68.44812
-62.21361
-55.82636
-57.84321
-61.38679
-64.99206
-70.68788
-72.18228
-75.51079
-76.57595
-75.64603
-87.93736
-59.51937
-57.22092
-63.74125
-68.01908
-71.58750
-93.69673
-55.02694
-50.32229
-52.45972
-53.40393
-55.31040
-56.05283
-57.67581
-58.43133
-59.74401
-60.87094
-61.74207
-62.65878
-63.14340
-65.25189
-64.32354
-70.01913
-58.96953
-55.26787
-59.36580
-63.47862
-67.85702
-71.36845
-71.63641
-75.26678
-73.74224
-79.40617
-73.46980
-57.61127
-58.42803
-66.07574
-68.06046
-78.89611
-70.74417
-56.42247
-54.28428
-55.85956
-55.54758
-56.76658
-56.94534
-58.59377
-58.73564
-59.81232
-60.51848
-61.97924
-62.32073
-63.77580
-64.38227
-65.66736
-67.48204
-57.16697
-56.27109
-59.92041
-62.69862
-66.52417
-71.88262
-72.98997
-79.92128
-73.64424
-95.43582
-65.72892
-56.64301
-60.12888
-67.05379
-68.78537
-105.07084
-63.51888
-53.55214
-54.86930
-55.86508
-56.45092
-58.79976
-58.63709
-60.20963
-60.28237
-62.08290
-62.25980
-64.08060
-63.88244
-67.06803
-65.57911
-69.58776
-65.32754
-55.81925
-57.41770
-61.03397
-64.81531
-70.70043
-73.85888
-74.54471
-77.56834
-73.90518
-89.52779
-61.50381
-56.61786
-62.39729
-67.93110
-70.67987
-106.91278
-59.22515
-51.47252
-51.93294
-53.25272
-56.08345
-56.28607
-57.33190
-58.08668
-58.83011
-60.29299
-60.27055
-62.85002
-61.95171
-64.39661
-62.51929
-67.82459
-59.91956
-55.07979
-57.39486
-60.03687
-65.22363
-70.03366
-67.64839
-67.50584
-67.79078
-68.55934
-70.46189
-58.58990
-57.39387
-64.14287
-67.76689
-72.88120
-80.71821
-55.38922
-51.27432
-52.73055
-53.71239
-56.55395
-56.42794
-57.30131
-57.65402
-59.44322
-60.41534
-61.03425
-62.41876
-62.87768
-65.17654
-63.96814
-69.65178
-58.15264
-55.52730
-58.58941
-61.52332
-68.42282
-72.35177
-69.66943
-72.15837
-70.42433
-77.98198
-69.24338
-57.00865
-58.86864
-65.16436
-66.31390
-73.89748
-67.43314
-52.28150
-50.77938
-52.56831
-53.79436
-57.02262
-56.54752
-58.40908
-58.49486
-60.82473
-60.62998
-62.02750
-62.20973
-63.99591
-64.59024
-65.37607
-67.12029
-56.40892
-55.95762
-59.06332
-62.90050
-70.54626
-73.98909
-71.58304
-75.88765
-71.28167
-85.14586
-63.41348
-56.61029
-61.03907
-66.81853
-66.79277
-81.83672
-60.45253
-51.02901
-51.64357
-53.01258
-55.50863
-56.59960
-56.41660
-58.50721
-58.97479
-60.05350
-60.48178
-62.58029
-61.94078
-64.82385
-63.88021
-67.59166
-63.45537
-55.46523
-56.56254
-60.13198
-65.25170
-73.26627
-71.54191
-73.71168
-73.73918
-72.68865
-78.95442
-60.71510
-56.60283
-63.57562
-66.56153
-74.24783
-75.35893
-59.52080
-52.39096
-52.21802
-55.58981
-55.43693
-56.58390
-57.41147
-58.08858
-59.34747
-60.81539
-60.95832
-62.89389
-62.44206
-65.62122
-63.87769
-70.23792
-59.47105
-56.07078
-60.00285
-59.97287
-69.46747
-71.23448
-72.77140
-76.73444
-76.07448
-79.27382
-78.75748
-57.96044
-57.96209
-65.00997
-68.31711
-73.17223
-79.86994
-53.16257
-51.07399
-56.30865
-53.62048
-56.14696
-56.10892
-57.72123
-58.42745
-59.43242
-60.20704
-62.14902
-62.50648
-63.46730
-64.75457
-65.01520
-67.89916
-58.56285
-56.42654
-58.48811
-66.17380
-66.73994
-72.99739
-72.65479
-75.86622
-74.19257
-85.14493
-68.45232
-56.60656
-59.92037
-65.76478
-69.03542
-81.07418
-67.53161
-54.02150
-52.09428
-54.12619
-54.76751
-56.30690
-56.81572
-58.29863
-58.77061
-60.53085
-60.81354
-62.16065
-62.42807
-64.12526
-64.53483
-66.81185
-65.38126
-56.11846
-55.72663
-59.22695
-63.14333
-66.72348
-70.96245
-71.64394
-75.86725
-71.77718
-94.69868
-62.45341
-56.48956
-61.40713
-67.97328
-68.64834
-84.78994
-58.97625
-51.06196
-54.36084
-55.09539
-55.81705
-56.53670
-57.49528
-59.05266
-58.98578
-60.47692
-60.45428
-62.82552
-62.24019
-65.36800
-63.71103
-68.73930
-61.85176
-56.07836
-59.51864
-63.05008
-67.83977
-72.74348
-73.59505
-74.29756
-75.74011
-74.69167
-83.39690
-59.34997
-57.13403
-63.91343
-67.21707
-72.97279
-78.88563
-58.89566
-51.53705
-52.73779
-53.87998
-55.53598
-56.66731
-57.62460
-58.58594
-60.08685
-60.87378
-61.02356
-62.90774
-62.38096
-65.80252
-64.03977
-69.99903
-58.65276
-55.15107
-57.76586
-61.15150
-64.96405
-68.98486
-70.03899
-76.12290
-73.99192
-81.19425
-73.13015
-57.63044
-58.39498
-65.77927
-67.81062
-78.15973
-71.76743
-52.87561
-52.63928
-55.94364
-55.51456
-56.76376
-57.06824
-58.39238
-58.58214
-60.66043
-60.44421
-62.18829
-61.95557
-63.61102
-64.54508
-65.45149
-67.72796
-57.23145
-56.90725
-61.62428
-65.26758
-70.91702
-75.73896
-74.69151
-79.37235
-74.00723
-89.39440
-66.42156
-56.58002
-60.45931
-66.18110
-69.99019
-79.49514
-65.94013
-53.08219
-51.44665
-53.15311
-54.28679
-56.18086
-56.45760
-58.71440
-58.69761
-60.96488
-60.56182
-62.58350
-62.16126
-64.50423
-64.22812
-66.92788
-64.24663
-55.28439
-56.55809
-59.87444
-63.85163
-68.45082
-70.96585
-72.36156
-75.70635
-72.01691
-104.70800
-61.30012
-56.65764
-62.50619
-67.06054
-71.45638
-83.28425
-61.21747
-53.06702
-55.02608
-55.78949
-56.87851
-58.10609
-58.36180
-59.92694
-60.07498
-62.09215
-61.78977
-63.91556
-63.61882
-66.43809
-65.10072
-70.83316
-61.93188
-55.91507
-58.68025
-62.61344
-66.36548
-71.87162
-72.35007
-74.39269
-74.08057
-74.97789
-78.23656
-58.76082
-57.51184
-64.63661
-67.38799
-74.27924
-74.87014
-54.81849
-51.18723
-54.86893
-55.98501
-55.60678
-56.39446
-57.25626
-57.91208
-59.40870
-60.32751
-61.64997
-61.84530
-61.98643
-63.49953
-63.56240
-67.54277
-57.55887
-54.86363
-59.33941
-65.02483
-67.47127
-68.08718
-67.59985
-67.84311
-66.97006
-69.23513
-66.55673
-57.11292
-58.95841
-65.86443
-68.00233
-78.64572
-67.90927
-52.71058
-51.92426
-55.85003
-55.21031
-55.87381
-56.27057
-58.11653
-58.21212
-60.31650
-60.16080
-61.81725
-61.88750
-62.93021
-63.95832
-65.43249
-66.42005
-56.58959
-56.62553
-61.69261
-66.89136
-67.89297
-69.27810
-69.79883
-73.53638
-70.90910
-84.39384
-63.95459
-56.48211
-60.97141
-66.31598
-68.28775
-82.77748
-61.82702
-51.84875
-53.57993
-56.32356
-55.56020
-56.70515
-56.89677
-58.24179
-58.74616
-60.27775
-60.30856
-62.52570
-62.06402
-64.56531
-63.50875
-66.73487
-63.16711
-55.51441
-57.71549
-63.26854
-67.32699
-68.00775
-70.75650
-72.04061
-73.07673
-70.63696
-78.87968
-60.12624
-57.06808
-63.21033
-67.01527
-70.66558
-80.59998
-58.30149
-51.93775
-55.13109
-55.43676
-56.03451
-56.06684
-57.20516
-58.39235
-58.94115
-60.53732
-60.58296
-62.76972
-62.23567
-65.50729
-63.22110
-69.76794
-59.68249
-55.71945
-59.11607
-64.66453
-67.23873
-68.67756
-71.85371
-76.17868
-73.32709
-75.32782
-75.00358
-58.00432
-57.93257
-64.94932
-67.87926
-74.86568
-74.89050
-53.49675
-53.18252
-54.79660
-54.00429
-56.76395
-55.72978
-58.32535
-58.06315
-59.96943
-60.24683
-61.83563
-62.43876
-63.53610
-64.78565
-64.75952
-68.78443
-57.19009
-55.12517
-60.13980
-63.49152
-67.68285
-73.75710
-71.70599
-79.93522
-73.80778
-89.56148
-68.85721
-56.93875
-59.51050
-66.93239
-68.12748
-83.81751
-67.79064
-56.70432
-52.39253
-53.42041
-55.93799
-56.07093
-57.20304
-58.22206
-58.73762
-59.71297
-60.87666
-62.25508
-62.65453
-63.86398
-64.76605
-65.51823
-67.05434
-59.05444
-60.10300
-61.82940
-63.25913
-74.50905
-70.31239
-76.59307
-74.78896
-78.16472
-78.09426
-77.96706
-83.74935
-78.86548
-110.94574
-76.08767
-77.40958
-60.11497
-52.59853
-53.86383
-54.63448
-56.13849
-56.37556
-57.46155
-58.48129
-59.48546
-60.24230
-61.22324
-62.69726
-62.52204
-64.04619
-64.49323
-66.19831
-66.40241
-68.10868
-68.58600
-70.55605
-70.95215
-73.22689
-73.39073
-73.88899
-74.94247
-76.50689
-78.30975
-77.30348
-78.84619
-75.16871
-82.87997
-74.73399
-92.46176
-58.77422
-52.37524
-54.02245
-54.69665
-55.81157
-56.44320
-57.74395
-58.39974
-59.62269
-60.52408
-61.38843
-62.87370
-63.23892
-64.73139
-64.85290
-66.31185
-67.43977
-69.40047
-69.31612
-71.14315
-70.25000
-72.90061
-71.73587
-75.44562
-74.44926
-77.25435
-75.72843
-78.27664
-77.82132
-79.35618
-79.12195
-82.59338
-77.70938
-54.08793
-52.73434
-54.20243
-54.52995
-56.35732
-56.54797
-58.23899
-58.52128
-60.06087
-61.21234
-62.43733
-62.82714
-64.47221
-64.90259
-66.11880
-66.56960
-68.01193
-69.36443
-70.04114
-71.76611
-72.16498
-74.93641
-74.16180
-76.03988
-74.87739
-77.32400
-75.40204
-82.94005
-79.04726
-89.34056
-79.02947
-93.50527
-67.83696
-53.56316
-53.12859
-54.70755
-55.05301
-56.58976
-56.93535
-58.45108
-58.93126
-60.28020
-60.93279
-62.05543
-63.23491
-64.18167
-64.95321
-66.42661
-67.05239
-68.15551
-68.58909
-69.97392
-71.32818
-73.26215
-72.90821
-74.16902
-76.62541
-75.53305
-77.82837
-75.07377
-78.10840
-75.36960
-100.68133
-74.44945
-78.54890
-59.17183
-52.40689
-53.98387
-53.84850
-55.46196
-56.04040
-57.64968
-58.28318
-59.46954
-60.62385
-60.95097
-62.72127
-63.21486
-64.74773
-65.38611
-66.85934
-67.15286
-69.34986
-69.00138
-70.82125
-71.62509
-74.57906
-73.90712
-75.52838
-75.32045
-76.22649
-76.05639
-74.96323
-75.91233
-73.61628
-78.45669
-80.21793
-95.67961
-57.84855
-54.20462
-56.01100
-56.33611
-58.02861
-58.52672
-59.39111
-59.99948
-61.74376
-62.15718
-63.39547
-64.05578
-65.36937
-66.28184
-67.40448
-68.26904
-69.13932
-70.58364
-70.47824
-72.15670
-73.25128
-73.85431
-73.48600
-74.73072
-74.45725
-75.22789
-75.02502
-75.35984
-75.00913
-75.89997
-75.82079
-75.52709
-73.37030
-72.25554
-73.30275
-74.74936
-75.19714
-75.32120
-74.60049
-75.59334
-77.55846
-77.34326
-77.36700
-75.12602
-72.13430
-71.52534
-73.09848
-75.09363
-74.69661
-73.35087
-73.76375
-74.81239
-75.03126
-74.35639
-72.63711
-70.97682
-70.81958
-71.46769
-73.77642
-76.08992
-77.30714
-76.26121
-75.96955
-74.44074
-74.12287
-70.57973
-69.13952
-70.80204
-72.42729
-75.08049
-74.62777
-73.46976
-72.75079
-74.16461
-73.82050
-74.61340
-74.87085
-73.97211
-74.45639
-77.42142
-79.89241
-79.77182
-79.05496
-78.71660
-79.10211
-76.55618
-75.57831
-73.39346
-73.64531
-74.50904
-76.37474
-78.02028
-77.92244
-77.20739
-76.02667
-74.71226
-74.86951
-77.00744
-73.18920
-70.38562
-70.08427
-72.81427
-74.41073
-74.42973
-75.70216
-75.33156
-76.48489
-80.13262
-80.91456
-80.90005
-80.92102
-80.39227
-83.79979
-83.56766
-85.36758
-85.79170
-85.88362
-85.43471
-83.53993
-82.40732
-78.41072
-76.55913
-78.04892
-79.22717
-79.62292
-79.56455
-80.35220
-81.03097
-80.73539
-80.78252
-75.13769
-71.33254
-70.97951
-72.28121
-73.81197
-76.05199
-78.66637
-78.61193
-78.36886
-79.08069
-80.38797
-80.95587
-80.27861
-79.87267
-80.89258
-81.97926
-81.92865
-82.28783
-82.20488
-82.58777
-81.64613
-82.04069
-80.92456
-80.60016
-79.92806
-79.61855
-80.85328
-84.37245
-84.46695
-86.39983
-86.78120
-88.63008
-87.93904
-74.62932
-72.43431
-71.34768
-72.03870
-74.50170
-75.84212
-78.38581
-78.51123
-78.71573
-79.36577
-81.76427
-81.85306
-81.44272
-81.67324
-82.05641
-83.53190
-83.68218
-84.94904
-85.21138
-86.76773
-86.71845
-89.87650
-84.86586
-81.53429
-81.66697
-82.20900
-82.95538
-83.37000
-83.09728
-83.48981
-85.61631
-84.56425
-88.68959
-74.88470
-72.36436
-70.56310
-69.66046
-72.57639
-73.97306
-76.16532
-77.29596
-78.12932
-78.03065
-80.65444
-80.17577
-80.57658
-80.96102
-81.58255
-82.06782
-82.46955
-81.98706
-82.58326
-83.59734
-84.29007
-85.72860
-80.67708
-79.48895
-79.63574
-80.40073
-81.53169
-82.46945
-83.55077
-84.73782
-85.70327
-87.59749
-88.70178
-88.27957
-85.73978
-83.05684
-82.31958
-81.56656
-81.25612
-81.64185
-80.94255
-82.29660
-88.98984
-90.74066
-86.26535
-85.59588
-85.93535
-86.39557
-86.56225
-86.83761
-87.00459
-87.30586
-88.01055
-89.17886
-89.85160
-90.35213
-90.14625
-89.02429
-89.80594
-90.11075
-91.08378
-90.67611
-90.86720
-90.50308
-91.53823
-91.16148
-89.37571
-85.45119
-82.96704
-83.53342
-83.62507
-84.19168
-84.67374
-86.23412
-87.22234
-89.22366
-91.15036
-92.33918
-92.99312
-92.99572
-93.57137
-93.41056
-94.12334
-93.47250
-93.41772
-92.34535
-92.51782
-91.99862
-91.01823
-89.01710
-88.22794
-88.82815
-89.61544
-90.61240
-91.67898
-93.41561
-94.37169
-96.07775
-97.71981
-98.81385
-98.87335
-96.49893
-94.14818
-93.26837
-92.35996
-91.66524
-91.56190
-93.03349
-95.94628
-98.87352
-98.97215
-96.23690
-95.84716
-96.39286
-97.07884
-97.49608
-97.95995
-98.91824
-98.95391
-99.53470
-100.23970
-100.40926
-102.29885
-104.11916
-102.64875
-102.25882
-101.12502
-100.97423
-101.09662
-103.58033
-104.56107
-101.58099
-100.28786
-98.83931
-96.61635
-94.58195
-94.83321
-95.04211
-95.84451
-96.52046
-97.82971
-98.52207
-100.49062
-103.10904
-104.91867
-106.36230
-105.34789
-105.81364
-104.41113
-104.83432
-104.45759
-107.92087
-106.04431
-103.90023
-102.39454
-101.85282
-100.39459
-100.35476
-100.97962
-102.44163
-103.39963
-105.21901
-106.44667
-107.17791
-108.21991
-110.00182
-101.05143
-91.20247
-82.60566
-74.94452
-69.54068
-66.53539
-66.33266
-67.35288
-68.02683
-68.80744
-69.97417
-71.88155
-75.61457
-81.45389
-84.74754
-82.12066
-78.47033
-75.96457
-73.67080
-70.18314
-66.90975
-65.49164
-65.34003
-65.95810
-67.02372
-68.31121
-69.59832
-71.12960
-72.88407
-72.95265
-72.05741
-70.75960
-70.29532
-70.85727
-71.23366
-71.59376
-71.02843
-70.18333
-70.31352
-70.30549
-69.30933
-68.55038
-68.23175
-68.06375
-68.29615
-68.49803
-68.68217
-68.93052
-69.37622
-70.00634
-70.67724
-71.74009
-73.05319
-74.94413
-76.40767
-77.45912
-81.42129
-84.42319
-80.47655
-76.00072
-72.96772
-70.90395
-69.54647
-68.82081
-68.62903
-68.95065
-69.56369
-70.00691
-70.87508
-72.25664
-73.67517
-76.06039
-80.32581
-87.44092
-83.80803
-78.70540
-76.05269
-74.30152
-73.49520
-72.53951
-71.71161
-70.91516
-70.31211
-69.90444
-69.90922
-70.55499
-72.04540
-74.00546
-76.40292
-77.98777
-77.57955
-76.68380
-76.60959
-77.08529
-77.54623
-78.38675
-80.11128
-82.28230
-82.98501
-83.56455
-84.15828
-83.61462
-82.32201
-80.37092
-79.00777
-78.35663
-78.67035
-79.64880
-80.77528
-81.87696
-82.22289
-82.59209
-82.58772
-82.95359
-82.48284
-82.78713
-82.62559
-82.22436
-82.22725
-82.91348
-83.83841
-85.21622
-86.94418
-87.63180
-87.21332
-86.60933
-84.74389
-84.16304
-84.81307
-85.40672
-84.03426
-85.26219
-83.87313
-78.00512
-75.36521
-75.75698
-78.12937
-77.33680
-76.56840
-76.59949
-77.35503
-77.13626
-79.73701
-78.92882
-81.32490
-81.03662
-79.31615
-79.60108
-77.82662
-76.78212
-74.66871
-75.05892
-73.89321
-73.82028
-73.75880
-74.76818
-75.10415
-77.96628
-78.31220
-77.01414
-75.62856
-75.67302
-74.68965
-75.43835
-77.30433
-78.59377
-81.04559
-79.51083
-80.07392
-78.83238
-77.94882
-75.62804
-76.64797
-75.92620
-77.20143
-77.89930
-77.95586
-77.34507
-76.76316
-76.78448
-77.48059
-75.98714
-75.07625
-75.33184
-75.91969
-75.71703
-75.04668
-77.24757
-77.01200
-78.12917
-76.61467
-75.13678
-73.43876
-73.66329
-73.84305
-75.04439
-75.51548
-76.76457
-78.10569
-76.16560
-76.75014
-77.22618
-78.50996
-77.73116
-77.69459
-77.37405
-76.16889
-76.68451
-78.35037
-79.46397
-80.25112
-80.22047
-79.35872
-79.04935
-80.04421
-80.73431
-79.59860
-79.62139
-84.15330
-87.00226
-82.84091
-79.61590
-78.32677
-77.57450
-75.57708
-74.95380
-74.70105
-75.12087
-75.85652
-76.44462
-79.05483
-81.63468
-83.50428
-82.15800
-81.50890
-82.20443
-81.50520
-78.13686
-77.28400
-80.02512
-80.02827
-79.47054
-79.59603
-80.16391
-81.72416
-84.38827
-87.33521
-89.73161
-84.84669
-79.73045
-79.64131
-79.64120
-80.17963
-81.08863
-82.93532
-83.74739
-84.01235
-85.68924
-86.31349
-86.76782
-82.45716
-83.52961
-81.07620
-79.55588
-76.76960
-73.33889
-69.01019
-66.30101
-66.36532
-66.60233
-67.22269
-68.58215
-69.53882
-69.91656
-70.38620
-70.34076
-70.27282
-70.42461
-71.21866
-71.21136
-70.66907
-68.98612
-66.99584
-66.11047
-66.45168
-66.80064
-67.73159
-67.76953
-67.70462
-67.60369
-67.14547
-66.67902
-66.13062
-65.13904
-64.62510
-64.63222
-64.43312
-65.59480
-65.27814
-65.94013
-67.21605
-69.19162
-71.57295
-72.17283
-72.47075
-71.76279
-71.18581
-71.05970
-71.22060
-70.80941
-69.96755
-69.19923
-68.03677
-67.35135
-67.87316
-67.66114
-67.36663
-66.92477
-66.74854
-66.91580
-66.70000
-66.60083
-67.23464
-67.67259
-68.91456
-70.03105
-71.01859
-72.41708
-73.60619
-74.62624
-72.87078
-71.34821
-70.79316
-70.39949
-70.45360
-70.72512
-70.67996
-71.32507
-71.24217
-71.35250
-71.81035
-72.02588
-72.53732
-72.84711
-73.35201
-71.71472
-70.59390
-69.59476
-68.60102
-69.32301
-70.38567
-71.48048
-73.64301
-75.75537
-77.03037
-78.40123
-78.41749
-77.24779
-77.06712
-76.66464
-76.45618
-76.45928
-77.44979
-81.69013
-83.55772
-82.57857
-80.16810
-81.15942
-77.66811
-77.92906
-79.90553
-78.28182
-78.45358
-77.79812
-77.96967
-77.06190
-78.16628
-77.56042
-77.16116
-76.95311
-78.60337
-80.06194
-81.98603
-81.75744
-80.14220
-80.60647
-79.43095
-80.62614
-80.46085
-80.93157
-81.33389
-79.63333
-73.72054
-70.89573
-71.22393
-69.93740
-68.14039
-68.23754
-69.61862
-68.74965
-68.46448
-68.35200
-68.62726
-69.91913
-70.89455
-72.84961
-72.66372
-72.46079
-71.60734
-71.83015
-70.51885
-69.69937
-70.50670
-72.42826
-74.08350
-72.94665
-71.97882
-71.03688
-69.41988
-68.37794
-68.12391
-69.35603
-71.62287
-73.30848
-74.28833
-72.85796
-72.31100
-71.17590
-71.69843
-71.58034
-72.15655
-71.95735
-74.35817
-71.37502
-69.30633
-71.03566
-71.24476
-70.69086
-70.92693
-70.16002
-70.64560
-70.77366
-70.07433
-70.49919
-68.26015
-69.62313
-69.90858
-70.23275
-68.89775
-71.11176
-72.66685
-72.17100
-71.28434
-70.76459
-70.64935
-71.41651
-70.96992
-71.07974
-71.03269
-71.89636
-71.38888
-68.94515
-70.31209
-67.57565
-70.09069
-69.56681
-69.53149
-70.29431
-71.43713
-72.06955
-71.60966
-72.56370
-72.94510
-75.44285
-77.96272
-76.24209
-75.42841
-77.50964
-74.31798
-73.73727
-73.44909
-73.56103
-72.02061
-72.22605
-71.95208
-72.29903
-71.71891
-72.22763
-71.43325
-70.47632
-71.04389
-71.47233
-70.77210
-69.41002
-69.98785
-70.68185
-71.51104
-71.60976
-71.92553
-72.67954
-72.66360
-72.23178
-71.89056
-72.00166
-71.49794
-71.30935
-67.72239
-69.72756
-72.91814
-69.62596
-72.82759
-69.41845
-71.64225
-69.91198
-72.38532
-68.08103
-60.65917
-64.42297
-69.15117
-66.65400
-75.63767
-63.75366
-53.35382
-53.78512
-55.54567
-55.45416
-56.98974
-57.49199
-58.67675
-59.20947
-61.59935
-61.37654
-62.90605
-62.76727
-64.84710
-64.97641
-66.78585
-66.34275
-58.81756
-61.00020
-63.61081
-65.80632
-68.54124
-69.17773
-69.57808
-73.09441
-71.23710
-72.62427
-64.96435
-60.47519
-65.07300
-70.05246
-67.80628
-78.25504
-61.36358
-53.09900
-54.13739
-54.67575
-55.61638
-56.67717
-57.78314
-58.87453
-59.57706
-60.79670
-61.18781
-63.03578
-63.08303
-65.16570
-64.52029
-68.35851
-64.13411
-59.86131
-61.17517
-64.70483
-67.69364
-69.53461
-70.94798
-72.92582
-73.00141
-73.69924
-74.76466
-62.29613
-60.98253
-67.35092
-70.01976
-72.13488
-82.74405
-57.60737
-52.95903
-54.48198
-55.07488
-56.61993
-57.02844
-58.30664
-59.50654
-60.12988
-61.24366
-62.06822
-62.78930
-63.66783
-65.14230
-65.29276
-68.19973
-62.18927
-59.79709
-62.02821
-66.19046
-68.86291
-71.50811
-73.42943
-75.62379
-75.74405
-78.77351
-74.07112
-61.24793
-62.62360
-69.57503
-71.21227
-79.76928
-71.47510
-56.12546
-54.39956
-56.26770
-56.34143
-57.85057
-58.20703
-59.98651
-60.30254
-61.69561
-62.09519
-63.44258
-64.09894
-65.31383
-67.13005
-67.45684
-70.24813
-58.11667
-54.32302
-56.58791
-57.49195
-58.82898
-59.79639
-60.47430
-62.29729
-61.99146
-64.49534
-62.57805
-60.68559
-62.74106
-67.34942
-66.05649
-74.01211
-61.80323
-51.94860
-52.26916
-54.82890
-55.87575
-55.94359
-56.84854
-58.07046
-58.52369
-60.04074
-60.34294
-62.20611
-62.02627
-63.78073
-64.19784
-66.55176
-65.17655
-59.20315
-60.02939
-65.62989
-70.98170
-70.45484
-71.47036
-73.21377
-74.64270
-72.24992
-79.35561
-64.76339
-60.80274
-65.78653
-71.71283
-71.50077
-91.78682
-58.44417
-50.94504
-53.27614
-55.01181
-56.16932
-56.34341
-57.18516
-58.64935
-59.12284
-60.78588
-61.01388
-62.36002
-62.61492
-64.87861
-64.25547
-67.63129
-62.85298
-59.05354
-61.43105
-67.54044
-70.08731
-69.68642
-71.19490
-73.06776
-73.47936
-73.11248
-76.00260
-62.25716
-61.60030
-68.12863
-71.71040
-74.38453
-83.15256
-55.45727
-51.22968
-54.87268
-55.37800
-55.92996
-56.74347
-57.89471
-58.25761
-59.86315
-60.59212
-61.53010
-62.67419
-63.22666
-65.13229
-65.00784
-67.99956
-60.96143
-59.46209
-63.68466
-70.04852
-69.66448
-71.54085
-72.61448
-77.65741
-74.47273
-81.19070
-72.47498
-61.14119
-62.83757
-70.31314
-71.80261
-83.75729
-70.34141
-53.65972
-52.54998
-55.05072
-55.41057
-56.09973
-56.86616
-58.04563
-58.48014
-59.62070
-60.55020
-62.07403
-62.69463
-63.39645
-64.79079
-64.98375
-67.84555
-58.67608
-53.50577
-55.29540
-54.63796
-55.31652
-56.91479
-57.40632
-58.50984
-59.16713
-60.65947
-60.17547
-59.70303
-60.42085
-65.09451
-64.30799
-70.25101
-60.32512
-52.83315
-53.87954
-55.42806
-55.63156
-56.00300
-57.54074
-58.18838
-59.01800
-60.03732
-60.43387
-63.09424
-62.28886
-64.86038
-64.31086
-66.64078
-64.40277
-59.82449
-62.32774
-65.95776
-69.08118
-72.41029
-72.67738
-72.18141
-73.70382
-71.76114
-77.52383
-63.15791
-60.88892
-66.70623
-71.66410
-73.18804
-92.60988
-58.97941
-51.97707
-52.69747
-53.39852
-55.40250
-56.11120
-57.47216
-58.45146
-59.16635
-60.36148
-61.14414
-62.75827
-62.88092
-65.43988
-64.04281
-68.61824
-61.97253
-58.49603
-61.02042
-63.51510
-67.19229
-70.35492
-71.01379
-73.82667
-73.34589
-74.11105
-73.86480
-61.79021
-62.08106
-68.33461
-69.96066
-73.90558
-75.81934
-56.39719
-53.49683
-55.84474
-55.63219
-56.56229
-56.57591
-58.17022
-58.44386
-59.99183
-60.19058
-61.12930
-62.34791
-63.31792
-64.75585
-64.84476
-67.17355
-61.14823
-60.60580
-63.54427
-66.99423
-70.03330
-73.95177
-73.48211
-77.86434
-73.58503
-81.90091
-70.01761
-60.78975
-63.30939
-70.45908
-71.15437
-89.87483
-66.72440
-53.29866
-52.44835
-53.09887
-54.39217
-56.20474
-56.53485
-58.39727
-58.50314
-60.41825
-60.67702
-62.49841
-62.25261
-64.33877
-64.50293
-65.99330
-66.14617
-59.13395
-60.02255
-63.44328
-65.98017
-69.30545
-71.11922
-72.03338
-74.12962
-71.57246
-75.31299
-65.24184
-60.59197
-64.98047
-71.01423
-71.06854
-115.78609
-61.80704
-54.18154
-55.58300
-56.26893
-57.16565
-57.81200
-59.30321
-59.89245
-60.62559
-61.98901
-62.12448
-64.22392
-63.83678
-66.39992
-65.16091
-69.75078
-64.30707
-59.25265
-61.74843
-65.53037
-68.72379
-71.78507
-72.43268
-74.67940
-74.96185
-74.03104
-79.77081
-63.18897
-61.14585
-67.47414
-70.98163
-74.17528
-82.61249
-58.56510
-53.76494
-55.55948
-56.15127
-57.48482
-58.17359
-59.30982
-60.19692
-61.28463
-61.95043
-62.64071
-64.15375
-64.35268
-66.50926
-65.80746
-69.85776
-62.72647
-59.31854
-62.62411
-65.13348
-68.06293
-71.22999
-71.43035
-73.84758
-72.63307
-75.52013
-71.90082
-61.42244
-62.61087
-68.44347
-70.22916
-72.93412
-70.95096
-56.87325
-54.27398
-56.17689
-56.69419
-58.34928
-58.25613
-59.80667
-60.34735
-62.02013
-61.85732
-63.26915
-64.20268
-64.95161
-66.41862
-66.67815
-69.19583
-61.29429
-60.03014
-63.48363
-67.61586
-70.07244
-73.08928
-71.94425
-76.75336
-71.74147
-82.16796
-68.80604
-60.68992
-64.21565
-70.23191
-71.32818
-76.99448
-69.28883
-55.42037
-54.57934
-56.07097
-56.58368
-57.98768
-58.55144
-59.95942
-60.42626
-62.04502
-62.35253
-63.78108
-64.40158
-65.07208
-66.64526
-66.52189
-69.34071
-57.54119
-53.18746
-54.25534
-55.24453
-56.20527
-56.61375
-58.01268
-58.55300
-59.94599
-60.78390
-59.69054
-58.95914
-62.49301
-63.08245
-66.15548
-62.11781
-53.72139
-53.92624
-55.09321
-55.90211
-56.83301
-57.39751
-59.23566
-59.62513
-60.68653
-61.41575
-63.25620
-63.38411
-64.83358
-65.14357
-66.97960
-65.77492
-60.52805
-60.76113
-64.11506
-67.57872
-68.95486
-69.84584
-70.52235
-77.37632
-70.22456
-70.63770
-62.63493
-61.10603
-65.84725
-69.36771
-69.50422
-72.77456
-59.55758
-53.03524
-54.35417
-55.12726
-56.28110
-56.83108
-58.18825
-58.83276
-59.84494
-61.02647
-61.62098
-63.14999
-63.34012
-65.63990
-64.85059
-68.69082
-63.30817
-59.18122
-61.32130
-65.04094
-67.31756
-70.99657
-70.63235
-74.45700
-72.98084
-74.16012
-72.94544
-61.12224
-61.88404
-67.87569
-70.35728
-72.56591
-73.09991
-56.80949
-53.16741
-55.07471
-55.33247
-56.70998
-57.36914
-58.50741
-59.10340
-60.40263
-60.87633
-62.03859
-63.15658
-63.83935
-65.24508
-65.52664
-68.73156
-60.40344
-59.61752
-63.93569
-66.10165
-69.29693
-71.28529
-71.89931
-74.39620
-73.63364
-78.12616
-69.42031
-60.84291
-63.54675
-69.19871
-72.23985
-78.65348
-69.00892
-56.15554
-54.61799
-56.47009
-56.93221
-58.37898
-58.52417
-60.17439
-60.22004
-62.08292
-61.81026
-64.06657
-63.79364
-66.16214
-65.11893
-67.78148
-66.59535
-56.45106
-55.36613
-56.54959
-58.10192
-58.75270
-59.85091
-60.47891
-62.09077
-62.27710
-64.75655
-61.96048
-60.30384
-63.03671
-66.17177
-65.89021
-73.38743
-58.83986
-51.04813
-52.70921
-54.93956
-55.79574
-56.12063
-57.52163
-58.19467
-59.39042
-60.51065
-60.59245
-62.20869
-61.99186
-64.41333
-64.41653
-67.03989
-63.44726
-58.78445
-60.52991
-66.19036
-70.49132
-70.44027
-68.92918
-70.85303
-70.50697
-71.48749
-72.24758
-62.66441
-61.14035
-66.25375
-69.16587
-70.20114
-77.59185
-56.25788
-51.54291
-53.84634
-54.95256
-55.72788
-55.85375
-57.41060
-58.54261
-59.46405
-60.15746
-61.06876
-62.18985
-62.50535
-64.41379
-64.35043
-67.53541
-61.34321
-58.94928
-62.10170
-67.60044
-69.27451
-68.94584
-68.86072
-72.31147
-71.07707
-72.98446
-71.38587
-61.29903
-62.13985
-68.85664
-69.61077
-76.56337
-70.04502
-53.31762
-51.83977
-54.44190
-55.37991
-56.44241
-56.27048
-58.03390
-58.36523
-59.93619
-60.09340
-61.63682
-62.06226
-63.52754
-64.61315
-65.65771
-66.91814
-60.25721
-59.75896
-64.60873
-69.98062
-69.75433
-71.37060
-71.99623
-75.06686
-72.91731
-82.99090
-68.39751
-60.74866
-63.87983
-71.46883
-70.64936
-90.41231
-63.21009
-52.13262
-52.89475
-55.54932
-55.32378
-55.88180
-56.49873
-58.39105
-58.28752
-59.99722
-60.38700
-62.47657
-62.53059
-64.06561
-64.65773
-65.68805
-66.62539
-53.61431
-52.35839
-53.96752
-55.18372
-57.08200
-56.28692
-58.50536
-59.49881
-59.80812
-61.37755
-59.59594
-59.55977
-61.94415
-64.12338
-64.46778
-71.11073
-56.29344
-51.44980
-54.07658
-53.71518
-55.92257
-56.28401
-57.53839
-58.94386
-58.77141
-60.77672
-60.69267
-62.91746
-62.34341
-64.39421
-64.16394
-67.02236
-62.60100
-59.93569
-63.70787
-67.13443
-68.91520
-70.23760
-69.68257
-70.80149
-72.18214
-73.36397
-75.01159
-61.96446
-61.96034
-68.43484
-70.68462
-72.71757
-75.30327
-57.46126
-52.62622
-54.07773
-54.18388
-56.14418
-56.71108
-57.68368
-58.46761
-59.16427
-60.24183
-60.84257
-62.08982
-63.26992
-64.91812
-65.36015
-67.83595
-60.97961
-58.99657
-60.59251
-63.91586
-66.08304
-69.90862
-69.97019
-72.23581
-70.08124
-72.78117
-68.72783
-61.21665
-62.67813
-69.16713
-68.64250
-76.19534
-66.09161
-52.64151
-53.27658
-54.90556
-54.84815
-56.49344
-56.63614
-58.27139
-58.72575
-60.37456
-60.63429
-62.30665
-62.63435
-63.97254
-64.13887
-65.62320
-65.84515
-60.28586
-61.72656
-66.69636
-69.85401
-72.63991
-73.40232
-72.64230
-75.52328
-72.47386
-81.19605
-66.81835
-60.67354
-65.07004
-70.29069
-72.32681
-81.65827
-65.29474
-53.21300
-52.51630
-54.01526
-55.13456
-56.82476
-56.98760
-58.38941
-58.97864
-60.23055
-60.27115
-62.33542
-62.41603
-64.97846
-63.93503
-66.62711
-64.60362
-58.94254
-59.56405
-62.27923
-65.52853
-68.10608
-70.38200
-70.30553
-72.70470
-70.31490
-73.46406
-63.16892
-60.94748
-66.29421
-70.66952
-71.77702
-80.56551
-60.27684
-53.82503
-55.61613
-56.20742
-57.21031
-58.12338
-58.91325
-60.07991
-60.95496
-62.06316
-62.86929
-64.39968
-64.40353
-66.61468
-65.65640
-68.91176
-63.39595
-59.60135
-62.80114
-66.24940
-69.31794
-72.58833
-72.52082
-76.35863
-74.37455
-75.39646
-75.81862
-61.60473
-62.29573
-68.16436
-70.52942
-74.61899
-74.80413
-58.45385
-53.91172
-55.92631
-56.24219
-57.75269
-58.17288
-59.20475
-60.12903
-61.16023
-62.35586
-63.18081
-64.15680
-64.82971
-66.66127
-66.36927
-69.12301
-60.74805
-59.75468
-63.50916
-66.15285
-69.08634
-70.85516
-71.43768
-72.83355
-71.97392
-77.74943
-68.55723
-60.72609
-63.47106
-68.47175
-70.29800
-74.17557
-67.31249
-55.64517
-55.03664
-56.12467
-56.22475
-58.46358
-58.56170
-60.18390
-60.19390
-62.20286
-61.92002
-63.84554
-64.22047
-65.64272
-65.45868
-67.03757
-67.13081
-59.88270
-61.06592
-64.58167
-67.17147
-71.02157
-72.48029
-73.27244
-75.08456
-72.42926
-82.02510
-65.02699
-60.53112
-65.32710
-70.92108
-71.40815
-82.85993
-61.14815
-54.56728
-55.21911
-55.83421
-57.07361
-57.81213
-59.17371
-59.93547
-60.97615
-62.34212
-62.68356
-64.21508
-64.61645
-66.54470
-66.10200
-68.91988
-64.95979
-55.16830
-54.50467
-55.90778
-55.88882
-56.36771
-56.94560
-57.90156
-58.55451
-59.53363
-60.46381
-59.82707
-59.57320
-63.02163
-63.38442
-65.30875
-62.64208
-55.49343
-52.94359
-54.37438
-55.69258
-56.68079
-57.50990
-57.80236
-59.24747
-60.52458
-61.15406
-62.29604
-63.28634
-64.66423
-65.02184
-67.26375
-63.92035
-59.90435
-61.46756
-64.89025
-68.52261
-69.95121
-72.56249
-72.19059
-72.80711
-71.42502
-72.85677
-61.26416
-61.56471
-67.01217
-68.08469
-73.55926
-71.99205
-64.40338
-54.90742
-53.43186
-54.39219
-55.32462
-56.39307
-57.26137
-58.34705
-59.18595
-60.43235
-61.43797
-62.55009
-63.26063
-64.22052
-64.58436
-67.04485
-61.93388
-59.55358
-63.01594
-66.19528
-68.32639
-71.38094
-70.57299
-71.82732
-70.93750
-72.10388
-69.26984
-60.64589
-63.40306
-67.24189
-69.07755
-70.67798
-68.92082
-60.14466
-53.50996
-53.91135
-54.72462
-55.43934
-56.22771
-57.59183
-58.78732
-60.19014
-61.11972
-61.71733
-63.07561
-63.39594
-64.70022
-65.48072
-67.10368
-59.53183
-59.74246
-63.65082
-65.88820
-69.33806
-72.62571
-73.32326
-77.84005
-74.39787
-83.31021
-67.30552
-60.44115
-65.39532
-69.20090
-74.47505
-73.22536
-71.47113
-57.40826
-53.79182
-55.53227
-56.57626
-57.52371
-57.87733
-59.48621
-60.52092
-61.18546
-62.41709
-62.82687
-63.94112
-64.76790
-66.53396
-67.42546
-66.73927
-58.33229
-55.21921
-56.97060
-57.23649
-58.40589
-59.27003
-60.31949
-61.37980
-62.38455
-63.54203
-61.00795
-60.14454
-64.16479
-65.73677
-68.50459
-67.74082
-66.35321
-55.00169
-52.57279
-55.54440
-54.46093
-55.66342
-56.64516
-57.61992
-58.43019
-59.57369
-60.19211
-61.40730
-61.83980
-63.87645
-64.10238
-66.17455
-62.24518
-58.75864
-62.71064
-68.55482
-72.18438
-69.64066
-73.24493
-74.58696
-77.30702
-75.49800
-78.98630
-61.65963
-62.39591
-68.78525
-71.33371
-77.18906
-74.86898
-64.36045
-53.16834
-53.90471
-55.27693
-54.61305
-55.80728
-56.90677
-58.23612
-58.39331
-60.11495
-61.05634
-61.91277
-62.60979
-64.15763
-64.27203
-66.49976
-60.22521
-59.49130
-64.49080
-70.21691
-70.75656
-69.90086
-73.28012
-75.13051
-75.77390
-78.29411
-71.16318
-60.48728
-64.54945
-68.66418
-74.91221
-76.37863
-76.31175
-59.93705
-52.87929
-54.94941
-55.04424
-55.11066
-55.97588
-57.27231
-57.87371
-58.68085
-60.10351
-61.02877
-62.04635
-62.73119
-63.80986
-64.95411
-65.37360
-59.18434
-61.11127
-66.83276
-70.78969
-69.62971
-71.86089
-74.25491
-76.89389
-75.19526
-83.39457
-66.68176
-60.44792
-66.72992
-69.75976
-79.17287
-76.85001
-73.08233
-56.56826
-53.44534
-55.54431
-54.29464
-55.14036
-56.56260
-57.45658
-58.52712
-59.66312
-60.27079
-61.31452
-62.23486
-63.44218
-64.12698
-65.61222
-64.20253
-57.25034
-53.28277
-53.12639
-54.45749
-55.19517
-55.94605
-57.32648
-58.23675
-59.16765
-60.29745
-58.85162
-58.99086
-62.33072
-63.67181
-65.09764
-65.58124
-62.83314
-54.12834
-52.08431
-54.28640
-54.54863
-56.21036
-56.79697
-57.83191
-59.06595
-59.58440
-60.77104
-61.58213
-62.27679
-64.10891
-64.34016
-67.14599
-61.60337
-58.38366
-60.59812
-63.13186
-66.55897
-68.93096
-71.77310
-73.06153
-75.29067
-75.28670
-72.58201
-60.88695
-62.82434
-68.57130
-71.63920
-74.21869
-73.84575
-60.91419
-53.43091
-53.89324
-54.23002
-54.94317
-55.68885
-57.00913
-57.86462
-58.77908
-60.14782
-60.71030
-61.86163
-62.51847
-63.62975
-63.75891
-65.52784
-60.22599
-61.58954
-66.66374
-69.41145
-72.97360
-73.31057
-74.35195
-75.75745
-75.05327
-77.07406
-68.02166
-60.19333
-65.13967
-68.61174
-73.94405
-74.18819
-73.15745
-58.93650
-51.75668
-52.50517
-54.10348
-55.48571
-56.44479
-57.70104
-58.13470
-59.29271
-60.27861
-61.22236
-62.02275
-63.48382
-63.68540
-65.39740
-64.11802
-58.57006
-59.84939
-61.78454
-65.01102
-67.49169
-70.61728
-71.58788
-73.57913
-73.82285
-79.09736
-64.30215
-60.41255
-66.63715
-68.97986
-73.91230
-73.77814
-68.47839
-56.40592
-53.68642
-54.49983
-55.00827
-56.17504
-56.51446
-57.73014
-58.28261
-59.60991
-60.47739
-61.13031
-61.86503
-63.54615
-63.62144
-66.28404
-62.67122
-60.06127
-64.25200
-67.17376
-70.23110
-73.70566
-71.97603
-73.43023
-74.23233
-74.07921
-74.17777
-62.30230
-61.90830
-68.70986
-70.60839
-76.84639
-76.00333
-65.38816
-63.81782
-66.76427
-68.99848
-76.97426
-77.33069
-82.02080
-78.99858
-79.36569
-79.24251
-80.82770
-83.84370
-79.99601
-84.00311
-76.79216
-124.17269
-62.98080
-59.85742
-64.11110
-67.44004
-72.68010
-76.05673
-76.16261
-82.90538
-79.57184
-85.76818
-71.19847
-59.33629
-62.15489
-65.68559
-69.10005
-73.92661
-74.74299
-80.62189
-82.01978
-81.00566
-75.04753
-75.24158
-74.64256
-78.80583
-77.82803
-78.26460
-76.30502
-76.59859
-74.33966
-74.03839
-75.72287
-79.82193
-75.34858
-71.52707
-70.78159
-74.11576
-77.93078
-74.14613
-72.36206
-74.74832
-75.72502
-69.83394
-66.59973
-66.21340
-68.73772
-74.88726
-77.96832
-73.82665
-74.89806
-77.32380
-76.71549
-74.29461
-74.06264
-75.44974
-78.91710
-81.91216
-81.66574
-80.31543
-81.46604
-81.77800
-80.67667
-80.54736
-81.67357
-80.19545
-79.49878
-83.48080
-81.40377
-77.33238
-77.74411
-84.11607
-81.87194
-78.11734
-80.85078
-87.00252
-84.45186
-82.10199
-84.86885
-89.19637
-86.56106
-84.39228
-84.70498
-85.47832
-87.23797
-88.73252
-89.13153
-88.17264
-89.40611
-91.32344
-89.65017
-87.13352
-88.17217
-89.52965
-91.40058
-91.41514
-90.42023
-89.48068
-90.95400
-92.29629
-90.23636
-88.91379
-91.00686
-95.34687
-92.80615
-90.98829
-92.89715
-95.37787
-94.33638
-92.48014
-92.34346
-92.55956
-93.94418
-96.04215
-95.94702
-95.51304
-97.32205
-100.14405
-96.69145
-93.94110
-90.16650
-85.01631
-79.17322
-77.11590
-74.19856
-72.98708
-73.99552
-75.01762
-77.70746
-79.81480
-80.23911
-79.08358
-79.81850
-81.33338
-86.76470
-91.71110
-94.56245
-86.66672
-83.91959
-83.93626
-79.85423
-79.01881
-77.20921
-76.37990
-75.14140
-73.81583
-73.07000
-73.12779
-73.84394
-75.99612
-77.05405
-75.23429
-75.02992
-75.37915
-77.31538
-78.67035
-80.35844
-80.41982
-77.90069
-77.32693
-75.11790
-74.72925
-76.63460
-77.81861
-77.91895
-80.04243
-82.58973
-83.66763
-88.30498
-87.52775
-80.31755
-76.26681
-75.35141
-75.81025
-78.50218
-81.57334
-84.15742
-85.34582
-83.24837
-82.54589
-81.83827
-79.15283
-76.51952
-74.65694
-73.96406
-74.56990
-75.79609
-78.34435
-81.10200
-83.09858
-85.44641
-88.29312
-85.17286
-79.94578
-77.89885
-78.23694
-80.65996
-85.32700
-88.25531
-88.47766
-89.35488
-84.12209
-79.27166
-77.96190
-77.45769
-76.36494
-75.04120
-74.52928
-74.47983
-74.66502
-74.31265
-72.79828
-72.17948
-72.55059
-74.19099
-77.06669
-80.02107
-82.45260
-84.41100
-85.42744
-82.20055
-78.34423
-76.58729
-76.28831
-76.65928
-76.74711
-76.74142
-77.29138
-78.18733
-79.35857
-80.19710
-80.91998
-80.96290
-80.59518
-80.23752
-79.60212
-77.94778
-76.94931
-78.01638
-80.32941
-81.44057
-81.59043
-81.11306
-79.32169
-79.52159
-78.57976
-77.13926
-76.01279
-74.24625
-73.42128
-72.95471
-72.69745
-72.94682
-73.21235
-74.11940
-75.50659
-76.22209
-77.07407
-77.42570
-77.51834
-77.83190
-79.33958
-80.14024
-80.67980
-82.19445
-83.70196
-83.44125
-81.48716
-79.21276
-77.16871
-76.87598
-77.46454
-78.75547
-80.26122
-81.98812
-79.07853
-74.51317
-72.28569
-71.74564
-72.23338
-73.83385
-75.73107
-77.07013
-77.18413
-77.33916
-77.25640
-77.88917
-79.60055
-80.02808
-80.00339
-81.23655
-80.67056
-81.21638
-81.37244
-80.95670
-77.65644
-70.33090
-67.91757
-65.20985
-63.68199
-64.38863
-65.41792
-67.13454
-69.18858
-71.07183
-70.71051
-69.94025
-69.40194
-70.58572
-72.12002
-73.02326
-71.32313
-69.07292
-67.49322
-65.17930
-64.07482
-63.49777
-62.88284
-63.64198
-64.77261
-64.48954
-64.55487
-64.63050
-63.65947
-62.15096
-61.56356
-61.47601
-61.39938
-61.96656
-63.38432
-64.53497
-65.05426
-65.36093
-65.70489
-65.98247
-64.86822
-64.00304
-63.79366
-64.21116
-64.72715
-66.50510
-67.11810
-65.77299
-64.97328
-63.32527
-62.10040
-62.15789
-63.65434
-63.91241
-62.84563
-63.19408
-64.06342
-64.66656
-65.34533
-64.85545
-64.46392
-64.55156
-63.63922
-63.18818
-63.03933
-62.71650
-62.77057
-63.12781
-63.35064
-64.10427
-64.11497
-64.44896
-63.99569
-63.68110
-63.89439
-62.69960
-61.32987
-59.54885
-59.51564
-58.92285
-58.57028
-58.65072
-58.26053
-58.24541
-58.25162
-58.31430
-58.89764
-59.56716
-59.61085
-60.06439
-60.44827
-61.57130
-62.14290
-63.03657
-64.11356
-64.34628
-64.42124
-64.05934
-63.97038
-63.91030
-63.73383
-63.33646
-62.97249
-62.76293
-61.65887
-61.30662
-61.49479
-61.26430
-61.99246
-62.90747
-63.10104
-63.60067
-65.41807
-66.19475
-66.03916
-65.67663
-65.55467
-65.26776
-65.11556
-64.62989
-63.97857
-64.06873
-63.99784
-63.68726
-64.06626
-64.32868
-64.21050
-64.68859
-64.83527
-65.11734
-65.13949
-64.25828
-63.74068
-63.73256
-63.02070
-62.45875
-62.37912
-62.16121
-61.75615
-61.53928
-61.31321
-61.67592
-61.63602
-61.70114
-62.42587
-62.52825
-63.23458
-63.93301
-64.42666
-65.32332
-66.49274
-68.06663
-69.31365
-70.62007
-71.85152
-71.67092
-70.61825
-69.25840
-68.08046
-66.60712
-65.62174
-65.31740
-64.25907
-63.46550
-63.31486
-62.60525
-62.37182
-62.14379
-62.16311
-62.65861
-63.25514
-64.45907
-65.65821
-66.92002
-69.08377
-71.63337
-73.61214
-74.39497
-73.51567
-72.20105
-71.11701
-70.78164
-69.41526
-68.46888
-68.23927
-68.27189
-68.10439
-68.36010
-68.38320
-68.16071
-68.18757
-68.01481
-68.50827
-69.09725
-69.42382
-70.05673
-70.65126
-70.98772
-71.74233
-71.86423
-72.07834
-71.93988
-72.48885
-73.23144
-73.68231
-74.59081
-75.63153
-76.46248
-77.52425
-78.78035
-79.85611
-81.89103
-82.84342
-84.30359
-84.43132
-82.45970
-78.39194
-76.56343
-74.20885
-71.20773
-69.36097
-68.59232
-71.05271
-73.45595
-74.94543
-75.26236
-72.93870
-71.08502
-69.86301
-70.36922
-69.97807
-69.36842
-68.28418
-67.58056
-66.44403
-66.43393
-67.31837
-67.42621
-68.57283
-70.29374
-71.47119
-70.49665
-69.36885
-69.09227
-71.57353
-72.98117
-69.74328
-66.23295
-65.18565
-65.09664
-65.56214
-66.58713
-66.85506
-66.46720
-66.21601
-66.25150
-64.93295
-64.50574
-64.54888
-65.26192
-65.85648
-65.88148
-65.77435
-65.35894
-65.33444
-65.89605
-67.67416
-70.00815
-72.67357
-73.24586
-71.42907
-69.91646
-69.64318
-71.30496
-74.02725
-75.59520
-75.46945
-74.94826
-75.10600
-76.55369
-77.91551
-75.45689
-72.41456
-70.69270
-70.07985
-69.66038
-69.48536
-68.61643
-67.35157
-66.57067
-65.98849
-66.40035
-68.17533
-71.94110
-77.49831
-75.19930
-69.80003
-67.00652
-65.25737
-64.66983
-64.56897
-64.48554
-64.18520
-64.00867
-64.65698
-65.99480
-68.04933
-70.90176
-73.98551
-76.46416
-77.35557
-76.39486
-75.72981
-76.76828
-78.65687
-77.79413
-75.01909
-72.93187
-72.45549
-72.09024
-71.81465
-71.40603
-71.30444
-72.21374
-74.18369
-75.35714
-72.67333
-68.89069
-66.38484
-65.03167
-64.11862
-63.75076
-63.86959
-64.49834
-65.68455
-67.81279
-70.40697
-73.08253
-73.72314
-72.14308
-70.83902
-70.58681
-71.79109
-73.80764
-75.92569
-75.34209
-73.05146
-71.28084
-70.16994
-70.00721
-71.01818
-72.27476
-73.18841
-73.12315
-73.13718
-72.88511
-73.89159
-76.74548
-80.10285
-83.82426
-82.53443
-79.99696
-76.60284
-74.57787
-73.16994
-71.46675
-70.00353
-69.69932
-70.62852
-72.26029
-74.86218
-77.28311
-77.28123
-76.88143
-77.61242
-79.96050
-78.44058
-73.46820
-70.52779
-68.37239
-67.12991
-66.56345
-67.41946
-69.42791
-72.22390
-74.98414
-75.03252
-73.96283
-73.05486
-72.20672
-71.59173
-70.35315
-69.87283
-68.81854
-68.38184
-68.33754
-66.49589
-66.66252
-66.89818
-67.11849
-66.42487
-65.21977
-64.86897
-65.29100
-65.95893
-66.05188
-65.87179
-64.96341
-64.00465
-62.89274
-62.49987
-62.55605
-62.63557
-63.55240
-65.02746
-66.80687
-68.13722
-66.98986
-65.79197
-64.44143
-63.44339
-62.95229
-62.30827
-62.61714
-62.82401
-62.10699
-61.53703
-60.75117
-60.79303
-60.66520
-60.91225
-61.41699
-61.76795
-62.97127
-62.78753
-62.21883
-62.00987
-61.63587
-60.60198
-59.87190
-59.70083
-59.63912
-59.69197
-59.98877
-61.05003
-62.53464
-62.92246
-62.33328
-62.33286
-62.88041
-61.95653
-62.77810
-62.53804
-62.10637
-63.04108
-63.09767
-62.93744
-62.80024
-62.49583
-61.67926
-62.19973
-60.73081
-60.23792
-60.50507
-60.35983
-60.49092
-60.64596
-61.06077
-61.56020
-62.00743
-61.97743
-62.16967
-61.90418
-62.12639
-62.20601
-61.40001
-61.66783
-60.93425
-60.39113
-60.01949
-59.80786
-59.86606
-59.31695
-59.49759
-60.03838
-59.97303
-59.96696
-60.77450
-60.70795
-60.55242
-60.97757
-62.10590
-62.35045
-63.85841
-64.91099
-66.27940
-66.38238
-65.61596
-64.53480
-63.19395
-61.98591
-61.22566
-60.48208
-59.41183
-59.51979
-58.93908
-58.73448
-58.33610
-58.72145
-58.82619
-59.23210
-59.90668
-61.07371
-62.47686
-63.37086
-64.70646
-65.69647
-65.10986
-64.93080
-63.49933
-62.89573
-63.24695
-63.60672
-65.68898
-66.67103
-68.71217
-67.59575
-66.69488
-65.49222
-64.38234
-63.05413
-62.22210
-61.80763
-60.99805
-60.46242
-60.51809
-60.28331
-60.00628
-60.06961
-60.36537
-60.65417
-60.94770
-61.76684
-61.43916
-62.21460
-63.40394
-64.15053
-64.71389
-65.59735
-65.89510
-66.31647
-66.58059
-66.65580
-66.14410
-64.99457
-64.60522
-63.52455
-62.90002
-62.25993
-61.48735
-61.27004
-61.05288
-60.37675
-60.22529
-60.11103
-59.96787
-60.10684
-60.61098
-61.69403
-62.97721
-64.72244
-67.25055
-70.46575
-73.38049
-75.50688
-75.55766
-74.20994
-73.36211
-73.58855
-73.35363
-73.42893
-73.12018
-71.61252
-70.98536
-70.71782
-70.63247
-70.69305
-70.52434
-71.21967
-71.60397
-71.61523
-72.98197
-73.27882
-73.83566
-74.11259
-74.61710
-75.89419
-75.52889
-75.56711
-75.86727
-76.20584
-77.25658
-77.30393
-77.33802
-77.03620
-76.88184
-76.60236
-76.13574
-76.59102
-77.06938
-77.16098
-72.89912
-71.04139
-70.88155
-72.29588
-74.96797
-75.52517
-75.66883
-75.16241
-74.66374
-74.49838
-74.89774
-76.50568
-77.17500
-76.15766
-75.13026
-73.05679
-72.38022
-71.91764
-71.32033
-70.97211
-71.05648
-69.23124
-66.75444
-65.69032
-65.52187
-66.17638
-67.61528
-69.61267
-70.66982
-69.49403
-68.79562
-69.59994
-70.60328
-71.95082
-73.32628
-74.31126
-72.72740
-71.84916
-70.63596
-69.01374
-68.91538
-69.43576
-70.03656
-70.69285
-71.61461
-72.08138
-72.43284
-72.42765
-73.42783
-73.47522
-72.88092
-71.96352
-70.02058
-68.81827
-68.33866
-67.88173
-67.35345
-67.17146
-66.62004
-66.06723
-65.77316
-65.81312
-66.38527
-67.81211
-68.91954
-70.06016
-71.70198
-72.09758
-71.73565
-70.55685
-69.80581
-69.91297
-70.72439
-71.22546
-71.10656
-70.82471
-70.56739
-70.15727
-69.20470
-68.08166
-67.12362
-67.30222
-69.02820
-72.26982
-73.11490
-70.21554
-68.28852
-67.72817
-67.92061
-68.38716
-69.28251
-69.87921
-70.67208
-71.86486
-72.83348
-74.08088
-74.69858
-74.43840
-75.53660
-76.03578
-74.42360
-73.30221
-71.95997
-71.35412
-70.98153
-70.89177
-71.98579
-73.43266
-74.43091
-74.67142
-74.76326
-74.23319
-73.45515
-73.57306
-73.39522
-73.66363
-73.82159
-73.26587
-72.78467
-72.00987
-71.95205
-72.19673
-72.67707
-74.22737
-75.46523
-75.65709
-75.50098
-75.33680
-76.56687
-77.76132
-77.38596
-77.75435
-78.71132
-78.99921
-78.10256
-76.43726
-75.29408
-75.49580
-76.64785
-77.84384
-79.05358
-77.72489
-77.53411
-79.24362
-79.33068
-78.79580
-78.75637
-78.79834
-78.09493
-78.81324
-80.57626
-81.39821
-81.99378
-81.90984
-80.41507
-80.29760
-81.02827
-80.41318
-79.97531
-79.71741
-79.21597
-78.00007
-77.31555
-77.81860
-77.66259
-77.57586
-77.69494
-77.75267
-78.06292
-78.14073
-77.65431
-74.13657
-70.77446
-69.89059
-67.98256
-66.67385
-67.09963
-67.42762
-68.86671
-71.73216
-75.76556
-78.08308
-77.18469
-76.60463
-77.13765
-79.17943
-81.42396
-79.82941
-74.62549
-71.90357
-69.62850
-67.99863
-68.05949
-67.96744
-68.18777
-68.90257
-70.01736
-71.90091
-75.20927
-78.48177
-77.97769
-77.11364
-73.95638
-69.33367
-67.07348
-67.08293
-68.64059
-70.82787
-74.26897
-76.53047
-74.13489
-73.60282
-75.15832
-75.42183
-77.54070
-81.91870
-78.77520
-74.54710
-71.61703
-70.70723
-70.61930
-70.59675
-72.94444
-77.38592
-76.36539
-72.54685
-69.35295
-69.74736
-66.88484
-63.60717
-63.86584
-63.29590
-62.23340
-61.01265
-59.92006
-59.97579
-60.52804
-61.02724
-61.61698
-61.84594
-61.81996
-61.63573
-61.26881
-60.73561
-60.44842
-59.70675
-58.99481
-58.36921
-57.41812
-57.28309
-57.17851
-56.79212
-57.24405
-57.52651
-58.03753
-58.83921
-59.27837
-60.08206
-61.16918
-62.90136
-63.94638
-64.53758
-63.86359
-63.48411
-62.57867
-61.03840
-60.13988
-59.32860
-58.17363
-57.52480
-57.54303
-57.65720
-58.35078
-59.01181
-59.86389
-61.12326
-61.99673
-62.49726
-63.06434
-63.07851
-63.03846
-63.01888
-63.89313
-64.79053
-63.02943
-60.59605
-59.59865
-59.47106
-59.91808
-60.54996
-61.14839
-61.81312
-62.28817
-64.28641
-68.16307
-70.01834
-67.35854
-65.52024
-64.72880
-64.15667
-64.30457
-64.27677
-64.64808
-65.53761
-66.42484
-67.56500
-67.70330
-68.62571
-70.42510
-71.94426
-70.52766
-69.11940
-70.23138
-71.28157
-70.83882
-71.04712
-72.11266
-71.35549
-70.57924
-69.54076
-68.77746
-67.45847
-66.53061
-65.78334
-65.37015
-65.49040
-65.19195
-65.56628
-66.79234
-68.15668
-69.99556
-72.30316
-74.24416
-74.51604
-73.40707
-73.21726
-73.02004
-72.91958
-70.77963
-69.78190
-69.13862
-68.63829
-67.84559
-66.61489
-66.13119
-65.58001
-65.66091
-65.21375
-65.05717
-65.35729
-65.78452
-66.51075
-67.97316
-70.07134
-72.21617
-74.88919
-77.79950
-79.18566
-79.84811
-80.54235
-80.43942
-81.19846
-79.88430
-78.62803
-77.99716
-77.63007
-77.42147
-77.29639
-77.31919
-77.31090
-77.46838
-77.46700
-76.64889
-75.47253
-74.60987
-74.55465
-75.08389
-75.67573
-77.03930
-78.94923
-81.70245
-83.22931
-84.89543
-85.67316
-84.38303
-82.71506
-80.94285
-79.63376
-77.70842
-76.46554
-74.44157
-72.57181
-70.69688
-69.50188
-68.69054
-67.96444
-68.41399
-69.44579
-69.70079
-69.66404
-68.79564
-68.76527
-69.47978
-69.45256
-69.98172
-71.05215
-71.41098
-70.45235
-69.80234
-69.82149
-70.21446
-70.11292
-70.67171
-72.84008
-74.88365
-74.40861
-73.01613
-71.58385
-71.44955
-71.16555
-72.05275
-72.71690
-73.21583
-75.61112
-76.39081
-75.69784
-74.54425
-73.75020
-73.37686
-72.78431
-69.95342
-68.35312
-68.40339
-68.82126
-69.71129
-70.97517
-72.69093
-74.04143
-72.45778
-71.07225
-70.34848
-71.42919
-71.99790
-72.63788
-75.60398
-75.86688
-74.10457
-72.15715
-71.17916
-70.92245
-70.78696
-69.77469
-69.29003
-69.53275
-70.28413
-71.35482
-72.93240
-75.39833
-75.83771
-74.04204
-73.90890
-73.06366
-71.23813
-70.11227
-69.78780
-70.36539
-71.96978
-73.02670
-73.49949
-73.91447
-74.26502
-74.48828
-72.92103
-70.83796
-70.17388
-71.34652
-71.94367
-72.50370
-71.58347
-71.15166
-71.42471
-71.93529
-71.22189
-69.86516
-69.42117
-68.83302
-69.24079
-70.01294
-71.18525
-71.89712
-72.28372
-72.38012
-71.88569
-71.38553
-71.65876
-71.47915
-70.19332
-69.75197
-69.53028
-69.52796
-70.24606
-70.54269
-70.65137
-70.56199
-70.33809
-70.63368
-70.79783
-71.76122
-73.25934
-74.16712
-74.64716
-74.72679
-74.25911
-73.42135
-73.23170
-73.50317
-74.50437
-74.57663
-74.54617
-75.35531
-76.13177
-76.89576
-76.92998
-76.83519
-77.02919
-77.88886
-78.59403
-78.28197
-77.94151
-78.09268
-77.49560
-76.30407
-76.25032
-76.68632
-74.94629
-74.50728
-75.21622
-75.48766
-76.56284
-79.47279
-81.31351
-81.70116
-81.13785
-80.10064
-79.58826
-79.56068
-80.77092
-80.19102
-80.40070
-79.52477
-78.68266
-77.62853
-77.12141
-76.23962
-75.56117
-76.03461
-77.35489
-78.41924
-79.40067
-79.30039
-78.21592
-77.55854
-77.48156
-73.28386
-69.02695
-70.26117
-70.16598
-68.50644
-68.74062
-69.56682
-70.90544
-72.28154
-73.62697
-74.34154
-76.34152
-77.05268
-76.93560
-76.99194
-76.06395
-73.48446
-69.37845
-66.41798
-66.36169
-67.93040
-69.12373
-68.89971
-65.70705
-63.76420
-63.74750
-64.80336
-66.32560
-67.62867
-69.47028
-71.31371
-75.55917
-75.82647
-72.26221
-70.50136
-70.29671
-70.56207
-68.89549
-67.32859
-67.52924
-67.75168
-67.78398
-67.69940
-67.25982
-68.43288
-68.84982
-68.85761
-68.80164
-68.74385
-68.12185
-67.81286
-68.88480
-70.68980
-72.84223
-76.66764
-74.67564
-70.74046
-69.81889
-66.55482
-64.57892
-62.90600
-60.41661
-58.73144
-58.08571
-58.97071
-59.62023
-59.47637
-60.11061
-61.46648
-62.89861
-63.44611
-65.33652
-66.60313
-66.31975
-65.62471
-64.66026
-63.73932
-63.05004
-61.29947
-60.70408
-61.60368
-60.34073
-58.77869
-57.55543
-57.05984
-56.22245
-55.93361
-55.89391
-55.59209
-55.68947
-55.74292
-56.20232
-56.79250
-57.76109
-58.96309
-60.57123
-62.01835
-63.48631
-63.30960
-62.02517
-61.93105
-61.66642
-61.33255
-60.70747
-60.62006
-59.89663
-60.30836
-59.51209
-58.52678
-58.89779
-57.63903
-57.98193
-59.01508
-60.06520
-60.95118
-60.58116
-59.89761
-60.78064
-61.54207
-61.53799
-61.88904
-62.54894
-64.59777
-66.10308
-66.56550
-65.98319
-65.85740
-64.96004
-64.04149
-63.37658
-63.15347
-62.80299
-62.78739
-61.90490
-61.06283
-60.44281
-60.29219
-60.66825
-60.74652
-61.18408
-60.96560
-60.37181
-60.07676
-60.58291
-60.55704
-60.74322
-61.64418
-62.36025
-63.34470
-64.41600
-64.73332
-66.16586
-68.23558
-69.55526
-70.91119
-71.41252
-72.14974
-72.42754
-71.52883
-70.35512
-69.57124
-69.41622
-69.19192
-69.06350
-68.79048
-68.42509
-68.13649
-67.13182
-66.89997
-66.37277
-66.25285
-66.91025
-66.23416
-66.18813
-67.11790
-68.33132
-70.38512
-71.44964
-72.02162
-72.79826
-73.01057
-72.51681
-72.53870
-73.19197
-72.70007
-72.16352
-71.62036
-70.22926
-70.02850
-70.25775
-70.72164
-71.23861
-71.59914
-71.45793
-71.64730
-72.02274
-71.44170
-71.68404
-71.81877
-72.15969
-72.60191
-72.23040
-72.05929
-72.21190
-72.09151
-72.55284
-72.83779
-73.59200
-74.60491
-75.47841
-74.92583
-77.62047
-76.99237
-79.61665
-78.91870
-80.07207
-77.72358
-80.79501
-71.10259
-62.00638
-62.52510
-63.57575
-64.55040
-65.40657
-68.06061
-65.03681
-64.92516
-72.13140
-71.99988
-73.23816
-71.73309
-70.22406
-66.63166
-65.35932
-64.60847
-63.62876
-62.49373
-61.76077
-61.64296
-61.25451
-60.91194
-60.72263
-61.07939
-61.67406
-61.97788
-62.38495
-62.97244
-63.67533
-64.77094
-65.55674
-66.49088
-67.13004
-68.32970
-68.64241
-69.56096
-70.78363
-71.59481
-71.74505
-71.93305
-72.46065
-72.74131
-72.24946
-70.55285
-69.96430
-69.02835
-69.16441
-69.27990
-68.85046
-68.16857
-68.37940
-68.71484
-69.28583
-70.03036
-70.05322
-71.02251
-71.29115
-72.96263
-74.88271
-75.95077
-75.74647
-75.68007
-76.27307
-74.97665
-73.51037
-72.08185
-70.44768
-69.48863
-68.81715
-68.37325
-68.70249
-68.69549
-68.50226
-69.41156
-70.56363
-72.45265
-73.29351
-73.87610
-76.11838
-77.98922
-79.52515
-80.25477
-81.09316
-80.05853
-80.42589
-78.78168
-78.93492
-77.50068
-78.60171
-77.75999
-78.02947
-77.20904
-78.02830
-77.40222
-79.40389
-77.85825
-80.20068
-75.93913
-63.31838
-64.04536
-66.99267
-68.88518
-71.98488
-72.12817
-76.05947
-75.13740
-77.72529
-78.98184
-77.58397
-80.91998
-80.98472
-77.88449
-84.05654
-79.04782
-80.81059
-84.07405
-80.28196
-81.29052
-81.74398
-80.36664
-81.14685
-82.96081
-80.09823
-81.63751
-81.12366
-83.45361
-80.97997
-86.73258
-80.41543
-101.32068
-70.98374
-63.36519
-64.79261
-64.99133
-64.14840
-62.71779
-64.43886
-65.71278
-67.27690
-68.65427
-67.11219
-67.15227
-69.30803
-70.25649
-68.51402
-68.98944
-68.01885
-66.47073
-65.85076
-65.38852
-63.58527
-63.19936
-62.61335
-62.82038
-63.22709
-63.26669
-62.94497
-62.37181
-63.06278
-62.65680
-63.18261
-63.85337
-63.67783
-63.58739
-64.03303
-64.09508
-63.94879
-63.76227
-63.77866
-63.99023
-63.64212
-63.74215
-63.37077
-63.52312
-63.08664
-63.09455
-62.94211
-62.77204
-62.83310
-62.77632
-63.55565
-63.59960
-63.62626
-63.89868
-64.52727
-64.14256
-63.66643
-63.43165
-62.87503
-62.69214
-62.12938
-61.72330
-61.40576
-61.28351
-61.30438
-60.55902
-61.20418
-61.49779
-61.97187
-62.16785
-62.74196
-61.27194
-59.71186
-62.71682
-62.25088
-62.73256
-65.08724
-65.60755
-66.27469
-66.66870
-68.16627
-68.31471
-69.05304
-69.97834
-71.03360
-71.02787
-71.35535
-71.03906
-71.21277
-71.87192
-72.61073
-73.15418
-72.63470
-72.47215
-72.61662
-72.50739
-72.79470
-73.19676
-73.01742
-72.81527
-73.72261
-75.00572
-74.30110
-75.12069
-75.48239
-75.90682
-76.52502
-77.13616
-77.14917
-77.06170
-77.45730
-77.75041
-77.33204
-78.20173
-78.54232
-78.97521
-79.95818
-79.94631
-79.68378
-80.10257
-80.80791
-80.82452
-82.11062
-81.04764
-82.34647
-81.37003
-84.21542
-81.64450
-87.04045
-80.97931
-83.42941
-66.89492
-60.90315
-63.41032
-65.06858
-67.32052
-69.57301
-70.46752
-71.55025
-72.57876
-73.09325
-72.40275
-72.41330
-73.42781
-72.49377
-73.39247
-73.52604
-72.30874
-71.29967
-70.13874
-71.15919
-70.60090
-69.86896
-68.83593
-68.80247
-68.21364
-68.37221
-67.73446
-67.17173
-66.24697
-65.31645
-64.90602
-64.98292
-64.94185
-64.24328
-63.84523
-63.04659
-63.13939
-63.25927
-64.08890
-65.33443
-65.14356
-64.88567
-65.09296
-66.52986
-67.14578
-67.11841
-68.36936
-67.66859
-68.24753
-68.80343
-68.02110
-66.88304
-66.28015
-65.91605
-65.99990
-66.90251
-66.78875
-67.07713
-67.02660
-68.00418
-68.16259
-67.58225
-67.11883
-67.54936
-68.60324
-69.38026
-70.77562
-71.71783
-72.91545
-73.91760
-74.69109
-74.00493
-73.97864
-74.66460
-75.47895
-76.16343
-76.22788
-76.03474
-77.67404
-78.08563
-78.00884
-78.56025
-78.96377
-80.03342
-80.77088
-81.55210
-81.54195
-82.09848
-81.78528
-82.39051
-83.44046
-83.74952
-83.52316
-82.86865
-82.93716
-83.66423
-83.63779
-84.08823
-82.65616
-81.86713
-84.83010
-85.59721
-84.27178
-83.62335
-82.73274
-84.09391
-84.54328
-85.35599
-85.19666
-85.71658
-84.87575
-86.92934
-86.84128
-88.71231
-87.60048
-88.53803
-88.83967
-91.09026
-90.69174
-89.39730
-88.67383
-88.12823
-93.22447
-93.22474
-102.91375
-92.35423
-111.09462
-89.94759
-101.81722
-85.97544
-86.56663
-68.96674
-62.23730
-64.42912
-64.55505
-64.75156
-64.28365
-64.99850
-64.42210
-65.51615
-66.60087
-67.84051
-68.64026
-69.65431
-71.75858
-73.35734
-72.90718
-71.62926
-71.86107
-71.49911
-71.94016
-71.98763
-72.36987
-71.35353
-70.90749
-68.84324
-68.51881
-67.96391
-68.01675
-67.10284
-65.67030
-64.48864
-64.29016
-63.62532
-61.19073
-60.79816
-61.74074
-60.85167
-60.85699
-61.25571
-60.91777
-60.82601
-60.48220
-60.46502
-60.19261
-60.55305
-60.93673
-60.77130
-60.03981
-60.09823
-60.82985
-61.40490
-61.80130
-62.24554
-61.89778
-62.61248
-62.72832
-62.50516
-63.47479
-63.41752
-63.84635
-63.50419
-63.96921
-64.96209
-65.16097
-66.27425
-65.75607
-64.35816
-64.99463
-67.21525
-70.51034
-70.84548
-70.68011
-69.49507
-69.04472
-69.68081
-70.78796
-72.29976
-71.84693
-71.69438
-71.41879
-73.22232
-73.93333
-74.94491
-75.08719
-74.65395
-75.43455
-76.12832
-75.92606
-76.19288
-77.24681
-77.66632
-78.75999
-79.56041
-79.89917
-78.52996
-79.47176
-78.88815
-82.45005
-76.00896
-70.15491
-72.38273
-74.02422
-75.34317
-76.31350
-76.32193
-77.25721
-77.54053
-80.09770
-79.18092
-79.60775
-78.34822
-79.03551
-78.60172
-81.25568
-80.24685
-73.04004
-73.02767
-76.45216
-76.33381
-77.79193
-78.03891
-79.57023
-80.25292
-81.07671
-82.15126
-82.07732
-85.40712
-82.09091
-87.18952
-79.53026
-103.80407
-64.21000
-58.76392
-61.61508
-62.69558
-64.25758
-65.68329
-68.52303
-71.02422
-73.12979
-73.53777
-71.72211
-70.82570
-67.72989
-65.08391
-63.50471
-61.83489
-60.87435
-60.32109
-59.58833
-59.08375
-58.86823
-58.60430
-58.37804
-58.36838
-58.34255
-58.76781
-59.07907
-59.34436
-59.74097
-60.44046
-61.39356
-62.07884
-62.32532
-63.32400
-63.88137
-64.32629
-65.49764
-66.86582
-67.19715
-67.00480
-68.03224
-68.05620
-67.61149
-66.74604
-65.93513
-64.79204
-63.80871
-63.23178
-62.47366
-61.78700
-61.46757
-61.54844
-62.32116
-62.43936
-63.49791
-61.95861
-61.80720
-66.31382
-65.58613
-67.66594
-68.17828
-66.09972
-66.22636
-65.43689
-65.08095
-63.88449
-63.34296
-62.42945
-61.69946
-61.96731
-62.46763
-62.35884
-62.38236
-62.92378
-64.70169
-65.91286
-67.36952
-68.30920
-69.93364
-72.05180
-73.37583
-74.76287
-71.08779
-70.60146
-72.21083
-73.32925
-73.41401
-73.03854
-73.39849
-73.06909
-72.67409
-73.10807
-72.70403
-73.65958
-73.20463
-74.77000
-73.07444
-78.93536
-68.41528
-62.12610
-65.04599
-66.65191
-69.45151
-71.04196
-71.78025
-74.36303
-73.32611
-75.76877
-76.83935
-74.74703
-77.26629
-77.04984
-76.20867
-80.39407
-76.15715
-78.23872
-77.75409
-77.94408
-77.73349
-77.90838
-78.08970
-77.70385
-76.95022
-76.93264
-77.41643
-78.74301
-77.91454
-78.01710
-81.83947
-77.25884
-98.85411
-64.87060
-61.18118
-64.03378
-63.90849
-62.96113
-62.17648
-65.03706
-66.68836
-66.49899
-65.19711
-65.62512
-66.32486
-68.45198
-68.55815
-68.59155
-68.16961
-66.65025
-66.76010
-65.31427
-64.23962
-63.33384
-63.09791
-62.62436
-62.53638
-62.50849
-61.99114
-61.41897
-62.09135
-62.34114
-62.42153
-62.99168
-63.39758
-63.42805
-62.86837
-62.81799
-63.20678
-63.07492
-63.19757
-63.10545
-62.74066
-62.95694
-63.02176
-63.06408
-62.09193
-62.23936
-61.89880
-61.92306
-62.47722
-62.43987
-63.10830
-62.90283
-63.32395
-63.79807
-64.10827
-64.10413
-63.91540
-63.59029
-63.19518
-63.44379
-62.64047
-61.57955
-61.32898
-61.14253
-61.07399
-60.81184
-60.71694
-61.02658
-61.70001
-62.02063
-61.85143
-62.32629
-60.23009
-60.62394
-62.93461
-61.53906
-63.58397
-65.84916
-65.91743
-66.65152
-66.78799
-68.12764
-68.37222
-69.08326
-70.13586
-70.89597
-70.89517
-70.94767
-70.32919
-71.01255
-71.85445
-72.66957
-72.28254
-72.20671
-71.86579
-71.60016
-72.56525
-73.00885
-73.51603
-69.60503
-68.77763
-70.85224
-72.18153
-72.73264
-74.26381
-73.69073
-74.84405
-71.36457
-68.45570
-71.24341
-72.42283
-72.81258
-73.97697
-73.52309
-76.86513
-73.02151
-68.23922
-70.00906
-72.03862
-72.74131
-74.91826
-75.02879
-76.61363
-76.80812
-76.84797
-76.58214
-76.90683
-78.13986
-77.86843
-79.13750
-77.58005
-76.82819
-62.28542
-59.81104
-63.03493
-64.53397
-67.67782
-67.93622
-69.62609
-72.16153
-67.13952
-64.33997
-66.32495
-68.67685
-67.98791
-66.93783
-69.66961
-70.23772
-69.25622
-68.81025
-68.81797
-70.02440
-69.79926
-68.56448
-68.54762
-68.43584
-67.61427
-68.02622
-67.51519
-66.43043
-65.55542
-65.12233
-64.77936
-65.37465
-65.10380
-64.82613
-63.42147
-62.89830
-63.33057
-63.97707
-64.83381
-64.85924
-65.07845
-65.00312
-65.71377
-66.71356
-66.53215
-66.75649
-67.37278
-67.22842
-67.73317
-67.60025
-66.95395
-66.07454
-66.13489
-65.81915
-66.10093
-66.63535
-66.88083
-66.90979
-67.19644
-67.76392
-67.15240
-67.05930
-67.24489
-68.05446
-68.53292
-69.80354
-70.31421
-71.11131
-72.09523
-73.08102
-73.19483
-73.13518
-73.16292
-73.64486
-73.78577
-72.93175
-74.07595
-75.06042
-75.63408
-75.23853
-75.81176
-74.88628
-75.31700
-76.04817
-77.18661
-77.06809
-77.69311
-77.95702
-77.76380
-78.03241
-77.90377
-78.43848
-78.97745
-79.60212
-79.16718
-80.00104
-79.56291
-80.65334
-77.87772
-76.60988
-78.68026
-79.04955
-78.41060
-78.73726
-79.06684
-79.85762
-78.86854
-77.69157
-78.57391
-79.56570
-79.41132
-80.10410
-79.71446
-81.40457
-80.95754
-80.58381
-81.20660
-83.38624
-82.37004
-85.64160
-83.53968
-84.82580
-84.88446
-86.72738
-85.74494
-86.90453
-87.03959
-86.18488
-87.93712
-84.02112
-92.44242
-61.41876
-60.11623
-63.61369
-63.94610
-65.85218
-65.06233
-65.48777
-64.25591
-62.67346
-60.90864
-61.05049
-59.95475
-58.92941
-58.40267
-58.15568
-58.02312
-58.12355
-57.87872
-58.56453
-58.49424
-58.31786
-59.31849
-59.39382
-59.43255
-59.82185
-59.97488
-60.52963
-61.34149
-61.94311
-62.74504
-62.83937
-63.04924
-62.84418
-63.00761
-63.07391
-64.15621
-65.05948
-64.66359
-64.28141
-63.97227
-64.31704
-64.99625
-64.22763
-64.68838
-64.30382
-64.18268
-64.54361
-65.55565
-65.97764
-66.11449
-66.28301
-65.93000
-66.22814
-66.26128
-66.01198
-65.76820
-66.25904
-66.30476
-65.98364
-66.25844
-66.29924
-66.75128
-67.00500
-65.56768
-66.49208
-64.37168
-64.19825
-64.44080
-65.09449
-67.00951
-69.48249
-71.75638
-73.89101
-74.35172
-72.13850
-73.05250
-71.63335
-71.37809
-71.05727
-71.57315
-71.27345
-70.90737
-68.61568
-69.41768
-70.13520
-69.66313
-69.64140
-69.08216
-69.03786
-69.31873
-69.96884
-71.02395
-71.66271
-71.89689
-72.18066
-72.07170
-73.35544
-73.95910
-73.98570
-73.15360
-74.22202
-74.61004
-75.39097
-75.26776
-75.47938
-76.61709
-76.69792
-75.95738
-77.47009
-78.25925
-78.46881
-78.54031
-78.59638
-78.99108
-77.54728
-77.81460
-77.84021
-79.69208
-78.40786
-80.94422
-78.99063
-82.19258
-80.74073
-83.30279
-82.10500
-86.07120
-83.07688
-85.81117
-84.63269
-88.60910
-82.40031
-60.74769
-58.87703
-60.55631
-61.28863
-62.10685
-62.91463
-64.37699
-65.20888
-66.73062
-67.07587
-66.82871
-64.46412
-62.88111
-61.53737
-60.49528
-59.27435
-58.14987
-57.56303
-56.81805
-56.09414
-55.91863
-55.99290
-55.81938
-55.49218
-55.80450
-56.22852
-56.90125
-56.93102
-57.30552
-58.14033
-58.92288
-59.38598
-58.66527
-58.97182
-59.70350
-61.31532
-62.53391
-63.34295
-64.07767
-64.24376
-64.30189
-63.56667
-63.36215
-62.37110
-61.24822
-60.15669
-58.97534
-58.49443
-57.74645
-57.66294
-57.92958
-58.32532
-58.75613
-58.25372
-58.60351
-58.80597
-58.99431
-60.37343
-61.68269
-62.85105
-63.24092
-63.54217
-62.50689
-61.72596
-60.05160
-57.83595
-56.34722
-54.99012
-54.35046
-53.83188
-53.40239
-53.11793
-52.99421
-52.84800
-53.36314
-54.18244
-55.21888
-56.08155
-57.18374
-58.61905
-60.45920
-61.84870
-61.07400
-61.18096
-60.79846
-59.84335
-59.37328
-59.22686
-58.24408
-57.62439
-57.47618
-57.02815
-57.57874
-58.15573
-57.84289
-58.75874
-58.69103
-60.04584
-59.74012
-61.48957
-62.39243
-61.60539
-62.96082
-59.32498
-62.26191
-61.77009
-61.27240
-62.03232
-60.39570
-60.36718
-60.70994
-60.61160
-61.58644
-63.96311
-63.69411
-66.37568
-67.29046
-71.00030
-72.37050
-71.43710
-69.99869
-69.23597
-69.45178
-69.28927
-71.35895
-71.78153
-69.28170
-72.38089
-69.03959
-70.24635
-69.07864
-61.86409
-61.30589
-60.26974
-59.63993
-57.92675
-58.78587
-59.94694
-61.18399
-62.58326
-62.85546
-63.43327
-64.57111
-65.55902
-65.19378
-65.43448
-63.87627
-63.81980
-62.68756
-62.72325
-60.23529
-60.23334
-59.48924
-59.90978
-59.87992
-59.34967
-59.10949
-58.30785
-60.23611
-59.70993
-60.39853
-59.85291
-60.25454
-60.10912
-60.34267
-60.35573
-60.24700
-60.55655
-59.64498
-60.55684
-59.80632
-59.68988
-59.56545
-59.92503
-59.83859
-59.22985
-59.20450
-59.15215
-59.68472
-59.32423
-59.80735
-60.09623
-59.97254
-60.25302
-60.34791
-60.15058
-59.60489
-59.87155
-59.24108
-59.25189
-58.83435
-58.13338
-57.92859
-57.66077
-57.99880
-57.83281
-57.50794
-57.47579
-57.65511
-57.99147
-58.49037
-58.52288
-58.41184
-58.90995
-58.83357
-58.68057
-59.07462
-58.84435
-59.32267
-58.69260
-58.48907
-59.08275
-58.78311
-59.40957
-59.74680
-59.44218
-59.07003
-59.70766
-60.29474
-60.45190
-61.29741
-60.89097
-60.49364
-60.57417
-60.36566
-60.00608
-59.45280
-59.53253
-59.65317
-58.76781
-58.52608
-59.13670
-58.96354
-58.98623
-58.48788
-58.21580
-58.69187
-58.36686
-58.28985
-58.27089
-57.62167
-58.22596
-58.00523
-57.69814
-57.96440
-57.76071
-58.01557
-58.59393
-58.95416
-57.36222
-58.18548
-59.67486
-59.45647
-59.73334
-60.66167
-60.70607
-60.88647
-61.41189
-61.99366
-63.02424
-63.99060
-61.74898
-56.58592
-58.50820
-61.77600
-61.21760
-61.96548
-61.32740
-64.65271
-63.21777
-60.43796
-60.50047
-60.68521
-62.50083
-62.21198
-61.99591
-63.75818
-63.46832
-63.48475
-63.47810
-63.70596
-64.49505
-64.24057
-63.66639
-63.94116
-64.08644
-63.96957
-64.81016
-64.10747
-62.48422
-61.53238
-60.85107
-61.05000
-61.02452
-60.47408
-60.30662
-59.61724
-59.01019
-59.25066
-58.99404
-58.74643
-59.09152
-59.23698
-59.61953
-58.89481
-59.48707
-58.88458
-58.97930
-60.62350
-61.00627
-62.25578
-61.13006
-59.69136
-58.31572
-57.93559
-58.09625
-57.77999
-57.49316
-57.27041
-56.78989
-57.71071
-57.49069
-57.09529
-56.56393
-56.12308
-56.71140
-57.00547
-58.23304
-58.60020
-59.12551
-59.54844
-60.22104
-60.02065
-59.42779
-59.01195
-59.61357
-60.34084
-61.10573
-60.24037
-60.54020
-61.41749
-61.22957
-61.46657
-61.82528
-62.64499
-63.28478
-65.41303
-65.96026
-67.64018
-66.53155
-66.48303
-64.89014
-66.13800
-67.23786
-66.41330
-67.55879
-67.33966
-67.49826
-67.76113
-67.99361
-66.89205
-67.67450
-67.38980
-66.78847
-66.52577
-65.76584
-65.06546
-65.20747
-64.49121
-65.15611
-65.97831
-66.09608
-67.52265
-68.38073
-70.11403
-71.73655
-72.57696
-72.62964
-73.80171
-73.10712
-70.55722
-70.14502
-69.50997
-71.66217
-73.02064
-75.20370
-73.29049
-71.36473
-70.22166
-72.80793
-72.14257
-80.58759
-67.52084
-58.97582
-62.04816
-62.33104
-61.71434
-62.07730
-61.90144
-60.64999
-59.00656
-58.50853
-57.63069
-57.09390
-55.92101
-55.45336
-55.16403
-55.64613
-55.58379
-55.21568
-55.74470
-55.51552
-55.43915
-56.12252
-56.23091
-56.38880
-56.88310
-56.96291
-57.64291
-58.36000
-58.38666
-59.04453
-59.41046
-59.39359
-59.96789
-59.59294
-60.13025
-60.88269
-60.31890
-60.55407
-60.00523
-60.54320
-60.58268
-61.42150
-60.94834
-60.68334
-61.43391
-60.98340
-61.44195
-61.54582
-62.46176
-62.91944
-62.87839
-63.12767
-63.02421
-62.60290
-62.21064
-61.20646
-61.65750
-61.67552
-62.09530
-62.12929
-62.53698
-62.15216
-62.03270
-61.97735
-61.80603
-61.66522
-61.17072
-61.77480
-62.60412
-63.75589
-63.43651
-63.10890
-62.92670
-63.44198
-63.74672
-63.97224
-62.84803
-62.51656
-61.27991
-61.42734
-61.73043
-61.48470
-60.48987
-59.29116
-59.70040
-59.54792
-60.21780
-60.19680
-59.34506
-58.56758
-58.63136
-59.34301
-59.42224
-59.79344
-59.21024
-58.76417
-59.06973
-59.33732
-60.12584
-60.32987
-60.70885
-60.40319
-60.73082
-60.61477
-60.54181
-60.88247
-61.02216
-60.60623
-60.15124
-60.73882
-61.01456
-60.75090
-60.29696
-59.54394
-58.58507
-58.15852
-58.60606
-61.92720
-64.88677
-64.59237
-66.77663
-67.57067
-67.46212
-67.18944
-65.07975
-65.49234
-65.80996
-66.53429
-66.70256
-68.23800
-67.57690
-69.89893
-65.39752
-63.75623
-64.21216
-62.97239
-64.63566
-64.16285
-65.29465
-64.55934
-68.06076
-65.95310
-67.05269
-64.76960
-63.92449
-62.45550
-60.13943
-60.01274
-58.52915
-58.59962
-57.74351
-57.84836
-57.17259
-57.10288
-56.72562
-57.40063
-57.26139
-57.57599
-58.25521
-58.99265
-59.50118
-59.79431
-60.95267
-61.33369
-62.50640
-62.67114
-63.51669
-64.05823
-64.63183
-65.60545
-66.62265
-67.10762
-67.43981
-67.10307
-67.20315
-65.19000
-65.31681
-63.78038
-62.95453
-61.99475
-61.26021
-61.69483
-61.78842
-62.05475
-61.43549
-61.91184
-62.22961
-62.15669
-62.59235
-63.33341
-64.19058
-65.98837
-66.10575
-66.38213
-66.80939
-65.30765
-62.79481
-60.91931
-59.45768
-58.20950
-57.19173
-56.83870
-56.57106
-56.37254
-56.40964
-57.02498
-57.31037
-58.05017
-59.24501
-60.03204
-61.74066
-63.14938
-65.54318
-66.08559
-65.91434
-65.18745
-64.74046
-64.35850
-63.80146
-62.91174
-62.09831
-61.59289
-61.31368
-61.51249
-61.86667
-62.32336
-62.41451
-62.91337
-63.47997
-65.40637
-67.00079
-69.32621
-68.35769
-68.37428
-65.94475
-65.20282
-67.85887
-66.04461
-67.37116
-65.22397
-64.96462
-65.14780
-64.92538
-66.20463
-67.02215
-68.64809
-68.84530
-71.15215
-73.89087
-75.60005
-73.51578
-73.66937
-77.80128
-78.00137
-76.66578
-76.46462
-75.69604
-75.87485
-74.79834
-77.03288
-75.95324
-77.86571
-74.21634
-70.65083
-67.78023
-67.48731
-66.51039
-64.67496
-66.46746
-67.39661
-68.72957
-68.34264
-68.72784
-68.51972
-69.45132
-69.04065
-69.51027
-69.93025
-70.39360
-68.37438
-68.43972
-67.93328
-66.23856
-66.77278
-65.34748
-66.21844
-65.64697
-65.90352
-66.09759
-66.65340
-66.07652
-66.74720
-67.69001
-67.22820
-67.49324
-67.69234
-68.66002
-67.54412
-67.58743
-67.50656
-68.04423
-68.24371
-67.90050
-67.55339
-67.68865
-68.06819
-67.42155
-67.52058
-67.25555
-67.08370
-67.39127
-67.49527
-68.00085
-68.41426
-68.54796
-68.55389
-69.04388
-68.83263
-68.22129
-67.91774
-67.22418
-66.78178
-66.23699
-65.55808
-65.76642
-66.38795
-66.68177
-66.70957
-66.67697
-66.34330
-65.86010
-65.97348
-66.22260
-66.82761
-67.46106
-67.03761
-67.63072
-68.12364
-68.17724
-68.69358
-68.40376
-68.67569
-68.60420
-68.79416
-69.07184
-69.56919
-69.93795
-69.17711
-69.10291
-69.49849
-69.42890
-70.62840
-71.00660
-70.63695
-70.45669
-70.32805
-69.87049
-69.71214
-70.07878
-69.52723
-69.30338
-68.39213
-69.31909
-69.78325
-70.18069
-69.79594
-68.98955
-69.21387
-68.94075
-69.14218
-69.05837
-68.75204
-68.74323
-68.59428
-68.36100
-68.89996
-68.47848
-68.97916
-69.50922
-69.83604
-68.99552
-68.25432
-69.35646
-69.77052
-70.01109
-71.32328
-72.31149
-71.87277
-72.23643
-72.90507
-74.06617
-74.43200
-74.76210
-72.36143
-70.69881
-71.27782
-70.39107
-70.76553
-71.80103
-71.76739
-72.73776
-73.25025
-71.07601
-69.82914
-68.51325
-67.23162
-67.22002
-67.42774
-67.80677
-67.52450
-67.45328
-68.28974
-69.35315
-69.53787
-70.52407
-71.93861
-72.83494
-73.29035
-73.04636
-73.69055
-73.19497
-72.38096
-72.62381
-71.63447
-70.46763
-71.20091
-70.80879
-70.77265
-69.64150
-69.58126
-70.73330
-70.53672
-71.03573
-71.06723
-72.09759
-73.06766
-73.86661
-74.06879
-74.18389
-74.40426
-74.35860
-74.88734
-74.87276
-74.33063
-72.38293
-71.35919
-71.49191
-71.54408
-71.68647
-72.16453
-71.74039
-71.11238
-72.16112
-72.20489
-71.84297
-71.19338
-71.41945
-72.47600
-73.07445
-73.62839
-73.93245
-74.64714
-74.60146
-74.70142
-73.87352
-74.45729
-75.34342
-75.16892
-76.15476
-76.75008
-76.43557
-76.81029
-77.24646
-77.82705
-77.20096
-76.46077
-76.94942
-78.05314
-79.78062
-79.69824
-80.29050
-80.34024
-80.04905
-79.98374
-80.58889
-81.52006
-80.73483
-81.56817
-82.12013
-81.81853
-82.32856
-81.57547
-82.16852
-81.61763
-80.48581
-80.71418
-80.79161
-81.35601
-81.34342
-81.38744
-82.54749
-83.06658
-83.21981
-83.66333
-84.94086
-86.36196
-86.77967
-86.98624
-87.09868
-87.39176
-85.67306
-84.23771
-83.92196
-83.17300
-83.72130
-83.82687
-84.24810
-85.45321
-84.83437
-86.19289
-86.18224
-88.31651
-88.44160
-92.37353
-78.28118
-72.42572
-72.66181
-72.36580
-73.63663
-74.60422
-74.01206
-73.33019
-74.14436
-72.92233
-72.34867
-73.35080
-72.35080
-73.86710
-73.83852
-72.89972
-74.15209
-73.30574
-72.52774
-72.51733
-72.98756
-73.41185
-71.86754
-72.75258
-74.61226
-74.71920
-75.25488
-74.88231
-75.95579
-76.51079
-75.54975
-76.09084
-75.35594
-75.79818
-76.36604
-75.10597
-75.52005
-76.42167
-76.09230
-76.62848
-77.10325
-77.38701
-78.75711
-78.57935
-79.68875
-79.64026
-80.45360
-82.21775
-82.03711
-81.54667
-80.82879
-78.53099
-77.90120
-77.45641
-75.70053
-75.08638
-75.29861
-76.31328
-76.01369
-76.56363
-76.37482
-77.30965
-77.97465
-78.37056
-78.18456
-77.73068
-79.46457
-80.96908
-79.84406
-78.43113
-79.05659
-78.21824
-77.37283
-77.07316
-79.31230
-80.24210
-79.27328
-79.08160
-79.48375
-79.98699
-79.56486
-79.43745
-79.61607
-80.11173
-79.20470
-78.42952
-79.72842
-80.41418
-80.01861
-79.93118
-80.77947
-81.83749
-81.53662
-82.17582
-82.61988
-82.09755
-81.65433
-82.74328
-83.49587
-84.41948
-83.23477
-82.31893
-82.53827
-82.51480
-82.89647
-82.47041
-82.68040
-83.33581
-82.70592
-82.37467
-82.54214
-82.57541
-83.56803
-84.07641
-84.28215
-84.33791
-84.66147
-85.16524
-84.29721
-83.79977
-85.32696
-85.58945
-85.66295
-86.37278
-87.01788
-86.49882
-86.75019
-86.94032
-88.46335
-90.14648
-92.38615
-86.64047
-81.16052
-81.55948
-81.63196
-81.80858
-82.66281
-82.76618
-81.96828
-82.44638
-84.61846
-85.47829
-84.96588
-85.11694
-84.67300
-83.70674
-84.44393
-85.18298
-85.48683
-87.45582
-86.69784
-84.85922
-86.12012
-86.98305
-86.07324
-84.79388
-84.48939
-85.46006
-85.88191
-85.63217
-85.52654
-85.61946
-86.44669
-87.73808
-89.71950
-89.40546
-88.10781
-88.44371
-88.52449
-88.43770
-89.16032
-90.00319
-89.53469
-90.28297
-91.01669
-92.00969
-93.34827
-93.03914
-96.17228
-83.85464
-79.71284
-81.47409
-82.78450
-83.50076
-83.48246
-84.08572
-85.62397
-87.05411
-86.75310
-85.77854
-85.40007
-83.88177
-82.99660
-85.00958
-86.67024
-87.24638
-85.29852
-84.98565
-85.94784
-86.76933
-87.01024
-87.49268
-88.74124
-88.77345
-88.88697
-87.30392
-86.79499
-87.24024
-87.83313
-86.38913
-88.98267
-92.13586
-90.75513
-83.79972
-81.63314
-82.21500
-81.97286
-83.81029
-84.94392
-86.09891
-83.42340
-82.33594
-82.17052
-83.54072
-84.79744
-83.89249
-84.19737
-84.17180
-84.39394
-84.17311
-84.31689
-84.38779
-85.96562
-86.10824
-86.09965
-87.15736
-88.68623
-89.37910
-88.39539
-89.07907
-89.35212
-90.06102
-89.53300
-89.52385
-93.38934
-93.18854
-92.00067
-92.48747
-92.09133
-92.09418
-91.45988
-90.10263
-91.39390
-92.15708
-91.45915
-92.24969
-91.37277
-90.85693
-90.45782
-93.69139
-94.34828
-97.49633
-85.43889
-79.32474
-80.06368
-80.48184
-81.09903
-81.66118
-81.65154
-83.20416
-84.73896
-85.56531
-84.94508
-84.38701
-84.26272
-84.14613
-83.50629
-83.86955
-85.34547
-84.04909
-84.19414
-85.31080
-86.16150
-85.89957
-85.55093
-86.55147
-86.00682
-86.44348
-86.48168
-86.28135
-86.88651
-87.87099
-88.30162
-88.91760
-88.91956
-88.66461
-89.50347
-89.46344
-89.63554
-90.39889
-90.23495
-88.09149
-87.01343
-88.42812
-88.67532
-88.40394
-89.42427
-89.54807
-90.76402
-91.71947
-91.60968
-92.27464
-92.06991
-90.23817
-90.10473
-90.18595
-90.94813
-90.65556
-91.62508
-86.72522
-82.22213
-81.86133
-80.94359
-80.84406
-81.53081
-82.75039
-83.57931
-84.69913
-85.62988
-85.67145
-85.39033
-85.03690
-84.62987
-85.29958
-84.72376
-84.79666
-87.28970
-85.35937
-86.17196
-85.64310
-84.44724
-85.41713
-86.43576
-87.09482
-86.39208
-85.95912
-87.09727
-89.77094
-89.20863
-88.16936
-88.93960
-91.50560
-92.20037
-90.47325
-88.04701
-88.39515
-90.57162
-90.38388
-89.97271
-87.97614
-87.70899
-88.44245
-89.49069
-91.78759
-91.48577
-90.79477
-91.69716
-92.83133
-94.13666
-94.74832
-92.91822
-90.80367
-90.52304
-92.96465
-94.21251
-95.27403
-94.51249
-94.74801
-93.29330
-92.34898
-93.44865
-94.36542
-95.50351
-94.23597
-92.75446
-93.74796
-93.21701
-90.57938
-92.81088
-94.77780
-93.87019
-93.06546
-99.87290
-88.07413
-83.26442
-82.86665
-82.56922
-83.65119
-83.41346
-83.70489
-84.22864
-85.54563
-83.91281
-81.77381
-81.52436
-82.41029
-82.74825
-82.59908
-83.38198
-85.19536
-85.92136
-85.72952
-85.07453
-85.58443
-85.23421
-86.08992
-88.70477
-87.65181
-87.64136
-87.16173
-86.87570
-86.40725
-85.10102
-85.45579
-87.18345
-86.74140
-86.14635
-84.77610
-84.19841
-85.36598
-87.17214
-87.90895
-88.07231
-88.81397
-89.98845
-89.67958
-90.16543
-90.56707
-89.97039
-91.01328
-89.68439
-89.85045
-89.26966
-87.62535
-86.78640
-87.93605
-89.11634
-89.26791
-89.93950
-90.16422
-90.79259
-91.55224
-90.82143
-92.31830
-93.66004
-93.33047
-93.29739
-91.97815
-92.40293
-91.29032
-90.03061
-89.68836
-90.01384
-90.93850
-92.90241
-93.35782
-91.94094
-91.30267
-92.73628
-92.94883
-92.61837
-93.55506
-93.29442
-93.86049
-95.27056
-95.10294
-94.05114
-93.19475
-92.37292
-92.93092
-93.21001
-94.70959
-95.31803
-95.26811
-95.55149
-92.57755
-92.18320
-94.04233
-93.67865
-95.87676
-96.89174
-95.85044
-94.90814
-94.33487
-96.43086
-96.04976
-93.86062
-93.07034
-95.26007
-96.78847
-96.41873
-96.49914
-93.94465
-92.75298
-94.15123
-95.53271
-96.38534
-97.76268
-98.98243
-96.54625
-95.46429
-94.62709
-93.84438
-94.59111
-97.69639
-97.70231
-96.88128
-96.43640
-96.06835
-95.47947
-97.11081
-98.62849
-98.48517
-95.04591
-83.08347
-79.94322
-79.53735
-78.52663
-79.07152
-80.14771
-81.04378
-81.26328
-82.93905
-83.98674
-83.45646
-83.70074
-84.83255
-84.22657
-83.19924
-84.29062
-84.11498
-85.72024
-85.20885
-84.10652
-84.79360
-84.99775
-85.42319
-85.45352
-85.84165
-85.15053
-85.41137
-86.46797
-88.23315
-87.28942
-86.60555
-86.82969
-87.49602
-86.97382
-87.84206
-88.17338
-87.68690
-89.69709
-89.54073
-90.74561
-89.72503
-90.13933
-90.91727
-90.08485
-88.43566
-89.09671
-89.25894
-90.86146
-92.81639
-93.26352
-93.18279
-84.63761
-80.30416
-79.49388
-79.46067
-80.25853
-81.29426
-81.58137
-82.25947
-83.42846
-83.90031
-82.87319
-83.97097
-84.71668
-83.31134
-82.59734
-85.11192
-84.21824
-83.65405
-84.71568
-84.73515
-86.78093
-85.62382
-87.09782
-85.97175
-84.23924
-83.87901
-84.32480
-85.94686
-88.18264
-89.17238
-88.34391
-86.27632
-83.74980
-83.77876
-85.88066
-87.61823
-87.08575
-86.81125
-85.58401
-85.00023
-83.84839
-83.59776
-83.38948
-83.78989
-87.49415
-89.96898
-88.46030
-90.05200
-93.28314
-91.18510
-88.57124
-87.20609
-86.07500
-86.27144
-87.82025
-88.38734
-89.61736
-89.96931
-89.36775
-88.74428
-89.08608
-89.94154
-91.08266
-90.39899
-90.17582
-90.51462
-88.60280
-87.79852
-88.79027
-90.60909
-93.33029
-93.55822
-92.64673
-91.81639
-89.11324
-89.17179
-90.57087
-92.02461
-93.51140
-93.90092
-87.20745
-85.38903
-85.87893
-85.87686
-87.20516
-87.30683
-87.73940
-87.37578
-88.02706
-87.77543
-87.92882
-87.87219
-88.97377
-89.95187
-89.91330
-90.64807
-88.47696
-86.61246
-86.68378
-86.01581
-84.91545
-84.08993
-84.54186
-87.21319
-88.89903
-90.47893
-90.17356
-91.06551
-90.87288
-91.29295
-90.69695
-90.55283
-89.76789
-84.99559
-83.82977
-83.68259
-82.75008
-82.78284
-83.13110
-83.82181
-86.21973
-89.01513
-90.53301
-91.03254
-90.77906
-89.78866
-89.78917
-88.42067
-88.80733
-86.05681
-83.39517
-82.97136
-82.41249
-82.31124
-83.21981
-84.88354
-86.01890
-87.13464
-86.71304
-87.19083
-85.38346
-85.14615
-85.80883
-86.21103
-87.37881
-86.87422
-85.08687
-83.03434
-82.96779
-82.98510
-82.56887
-82.65048
-83.60213
-83.82073
-83.90049
-84.63575
-85.91997
-85.62417
-85.88111
-86.55786
-86.15165
-87.48140
-86.05536
-84.51325
-82.31595
-80.89237
-82.17501
-83.51639
-83.85066
-84.98120
-85.44198
-85.96883
-86.68540
-84.38507
-85.18220
-88.21377
-86.86147
-86.86049
-89.44276
-88.10808
-88.37809
-88.37628
-85.34105
-86.83776
-90.17700
-88.91767
-88.61922
-88.88086
-88.71904
-87.18287
-87.68098
-89.60727
-89.59548
-91.34452
-90.64000
-92.97552
-92.15108
-89.76127
-89.71947
-88.62829
-90.33207
-91.73306
-93.11013
-96.29332
-93.55581
-89.69378
-90.05051
-91.45016
-93.46347
-95.60346
-96.97646
-98.80135
-99.09531
-97.96229
-96.65457
-97.46481
-97.05292
-97.48845
-97.76934
-100.32341
-102.11047
-100.47276
-100.22838
-99.19341
-100.83752
-101.75534
-102.02322
-101.83100
-101.82758
-103.01069
-101.86931
-100.16689
-101.12850
-102.12767
-103.81991
-105.97532
-105.59398
-105.04326
-104.90699
-103.45776
-103.67515
-106.53239
-108.10663
-108.29588
-110.01938
-110.76601
-109.18101
-106.99815
-104.03756
-103.35106
-103.83507
-109.40729
-114.08904
-115.83377
-113.07011
-110.57390
-110.71704
-110.85659
-113.17104
-112.55232
-115.07570
-114.79152
-115.69186
-114.63478
-112.21484
-112.95304
-115.92766
-116.28439
-118.47515
-119.70714
-117.99560
-119.54608
-118.56607
-121.64865
-121.04329
-119.02116
-121.05498
-123.96242
-122.53008
-118.62984
-120.42298
-120.55767
-121.43299
-124.52316
-126.86335
-124.45231
-123.49961
-125.17845
-123.75268
-128.17697
-131.42459
-133.47481
-135.22828
-135.26834
-134.46909
-136.53267
-136.06306
-138.13193
-143.24796
-145.11684
-149.25493
-151.58005
-151.20655
-150.60809
-156.57377
-156.38069
-161.66710
-155.80257
-168.78866
-164.50435
-180.58386
-164.15630
