-109.00281
-83.14141
-79.04735
-80.18063
-80.44808
-82.04262
-82.14230
-83.40901
-83.77811
-84.81549
-85.20784
-85.83545
-86.14676
-86.90524
-87.59117
-88.51047
-89.05339
-90.10612
-90.97850
-91.28404
-92.50056
-92.62805
-92.67645
-86.64089
-85.79442
-85.98336
-85.72440
-85.56787
-84.62822
-84.10411
-83.07272
-85.85643
-93.53617
-90.01747
-80.37849
-78.90828
-80.24542
-80.51866
-81.79580
-82.56192
-83.40993
-84.17488
-84.60752
-84.64727
-85.19080
-83.98841
-84.34063
-84.60134
-84.89361
-84.44565
-85.18558
-84.84999
-84.98602
-86.65405
-87.56122
-87.75099
-84.45311
-85.46055
-85.66711
-86.34258
-86.13750
-86.36704
-84.63223
-85.14289
-82.41326
-84.95636
-84.81704
-78.25591
-78.97491
-78.74728
-80.50042
-81.19926
-81.88227
-82.92427
-83.24883
-83.97483
-84.11161
-84.64227
-84.80951
-85.95220
-86.01572
-86.50952
-86.06511
-86.94296
-85.88038
-85.84619
-85.44380
-87.92649
-88.20608
-86.09508
-86.34397
-86.09784
-86.54954
-86.24182
-85.01596
-84.45844
-83.89677
-82.73118
-82.52986
-78.18384
-77.25418
-78.59236
-78.35421
-79.62576
-80.39255
-81.13249
-81.79615
-82.80181
-83.10856
-84.04286
-85.36421
-85.63633
-85.66329
-85.79377
-86.17148
-86.15033
-86.89436
-86.55012
-86.69169
-86.52498
-86.06131
-83.09171
-83.06893
-84.34074
-84.21447
-84.79428
-85.19943
-85.02094
-84.81657
-84.66016
-83.48362
-82.59475
-76.59056
-74.93162
-77.31237
-78.96195
-79.48726
-80.40339
-81.49197
-81.16604
-81.91846
-82.18129
-83.12969
-82.66834
-83.30340
-83.51302
-83.81622
-84.07457
-83.63360
-83.98890
-84.03095
-84.67228
-84.55727
-84.25514
-81.48549
-81.52244
-83.53739
-85.56077
-86.09757
-87.44977
-86.77092
-86.71722
-85.91775
-86.11483
-83.17924
-76.95413
-76.59510
-76.11056
-77.43634
-78.91257
-79.18831
-80.36573
-80.43600
-81.25985
-81.81509
-82.43699
-81.86050
-82.33238
-83.32428
-84.79990
-84.13329
-85.52599
-85.13796
-86.66446
-85.56557
-87.75633
-84.96755
-82.81539
-82.84152
-82.80371
-84.39604
-85.17208
-85.36599
-86.14900
-86.80564
-84.42890
-88.20678
-75.22263
-73.20892
-76.18492
-75.60544
-77.04188
-77.50762
-79.64028
-80.90931
-80.56820
-82.24882
-82.27241
-84.34308
-82.09994
-84.67347
-81.64946
-89.67075
-78.03722
-71.12885
-78.35682
-83.10008
-85.18085
-87.84562
-83.44309
-82.00779
-81.73040
-82.10208
-83.55908
-76.20854
-75.40623
-81.86682
-82.58272
-84.86769
-84.27712
-75.56550
-74.31145
-77.04452
-76.00369
-78.19851
-78.07569
-78.55472
-78.97552
-81.69362
-82.09288
-83.15254
-82.64878
-81.42763
-84.63898
-82.12873
-90.53805
-74.58812
-72.31337
-80.26177
-82.96442
-85.98627
-86.89256
-83.69500
-83.10714
-82.16415
-83.53977
-81.53298
-74.67620
-76.94724
-82.88320
-82.41603
-86.72018
-81.10168
-73.88052
-74.87394
-76.81103
-76.32611
-77.68760
-77.37211
-79.11008
-77.90624
-79.90270
-80.81136
-83.11813
-82.68208
-83.16311
-83.31988
-83.23861
-85.62920
-72.35015
-74.22069
-83.32693
-82.95668
-86.87783
-84.67879
-82.39098
-82.32837
-81.57472
-83.65005
-79.51052
-73.40027
-77.37115
-81.91645
-82.27215
-87.85483
-78.80635
-72.97876
-75.02410
-76.05021
-76.65891
-77.89351
-77.38066
-78.47945
-77.75203
-79.47406
-78.54705
-81.51231
-79.49319
-82.36963
-80.38429
-83.73574
-78.86773
-70.52763
-75.74620
-80.96701
-82.25923
-86.57724
-83.03476
-81.66739
-81.77081
-82.68630
-84.84919
-77.21190
-73.96231
-78.95574
-81.56334
-83.24076
-85.94795
-75.01122
-72.21827
-75.56109
-75.36141
-76.38589
-76.65300
-77.13998
-77.27886
-77.32136
-77.94204
-77.76913
-79.81012
-80.41485
-85.19757
-81.23142
-91.54467
-75.24952
-70.71843
-78.79759
-80.93578
-83.42978
-86.04781
-82.68676
-81.03229
-81.37078
-82.25000
-82.30855
-74.82536
-74.93969
-80.60579
-80.75526
-83.64839
-82.14774
-73.65993
-72.64870
-75.54702
-74.75749
-76.74955
-76.51534
-77.06781
-76.19723
-77.15133
-76.98514
-77.77086
-78.08322
-76.89099
-79.33311
-80.28130
-85.06062
-72.06711
-71.89439
-80.01742
-80.23477
-84.15508
-84.22544
-81.42043
-80.74084
-80.85274
-81.82029
-79.65980
-73.41836
-75.72469
-80.47438
-80.41822
-84.04402
-78.37009
-72.75967
-72.94335
-74.92189
-75.67839
-76.28914
-75.89331
-76.81346
-76.24297
-77.82759
-77.00002
-78.48562
-78.19651
-79.22277
-78.78022
-79.51175
-82.01967
-71.83752
-73.89266
-80.07656
-81.17553
-85.84581
-83.80445
-81.34215
-80.28956
-81.31987
-84.22193
-77.94205
-73.79630
-77.44237
-80.13111
-81.07874
-84.73518
-76.40959
-71.70747
-74.01386
-74.53958
-75.24713
-76.10830
-76.89260
-77.62133
-76.87999
-78.36158
-77.54843
-79.92688
-78.13874
-80.42161
-78.69051
-81.53950
-76.41112
-70.56038
-76.15183
-81.04339
-83.18935
-88.00487
-83.02905
-80.47060
-80.82085
-81.00702
-82.77814
-75.58430
-73.90719
-79.78313
-81.73204
-83.42652
-84.14825
-73.75736
-71.01707
-73.57672
-73.59703
-74.84887
-74.62699
-76.25075
-76.70472
-77.06125
-77.72238
-77.94893
-79.06133
-78.18942
-79.91268
-77.82397
-81.87589
-73.26211
-70.63303
-76.77681
-80.77308
-85.50178
-87.04819
-81.15943
-79.74587
-79.91826
-80.85941
-80.37634
-74.57210
-75.91259
-81.23170
-81.49110
-84.68019
-82.09195
-72.93620
-72.53025
-74.55808
-74.35218
-76.18656
-76.08519
-78.04146
-77.95859
-79.86557
-79.80732
-81.09327
-80.40962
-80.40003
-80.96161
-80.05537
-82.61720
-71.91952
-72.30653
-79.71345
-78.59198
-82.55115
-86.75908
-80.74507
-80.57873
-80.51387
-82.52047
-79.21250
-74.27187
-77.68890
-82.50600
-83.24846
-89.02960
-80.09198
-71.89892
-73.08429
-73.84600
-73.83856
-75.09570
-75.24031
-76.34327
-75.83018
-77.29272
-77.30108
-78.21947
-76.34844
-77.62214
-76.81960
-78.13796
-76.97537
-71.15108
-74.00413
-78.12196
-77.88511
-79.15621
-79.25998
-79.98513
-80.32465
-80.03121
-81.97768
-76.87081
-74.03641
-78.27819
-81.34344
-81.69155
-86.42154
-75.26331
-70.65593
-72.87466
-73.22691
-73.89560
-74.17716
-74.85413
-75.46151
-75.40286
-76.50076
-75.76137
-77.15095
-77.04831
-78.78046
-77.19182
-80.83659
-74.43669
-70.08254
-75.59315
-77.51150
-77.93407
-78.68602
-77.07335
-76.50421
-78.37595
-80.39784
-80.70220
-74.99287
-74.45241
-79.49270
-79.38105
-81.97398
-80.97580
-72.86201
-71.20946
-72.97982
-72.15648
-73.76575
-74.55832
-75.73530
-76.31452
-77.12437
-77.53592
-77.03621
-76.49344
-75.64232
-77.24393
-75.93540
-79.29830
-71.98976
-70.56449
-76.55074
-77.01225
-78.16232
-76.96661
-75.83790
-75.35415
-74.61473
-76.70046
-77.93862
-73.79004
-75.22024
-79.40215
-79.40019
-82.86624
-78.07204
-71.32205
-71.76995
-73.11619
-73.26665
-74.30674
-73.93171
-75.36259
-75.08447
-77.05825
-77.29152
-78.39492
-76.42883
-76.10311
-76.38660
-76.48245
-78.20383
-70.63153
-72.72342
-79.34045
-79.10531
-80.83235
-77.95600
-75.79979
-75.30662
-75.34003
-75.03288
-74.32636
-73.65725
-77.29076
-80.83113
-80.53988
-85.00516
-76.54238
-70.19226
-71.65219
-73.00826
-74.47685
-75.33971
-74.87126
-76.47146
-76.32204
-77.64931
-76.32405
-77.26517
-76.96639
-78.77834
-77.01857
-77.97785
-76.41630
-70.59532
-75.10338
-80.57750
-80.17195
-82.02106
-77.87228
-76.31305
-76.46021
-77.01445
-77.70318
-73.59801
-72.22847
-77.63022
-81.36806
-80.83267
-82.74347
-73.53171
-70.10180
-71.92897
-72.38680
-73.94099
-74.26850
-75.25310
-75.39802
-76.22456
-77.96667
-77.60488
-78.37413
-77.35513
-79.59068
-78.30503
-83.85511
-74.49953
-70.70132
-77.39837
-79.90344
-81.32304
-83.07125
-78.95091
-77.16290
-76.83859
-76.93418
-77.07368
-73.37204
-73.80598
-75.66309
-77.16673
-82.89176
-82.07053
-72.75628
-70.86241
-72.33494
-71.92332
-73.83795
-74.27678
-75.34707
-75.07002
-76.40891
-77.16028
-78.78122
-77.90656
-77.26707
-79.03548
-77.83223
-81.38709
-71.89548
-71.54777
-78.39354
-79.30765
-81.32124
-80.78927
-78.49276
-77.95981
-77.86420
-78.70240
-76.90986
-73.42753
-74.33605
-76.17238
-74.59103
-77.38913
-79.13987
-70.91629
-71.03740
-72.38486
-72.42142
-74.13889
-74.40925
-75.45534
-75.35957
-76.30938
-75.74314
-77.65983
-76.75878
-78.23159
-78.10988
-79.65356
-79.02665
-71.11353
-73.80679
-78.58403
-78.25207
-80.95884
-79.64796
-77.62279
-77.64196
-77.32580
-78.45999
-75.52898
-73.23576
-75.74670
-75.98423
-75.52255
-76.42715
-72.38895
-69.69403
-71.14631
-71.39760
-72.24722
-72.69129
-72.69086
-73.14262
-73.38425
-74.20122
-74.53066
-74.05552
-73.44719
-74.56563
-72.83892
-73.45444
-70.82151
-68.53205
-71.33458
-72.78506
-73.14687
-72.87693
-71.93737
-70.99871
-71.78104
-72.38585
-71.41325
-69.51994
-68.93658
-70.33012
-70.78316
-70.86563
-70.13649
-67.10824
-64.90046
-66.42387
-66.77946
-66.79220
-67.25262
-68.23132
-69.84365
-69.70070
-68.63318
-68.69772
-68.94455
-67.23506
-68.55108
-69.07899
-70.43032
-68.27016
-66.43399
-67.56792
-67.29765
-66.70204
-67.90833
-68.13211
-69.12363
-72.02737
-71.88540
-72.95274
-69.33744
-70.11298
-72.10456
-70.97657
-70.19474
-69.08700
-66.73260
-66.45828
-67.18774
-67.06939
-69.33431
-69.00021
-69.18885
-69.46877
-69.88304
-69.62669
-67.89630
-67.49167
-69.79517
-70.25408
-70.96720
-73.72162
-69.46647
-70.34366
-75.05598
-72.58828
-70.90882
-70.12570
-68.37796
-69.79417
-70.41001
-71.30921
-72.40247
-70.79596
-72.17100
-73.20641
-71.73111
-72.97121
-70.48253
-66.41480
-68.22217
-68.90833
-68.66482
-69.56854
-69.79125
-69.63441
-70.39404
-70.38912
-70.76033
-70.86760
-68.82529
-69.44259
-68.16489
-69.07075
-69.42224
-68.11439
-70.32520
-72.85228
-72.86330
-73.10201
-71.47421
-72.05966
-72.18478
-71.63829
-72.34169
-70.80363
-71.87427
-72.78236
-72.22320
-72.38102
-74.26091
-70.03976
-68.02846
-68.58236
-67.82952
-68.61665
-69.15403
-68.99949
-69.52041
-70.96922
-71.50133
-72.57237
-72.39812
-72.09883
-74.04859
-73.82672
-75.87523
-71.54936
-68.93851
-72.82078
-74.39463
-75.99214
-75.69870
-73.73018
-72.65461
-72.11767
-73.39030
-73.23530
-71.54669
-71.34241
-72.04552
-71.96083
-71.56810
-72.33576
-68.80941
-66.74293
-68.02213
-68.55410
-69.64820
-68.89907
-69.14703
-68.55832
-70.30452
-73.39533
-72.52342
-73.37573
-74.02412
-73.98051
-74.39452
-75.05575
-75.57249
-76.56859
-75.53003
-76.09369
-74.35695
-75.69783
-73.74814
-72.53930
-73.29456
-74.12703
-74.51998
-74.93226
-74.35476
-75.82299
-76.05173
-79.92583
-74.85006
-63.49996
-64.38677
-65.61753
-64.80875
-66.94920
-67.67987
-67.93079
-67.91383
-68.34027
-68.18457
-70.13093
-69.61511
-70.32739
-70.31831
-71.26943
-71.25653
-67.42331
-68.28698
-70.65838
-70.62972
-71.54898
-71.74105
-69.92174
-69.64451
-70.20036
-70.62389
-68.83583
-69.25575
-70.49828
-72.37558
-71.51187
-74.12514
-69.42809
-62.57474
-63.28095
-63.15956
-63.75433
-64.79023
-64.59850
-65.99239
-66.49152
-66.87170
-66.85624
-67.12267
-67.30623
-67.06793
-68.13027
-69.98032
-69.01940
-66.86271
-67.28879
-68.72005
-69.50586
-72.03751
-70.74644
-70.66683
-70.40986
-70.11509
-70.93628
-70.77772
-70.71263
-72.26689
-71.83357
-71.54863
-73.13081
-68.28416
-66.18919
-66.39486
-66.08272
-66.43488
-67.15207
-67.84534
-68.80635
-69.00264
-70.88869
-71.46937
-71.60060
-70.06590
-70.23189
-72.08753
-74.26929
-71.28361
-66.77555
-67.93565
-68.19362
-69.29337
-69.84103
-68.71696
-69.21058
-69.63654
-70.28980
-69.81525
-69.35522
-70.20588
-71.89695
-71.66587
-72.24201
-72.99719
-64.33771
-62.35007
-63.97270
-64.97650
-65.77630
-65.30060
-66.56509
-66.63458
-68.04768
-67.88086
-67.55312
-68.09207
-68.07501
-67.90504
-68.91996
-70.00354
-67.29888
-67.75505
-69.61882
-65.59481
-64.46834
-65.38276
-64.22230
-64.95726
-65.26480
-65.66237
-66.51891
-67.56022
-68.75852
-69.91872
-69.10975
-70.28680
-68.82448
-64.07748
-64.03204
-63.71756
-64.49207
-66.09554
-66.49272
-67.47613
-67.65019
-69.04858
-68.87575
-67.88221
-68.24634
-70.01863
-69.93343
-70.29965
-70.79181
-68.58347
-68.76434
-70.75543
-71.77245
-73.43010
-73.00578
-72.63516
-73.16048
-71.71816
-72.22731
-70.30145
-71.17750
-73.22575
-75.45186
-74.13265
-79.09201
-70.31836
-63.03063
-64.09651
-63.92424
-64.27222
-64.94071
-65.52997
-66.08055
-66.57283
-67.78572
-67.69244
-68.36712
-68.46344
-69.22031
-69.04117
-69.79387
-69.37488
-67.62373
-69.71040
-70.79157
-71.34129
-71.74561
-70.88089
-72.01876
-72.91478
-73.28489
-73.04918
-71.31300
-71.78131
-73.94273
-75.15312
-81.55968
-71.83268
-63.90812
-62.28986
-63.61784
-64.45502
-65.71684
-66.32655
-66.44637
-67.33442
-67.85017
-67.07457
-66.70206
-67.68537
-67.39003
-68.70582
-69.25991
-70.04200
-67.43295
-67.08392
-68.68212
-68.41016
-70.13821
-70.67681
-70.02118
-71.53580
-73.87023
-67.83483
-64.95125
-64.86998
-64.70831
-65.32440
-65.70546
-65.88586
-66.92138
-63.23223
-61.59842
-63.64732
-65.02724
-66.09485
-65.94129
-66.94904
-67.25748
-67.13478
-67.55362
-68.08659
-68.22379
-67.78470
-68.08869
-69.11470
-70.04026
-66.06241
-63.48013
-64.26535
-64.53535
-64.68432
-65.70553
-66.90984
-67.27547
-67.21674
-68.35567
-68.57330
-68.24515
-67.59621
-67.76548
-67.65844
-68.75321
-67.41761
-64.27135
-62.77089
-62.41866
-63.37353
-65.05198
-65.96388
-64.93441
-64.76418
-65.50208
-66.40974
-67.72140
-67.78005
-67.98414
-68.59938
-67.74243
-66.91657
-66.13226
-67.35095
-68.59482
-68.21980
-69.25247
-68.75709
-68.06587
-69.64600
-70.98611
-71.46636
-70.35707
-69.26089
-70.89449
-71.56337
-72.01106
-74.18521
-67.58239
-66.33192
-66.48619
-64.72636
-66.10360
-65.96695
-66.47691
-67.24391
-68.40589
-69.24408
-69.55711
-69.49028
-68.06739
-67.79913
-68.29375
-69.59889
-69.20015
-67.65067
-69.68454
-70.31476
-69.99041
-71.34047
-70.80707
-71.48791
-71.07155
-72.34269
-72.41373
-71.27652
-71.54123
-74.17687
-74.39304
-74.55584
-72.85764
-65.99364
-65.12727
-66.12429
-66.88512
-67.68993
-66.69776
-67.63652
-68.63286
-70.17612
-70.24100
-71.38189
-71.71486
-71.95622
-72.99696
-72.05962
-74.22659
-69.85892
-69.20059
-72.71355
-73.08124
-73.40602
-73.24683
-71.48573
-71.43738
-71.37888
-70.99456
-71.10840
-71.62562
-73.79733
-80.60203
-79.35845
-84.43396
-78.13011
-65.46870
-64.80935
-65.77334
-66.84595
-68.57015
-68.39610
-69.36989
-70.06047
-71.11257
-71.06958
-71.07933
-70.21823
-71.14112
-71.38234
-71.94757
-71.99848
-68.71766
-68.88414
-70.68399
-71.17476
-72.74613
-73.11031
-72.00406
-72.39079
-71.78991
-72.11530
-70.86206
-69.89576
-72.55196
-75.12100
-74.16546
-80.42013
-73.30399
-64.46031
-64.37427
-65.71526
-65.78880
-65.56987
-65.81342
-64.99300
-66.02206
-66.95897
-64.24536
-64.57771
-64.66354
-64.49574
-64.18307
-64.38719
-64.39264
-64.08480
-65.77543
-66.52605
-65.43609
-65.45990
-65.66767
-65.83435
-66.01761
-66.10508
-66.11206
-64.59440
-64.71438
-64.85895
-65.88797
-67.62379
-70.24486
-65.47847
-62.69560
-63.54454
-63.51866
-63.55904
-62.41855
-62.98884
-63.10784
-63.71498
-63.71532
-63.32512
-63.00258
-62.91401
-62.94423
-62.80169
-62.94654
-62.32639
-61.85316
-61.85393
-61.95075
-61.55752
-62.02437
-62.40879
-62.78378
-62.93359
-62.91748
-62.72996
-62.95918
-62.65875
-62.70869
-62.43299
-61.58361
-61.23594
-61.00054
-61.01111
-61.76204
-64.31945
-65.62271
-67.80898
-69.06781
-68.12678
-69.65671
-69.59954
-69.06433
-69.97996
-69.50590
-69.71416
-69.96311
-70.08839
-67.28609
-65.02254
-67.07705
-67.15905
-66.09412
-65.03386
-65.40891
-66.21324
-64.95825
-64.44086
-64.59485
-64.24941
-63.11148
-62.94588
-62.54255
-62.28691
-61.64441
-60.51497
-60.20014
-60.70494
-61.20078
-61.35653
-61.34586
-61.38950
-61.80494
-62.12156
-62.75380
-62.98192
-62.44066
-62.95218
-63.12556
-63.96953
-65.91572
-65.32752
-66.68628
-68.32221
-69.70509
-65.65649
-62.53502
-62.36070
-62.03411
-62.70195
-62.39786
-62.53754
-63.53709
-64.47068
-64.44749
-63.18473
-63.09609
-62.82332
-61.35710
-61.78328
-61.81648
-61.98185
-62.65093
-62.39524
-62.21056
-62.90202
-63.76403
-62.97657
-63.47037
-63.81943
-63.81037
-63.05601
-64.31318
-66.39722
-66.39486
-67.52545
-68.73647
-69.87527
-70.34837
-69.77187
-69.64865
-70.36144
-69.44059
-69.29550
-68.30611
-69.29300
-70.68595
-72.10007
-70.75084
-71.34660
-66.42488
-62.78880
-63.84410
-63.28661
-64.03055
-63.80947
-64.67615
-65.00929
-65.36045
-66.02432
-66.52204
-67.84913
-67.89964
-67.83610
-67.86098
-68.23423
-65.45339
-65.45444
-66.52439
-66.89534
-67.51327
-68.26399
-67.79333
-66.98489
-66.85721
-66.32416
-66.61427
-66.64316
-66.78717
-67.71018
-67.14895
-68.55206
-69.52374
-63.87997
-62.56082
-63.36526
-62.75778
-63.35744
-63.80975
-64.24156
-63.99410
-64.00372
-64.91681
-64.61309
-63.26940
-64.23374
-65.11469
-64.10327
-65.00527
-64.62385
-63.96326
-65.11335
-65.62158
-63.97936
-63.12035
-62.82098
-64.12475
-64.35111
-62.68820
-61.87034
-61.89769
-61.95554
-62.60641
-63.35880
-64.96846
-65.33353
-63.43778
-63.56364
-62.64535
-63.55992
-64.21510
-63.59018
-63.22117
-64.19443
-64.59795
-64.83124
-66.85289
-66.89146
-66.70856
-66.46147
-66.42942
-66.07733
-62.95206
-62.84292
-64.35433
-63.84134
-64.77219
-64.60427
-65.34601
-64.99316
-65.12331
-64.57476
-63.89865
-63.71764
-65.08060
-67.78049
-67.04493
-69.15801
-66.54104
-63.58228
-64.29964
-63.31375
-63.82606
-64.65372
-63.47668
-63.50798
-63.58378
-64.60983
-65.50812
-65.79636
-65.91529
-67.99023
-66.85935
-66.49242
-66.25133
-63.68609
-63.61390
-63.67820
-63.84717
-64.68627
-65.10355
-65.60088
-65.42449
-65.83535
-66.77690
-65.61880
-66.09975
-66.60614
-66.55048
-66.38105
-67.41255
-64.60876
-65.26444
-66.37543
-63.95307
-64.99974
-65.02352
-65.74126
-65.85955
-66.12496
-66.61717
-66.97849
-66.36407
-65.86469
-65.91349
-65.65128
-66.43573
-65.30391
-64.65122
-65.95932
-65.58961
-65.53011
-65.77098
-65.41049
-65.50677
-65.43782
-65.57232
-65.31670
-65.39589
-65.67293
-66.07890
-65.75331
-65.98633
-65.55120
-63.70821
-64.98420
-66.30561
-66.23712
-66.45236
-65.80713
-66.44430
-66.54284
-67.50505
-67.90845
-68.53625
-68.72722
-69.96435
-71.57244
-71.07797
-70.66984
-67.44255
-68.08188
-70.24138
-70.25058
-70.58153
-70.65143
-69.89594
-69.92598
-69.65382
-70.27370
-68.90899
-67.91185
-69.25009
-70.35293
-69.60033
-71.74015
-69.13092
-63.62194
-64.88799
-65.06260
-65.54578
-66.61467
-66.29629
-66.61214
-66.49569
-67.64527
-68.39464
-69.47806
-68.94925
-70.73057
-71.05973
-73.17573
-71.59061
-68.08413
-70.01869
-71.80485
-70.14250
-68.79430
-67.38892
-67.29375
-67.73359
-66.84222
-66.94669
-66.61158
-67.37478
-69.33349
-71.82577
-70.14656
-73.20552
-66.85105
-63.56163
-65.93138
-65.21209
-65.56818
-65.45817
-67.02001
-67.16881
-66.65107
-67.32173
-69.47826
-69.36729
-68.45116
-69.47152
-69.01376
-71.30992
-68.48219
-66.53158
-67.42623
-67.91733
-68.28225
-68.47681
-67.83618
-67.18315
-67.01516
-67.40698
-67.94101
-68.01924
-68.99519
-69.66859
-70.85482
-73.30127
-75.30681
-64.73024
-62.21551
-63.87190
-64.41124
-65.46305
-64.82354
-64.60991
-64.09976
-65.16080
-65.08772
-65.99899
-65.74210
-65.34261
-64.96817
-64.45685
-65.64122
-64.18148
-64.34182
-64.92768
-64.79855
-64.99761
-65.52885
-65.61458
-65.54127
-65.61806
-66.68736
-66.81816
-66.03876
-66.61902
-66.41236
-65.58201
-65.88674
-65.10966
-63.24881
-63.35471
-64.51729
-66.77038
-68.48521
-69.20310
-70.05607
-70.80571
-71.15379
-70.37890
-71.39402
-72.09620
-72.87630
-73.16288
-74.51876
-74.65811
-68.04129
-67.31955
-69.09821
-68.35332
-68.09572
-67.40614
-67.79019
-67.58597
-67.45674
-67.75131
-66.36997
-66.54945
-66.51785
-65.69235
-65.46775
-65.88367
-64.90046
-61.81265
-62.12046
-62.45086
-62.47747
-63.49675
-63.71008
-64.71282
-64.26390
-65.07191
-64.59977
-64.05389
-64.86202
-65.61293
-66.25488
-67.44947
-68.07429
-66.55195
-69.17266
-66.97958
-64.36274
-64.74656
-63.74418
-64.04585
-64.56448
-65.35143
-65.42900
-64.96014
-65.55391
-66.69028
-67.17481
-66.93042
-67.54268
-63.49862
-62.05265
-63.25490
-63.32477
-64.41730
-65.06365
-66.19307
-65.35440
-65.16628
-66.29961
-65.96611
-65.22320
-66.24049
-67.55809
-65.89931
-67.56814
-68.20955
-67.78273
-69.20104
-70.29432
-71.38955
-71.99262
-72.40607
-74.01352
-72.68958
-71.86090
-71.39276
-70.02929
-72.79266
-74.41887
-75.24583
-77.02931
-78.11560
-65.38991
-63.09927
-64.23614
-63.44408
-64.70386
-64.89871
-66.32732
-66.00748
-66.88509
-66.97140
-67.58211
-68.04748
-68.02118
-68.55711
-68.30665
-68.81904
-67.02800
-67.97399
-69.15136
-68.94144
-69.17283
-69.52019
-69.69077
-70.61530
-70.43345
-70.74724
-69.59078
-68.72256
-69.48576
-71.43777
-71.03845
-73.82685
-71.62524
-63.48609
-63.21237
-63.93739
-64.85740
-65.99823
-65.72878
-66.47269
-66.27571
-66.49307
-64.98569
-65.48063
-67.40373
-67.28115
-67.21639
-66.69688
-65.19164
-63.70085
-64.67258
-64.79330
-65.62249
-66.61773
-65.89596
-66.90638
-67.48008
-66.73286
-63.76866
-63.14287
-63.74594
-63.91450
-64.84863
-64.95946
-66.60229
-65.86644
-63.45773
-64.18156
-64.50852
-65.10993
-65.78854
-64.83589
-65.15472
-65.36047
-66.06481
-66.57256
-67.34868
-67.55955
-67.37016
-67.48240
-67.66554
-67.60268
-63.82197
-64.15096
-64.60206
-63.91361
-65.00591
-65.01289
-65.81004
-66.40479
-66.19377
-66.27247
-65.62982
-65.63756
-67.92030
-67.74217
-67.81184
-69.73062
-65.42441
-63.15784
-64.17169
-63.82475
-64.66893
-65.14611
-65.79903
-64.86837
-64.76256
-65.19273
-66.02542
-67.15600
-67.63100
-69.18014
-67.09536
-66.90168
-66.23828
-66.82674
-67.84167
-68.71252
-68.86904
-68.65100
-67.91259
-68.61795
-69.23963
-69.34119
-69.38033
-68.01968
-68.25302
-68.67187
-68.71155
-70.59192
-69.58308
-65.19296
-66.68377
-66.17429
-64.46180
-65.05511
-65.48027
-66.25818
-66.72931
-66.94012
-67.06988
-68.36730
-67.97352
-67.01703
-66.93549
-66.93771
-67.29559
-65.89204
-66.28202
-67.83446
-66.79174
-66.91218
-67.33630
-67.76821
-68.01110
-67.74111
-67.42898
-67.55952
-67.20228
-67.14146
-67.84686
-68.16534
-69.31805
-66.87912
-64.59990
-65.87194
-66.61559
-67.40881
-67.65577
-67.83584
-68.41519
-68.77463
-68.89362
-68.59529
-69.25433
-68.61294
-69.90323
-69.67402
-71.15626
-70.89981
-67.90350
-69.30062
-70.63324
-70.18151
-70.54845
-70.32746
-70.20971
-70.46373
-70.54371
-70.80439
-69.60689
-69.72414
-70.76265
-71.36595
-70.70828
-75.01290
-68.60731
-64.56203
-66.15397
-65.89715
-67.16658
-67.58636
-68.56220
-69.53073
-69.29445
-68.63528
-67.94075
-67.86047
-67.48663
-68.31508
-68.84036
-69.66597
-68.08743
-67.03358
-68.42144
-68.73202
-70.51452
-72.68724
-70.90498
-70.60111
-70.16858
-71.61820
-71.63296
-70.26785
-69.88589
-69.40952
-69.09157
-69.81083
-72.07435
-66.89888
-66.03539
-67.01854
-67.08265
-67.44052
-66.83921
-68.37918
-68.11261
-68.48150
-68.36483
-66.82671
-67.20760
-67.72627
-67.12641
-66.82334
-67.24487
-65.90905
-66.69450
-68.16371
-66.89720
-67.89099
-68.09674
-68.91750
-69.09966
-68.49721
-67.52095
-67.35803
-68.09676
-67.13752
-67.81815
-68.15538
-70.49252
-69.38713
-63.85539
-63.56970
-64.00847
-63.85285
-65.04298
-65.60577
-65.28975
-65.35661
-66.70581
-66.64603
-66.26211
-66.02530
-66.91976
-67.19972
-66.84990
-66.26965
-65.31506
-65.22421
-66.94159
-65.95661
-65.37079
-66.78349
-66.64911
-66.78707
-66.60870
-67.63341
-66.04136
-65.66798
-68.99887
-67.28269
-65.66516
-67.50921
-65.60550
-64.68226
-64.45449
-65.82845
-67.77193
-68.46729
-69.54811
-69.84308
-71.84847
-70.71033
-70.81038
-71.84629
-71.55954
-72.95792
-73.19063
-73.93755
-71.84284
-66.52809
-67.13495
-68.47818
-68.75180
-69.57810
-68.80255
-68.59836
-68.60026
-67.83945
-68.47945
-67.98665
-67.66324
-68.74610
-69.30583
-69.56517
-68.40298
-65.08513
-62.84697
-63.99099
-64.10003
-64.67307
-64.67143
-65.03726
-66.66114
-66.40854
-66.58074
-66.37833
-66.21606
-67.45198
-67.09979
-66.96212
-69.49679
-67.82891
-66.77439
-70.06859
-66.38037
-63.33517
-64.31635
-64.36653
-64.21303
-64.46673
-65.77720
-65.86366
-66.03602
-67.00459
-68.24689
-67.48469
-67.90761
-68.06408
-63.96202
-63.43436
-64.48219
-64.74690
-64.89203
-65.52662
-66.47814
-67.18100
-68.45584
-68.04005
-67.13369
-66.73245
-67.99079
-69.15037
-68.31871
-70.37100
-68.99286
-68.31073
-70.28123
-70.96691
-72.35251
-72.24553
-72.27194
-73.10398
-71.90247
-71.77937
-70.78577
-70.49305
-72.90014
-74.65531
-74.64004
-77.46520
-74.46758
-64.97170
-63.56814
-64.62092
-65.01143
-65.52095
-65.19907
-65.84459
-67.01660
-67.74320
-68.06448
-69.11930
-68.80027
-68.76869
-68.81884
-69.49064
-69.49218
-67.91491
-69.29084
-70.69867
-70.09440
-71.07244
-70.66543
-70.96746
-72.03200
-71.84410
-72.02859
-70.20010
-70.57192
-71.78420
-73.38719
-74.56953
-79.44187
-70.00409
-63.31021
-64.48494
-63.63896
-63.86794
-64.56585
-64.47225
-66.21228
-66.86116
-67.83583
-67.87530
-67.21517
-66.02658
-65.63107
-65.77438
-67.11006
-65.65099
-65.15982
-66.19506
-66.72312
-66.59097
-65.88323
-65.23692
-66.22854
-67.79452
-65.50411
-63.72093
-63.35380
-63.25511
-63.37460
-63.72676
-64.52318
-66.05510
-63.92718
-62.53951
-63.13124
-63.67796
-64.46881
-64.15011
-64.68411
-65.60859
-65.46308
-66.15704
-65.82390
-66.98669
-66.78476
-66.90443
-67.69964
-67.59169
-65.80965
-62.84453
-64.26865
-64.31553
-64.16882
-65.27463
-65.35746
-65.04501
-65.02351
-66.23649
-65.63572
-65.16167
-66.64303
-67.71274
-67.38058
-67.47099
-67.17221
-63.07692
-62.63836
-63.16285
-63.45898
-64.29067
-62.63588
-64.58079
-65.30145
-65.34483
-65.13991
-66.43842
-67.16711
-67.16116
-66.70835
-66.11449
-67.73654
-65.93162
-67.27984
-68.67990
-68.31395
-69.05797
-69.25195
-68.40246
-68.97320
-69.75777
-69.69281
-69.64797
-69.09358
-68.46303
-69.73467
-70.04438
-71.47547
-68.48764
-65.89471
-67.89633
-65.94277
-65.40601
-65.61987
-66.44153
-66.06970
-65.79857
-68.57223
-68.08512
-68.35090
-67.34547
-67.08877
-67.32135
-67.79994
-68.33112
-66.50487
-68.12854
-67.99756
-68.34806
-69.70874
-69.39489
-69.73320
-69.65076
-69.27164
-68.67236
-68.80543
-69.28878
-70.60574
-71.06515
-71.05665
-71.96236
-67.35487
-64.97972
-66.60612
-65.99149
-65.93882
-65.99066
-66.91937
-68.28941
-69.65440
-70.68913
-70.98876
-70.49267
-69.92874
-71.89770
-71.04490
-72.13206
-69.36856
-68.37503
-71.35221
-72.53773
-73.09256
-74.06983
-73.39443
-73.66054
-74.17364
-74.79972
-74.14824
-70.88060
-72.08448
-75.48527
-76.23905
-75.45728
-77.78571
-66.54827
-64.29195
-65.89485
-66.07993
-67.89778
-67.61667
-68.52840
-68.60047
-70.05079
-70.85684
-71.79580
-71.48249
-72.17519
-72.14191
-72.77000
-72.97214
-72.01004
-70.70676
-71.05709
-72.21326
-71.93992
-71.55505
-70.57935
-71.48500
-70.20012
-70.34621
-70.57621
-73.17451
-73.64450
-76.67655
-74.24098
-79.65709
-71.86363
-65.47099
-68.74251
-69.17138
-69.22899
-68.62171
-69.49012
-70.47365
-71.11813
-70.92716
-70.19044
-70.40719
-69.47657
-70.42359
-68.87664
-69.04582
-69.04285
-64.17966
-67.54725
-69.98518
-67.46891
-70.48025
-69.25927
-70.60762
-70.60055
-69.78367
-69.28226
-68.43787
-67.77522
-69.51419
-69.55325
-69.58442
-72.20553
-67.27708
-67.00631
-68.54354
-67.95220
-69.18161
-69.55721
-71.04409
-71.44415
-70.45025
-69.25142
-69.63738
-70.47453
-69.39110
-71.82439
-70.09043
-70.70356
-67.78558
-64.57624
-69.71549
-71.51615
-69.85297
-71.34833
-71.63045
-72.19797
-71.84418
-71.54944
-71.01610
-68.17492
-69.05804
-72.82748
-70.01309
-71.77097
-72.02034
-65.94496
-68.15661
-70.97148
-69.75111
-71.46689
-70.67585
-71.01464
-70.34140
-72.04859
-71.91867
-73.72954
-73.18542
-71.65392
-73.59302
-72.18355
-78.18812
-68.35014
-66.89548
-74.22047
-73.46296
-74.29623
-74.62080
-72.44670
-73.53675
-74.44221
-75.39407
-74.68150
-69.21174
-72.63740
-77.58276
-74.20173
-79.07365
-71.52691
-65.75344
-69.58777
-72.41204
-71.48486
-73.18943
-73.68002
-75.56188
-73.11042
-74.93006
-75.12484
-76.46484
-73.85470
-74.72034
-75.18109
-73.92135
-76.40965
-65.93389
-68.52804
-76.62062
-73.59406
-76.56387
-74.36488
-74.89944
-73.91758
-73.71285
-77.79266
-73.42368
-69.01157
-74.47934
-77.16846
-76.17806
-82.00882
-70.21537
-67.02115
-71.40670
-70.56430
-71.75005
-72.85840
-72.94824
-74.64535
-73.07555
-74.44325
-74.20765
-77.31489
-73.77055
-76.98770
-74.47237
-77.51716
-74.24273
-66.49248
-71.76967
-75.98044
-75.95843
-77.71898
-75.90969
-75.99393
-75.87079
-75.81521
-77.98745
-71.57519
-70.49610
-78.43641
-78.19221
-79.42620
-82.44235
-68.96507
-67.78509
-72.85115
-72.06264
-74.87213
-74.25204
-75.24383
-76.01727
-76.83607
-76.85931
-77.20955
-77.88116
-74.47992
-79.39784
-75.93121
-83.09093
-71.71816
-67.02011
-76.09993
-78.17210
-79.41863
-80.54792
-78.09446
-78.72805
-77.24067
-77.83961
-75.73115
-69.77821
-71.99618
-82.41938
-78.57221
-86.10325
-76.38278
-66.53086
-68.19117
-69.90258
-68.27346
-70.12053
-68.71660
-69.77280
-70.51959
-71.31906
-71.62448
-72.88954
-71.57205
-69.51151
-68.96981
-68.57902
-69.43884
-64.58208
-65.17928
-69.16187
-69.16570
-69.89554
-68.65193
-68.45358
-68.88039
-68.23334
-68.59821
-67.32250
-66.45613
-67.54496
-70.26276
-69.39303
-70.81352
-67.92712
-64.50736
-67.99359
-68.08873
-68.85754
-69.55282
-68.25190
-69.10246
-68.08976
-69.45146
-69.32995
-69.64565
-70.61212
-70.09245
-70.61656
-70.12799
-70.05021
-65.39695
-67.61062
-71.89307
-71.02876
-71.93075
-71.67722
-72.71203
-70.67057
-69.58791
-70.37022
-67.88041
-66.21412
-71.21462
-70.23340
-70.12565
-72.03040
-66.49572
-65.11672
-67.31097
-66.67191
-69.36047
-68.50314
-68.06401
-71.72630
-71.27621
-73.73780
-71.92034
-73.57898
-72.28440
-74.17870
-71.22928
-72.62333
-70.23242
-65.58788
-71.51209
-72.79157
-72.77089
-76.01845
-75.06233
-75.20416
-74.04271
-73.66515
-73.53383
-68.82294
-68.66912
-72.71055
-70.71985
-72.13407
-73.44308
-66.77155
-67.09584
-70.04913
-70.17109
-71.79032
-70.49352
-71.88146
-71.14255
-72.95179
-74.04629
-74.23711
-74.37315
-73.25472
-75.50685
-72.88149
-77.51778
-69.18958
-67.00756
-74.12503
-73.71608
-73.50008
-74.03885
-73.40932
-73.77475
-73.48506
-74.71101
-73.39240
-70.02363
-71.58040
-75.84249
-73.97484
-77.42346
-72.49823
-65.28991
-68.70839
-71.36722
-71.22208
-73.40754
-72.16622
-74.80963
-73.37739
-76.34870
-75.90915
-77.20970
-74.18050
-74.77862
-78.05800
-75.88222
-82.03875
-67.84673
-68.90040
-78.53258
-76.35454
-81.16860
-78.78520
-76.87297
-78.26453
-78.04131
-82.37418
-75.41000
-69.43287
-75.12682
-80.30765
-77.17324
-82.37370
-71.31944
-66.25581
-67.81869
-68.13688
-70.87661
-72.16896
-72.97488
-75.50892
-74.74487
-77.02980
-75.44283
-79.98308
-76.07304
-79.78525
-78.61843
-81.23782
-78.27570
-67.18888
-72.19125
-79.73638
-78.47703
-82.68898
-78.67675
-76.59728
-76.08324
-77.28816
-81.50061
-73.00120
-70.02146
-78.44794
-78.86795
-79.16814
-83.41853
-68.40114
-66.06546
-69.87943
-68.49736
-69.39576
-69.70382
-70.36524
-71.59166
-71.40653
-72.60515
-70.55586
-70.58621
-69.97904
-71.75234
-69.19303
-71.64335
-68.52282
-64.98634
-71.12997
-70.16590
-69.60040
-71.32242
-71.37792
-72.76051
-71.46404
-70.02861
-70.08230
-67.99939
-68.38811
-71.36756
-70.06304
-72.55519
-72.98312
-66.21509
-68.06344
-70.21208
-67.86699
-70.43727
-70.25205
-71.95848
-71.67725
-71.20261
-70.24443
-71.11237
-71.86403
-71.70033
-73.47525
-70.90835
-73.56184
-67.59818
-66.38833
-73.15278
-71.64091
-71.64594
-73.30907
-71.98275
-72.55763
-72.87466
-73.08418
-71.34977
-68.19649
-71.36384
-74.26696
-71.32440
-74.50914
-70.09495
-65.93490
-68.35946
-68.36359
-68.73424
-70.41958
-70.15207
-71.70982
-70.92477
-73.10422
-72.75132
-75.60746
-73.82229
-74.27742
-75.55249
-75.65242
-78.07899
-66.67413
-69.09820
-76.05076
-75.18383
-77.87054
-76.58018
-75.39484
-75.91923
-74.31762
-75.64500
-72.31084
-68.35317
-74.81669
-77.02152
-76.26234
-81.57050
-69.76080
-65.94045
-70.20643
-70.18131
-70.89426
-71.38837
-71.11859
-73.49316
-71.79568
-73.85014
-75.40367
-76.61151
-73.71870
-76.55695
-74.56908
-77.21698
-73.64425
-66.11308
-71.64354
-77.66600
-76.68508
-79.83866
-76.51746
-76.03658
-74.71222
-75.51688
-77.25489
-71.17782
-69.59093
-76.21061
-75.72216
-76.75046
-79.56179
-68.31098
-68.27250
-71.98809
-70.44749
-72.81142
-72.70030
-74.55234
-74.72796
-74.77789
-76.45187
-76.28973
-77.56245
-74.54549
-79.72758
-76.03769
-84.04123
-71.67863
-66.76138
-76.23994
-77.45047
-78.84876
-81.55628
-78.52466
-79.28826
-78.07295
-78.90773
-79.21356
-70.33876
-71.88515
-81.18729
-77.52139
-82.21238
-78.52694
-67.69174
-68.67791
-72.25494
-71.37918
-73.67160
-72.72457
-74.72825
-73.64226
-75.83959
-74.63526
-75.66507
-74.76758
-75.08636
-79.88871
-76.70340
-86.02855
-68.81753
-68.47608
-80.45448
-79.07187
-83.19770
-82.00612
-78.56559
-78.09046
-78.49611
-81.40068
-76.85148
-69.88770
-74.70088
-80.66852
-78.11617
-84.96411
-68.28944
-64.81305
-69.12294
-69.62775
-69.97606
-71.31965
-71.09848
-71.64537
-71.37307
-72.25389
-72.35853
-73.54426
-70.30723
-69.39799
-69.28138
-70.76330
-69.95301
-65.16809
-67.31568
-71.56978
-71.47962
-71.03231
-69.87905
-69.76650
-69.94043
-69.72817
-70.15090
-67.59452
-66.93886
-70.17143
-71.33548
-70.80994
-72.80361
-66.92801
-64.61342
-67.21032
-67.13484
-71.10800
-69.65744
-68.77479
-70.69490
-68.94228
-70.18924
-69.76244
-71.40276
-69.88071
-71.41650
-70.50998
-71.58296
-70.22745
-65.36094
-70.61535
-73.28702
-72.32036
-72.65340
-72.41561
-72.68887
-71.59597
-71.34400
-71.49755
-68.07286
-68.29000
-73.87228
-71.66838
-73.13260
-72.51803
-66.41835
-66.90362
-67.36621
-66.48376
-68.67263
-67.30394
-69.52771
-70.78156
-70.98031
-72.07300
-73.06848
-74.48506
-72.17657
-73.17275
-71.25717
-74.16366
-67.93608
-66.96780
-75.11632
-73.88199
-75.26309
-77.37025
-75.74886
-75.34342
-73.97525
-74.18510
-73.63637
-68.64982
-70.41547
-75.13998
-72.71059
-77.09158
-71.79408
-65.13092
-67.35813
-69.76368
-69.86973
-71.67493
-71.11471
-72.47275
-71.42669
-74.44748
-73.89912
-74.79962
-73.24889
-73.90365
-75.14744
-73.67887
-76.37922
-66.81385
-68.19871
-75.09887
-74.36455
-75.89519
-75.82004
-75.28015
-75.68087
-75.42219
-77.43108
-73.40156
-69.14180
-73.56329
-76.55636
-75.83762
-82.61876
-70.16816
-65.73695
-70.34629
-70.08383
-71.20260
-73.01568
-72.73078
-75.36485
-74.83734
-76.99623
-75.36963
-78.19031
-74.17176
-78.35692
-76.67321
-78.27750
-76.61019
-66.18267
-70.91282
-77.12976
-75.25628
-80.43806
-80.97955
-78.46280
-79.21248
-78.36952
-82.76251
-72.70375
-70.08321
-78.96970
-80.75311
-79.93570
-86.73523
-69.06649
-65.27540
-70.12085
-70.88882
-73.18011
-74.16799
-75.63291
-76.08552
-77.03599
-78.15097
-77.74855
-78.66474
-77.52632
-79.72290
-78.15184
-79.82979
-77.64470
-73.52499
-76.91041
-79.83935
-79.31466
-81.29540
-78.96107
-79.45046
-79.91810
-81.87006
-80.14490
-81.47674
-81.16027
-82.10432
-83.46421
-83.08283
-85.28351
-72.94739
-68.92881
-70.12465
-70.93385
-71.50190
-71.99203
-71.84182
-71.84862
-73.95182
-73.46427
-71.27751
-73.19031
-72.67428
-71.49768
-71.21625
-72.27206
-71.98197
-72.00486
-73.53750
-71.23345
-71.67090
-72.51107
-71.54434
-72.31799
-72.57151
-71.72728
-73.68780
-75.19745
-72.74601
-72.72582
-73.00637
-73.33093
-74.28065
-70.67192
-70.32164
-69.18543
-68.73572
-71.04866
-71.91296
-73.12739
-71.84276
-71.32928
-72.04160
-72.68316
-72.67164
-73.20699
-73.83168
-73.33354
-72.91378
-74.16265
-73.76378
-74.01166
-72.78743
-72.80758
-73.86590
-73.14974
-73.89646
-72.97740
-72.90960
-73.24242
-74.48953
-75.13161
-74.69937
-73.92343
-75.40589
-74.62268
-72.74714
-69.94837
-67.85678
-69.85735
-71.58594
-72.58073
-72.78229
-73.46932
-74.59661
-74.66460
-76.17783
-75.77460
-76.31371
-75.79792
-76.70804
-77.32789
-76.22705
-76.64015
-77.08099
-78.02194
-78.32674
-77.28158
-75.99572
-76.11648
-74.99968
-75.59868
-76.44116
-78.25227
-79.04103
-79.86009
-78.86854
-78.76932
-73.47656
-69.02510
-69.44706
-70.09645
-71.77292
-72.63318
-72.95299
-73.94172
-74.01058
-74.74409
-76.14266
-75.04825
-75.68630
-75.89428
-76.99379
-76.87058
-76.08545
-78.38273
-78.29743
-77.64129
-77.04232
-78.23345
-75.98300
-75.23758
-75.57250
-75.27632
-74.52759
-75.41960
-74.95880
-76.59882
-79.06328
-79.57169
-81.12393
-74.23640
-71.62400
-70.06217
-70.15313
-71.49656
-72.50423
-73.97863
-74.98793
-76.49139
-76.78715
-77.72872
-79.23595
-78.88305
-78.85031
-79.61070
-80.35131
-80.98096
-80.37229
-80.56626
-81.03178
-81.05136
-82.35115
-79.35590
-78.56805
-77.71727
-77.90370
-77.47224
-77.21315
-77.23175
-76.12557
-77.63577
-83.76949
-82.30074
-70.17670
-68.84847
-70.29519
-71.54335
-73.17097
-73.75607
-74.59216
-75.84510
-77.30824
-77.16397
-78.47068
-78.01170
-78.50990
-78.96248
-79.70244
-80.34953
-80.48755
-80.56316
-80.82022
-81.80923
-84.83097
-82.69990
-79.64865
-78.29524
-79.10738
-78.18119
-78.77467
-77.83593
-77.63185
-75.91374
-76.90776
-72.75349
-66.42905
-66.95444
-68.72633
-69.91141
-71.36425
-73.23669
-73.82528
-74.67825
-75.68035
-74.32896
-75.41586
-75.69558
-73.72320
-73.26370
-73.83021
-73.75915
-73.91654
-74.56769
-74.61760
-75.28856
-74.71487
-74.26474
-72.83492
-71.94338
-73.35172
-73.53863
-73.92064
-74.05148
-75.30709
-74.58397
-75.04001
-73.41717
-75.15077
-70.70154
-65.41921
-65.87751
-67.65932
-70.41348
-72.11478
-73.05417
-72.14113
-73.62771
-74.37424
-73.94167
-74.92529
-74.69854
-75.37780
-76.33743
-76.59249
-76.50070
-77.42017
-76.84307
-76.67379
-76.49655
-76.53910
-75.50149
-75.81179
-75.59518
-75.95116
-75.63165
-76.12116
-76.20417
-77.08728
-75.85162
-76.21920
-75.47462
-71.92313
-68.92193
-64.65998
-66.04409
-68.88839
-69.99015
-73.05692
-74.56978
-75.67593
-77.43086
-78.54351
-78.27748
-78.64273
-78.01570
-78.36293
-79.20286
-81.37469
-80.79265
-80.91271
-80.03609
-80.84918
-80.40065
-77.52948
-76.60023
-78.01400
-78.84992
-78.97042
-79.22322
-79.12677
-80.26908
-79.28790
-80.82573
-72.15412
-67.17088
-67.66752
-68.62091
-70.42484
-73.05441
-75.05223
-76.31637
-76.23375
-77.07768
-78.42569
-78.89861
-78.62037
-79.02998
-79.57927
-80.71061
-80.93183
-81.63319
-81.80788
-82.29386
-81.55197
-82.64036
-80.33104
-78.41238
-78.74939
-78.60567
-79.54442
-81.83687
-81.80007
-82.99115
-83.29958
-83.62176
-84.97728
-70.09233
-67.05047
-67.94860
-68.88070
-70.86543
-72.35026
-75.18204
-75.93687
-76.92971
-77.60160
-79.70072
-79.72662
-79.00753
-79.64966
-79.88262
-80.69833
-80.87449
-82.36285
-82.13592
-84.28164
-83.64463
-85.71265
-80.79571
-78.17280
-79.06895
-79.23247
-79.80495
-79.98739
-81.35538
-81.42091
-84.09627
-82.21025
-88.31468
-71.40822
-66.89282
-66.95536
-67.13990
-69.64098
-70.75409
-72.46169
-74.28813
-76.11781
-76.21273
-78.70862
-78.52111
-78.79337
-79.43150
-79.81316
-80.50429
-80.73119
-80.52980
-81.01658
-81.92035
-82.47880
-84.12788
-78.63834
-77.12463
-77.17350
-77.87521
-78.79585
-79.41645
-80.17239
-81.72563
-83.28066
-84.79756
-84.98649
-85.00590
-83.12483
-80.38130
-79.84012
-79.56010
-78.69784
-78.56765
-78.55505
-80.01038
-87.40752
-88.68449
-84.03827
-83.24703
-83.36664
-83.80181
-84.00939
-84.01806
-84.46633
-85.33541
-86.01140
-87.01159
-87.17752
-87.33664
-86.76019
-85.55538
-85.83442
-85.78626
-86.21159
-85.89677
-86.09672
-87.42649
-89.56554
-89.31151
-87.18513
-83.57539
-81.02685
-81.34115
-81.77240
-82.10040
-82.46452
-83.93823
-85.13124
-87.30802
-89.11026
-90.34387
-90.69420
-90.85271
-91.37302
-90.74326
-91.30257
-90.70973
-91.06909
-90.42250
-90.66129
-90.16562
-88.96407
-86.97410
-86.26673
-86.86174
-87.55460
-88.59432
-89.39231
-90.90021
-92.20791
-94.23891
-95.68028
-96.78378
-97.49285
-94.93010
-92.39232
-91.60407
-90.79955
-89.92850
-90.07029
-90.87543
-93.53060
-97.19383
-96.89728
-94.60329
-94.05178
-94.36516
-95.01338
-95.56094
-95.68701
-96.64136
-96.99890
-97.96991
-98.59321
-98.52435
-99.53504
-100.08939
-98.55197
-98.40119
-97.94847
-97.90814
-97.90607
-98.90206
-100.52937
-99.83996
-98.59702
-97.38917
-94.86888
-92.80447
-93.05511
-93.34363
-94.14935
-94.53369
-95.72207
-96.52725
-98.96388
-101.13756
-103.17336
-103.79925
-103.48622
-104.02794
-103.02907
-103.13666
-103.14076
-104.76643
-104.01324
-101.74976
-100.56190
-99.91122
-98.57366
-98.63047
-98.80367
-100.42084
-100.82774
-103.04205
-103.23044
-105.80906
-105.02894
-108.66599
-99.12750
-93.03005
-81.48042
-74.18607
-72.05934
-71.84520
-72.40661
-73.33356
-73.50609
-73.94473
-75.73803
-77.87585
-80.23904
-81.00680
-81.20537
-81.21345
-80.63550
-80.94593
-79.46370
-75.19214
-72.27308
-71.20304
-71.02743
-71.02585
-70.96816
-71.80198
-73.30971
-74.39603
-75.05420
-76.27639
-76.67156
-75.61093
-75.39647
-76.61528
-77.03179
-77.48179
-77.28486
-75.90055
-74.25331
-72.90412
-72.15617
-71.93165
-72.67720
-73.40973
-74.16101
-74.67676
-74.84333
-75.13794
-75.98812
-77.19760
-77.48665
-77.85569
-78.37233
-78.78735
-80.04387
-81.85284
-84.67371
-85.94859
-85.29210
-83.10043
-80.61850
-79.06293
-77.81592
-77.08342
-76.60697
-76.83111
-77.40432
-77.88089
-78.85629
-79.85311
-80.97259
-83.21336
-86.94060
-89.70935
-85.60730
-81.88047
-79.37499
-77.99035
-77.27102
-76.36915
-75.78739
-75.60875
-75.98574
-76.43620
-76.87694
-77.48073
-78.05868
-79.19780
-80.39100
-81.00540
-81.66478
-82.13218
-82.50451
-82.90805
-83.20256
-83.49833
-85.32068
-87.48925
-88.90069
-89.06721
-88.73004
-88.05404
-87.67300
-87.42382
-86.77145
-86.49611
-86.81415
-87.64205
-88.41978
-89.32129
-89.03485
-89.18720
-89.60527
-89.84492
-88.62962
-88.91162
-88.95273
-88.36742
-87.80265
-88.81593
-90.72634
-91.10100
-90.04237
-89.80029
-89.55559
-90.78938
-89.72354
-88.64922
-88.88741
-89.04504
-88.21019
-87.36108
-84.26347
-75.63776
-73.37324
-73.72487
-73.62632
-73.94950
-74.88043
-76.08899
-77.03807
-78.27373
-78.73211
-78.26802
-79.27050
-80.33039
-79.29316
-79.22861
-78.01638
-76.88838
-76.23365
-76.30925
-75.82775
-75.20079
-75.68542
-77.20845
-77.81389
-78.36296
-79.42685
-79.56931
-78.59383
-77.90684
-77.54465
-77.53255
-78.17494
-78.45762
-79.89472
-78.64029
-77.58683
-78.02143
-77.98912
-78.09961
-78.91831
-79.70708
-80.46459
-80.98441
-80.79831
-80.12295
-79.18339
-79.73348
-81.24418
-80.76244
-78.95384
-77.35922
-77.82996
-77.44776
-76.44166
-77.83428
-79.34112
-81.22305
-81.99838
-80.73970
-79.43727
-79.20449
-79.51392
-80.88064
-81.35670
-82.54252
-82.70363
-81.47409
-80.92076
-80.02342
-80.69326
-81.23020
-81.96837
-81.87508
-81.23971
-81.35442
-82.68276
-81.82645
-81.68221
-81.53320
-80.75823
-80.35828
-80.61917
-80.98916
-80.44403
-81.12188
-81.59066
-83.41110
-82.55611
-81.01407
-80.89306
-81.05736
-80.37357
-79.41378
-79.96802
-80.93455
-80.39504
-81.19220
-80.09310
-78.82484
-79.54090
-78.50792
-78.55627
-80.05212
-79.77628
-77.81940
-78.48291
-77.23995
-77.66253
-79.32116
-78.25080
-79.45208
-80.82142
-81.10951
-81.46545
-82.27059
-79.62147
-79.21023
-80.66802
-80.65720
-81.58543
-80.00924
-79.61885
-79.50361
-78.39103
-78.01039
-78.05081
-79.76142
-79.92646
-79.85472
-80.16700
-78.85931
-76.54899
-73.79030
-71.61858
-70.87167
-71.28612
-71.27239
-71.33965
-72.60546
-73.64582
-73.47764
-72.26544
-72.06380
-71.91159
-71.61062
-72.07423
-72.98348
-72.79136
-71.34588
-70.19303
-70.28460
-71.95194
-71.78992
-71.99944
-71.64694
-71.20706
-71.22619
-71.36720
-72.00098
-72.32629
-71.04023
-69.45639
-68.79903
-69.19386
-70.21747
-69.50927
-70.67152
-72.07994
-73.11401
-73.94140
-74.16904
-74.83239
-74.53003
-74.32042
-73.91956
-75.45696
-75.62182
-75.16649
-75.38206
-73.96705
-73.18828
-72.19298
-72.32424
-72.03837
-70.53369
-69.71052
-70.90962
-71.71599
-70.39652
-70.82633
-71.70447
-72.71613
-72.78522
-72.73162
-73.81744
-74.82224
-76.26175
-76.66356
-75.40067
-76.12790
-76.35252
-76.19192
-75.59293
-74.61733
-75.18010
-74.92409
-75.54573
-75.74005
-76.19924
-75.04761
-75.12475
-76.47156
-75.91089
-76.37226
-74.30047
-73.66231
-74.63761
-75.46520
-76.18655
-76.27559
-77.37503
-78.00687
-77.86337
-78.57003
-78.78812
-78.01311
-77.75847
-77.66347
-77.68879
-78.30151
-79.65941
-79.81863
-79.71445
-78.52602
-79.28642
-77.77637
-76.12937
-76.38935
-75.08834
-74.14232
-72.85721
-72.27381
-72.31921
-73.05419
-73.01423
-72.19359
-71.58955
-72.32302
-73.73036
-75.77631
-77.83496
-77.62210
-76.40824
-74.85391
-76.43668
-76.72433
-77.04019
-75.94929
-75.36980
-75.49425
-74.86016
-74.78106
-71.64228
-70.03485
-70.06048
-71.00077
-70.69696
-70.29818
-70.36849
-70.81499
-71.19561
-70.68890
-70.84167
-71.09534
-70.01161
-69.63866
-70.16053
-69.87088
-70.45480
-69.50582
-69.56548
-69.53714
-69.64438
-69.94882
-69.41475
-69.17748
-68.40267
-68.76541
-69.27607
-69.57968
-69.60012
-69.56293
-68.81340
-68.01806
-67.98190
-67.87133
-68.05994
-68.14232
-68.45818
-69.66131
-69.37829
-69.11281
-69.16234
-68.66530
-68.45711
-69.04983
-69.15940
-70.05583
-71.40484
-71.79828
-71.26463
-70.14924
-69.92138
-69.42936
-70.45688
-70.44704
-71.03841
-71.96167
-72.00905
-72.08315
-72.32202
-72.79175
-72.91330
-72.85515
-72.61141
-72.30919
-72.39266
-72.43858
-71.50014
-71.44161
-71.08756
-71.97591
-71.40698
-70.82665
-71.78188
-71.37337
-72.40194
-72.80335
-73.07385
-73.10706
-72.96277
-74.05079
-73.13398
-74.63098
-74.67925
-75.83957
-74.78535
-73.62509
-72.88428
-72.01334
-73.11122
-72.49300
-72.04655
-71.90216
-73.17014
-71.99903
-71.42618
-70.58645
-70.47284
-71.10192
-71.27049
-71.47612
-71.85686
-71.38078
-70.90723
-69.73838
-70.44725
-71.09202
-69.04135
-71.13690
-71.34498
-70.21921
-71.50385
-71.43537
-71.68439
-70.81294
-69.88777
-71.36371
-71.54050
-70.34614
-69.51565
-68.43727
-67.65451
-67.74430
-70.18328
-71.43502
-70.51734
-72.80189
-67.44045
-63.85999
-64.18437
-64.43359
-65.08988
-64.26202
-64.65479
-65.70768
-63.89657
-63.98382
-64.68067
-66.85647
-66.47078
-66.39889
-68.01268
-68.80299
-67.08764
-63.80271
-67.22896
-66.58063
-66.41004
-69.04761
-69.08486
-69.80706
-72.54260
-67.91566
-62.87198
-63.74832
-64.76310
-65.68310
-63.55084
-61.65028
-63.58840
-66.02471
-68.05031
-68.67422
-67.79081
-66.92447
-64.98455
-66.41364
-68.10782
-67.54913
-67.72823
-68.28124
-68.86807
-69.93346
-69.18104
-67.73905
-72.73971
-68.55936
-66.47840
-66.48712
-63.08749
-62.95006
-63.85001
-66.33267
-68.20692
-67.70106
-68.59955
-67.08540
-64.27321
-64.67136
-64.34623
-65.63293
-67.90181
-67.65049
-67.02261
-66.64892
-66.46190
-66.72630
-69.55549
-69.34940
-70.50915
-69.33726
-67.26803
-68.16441
-71.35573
-70.10210
-71.09869
-70.69095
-69.54301
-71.58185
-67.12512
-68.88122
-71.51765
-72.35478
-70.59285
-69.67948
-71.81044
-71.25212
-72.76729
-73.10240
-71.40565
-68.82171
-70.99607
-72.28665
-72.83040
-72.72238
-68.37630
-67.87691
-70.37762
-72.37951
-72.89026
-73.98976
-72.25456
-70.35090
-68.94825
-70.92487
-71.59306
-73.65325
-72.69187
-70.03767
-72.37541
-76.35291
-73.62917
-67.46368
-68.94820
-70.49919
-69.81888
-70.07089
-70.29794
-70.44891
-71.45678
-70.29369
-70.09923
-69.89751
-69.12503
-70.74565
-71.31249
-72.71718
-73.53321
-67.33846
-62.49830
-63.63367
-64.60558
-65.12430
-65.81669
-65.04589
-65.55928
-67.80987
-68.78140
-68.20989
-68.03848
-67.28275
-68.26075
-67.36807
-69.10820
-66.49873
-65.55959
-67.65442
-69.07645
-70.70079
-69.29297
-70.76275
-69.73216
-69.26970
-67.33069
-66.96689
-67.70979
-68.63331
-70.94357
-69.11214
-68.54486
-69.02661
-66.95577
-67.73188
-69.05406
-67.92194
-68.74409
-67.98257
-69.35615
-70.47456
-71.08891
-70.22419
-70.44419
-71.84765
-70.83440
-70.96798
-72.85137
-76.26821
-69.75802
-70.44180
-74.42266
-72.79842
-71.99687
-70.71555
-71.67338
-73.01798
-73.04165
-72.45488
-72.20239
-69.94942
-70.24887
-71.38148
-72.03413
-75.48016
-70.86876
-68.05885
-70.73174
-71.87606
-72.43953
-73.22984
-73.79959
-73.61786
-72.80541
-74.40343
-72.98273
-73.36539
-73.04546
-74.99026
-74.25249
-74.53841
-74.95936
-68.85193
-71.93797
-75.54351
-74.02484
-74.02116
-74.71294
-75.00835
-74.26308
-75.54826
-76.75018
-73.00217
-69.90599
-72.92800
-73.71722
-73.81255
-76.12697
-71.82863
-70.78691
-74.71380
-74.28383
-75.56624
-76.19060
-76.59711
-77.09314
-75.81142
-77.27179
-77.60387
-78.32200
-74.81265
-77.04145
-75.95725
-78.07172
-74.68829
-67.69813
-68.85815
-70.36045
-69.26575
-69.69515
-70.24691
-70.07511
-70.03647
-70.50721
-69.87082
-68.57101
-68.07432
-68.82566
-70.58457
-71.53702
-74.50311
-69.06204
-67.70972
-68.80271
-68.21051
-69.34835
-68.03638
-69.73515
-70.72841
-70.77242
-70.28703
-71.17100
-72.81660
-72.24091
-71.99243
-71.50261
-73.61308
-69.29303
-67.98582
-71.34910
-72.03400
-72.20771
-72.26480
-72.32480
-71.96167
-71.55944
-71.68086
-70.88306
-67.31968
-67.56560
-70.87487
-71.25672
-72.83128
-70.97888
-68.24150
-71.03663
-71.83323
-71.76627
-72.67664
-72.76463
-73.07105
-73.83912
-70.25263
-63.42676
-62.92442
-63.75719
-67.95303
-74.12541
-74.23597
-77.84303
-68.94289
-67.92267
-70.18437
-70.32964
-71.77712
-70.31727
-70.25259
-70.69744
-71.08915
-72.27056
-69.53939
-68.08317
-68.60880
-69.76380
-69.92534
-72.36817
-69.11447
-66.46508
-69.19383
-69.82437
-70.23365
-71.22335
-71.16553
-70.26818
-70.37828
-70.62394
-72.21576
-74.59160
-72.50517
-72.41110
-71.72617
-72.34783
-72.77014
-68.34488
-70.92633
-73.59077
-73.06815
-75.24648
-72.72454
-73.59206
-72.45629
-71.03423
-74.40845
-70.95413
-68.58440
-71.62835
-71.06287
-71.49249
-72.23336
-69.60805
-65.68144
-65.01183
-64.40393
-64.40480
-65.33285
-65.85796
-67.66664
-67.74166
-67.36501
-66.63471
-70.10727
-69.63325
-68.47563
-68.08669
-68.25987
-67.35499
-64.08465
-63.99417
-64.35107
-62.93535
-62.84458
-65.54359
-68.02993
-68.40996
-66.78164
-65.13995
-64.20365
-65.18453
-65.82949
-66.40025
-68.31362
-70.40397
-65.02368
-62.02639
-62.31928
-62.58392
-63.13014
-62.98797
-62.14483
-63.18300
-65.96535
-67.12520
-67.76311
-67.72935
-66.04821
-64.39158
-65.73674
-68.09195
-66.83558
-65.48349
-68.40084
-67.95292
-68.40870
-67.27308
-65.92630
-69.24805
-68.72705
-68.79581
-69.24824
-67.21475
-67.50288
-68.60241
-68.09640
-68.91513
-67.13320
-64.21574
-62.70894
-63.35454
-63.29244
-64.06044
-66.74085
-66.75653
-66.11218
-67.01536
-65.60291
-62.74166
-63.95982
-65.22344
-65.34065
-67.24115
-68.09968
-64.69106
-63.31632
-65.27139
-64.57681
-63.72912
-63.64086
-64.61359
-65.67274
-65.81590
-67.77261
-66.00821
-65.10027
-65.92863
-65.02630
-66.14730
-64.35971
-62.62562
-64.42417
-66.43096
-66.48258
-67.17142
-67.96531
-67.28578
-65.96615
-66.42978
-67.86795
-67.23172
-66.73779
-66.18360
-66.46020
-66.01968
-68.41738
-67.27745
-67.53416
-67.48081
-65.70849
-66.88820
-66.28013
-65.33297
-65.21739
-67.73859
-66.55692
-67.87197
-67.58466
-65.76338
-66.58794
-66.97834
-67.28208
-68.17868
-66.05794
-66.60865
-68.88719
-67.27329
-68.10531
-68.13014
-68.48132
-68.56910
-69.55906
-65.76527
-64.91778
-66.25246
-66.71848
-68.08215
-65.66567
-66.07450
-66.45638
-64.76384
-65.04961
-65.89330
-66.36983
-65.08358
-65.21455
-66.29492
-66.05638
-65.57891
-66.24913
-66.36435
-66.40772
-67.26338
-66.97760
-68.24302
-64.51491
-61.31288
-61.84084
-61.58112
-61.48875
-62.35100
-63.00840
-63.61489
-62.11672
-61.23287
-61.49371
-63.61729
-63.92406
-64.28118
-63.46430
-63.57074
-64.15391
-64.66678
-65.88152
-63.67050
-65.07696
-64.82930
-64.60744
-64.96621
-68.08122
-63.37020
-60.43657
-61.35963
-61.66012
-62.70828
-62.48617
-61.50885
-60.38939
-61.99642
-63.97044
-64.42414
-64.43117
-65.52787
-64.95117
-64.82465
-65.82934
-64.47230
-64.20241
-65.88293
-65.70364
-66.51454
-66.18123
-65.57059
-67.12424
-65.50181
-63.76914
-62.25674
-61.66936
-62.44846
-63.19971
-64.22294
-66.21342
-65.80846
-64.77424
-63.56366
-62.94188
-63.62657
-63.50051
-65.49965
-66.80242
-64.10879
-63.68684
-64.36207
-65.01137
-65.95864
-66.48862
-65.58922
-65.80847
-66.56459
-66.32099
-67.22309
-68.76154
-67.88476
-68.08535
-66.48420
-66.70561
-67.73261
-64.89193
-67.94565
-69.54574
-69.74263
-67.15003
-66.99577
-69.40310
-68.90241
-70.39187
-69.81145
-66.60311
-65.77949
-68.84975
-68.28504
-69.49415
-69.99940
-66.95711
-66.03631
-69.75431
-69.63655
-69.72944
-70.72338
-68.98972
-68.17963
-66.71255
-69.99660
-70.36128
-70.95638
-70.42847
-69.96845
-68.84304
-69.99712
-69.92764
-66.51934
-67.79118
-66.98935
-67.24384
-67.85328
-67.04317
-65.83341
-67.05548
-68.48993
-67.73436
-66.72618
-65.40389
-65.59178
-67.41041
-67.74656
-68.16454
-64.06314
-61.97200
-63.41773
-62.68684
-64.18557
-63.46347
-63.37230
-64.06257
-65.32372
-65.31618
-63.96066
-65.35513
-65.63059
-66.30670
-66.47084
-66.84212
-64.93466
-65.77645
-66.20678
-65.68210
-68.01397
-67.42578
-66.98305
-66.69666
-67.65887
-65.55144
-64.05756
-64.68686
-64.48384
-66.26763
-66.50291
-65.66130
-65.45997
-65.30944
-65.22359
-65.20334
-65.39172
-66.05681
-66.12161
-65.80648
-66.58262
-67.36799
-66.65143
-67.83255
-69.24482
-68.04168
-67.86817
-70.49815
-70.19897
-66.51943
-68.00631
-68.35668
-68.05127
-68.89857
-68.44913
-67.02166
-68.16310
-69.99566
-68.06331
-67.52532
-66.88542
-67.46837
-68.08973
-67.71232
-69.05789
-65.89294
-65.20067
-67.36954
-66.33596
-68.50364
-68.47371
-68.60785
-67.65206
-67.68884
-70.93110
-69.51519
-69.92964
-69.31067
-71.88325
-71.05584
-70.93707
-70.84784
-67.13968
-69.39955
-70.74992
-70.88496
-69.75257
-71.08028
-71.79669
-70.03400
-71.13189
-72.20446
-68.62041
-67.03342
-69.57068
-69.00904
-69.13538
-69.56122
-67.97321
-68.36646
-70.88104
-71.34456
-71.30354
-71.57779
-72.41185
-71.95105
-71.62415
-71.62063
-72.09078
-71.61308
-72.05860
-71.77193
-70.44173
-73.06248
-69.55411
-67.10923
-69.68458
-69.37513
-68.23717
-68.35626
-68.78144
-69.02607
-67.20197
-68.38596
-67.17017
-66.02730
-65.59163
-66.04562
-67.29734
-67.58111
-68.28265
-65.55735
-64.50634
-65.79380
-66.77498
-67.02018
-66.60424
-67.42032
-67.98083
-67.09036
-67.32032
-68.04166
-68.96240
-68.47977
-67.58745
-67.72223
-69.17707
-66.21655
-66.37465
-68.24023
-68.13622
-68.05910
-68.12429
-67.68071
-67.91091
-69.05265
-69.34132
-68.87081
-65.38603
-66.13588
-67.67852
-67.95737
-68.05765
-66.73064
-66.05570
-68.27201
-68.14844
-68.80480
-67.61088
-68.53552
-69.82708
-69.84732
-67.48420
-63.42363
-63.55896
-62.46699
-67.63546
-71.36901
-71.48544
-74.23065
-67.17733
-66.75734
-67.86731
-67.52926
-68.29302
-68.12395
-67.77714
-68.43598
-68.73775
-68.42470
-67.78618
-66.85734
-66.55626
-66.86703
-67.27338
-68.91692
-66.41530
-64.59557
-66.41544
-67.44684
-67.45738
-69.25344
-69.76277
-69.48372
-69.07949
-70.10982
-70.27485
-70.50752
-69.18663
-70.36157
-70.71937
-71.20292
-69.61221
-66.71287
-69.39510
-69.94720
-71.36160
-70.47090
-70.89661
-70.43212
-69.87876
-68.98994
-71.75275
-68.37004
-65.84090
-68.73755
-67.75902
-69.11003
-68.66782
-66.90248
-64.44231
-64.25183
-64.23673
-64.59605
-65.31563
-64.78928
-66.53970
-65.17463
-65.40866
-68.38703
-68.02125
-67.98464
-67.02281
-67.76827
-67.84568
-65.10471
-63.54743
-63.34345
-63.92184
-63.89457
-64.44335
-65.03764
-66.60602
-67.22886
-66.01300
-64.94286
-63.98135
-64.90016
-65.40441
-66.13757
-68.53723
-68.99823
-63.17250
-61.89230
-63.58396
-63.24234
-64.81039
-65.22466
-63.93619
-63.19349
-64.02276
-64.85021
-66.81034
-67.08581
-66.64757
-65.81915
-64.77328
-66.32682
-65.32556
-65.75010
-67.18925
-67.48616
-67.45367
-66.08234
-66.66320
-68.88299
-67.56963
-68.32445
-68.10549
-64.89516
-65.41655
-65.68273
-65.84253
-67.10429
-65.00016
-63.03256
-62.69117
-62.88563
-63.95511
-65.13865
-66.16785
-66.64579
-66.54383
-66.70209
-65.09273
-63.91751
-64.97066
-65.51877
-66.74823
-67.38097
-66.10602
-64.12194
-63.14121
-64.85789
-63.76845
-63.66719
-64.48741
-64.33496
-64.37372
-66.26442
-67.46000
-65.72574
-65.86287
-63.64026
-64.05353
-65.61664
-63.92079
-61.95771
-62.79553
-63.89879
-64.80514
-65.94675
-65.93696
-65.90835
-66.14098
-67.27079
-66.65173
-66.97767
-66.21036
-66.89300
-66.40913
-66.24657
-67.33679
-65.63175
-66.43504
-67.98068
-66.44728
-66.77924
-66.64595
-65.63843
-67.19161
-68.32358
-67.86269
-66.12632
-64.93820
-64.72671
-65.47581
-65.55315
-67.20367
-66.85463
-65.63209
-67.94443
-68.25744
-68.98540
-68.30217
-68.00010
-68.96469
-69.85766
-68.76188
-66.26949
-66.19234
-66.73876
-68.08046
-68.40050
-67.47031
-67.72694
-66.84418
-65.51256
-65.91747
-67.22874
-67.37789
-66.47073
-67.37061
-67.70659
-67.02143
-67.10661
-66.24346
-66.27944
-65.35369
-65.98021
-67.31631
-67.78720
-69.78325
-64.76535
-61.51403
-62.20158
-64.50105
-65.15076
-64.64910
-66.02658
-66.32012
-65.97674
-66.73743
-67.35471
-67.83019
-68.92616
-69.15075
-68.45482
-67.78672
-67.06652
-67.61939
-67.11867
-69.35050
-69.83713
-69.86752
-71.21682
-70.16226
-68.28725
-65.63744
-66.79442
-64.37872
-63.42820
-64.14321
-65.63675
-67.43773
-66.94434
-66.71642
-67.63099
-68.61530
-67.39261
-66.57773
-66.16671
-66.43035
-67.08976
-69.14734
-68.47463
-69.25420
-72.21378
-73.21507
-70.83041
-69.71426
-71.64142
-71.45284
-68.75182
-69.24011
-68.80484
-65.93057
-65.18505
-65.81231
-66.10492
-66.61455
-68.09646
-67.74798
-68.38395
-68.87228
-69.10880
-65.50053
-64.57198
-66.28555
-67.69175
-68.36178
-65.80923
-68.46462
-71.39945
-70.63228
-70.73310
-71.18354
-70.89213
-70.67613
-70.55114
-68.80812
-69.62611
-71.72311
-71.85605
-71.52604
-72.10606
-72.16555
-72.67183
-73.18037
-70.79744
-71.16938
-74.32910
-73.16858
-72.90124
-71.84418
-69.86742
-69.72254
-71.33984
-71.52801
-72.62297
-72.25690
-71.39489
-72.46612
-70.86065
-72.02182
-73.84161
-74.87061
-76.19765
-74.80250
-73.45984
-74.03889
-74.74207
-76.75512
-75.80473
-75.29049
-77.63198
-75.75725
-71.66910
-65.17533
-64.36509
-66.35404
-66.60814
-68.06041
-66.12080
-65.55243
-68.35144
-68.79227
-67.88367
-67.57770
-66.06333
-66.43679
-67.24824
-67.99609
-68.93864
-66.13441
-66.56858
-67.94621
-66.17624
-67.54443
-68.58963
-68.04379
-69.41791
-69.95948
-69.23820
-69.51695
-71.44138
-70.12223
-70.07974
-70.04118
-69.73895
-70.09512
-71.59276
-73.61916
-71.87524
-72.69472
-73.93792
-73.93192
-72.27869
-74.57665
-75.10262
-72.46761
-69.84799
-67.89172
-66.66395
-65.62483
-67.39630
-68.61024
-69.22314
-68.85814
-67.83890
-67.29013
-69.16631
-70.00696
-70.34663
-70.75128
-68.74066
-69.57018
-71.60875
-73.83873
-71.94211
-72.50517
-72.28172
-71.36692
-71.72926
-71.58583
-74.01221
-72.05351
-71.27699
-71.21589
-70.05606
-72.01764
-70.23552
-68.18097
-69.20598
-71.19612
-71.23108
-70.77040
-70.63956
-70.59579
-69.91815
-70.39958
-72.66008
-71.52405
-72.70834
-73.94912
-74.23446
-71.75113
-72.52145
-73.57107
-72.48703
-72.22724
-73.47546
-72.83057
-72.79907
-74.87771
-72.22597
-75.74181
-77.22350
-77.51080
-76.95041
-76.55776
-79.49111
-78.58872
-77.81343
-78.58952
-76.31953
-73.91813
-74.12621
-75.51328
-77.65618
-77.93636
-76.62166
-76.16634
-76.19108
-76.22753
-77.90708
-77.25849
-77.54396
-77.37601
-78.34780
-79.42645
-79.21330
-79.03551
-80.05725
-81.70588
-80.42259
-83.25547
-76.52265
-73.47303
-74.50367
-74.23724
-74.77644
-73.58895
-73.84538
-76.14014
-79.58988
-82.05116
-78.46812
-74.15080
-74.43037
-75.67814
-76.41809
-78.74491
-77.41668
-76.51134
-74.01569
-73.26514
-72.68503
-70.99575
-71.28460
-71.30667
-70.97782
-72.91845
-74.00807
-74.93254
-75.63001
-75.86888
-74.77336
-74.50797
-76.99227
-73.50323
-74.44085
-79.05224
-78.56722
-77.50626
-77.13528
-76.35727
-76.61580
-77.31139
-76.92673
-76.20392
-74.07120
-74.51517
-75.39573
-75.48956
-76.41034
-75.30353
-74.07914
-74.97139
-75.25768
-75.01524
-74.18016
-74.13191
-74.72960
-73.41953
-73.25734
-72.66372
-71.81778
-70.97422
-70.53847
-69.87552
-69.80343
-70.41979
-71.03756
-72.89036
-74.12113
-75.26943
-74.88955
-76.36750
-75.75220
-75.81922
-77.17260
-76.17947
-74.91844
-74.01972
-73.86509
-70.82205
-72.82259
-73.64937
-71.16165
-71.25897
-70.67878
-71.59061
-72.36637
-71.27043
-71.57595
-72.72281
-71.28792
-70.71479
-71.69833
-72.60585
-72.57598
-72.40318
-71.39525
-71.62090
-70.70236
-70.17247
-71.89725
-71.63533
-71.56060
-71.14690
-71.37838
-72.25206
-73.48091
-74.94363
-72.88024
-69.56707
-68.43732
-69.58022
-71.92701
-72.16876
-70.53479
-68.30050
-67.70832
-70.62412
-71.38226
-68.71913
-66.76652
-66.96409
-69.94808
-70.75212
-68.81339
-67.92756
-68.36601
-71.49896
-73.04782
-69.25063
-68.45555
-69.63428
-70.21455
-69.93867
-68.79897
-70.82545
-72.80798
-70.21690
-69.90463
-70.88377
-70.16862
-71.04173
-69.80934
-70.59889
-72.69870
-70.46339
-71.88656
-74.03758
-71.05775
-70.93238
-72.84994
-72.53216
-71.90904
-71.20553
-72.11975
-71.09689
-71.73534
-71.65738
-71.90526
-71.90016
-72.21715
-72.34139
-71.41419
-71.36316
-70.18533
-71.48909
-72.34632
-72.09562
-72.56754
-71.96709
-70.45905
-72.26231
-70.47799
-71.78125
-71.01420
-70.49448
-70.29207
-69.04386
-69.30981
-68.12068
-70.05532
-67.88133
-68.81937
-67.41442
-67.32969
-68.07256
-66.96721
-67.51066
-64.94080
-66.55130
-66.11177
-65.79546
-68.57358
-66.61751
-67.65562
-67.49624
-67.11798
-67.34551
-65.91284
-68.41298
-68.41021
-68.25958
-68.92614
-69.27401
-69.87754
-66.67946
-64.50486
-64.37505
-66.00794
-68.64367
-69.60291
-67.69992
-67.87724
-67.84408
-67.71372
-68.17482
-67.06124
-69.87409
-71.57451
-72.08254
-73.96411
-73.10280
-74.29992
-73.07693
-73.09893
-74.03669
-74.99255
-73.06196
-72.55896
-75.37139
-72.87993
-70.54681
-72.15354
-74.64304
-73.24258
-71.76085
-72.02474
-73.04622
-73.00477
-74.00116
-76.18240
-77.34968
-77.13517
-76.89665
-78.40519
-79.27880
-79.72872
-80.78685
-80.93839
-80.93294
-81.77082
-82.00859
-81.47385
-81.35696
-81.56583
-81.60535
-82.84483
-83.65444
-83.80173
-83.09653
-83.53086
-85.94081
-85.20408
-84.76053
-86.55408
-88.33644
-86.73301
-85.96911
-87.98403
-89.90398
-88.79729
-88.40250
-89.10805
-88.32762
-88.72282
-89.55532
-90.42394
-89.90161
-91.37319
-91.81324
-91.27058
-89.10015
-85.74164
-78.14037
-74.15886
-75.56057
-74.89181
-73.77673
-74.15742
-74.77054
-77.29283
-80.08402
-82.15084
-80.56219
-78.47119
-78.71107
-82.84959
-85.62639
-82.97154
-80.88447
-79.80019
-79.53828
-80.11787
-79.94995
-77.76616
-77.15881
-76.50379
-76.03201
-75.25729
-75.05478
-76.00020
-76.64687
-77.44714
-77.05607
-77.13886
-77.32417
-76.91722
-77.51787
-80.01189
-81.45086
-80.14965
-78.97515
-76.24948
-76.11599
-78.59985
-79.67527
-79.45122
-79.77595
-79.01205
-80.71340
-84.66535
-84.90174
-81.71657
-77.78690
-76.81089
-77.19127
-79.70900
-82.14067
-83.59032
-81.08052
-80.68856
-82.89751
-81.70579
-80.52873
-78.23828
-75.54033
-76.00305
-76.79108
-77.63991
-79.33459
-79.69743
-80.67797
-80.62492
-83.31852
-82.25299
-80.52683
-78.32395
-78.22384
-79.94550
-81.95697
-83.46840
-80.15289
-78.96610
-80.09444
-79.82925
-78.59046
-77.87879
-76.93520
-75.79331
-75.12309
-75.93705
-76.00569
-75.40300
-73.87065
-73.77119
-74.39403
-75.47735
-77.28006
-78.41033
-78.05745
-79.07571
-82.20628
-79.45588
-76.91363
-75.75659
-75.98272
-77.28611
-78.15725
-77.40160
-76.75705
-76.42598
-78.00203
-79.00925
-79.01182
-78.49631
-76.87521
-77.85415
-77.91156
-77.61002
-76.73256
-75.79519
-76.10594
-78.16542
-78.78174
-78.25372
-77.68218
-77.61611
-78.29515
-77.42500
-76.73521
-75.21198
-74.87296
-75.00877
-74.25926
-74.17583
-74.88703
-75.60227
-76.31139
-75.94412
-75.85800
-77.50368
-77.07395
-76.98668
-78.11651
-77.16847
-77.92702
-78.10539
-77.50996
-77.76138
-78.00441
-77.94966
-77.40658
-76.62613
-77.01174
-77.85911
-77.84431
-78.63055
-77.73151
-75.63546
-74.07758
-73.60181
-74.30913
-75.61907
-77.01198
-77.77506
-77.26241
-77.40524
-76.89504
-77.72996
-78.80998
-79.14493
-78.88821
-80.52238
-80.42298
-80.68223
-80.56722
-79.51926
-74.66410
-67.36979
-66.30146
-66.58161
-66.17787
-67.15248
-68.13674
-70.07483
-72.27613
-73.44889
-73.19317
-71.91795
-71.85420
-72.85642
-74.84819
-75.74470
-74.76461
-73.31238
-71.13779
-69.36830
-69.00168
-69.23727
-70.05148
-71.67324
-72.19311
-72.72552
-71.41256
-70.48189
-69.60493
-67.88025
-67.79731
-69.15828
-69.98112
-70.49390
-71.50731
-71.97207
-72.67971
-72.90077
-72.83584
-73.08892
-72.41998
-71.33543
-71.05951
-71.20819
-71.42449
-72.99319
-73.82754
-72.05030
-70.23729
-67.85488
-66.23402
-66.62926
-68.79779
-69.62298
-69.55267
-69.64353
-69.62947
-70.32284
-70.49549
-70.78486
-71.77407
-72.00191
-71.83586
-71.92986
-71.32886
-71.40351
-71.16025
-71.43620
-70.82948
-70.60448
-70.45212
-70.65054
-70.96405
-70.22446
-70.49145
-70.94532
-70.44234
-69.95610
-70.03841
-70.07651
-69.96793
-69.17659
-69.45871
-69.24607
-70.09584
-71.17359
-71.93725
-72.80565
-72.26041
-72.06769
-72.57525
-73.98192
-74.69967
-74.97572
-75.36269
-74.38789
-73.17668
-71.66223
-70.91782
-70.49319
-71.13616
-72.47503
-72.84478
-73.32149
-72.54662
-72.43472
-70.90022
-71.75843
-72.05571
-71.41864
-72.13358
-73.13081
-73.40172
-71.65342
-70.30170
-69.23127
-68.71100
-68.95906
-69.81780
-70.81181
-72.57886
-72.80028
-72.73376
-72.85679
-71.84905
-71.16988
-70.78922
-70.23649
-70.62335
-71.84104
-72.42911
-71.05249
-71.86100
-72.20779
-72.50741
-73.14706
-73.08140
-74.39798
-74.97046
-75.59812
-74.85670
-74.27314
-73.90793
-73.90636
-73.60631
-73.44754
-72.79333
-72.90047
-73.15412
-74.00254
-74.49075
-74.51855
-74.85226
-74.77752
-75.76887
-76.36986
-76.23163
-77.05530
-76.89584
-76.26277
-77.20943
-76.61873
-75.15614
-73.74650
-73.73424
-74.34484
-75.44589
-76.35320
-76.04014
-76.56493
-77.59750
-78.16943
-77.94728
-78.14187
-77.43789
-76.69475
-77.17596
-77.16960
-77.26777
-76.78350
-77.22002
-78.29618
-79.14407
-79.36701
-79.91924
-80.29188
-79.76255
-79.47402
-80.17320
-80.49601
-79.36515
-79.19583
-79.05130
-80.29540
-80.34964
-80.33533
-80.92558
-81.41932
-80.56851
-81.09303
-82.48491
-82.68706
-81.91060
-82.07185
-82.04432
-81.68277
-82.97658
-82.81085
-84.65982
-84.32741
-82.92073
-82.40320
-82.11439
-82.04647
-83.21504
-83.66354
-82.59316
-80.82987
-78.27592
-73.16863
-71.46533
-72.72604
-73.57999
-75.01565
-75.72223
-75.81209
-73.92772
-72.51828
-73.49238
-75.30496
-74.88845
-73.22990
-72.70101
-72.48594
-71.28220
-70.88388
-71.67578
-73.42259
-73.55030
-73.00838
-74.00131
-72.62786
-71.64658
-72.15374
-73.93651
-76.67909
-74.31881
-71.99232
-72.34136
-71.59562
-71.93195
-72.02545
-71.51422
-71.64747
-71.94365
-72.03824
-69.83919
-69.28858
-70.68782
-71.95469
-72.14710
-71.76468
-71.42789
-70.99067
-70.66425
-70.91183
-71.46554
-73.09980
-75.03734
-74.78177
-73.84213
-73.52265
-73.28398
-73.51575
-74.86376
-74.91712
-74.65182
-73.17708
-72.25893
-73.65933
-74.88291
-74.68802
-75.33549
-75.42690
-75.22155
-73.53817
-73.14011
-73.53725
-71.84819
-72.42400
-71.40938
-71.48438
-72.70642
-72.84330
-74.33066
-73.17371
-72.38116
-72.01794
-70.27057
-69.67437
-70.08730
-69.82831
-68.95117
-69.20647
-69.78286
-70.63258
-70.74109
-70.76623
-73.60610
-74.57027
-73.39317
-72.68162
-73.08114
-72.85804
-73.77466
-74.84007
-73.91475
-73.10590
-71.82626
-72.15267
-71.39699
-71.69417
-72.16510
-71.75049
-72.51785
-72.84481
-72.37583
-71.69404
-70.48598
-69.89742
-69.60216
-69.09213
-69.88826
-70.49489
-70.96416
-71.39533
-72.86594
-72.66357
-73.45208
-73.97370
-71.38919
-71.37726
-72.37648
-73.17233
-73.20793
-73.07210
-72.41793
-72.47801
-72.31102
-72.96905
-74.50316
-72.97920
-73.28226
-74.46375
-73.42782
-73.54524
-73.36246
-73.73947
-74.91789
-75.16909
-73.58450
-74.08372
-74.27102
-72.73853
-72.56036
-71.72715
-72.58211
-72.21026
-72.22179
-73.56938
-74.71174
-75.33768
-75.44927
-73.65496
-73.44065
-75.83094
-75.00796
-74.51961
-73.34248
-72.88875
-72.44537
-72.26881
-72.55039
-73.60786
-74.84988
-75.36233
-75.25592
-74.80232
-76.01596
-75.01936
-74.84385
-74.44781
-74.97104
-71.01218
-66.45066
-66.68705
-67.87541
-68.19666
-69.23411
-70.55665
-70.54417
-70.11067
-70.34253
-70.39551
-71.08606
-71.61055
-71.30726
-70.88929
-70.40574
-69.49709
-69.11671
-68.39845
-67.74163
-68.73770
-69.57011
-71.42565
-72.87738
-72.56313
-72.36964
-70.47310
-70.02024
-68.87717
-67.37478
-68.13563
-70.18028
-71.32765
-71.39051
-70.36110
-69.89958
-70.11738
-69.67319
-69.50430
-69.33700
-69.86589
-69.53288
-69.60218
-69.97335
-69.73299
-69.18108
-68.18149
-67.70047
-67.17587
-66.03598
-65.61248
-67.31521
-69.09313
-69.08727
-68.63718
-68.81760
-69.10533
-69.21200
-69.30622
-69.60552
-70.91758
-71.31092
-71.40952
-70.85971
-70.39647
-70.59739
-70.31793
-70.70024
-69.63026
-70.35776
-71.32839
-70.75139
-70.27000
-69.73605
-69.28370
-68.45603
-68.51731
-68.37274
-68.77545
-68.48762
-68.37104
-68.46788
-69.35721
-70.51286
-70.62579
-71.27278
-71.41313
-71.59290
-70.82099
-71.57482
-71.11339
-69.95928
-69.66207
-69.73880
-70.30664
-70.18485
-70.66447
-70.89358
-70.95669
-71.22994
-71.55987
-71.49290
-72.39204
-71.63758
-71.87283
-72.53678
-71.88780
-71.74544
-70.82693
-70.83853
-71.30501
-71.66539
-70.44773
-69.54227
-68.77586
-68.57254
-68.99634
-69.59836
-69.72395
-70.21073
-70.80619
-70.63860
-71.29342
-71.34934
-71.51100
-71.63013
-70.24337
-69.75845
-70.18147
-70.74450
-71.87200
-72.09241
-73.90726
-73.94892
-74.44610
-74.33822
-73.34408
-72.91461
-72.74510
-73.96698
-74.01478
-74.32615
-73.87599
-74.53818
-74.24181
-74.00356
-73.36475
-72.92523
-73.35437
-74.97149
-75.90674
-75.52653
-75.36431
-74.44383
-75.03314
-75.09414
-75.53395
-75.64764
-76.42129
-76.34679
-76.11305
-76.75848
-76.82665
-76.55814
-75.62341
-76.21645
-76.38350
-77.45346
-78.31532
-77.73457
-77.63246
-76.86283
-77.06943
-76.83172
-77.27561
-78.07036
-77.13535
-76.58584
-77.16975
-77.93809
-78.98484
-79.41697
-78.08455
-77.87682
-79.36194
-80.68460
-81.44676
-81.29720
-80.51691
-81.51517
-81.42201
-81.36616
-81.53521
-81.53425
-81.83772
-81.44133
-81.65808
-81.05692
-81.56051
-81.85693
-81.96146
-83.33334
-83.52074
-83.18817
-82.19420
-82.12123
-83.70235
-82.60735
-83.34250
-84.52476
-84.10618
-83.64251
-83.45423
-84.54299
-82.71366
-81.20610
-80.16973
-77.29951
-72.44660
-71.16789
-71.28212
-71.88817
-73.62146
-73.76251
-74.30215
-75.01233
-75.24354
-75.81767
-76.42822
-76.10923
-75.92805
-76.78677
-77.19801
-74.37754
-74.90882
-74.86718
-73.22408
-72.80392
-72.37155
-71.25918
-69.30684
-68.80084
-68.31963
-68.09830
-68.47230
-69.52275
-70.57718
-69.23516
-68.58881
-69.52517
-70.27615
-71.47116
-72.06124
-72.39788
-71.54733
-71.21691
-70.97110
-71.38630
-73.14422
-73.84783
-74.18621
-74.18818
-74.44491
-73.92068
-73.97877
-74.52100
-76.00690
-75.70764
-75.69344
-75.04663
-72.93628
-71.60860
-70.25806
-69.50647
-69.12374
-69.57487
-69.72880
-68.96298
-69.04951
-69.60172
-69.99496
-70.56895
-71.38158
-71.86338
-71.84811
-71.87843
-71.36011
-70.91871
-70.82713
-71.91711
-72.81985
-72.70118
-72.57609
-72.22934
-72.03849
-72.25114
-72.68416
-72.12418
-71.46930
-71.62878
-71.67918
-72.21003
-72.59356
-71.76796
-71.00864
-71.47509
-71.71313
-72.08133
-72.34793
-71.91881
-73.67691
-74.40874
-73.43459
-72.76497
-73.53988
-71.47139
-71.87704
-72.25474
-70.31773
-71.24345
-71.27355
-71.54803
-70.26604
-71.09496
-71.61643
-72.14757
-72.17359
-71.95804
-72.07353
-70.53029
-71.11255
-71.48975
-72.22910
-72.50875
-73.14635
-72.44338
-72.34576
-72.78916
-73.28281
-72.41142
-72.95039
-72.90096
-72.24945
-73.52081
-74.23641
-73.36409
-71.63601
-72.98800
-71.85366
-71.49707
-72.75218
-73.68292
-73.46249
-72.98350
-72.70737
-71.97809
-72.66959
-73.60303
-73.62301
-72.97385
-72.09601
-73.38297
-71.91311
-71.52263
-72.26996
-71.29056
-72.26215
-71.68265
-73.52735
-73.41446
-73.14088
-74.55618
-75.38023
-74.00625
-74.20511
-76.12425
-75.56653
-75.16378
-73.88394
-74.34622
-73.68684
-74.12421
-74.82571
-74.23617
-73.94648
-74.39135
-75.16518
-75.33607
-74.99344
-71.76656
-69.77773
-69.85574
-68.99200
-68.02382
-68.08989
-68.89598
-69.57254
-70.92954
-72.43331
-73.36186
-73.88195
-73.21674
-73.59998
-75.08157
-75.10399
-74.65880
-73.79056
-71.70038
-70.07269
-69.16382
-69.87779
-69.63830
-69.80967
-69.93020
-70.54928
-72.18436
-73.21893
-74.57754
-73.18767
-74.35394
-73.77587
-71.16794
-69.37197
-68.96894
-69.96151
-71.36360
-73.57409
-74.82306
-73.82286
-72.18709
-72.85678
-72.70058
-73.36860
-75.58374
-75.55662
-73.25566
-71.88971
-72.07960
-71.71679
-71.87358
-72.76872
-73.86440
-73.13888
-72.24795
-70.86279
-68.57169
-66.21288
-64.38587
-63.98716
-64.24330
-63.51215
-62.43644
-61.82258
-61.51771
-62.15833
-62.89299
-63.89557
-64.71141
-65.04645
-65.19738
-65.78304
-67.01024
-68.25976
-69.87497
-69.93551
-69.24076
-67.42790
-66.53757
-66.27408
-66.81041
-68.06991
-67.74889
-68.16835
-68.38442
-66.46350
-64.97674
-64.87950
-66.20598
-67.74874
-68.74008
-69.30427
-69.88048
-69.29488
-67.92598
-66.72713
-64.60804
-63.05466
-62.20482
-61.99005
-62.83194
-63.74673
-64.66582
-65.89630
-66.38264
-68.57522
-71.41046
-70.99321
-69.10755
-68.09248
-67.77681
-68.95480
-70.38399
-68.03193
-64.73219
-63.05367
-63.12470
-64.34516
-65.44140
-65.81575
-66.47723
-65.71142
-66.67479
-70.16087
-70.96966
-68.58427
-66.96665
-67.89851
-69.64101
-69.96684
-69.48099
-69.08618
-69.66637
-71.25976
-71.41080
-70.77988
-71.16171
-72.16720
-73.53701
-72.73075
-71.79511
-72.30857
-72.88821
-74.11611
-74.27915
-74.22928
-75.32450
-76.29658
-74.69900
-74.27417
-74.26241
-73.67124
-73.43792
-74.96294
-75.48082
-73.69474
-73.78456
-74.39241
-76.11252
-75.05372
-75.16495
-77.53312
-76.22547
-74.36602
-74.66617
-76.09845
-76.74605
-76.57251
-75.99585
-75.75362
-75.97604
-77.19162
-77.05507
-75.98281
-76.14375
-76.15451
-75.73078
-76.24026
-78.31640
-76.87536
-75.38675
-76.55632
-76.63215
-76.97471
-78.49978
-79.25350
-77.97553
-78.41441
-79.56483
-80.29936
-79.83036
-80.10022
-80.79856
-80.73230
-80.33436
-80.99984
-80.47462
-78.97276
-80.35404
-80.90080
-80.73557
-80.24355
-81.87734
-80.79639
-81.37707
-82.87905
-81.80042
-79.98471
-80.62514
-83.74523
-82.97523
-81.75442
-82.95267
-83.60842
-82.35306
-83.42040
-82.65196
-83.77092
-78.09968
-72.45685
-70.09644
-70.59082
-68.83475
-67.03431
-67.36481
-67.60775
-67.34331
-66.73503
-68.15940
-67.41843
-67.10892
-68.65760
-68.63241
-67.92439
-68.65792
-69.88812
-68.58934
-68.06857
-70.37624
-70.61304
-68.67584
-70.98089
-72.70323
-71.83931
-71.19180
-72.44225
-71.77404
-70.07736
-71.67772
-71.61150
-70.23013
-69.64803
-72.16109
-72.41767
-70.42449
-72.33545
-70.81146
-68.85658
-69.32823
-68.24476
-66.79179
-66.73001
-67.53533
-67.90770
-68.67255
-70.62370
-71.74069
-71.40021
-70.85474
-71.75981
-71.68042
-70.29924
-72.05100
-73.29818
-71.40458
-70.59443
-70.79705
-70.33011
-70.14225
-71.49108
-71.72667
-69.80219
-70.66341
-72.30707
-71.34528
-70.38085
-72.45348
-72.52518
-69.82030
-71.65943
-71.56765
-69.74453
-68.38930
-69.37168
-70.63650
-70.61302
-71.24325
-71.22588
-70.68413
-70.87950
-73.03914
-71.15858
-69.26012
-69.18736
-70.58916
-69.47659
-70.26026
-70.40771
-68.42219
-69.68369
-71.30473
-70.71303
-67.44142
-69.02119
-70.61563
-69.84562
-69.58564
-70.26123
-70.22295
-68.88598
-70.22548
-69.37858
-68.51874
-69.51302
-70.92656
-70.02774
-69.76287
-70.13253
-70.44649
-69.58644
-69.57541
-70.14732
-69.63617
-69.82801
-70.28237
-71.11882
-70.28129
-70.97817
-72.17831
-70.61095
-70.58300
-71.75505
-70.64907
-70.86531
-72.05358
-72.29786
-70.41549
-70.89917
-72.78377
-70.80916
-69.75051
-71.18181
-71.43013
-70.67736
-71.96606
-72.56292
-72.46931
-71.70291
-72.18806
-72.38668
-72.33466
-72.05066
-72.77302
-72.06897
-71.50810
-72.91946
-71.01739
-71.28210
-71.17259
-70.99277
-72.41221
-72.17342
-73.48389
-72.76492
-71.54835
-73.71556
-73.94591
-73.06409
-74.07785
-74.94021
-74.03428
-73.10888
-72.70977
-73.10435
-73.29271
-74.60816
-74.30955
-73.48211
-73.72366
-74.19178
-74.66829
-74.25562
-69.10004
-64.47303
-66.39062
-68.15477
-68.36265
-67.90189
-67.50990
-70.09214
-69.21041
-69.81609
-70.13612
-70.09237
-70.77613
-71.01789
-71.82647
-70.86103
-68.69228
-65.24822
-62.58236
-62.51549
-65.49193
-69.02011
-65.92582
-61.71001
-59.91016
-59.71153
-60.80378
-62.37416
-63.72274
-65.81807
-68.61049
-72.16230
-71.11911
-68.48619
-68.54353
-69.98088
-70.56861
-69.29862
-68.22728
-67.78663
-68.03201
-67.99020
-66.41294
-65.29646
-65.86917
-65.97820
-65.88908
-66.00422
-67.02193
-66.54076
-66.81245
-69.82551
-69.46732
-70.01722
-73.12186
-69.92432
-67.30060
-67.05960
-66.25486
-64.38911
-64.16448
-65.08754
-64.20746
-64.01549
-64.61956
-65.11482
-65.22689
-65.55196
-66.03524
-66.17885
-65.89563
-66.02935
-66.30943
-66.63574
-66.24330
-65.75343
-65.52844
-65.48905
-65.17292
-65.64748
-66.86069
-67.00397
-67.59257
-67.34664
-67.16224
-67.31535
-67.78928
-67.05206
-67.22633
-67.34704
-67.54891
-67.20706
-66.57897
-66.73793
-67.10412
-67.96175
-68.35805
-67.79066
-65.72410
-65.27472
-66.00828
-67.91671
-67.47544
-66.48462
-66.09050
-66.24031
-67.93841
-68.93567
-68.28672
-67.62229
-68.31310
-68.34833
-68.06347
-68.24137
-68.36678
-67.36048
-66.42865
-66.53245
-67.61777
-68.06508
-68.09660
-67.94627
-67.73896
-67.76853
-69.59183
-70.74171
-69.69218
-68.75904
-68.67959
-68.66868
-67.82737
-69.16567
-70.45940
-71.06605
-70.74284
-70.99997
-71.18903
-71.71461
-71.59528
-71.41437
-71.74100
-71.88229
-71.21231
-71.53623
-73.91048
-72.62579
-72.43147
-72.58018
-73.04961
-71.94820
-72.74136
-74.70901
-73.81148
-74.27820
-75.48651
-73.74036
-72.30089
-72.51997
-73.99123
-73.85397
-72.31644
-75.21257
-75.82543
-75.41759
-75.83257
-76.27356
-75.39732
-74.68742
-75.12191
-75.54907
-76.49376
-76.33947
-77.67496
-77.90875
-77.83298
-76.46983
-75.64892
-75.75752
-76.15607
-77.56251
-75.90360
-75.71429
-76.21657
-76.26552
-76.90674
-76.86995
-76.65584
-76.20832
-77.08885
-78.09866
-78.04198
-77.98082
-79.24694
-78.69251
-79.17890
-79.28438
-78.35749
-77.02781
-77.77318
-78.10668
-77.59640
-77.29694
-76.84766
-78.00485
-78.04999
-79.07629
-79.24162
-79.03126
-77.09393
-78.30012
-79.89498
-79.28241
-79.20265
-81.51642
-80.37966
-81.47953
-80.91753
-83.36273
-78.27199
-71.13757
-72.63092
-74.35934
-76.64848
-78.02203
-79.39020
-79.68377
-79.37549
-81.02154
-80.76087
-80.50970
-80.65407
-81.43085
-81.50039
-81.20047
-80.38530
-79.82768
-79.52887
-81.08109
-80.45645
-80.70420
-81.17247
-81.08695
-79.80533
-79.72441
-80.25544
-80.73711
-80.26691
-80.63269
-81.19894
-80.24938
-81.18537
-80.85179
-80.47032
-80.55906
-81.65450
-81.39212
-80.64356
-81.20219
-81.84022
-81.89685
-81.96566
-82.36745
-81.84996
-81.97692
-82.22207
-82.11323
-81.96323
-82.43989
-82.97720
-82.96400
-81.87900
-81.57784
-82.70288
-84.01249
-84.09292
-83.03122
-83.62318
-83.97927
-83.87379
-83.52941
-83.53802
-83.23090
-83.93592
-85.38866
-84.12260
-83.34433
-84.13945
-84.49761
-85.25063
-85.30441
-85.84113
-86.57310
-86.53206
-86.41794
-86.25990
-86.19673
-86.98731
-86.76305
-87.41395
-88.23252
-87.61651
-86.33243
-86.24208
-87.26782
-86.80910
-88.18001
-86.85655
-88.52590
-87.18502
-89.38007
-87.54820
-88.57248
-86.65349
-88.58337
-86.39058
-90.54425
-83.72880
-70.62382
-71.15964
-74.02808
-75.92209
-78.85731
-79.96446
-82.47020
-82.95344
-85.48085
-85.65671
-88.28039
-87.43567
-87.89602
-87.02897
-88.41138
-87.92022
-89.25347
-88.23161
-87.52021
-87.49297
-87.16933
-87.71665
-87.93340
-90.33896
-88.90975
-90.04916
-87.76353
-90.80928
-87.05863
-91.82511
-86.36254
-105.11892
-76.83277
-68.72563
-71.27047
-73.19708
-75.58959
-77.40642
-79.26631
-81.46378
-82.72321
-83.65773
-83.90463
-84.08074
-84.44513
-86.01850
-85.58446
-86.27210
-84.78880
-84.52726
-83.69291
-84.20617
-83.11326
-82.78588
-81.91465
-82.29148
-82.26581
-82.59180
-82.33020
-82.46964
-83.19207
-83.13139
-83.11054
-82.72384
-83.34248
-80.33101
-79.09377
-79.76930
-80.34196
-81.27478
-82.15310
-82.20432
-81.82629
-81.84747
-82.05738
-82.60312
-82.48307
-82.06969
-81.72401
-81.83159
-81.44467
-81.21260
-81.52830
-80.96015
-80.40102
-80.71378
-81.19283
-80.97017
-81.87467
-82.42769
-81.77298
-81.35260
-80.90449
-80.88394
-80.60574
-80.51549
-80.99933
-80.53495
-80.01467
-80.44959
-81.13597
-81.46831
-81.69832
-81.79994
-82.53729
-83.71687
-84.39726
-84.81656
-85.87079
-87.09357
-86.14285
-86.18396
-87.38539
-88.04171
-88.10853
-87.75600
-87.47401
-87.64821
-88.35108
-89.32674
-90.01510
-90.31330
-90.21710
-89.48684
-89.97177
-90.55052
-90.72506
-92.49579
-92.69480
-93.55060
-91.81819
-86.67229
-87.83819
-89.37565
-90.87094
-93.07027
-91.68194
-93.48194
-91.36511
-91.79569
-91.99800
-91.84959
-92.04742
-93.55258
-91.75304
-91.28643
-91.33612
-92.12508
-92.98839
-93.54345
-91.82725
-91.60458
-92.91707
-92.72833
-93.62894
-91.29345
-91.92505
-91.43634
-94.52134
-91.04466
-95.22481
-88.55950
-95.33113
-77.49831
-71.61921
-74.05174
-75.20091
-77.86917
-79.80172
-81.54292
-81.31228
-82.33837
-83.75468
-83.04613
-82.44914
-82.69934
-82.38395
-81.06150
-82.39917
-82.02166
-80.98033
-80.91416
-80.74244
-80.78332
-81.78867
-81.97261
-82.70950
-82.86918
-82.18324
-80.57666
-80.64788
-81.04855
-81.65295
-81.89923
-81.60710
-81.73287
-80.02389
-78.53752
-79.12989
-80.11294
-80.52779
-80.90764
-81.57004
-82.08738
-81.79010
-82.32838
-82.92662
-82.80606
-82.29199
-82.36508
-82.52311
-83.33749
-83.91421
-83.49455
-83.32659
-84.22488
-84.56330
-85.63632
-86.58015
-86.63913
-86.63643
-86.87388
-87.24039
-87.59366
-87.59491
-87.47081
-87.75568
-88.56584
-89.05040
-85.62579
-86.32174
-87.74192
-88.80643
-89.56510
-89.55616
-90.36651
-90.56604
-91.00213
-90.80717
-91.80722
-91.84757
-92.30605
-92.76852
-92.62591
-91.88515
-92.54474
-92.11973
-93.27119
-92.96809
-92.48705
-92.74338
-92.57255
-92.71179
-93.41007
-93.19280
-92.77069
-92.99121
-92.92108
-93.43873
-93.01715
-94.04527
-92.08295
-91.79291
-93.90513
-93.46721
-95.04285
-94.59796
-93.81091
-95.84314
-95.15754
-95.55250
-95.90976
-96.44978
-95.52794
-98.01836
-95.19510
-96.78236
-97.05826
-97.79953
-97.57777
-98.54278
-96.43358
-98.15403
-98.75451
-98.99985
-101.73043
-99.18694
-102.00197
-98.87889
-109.98532
-98.52979
-112.46942
-94.40156
-94.55963
-76.12918
-69.59171
-72.91074
-74.17112
-76.09280
-76.97272
-77.95150
-78.31419
-78.80914
-79.36776
-79.29184
-78.65486
-78.78310
-80.99820
-81.59883
-81.96580
-80.08020
-79.26987
-78.35790
-79.03991
-79.48853
-78.85429
-78.58763
-79.35029
-78.68763
-77.79497
-78.04599
-78.72524
-78.18724
-78.57521
-77.20554
-76.94076
-77.56679
-67.34063
-65.75030
-69.02939
-69.96418
-72.31862
-72.52723
-73.96769
-74.21833
-74.75281
-75.56790
-75.66542
-76.46738
-75.56023
-75.60578
-76.00495
-77.16026
-77.72385
-78.10798
-77.99506
-76.79295
-76.42571
-77.21541
-76.88655
-78.40429
-78.34276
-80.21640
-77.52373
-77.63443
-76.32570
-77.68605
-77.03647
-78.47674
-72.93294
-62.39756
-63.05062
-66.05219
-68.23177
-71.59278
-72.85610
-76.32249
-75.75485
-78.54494
-78.39409
-80.72903
-78.43926
-79.41348
-79.30122
-82.27708
-81.51785
-83.08019
-82.51884
-82.54376
-82.19480
-82.38463
-83.43067
-82.88429
-86.22595
-83.73279
-88.79912
-83.58500
-90.87178
-82.47941
-97.01199
-80.07884
-87.28019
-68.12886
-58.82385
-61.22520
-64.14165
-67.37205
-71.42070
-73.76764
-78.99918
-79.26717
-83.93893
-79.65909
-84.55002
-79.88597
-84.52743
-80.28792
-88.25379
-78.02447
-58.09878
-57.63080
-62.46599
-65.27245
-70.86585
-72.97579
-78.15496
-75.90783
-77.93557
-77.23137
-78.72865
-80.78002
-79.88043
-84.27629
-76.77575
-104.44276
-60.94765
-54.80067
-57.00611
-60.62867
-63.74419
-65.39718
-69.90288
-72.36731
-75.75897
-77.59770
-78.31164
-78.89689
-77.58138
-77.97751
-78.33337
-78.46629
-75.45553
-71.38226
-70.37944
-73.64910
-76.03806
-77.49747
-75.24915
-75.63799
-75.72002
-75.96874
-74.70924
-75.80253
-75.60127
-75.52782
-76.20767
-76.23275
-76.37089
-68.42291
-66.06445
-69.72947
-72.26059
-74.62283
-75.63788
-77.46582
-75.75312
-76.30203
-77.22987
-75.85107
-76.45630
-77.25235
-76.58892
-75.49716
-77.89705
-73.33003
-70.55562
-72.06667
-73.60126
-74.79766
-77.03955
-76.77808
-78.72646
-76.37121
-79.57357
-76.47134
-79.98257
-75.11218
-80.34191
-75.01451
-82.93676
-67.40893
-56.10901
-57.78863
-61.81869
-65.68057
-69.88662
-70.26713
-72.81527
-72.90977
-74.27114
-74.04016
-76.51408
-74.29499
-74.45582
-73.83422
-73.44024
-74.61993
-59.85374
-57.62253
-61.57785
-64.39242
-69.25537
-70.26553
-73.67668
-73.62215
-74.04635
-72.72635
-73.92113
-74.70741
-73.51291
-73.97062
-73.17785
-75.58776
-69.73158
-65.34853
-67.03067
-69.24635
-70.91573
-72.12690
-71.68934
-72.37231
-72.87948
-73.34681
-72.54698
-74.32969
-73.60004
-75.40818
-75.20623
-76.39562
-73.32810
-69.62549
-69.15400
-72.03241
-74.55594
-74.86327
-75.51524
-75.32177
-74.34005
-75.15037
-75.46560
-74.71986
-76.88924
-74.67043
-78.41201
-73.80627
-87.57716
-61.74324
-55.40327
-58.53610
-62.04701
-65.56649
-69.04947
-70.44855
-75.16751
-64.91129
-60.32142
-62.97395
-64.95041
-67.67853
-69.39582
-71.10943
-74.61911
-71.53728
-69.74380
-69.62110
-72.85174
-73.09500
-75.93047
-72.73059
-76.31033
-69.90011
-59.97059
-57.13017
-58.00905
-61.78715
-64.32754
-66.88416
-70.29044
-72.11534
-68.09199
-66.54054
-69.22875
-71.80983
-74.64552
-74.07720
-74.33153
-73.70503
-72.75750
-72.38309
-73.56918
-72.48064
-73.03479
-73.41654
-73.11647
-72.98447
-71.46692
-70.49160
-71.27305
-71.21160
-72.29324
-75.01162
-73.20621
-74.22358
-71.38016
-69.83928
-70.99765
-70.20349
-72.06652
-72.97083
-73.59950
-75.92091
-73.53982
-68.64457
-67.30466
-68.87583
-70.94254
-72.48763
-72.82111
-74.67245
-74.50188
-71.40220
-72.54427
-73.66602
-72.59725
-76.05201
-74.31086
-75.48385
-75.01289
-73.40588
-72.43442
-73.41109
-73.37518
-76.08143
-75.64153
-77.05291
-76.61960
-74.36465
-72.14398
-70.16306
-73.31427
-73.09587
-77.42944
-73.79297
-86.62916
-62.85937
-58.09812
-61.51779
-63.93746
-67.23408
-71.24994
-71.90197
-79.36298
-66.51724
-58.55300
-60.92482
-64.21072
-66.32850
-71.00632
-70.69143
-76.00198
-69.99061
-60.85344
-61.90071
-65.37753
-66.99380
-71.12069
-71.89049
-75.19790
-74.38336
-75.10073
-73.49284
-76.06550
-75.40603
-74.59232
-75.12455
-74.57194
-79.33524
-62.77140
-58.96648
-61.71281
-63.91230
-67.31149
-69.69686
-70.68736
-78.56715
-61.84385
-55.99679
-57.73333
-63.53671
-59.87046
-56.84641
-60.60018
-63.40713
-67.53223
-68.00138
-70.92931
-72.34304
-71.63668
-73.26549
-73.58375
-74.63616
-72.19268
-72.18132
-70.22022
-71.90188
-71.30604
-71.36201
-70.27142
-71.73773
-71.36111
-67.97919
-68.69278
-70.62142
-70.71852
-72.38878
-73.38225
-74.02879
-74.52892
-67.53188
-65.95411
-69.54185
-71.48150
-70.66911
-70.01856
-70.63767
-72.05773
-71.54981
-70.94262
-72.06582
-72.44480
-73.71084
-74.54026
-74.77183
-75.26853
-75.21471
-73.84370
-74.30253
-74.62514
-73.65433
-75.11260
-74.69723
-75.67245
-73.54220
-70.02352
-70.87671
-72.35372
-72.29760
-73.46060
-74.06888
-73.05794
-71.51982
-69.45375
-66.50445
-68.69743
-74.63812
-69.39151
-69.76697
-73.53181
-73.19858
-74.78479
-73.79912
-73.85641
-74.10853
-73.43705
-74.31688
-74.75202
-74.93582
-74.88510
-74.10175
-76.00461
-77.55551
-77.69541
-76.07297
-75.56023
-76.18820
-73.96102
-71.90906
-73.62896
-74.45064
-74.87202
-76.17932
-76.12804
-77.01248
-73.60826
-70.17071
-71.15018
-73.41060
-74.56989
-72.67551
-73.33283
-75.43296
-74.44644
-74.34093
-74.82107
-78.50367
-76.36658
-80.66133
-77.42679
-80.87029
-77.52719
-83.86984
-79.43570
-85.30533
-81.34450
-86.84668
-82.57424
-83.93513
-84.61487
-57.15901
-55.46814
-59.25536
-61.46031
-64.76105
-67.15595
-69.39950
-74.36326
-59.43000
-55.91242
-60.49027
-63.77130
-67.35989
-69.56179
-68.82852
-72.63590
-61.56994
-57.39137
-60.68798
-63.74245
-65.89949
-70.05377
-68.16147
-75.25175
-62.60284
-54.40057
-57.14107
-60.60523
-63.49672
-67.95024
-67.77093
-70.01754
-69.84281
-67.02970
-67.64415
-70.02910
-68.00104
-71.42548
-70.13249
-72.44122
-69.90673
-68.29992
-67.49074
-71.09256
-71.74989
-71.37283
-72.45531
-70.70244
-73.01309
-56.87530
-55.76434
-61.02294
-64.32264
-68.95216
-67.89137
-69.65919
-70.03938
-68.45386
-65.88286
-70.22654
-69.10850
-69.19877
-70.88852
-70.32596
-72.48880
-69.61399
-67.36584
-69.17232
-70.77638
-69.60925
-71.92521
-70.75025
-72.48270
-69.58981
-67.46759
-68.46737
-72.39124
-69.85369
-71.52010
-70.39502
-73.05717
-68.67276
-56.22059
-56.58983
-61.53637
-64.31705
-69.03238
-69.85019
-70.89769
-70.65292
-67.50711
-67.80620
-70.50091
-69.89333
-70.56920
-69.99820
-71.59264
-71.55512
-70.64705
-70.15003
-71.92035
-72.33976
-72.00133
-72.34555
-72.18933
-72.81519
-69.44173
-69.36432
-71.33032
-72.28348
-71.87731
-72.51239
-71.06694
-73.92077
-68.97132
-65.50515
-67.30762
-69.85882
-72.30073
-73.70488
-72.58257
-72.55356
-71.98559
-69.78056
-71.73395
-73.49266
-72.65167
-73.99951
-74.65358
-75.12105
-74.24840
-57.08439
-54.73221
-58.25215
-60.33549
-62.95859
-63.49538
-64.55334
-64.59007
-65.80839
-67.74492
-68.54346
-66.47021
-66.75199
-66.25437
-66.02761
-67.06359
-65.31056
-65.35852
-66.93893
-66.14097
-68.19882
-68.44039
-66.42008
-65.00429
-64.42362
-67.29468
-68.50000
-68.13038
-67.13538
-67.12275
-66.44247
-65.25823
-65.02005
-64.98876
-65.46472
-66.85161
-67.28633
-68.45040
-70.01301
-69.27313
-68.97060
-67.91729
-67.26590
-67.13841
-67.16225
-66.62234
-65.70896
-65.79104
-60.21061
-58.48028
-61.32073
-62.01635
-62.36066
-62.18074
-60.76619
-61.83271
-62.52200
-62.68356
-63.76358
-64.23069
-63.76681
-63.75376
-63.72132
-62.75863
-65.38129
-57.84700
-54.81210
-58.07469
-60.76231
-62.35492
-63.03957
-63.41643
-63.87243
-65.19872
-66.64293
-66.00795
-66.39559
-66.10461
-67.18933
-66.82001
-69.20945
-62.83306
-55.37081
-55.86447
-56.99424
-58.29114
-59.87881
-59.84776
-62.85561
-62.84434
-61.08245
-59.92519
-61.26704
-63.64933
-62.79846
-63.02558
-61.14434
-61.23417
-61.88359
-61.20764
-62.13476
-61.94438
-63.95335
-64.82509
-65.47936
-66.79088
-64.41238
-62.03596
-63.74192
-67.26650
-67.01944
-65.31801
-66.09393
-66.16543
-66.78941
-65.25838
-65.54353
-68.21358
-68.00818
-67.66947
-66.99126
-67.74582
-67.14066
-67.74123
-68.13260
-67.90309
-67.44402
-70.54534
-68.09191
-67.98552
-62.45095
-55.25300
-54.06353
-56.59001
-57.59223
-58.44642
-57.00875
-56.86176
-58.61666
-57.36194
-58.17986
-60.19853
-61.66019
-59.87823
-61.12031
-60.36386
-61.49022
-63.08544
-63.54448
-63.56145
-61.03203
-63.20954
-62.50662
-63.16287
-64.62244
-60.90216
-57.44581
-55.93685
-57.72307
-60.59258
-60.45842
-63.26835
-64.24989
-63.56172
-62.88153
-62.40890
-65.40720
-66.12718
-64.55834
-64.82796
-64.78657
-63.98967
-64.26128
-64.82473
-66.22766
-64.82226
-64.71013
-65.49745
-66.56478
-66.88625
-66.63497
-66.88457
-65.82545
-65.26232
-65.15023
-63.81938
-63.93991
-67.42595
-59.86516
-56.91633
-57.81698
-56.27276
-55.64369
-56.15724
-58.63494
-58.26030
-57.06468
-59.19006
-59.02730
-59.40680
-60.17615
-59.91100
-58.89393
-59.60031
-61.84350
-60.47649
-61.07974
-60.61578
-60.57339
-59.54263
-58.74948
-61.87257
-63.58575
-62.45806
-62.40377
-61.61967
-62.07946
-63.39113
-62.69487
-64.96786
-64.27462
-65.42213
-63.40488
-62.16323
-62.79602
-64.17568
-65.81778
-67.15948
-66.21089
-58.94884
-58.80015
-61.80024
-62.93174
-64.26040
-65.44780
-65.76443
-68.62315
-61.15159
-58.36660
-61.88159
-63.15188
-65.02025
-66.70123
-67.95037
-70.13038
-62.97158
-59.87073
-63.14831
-64.33851
-65.19548
-67.39745
-67.76255
-68.49673
-67.38302
-69.29537
-66.62125
-68.21170
-66.03409
-65.69149
-66.96817
-69.52045
-67.00374
-57.42262
-57.28978
-58.11858
-58.96155
-59.05074
-59.98303
-62.74707
-62.72905
-57.96434
-55.18246
-57.67203
-59.39801
-56.68160
-55.78447
-58.26581
-60.88717
-62.62232
-61.56959
-61.28627
-61.20296
-62.34986
-62.31421
-62.71937
-61.82122
-61.62866
-63.97810
-61.73594
-61.21714
-62.42057
-62.99878
-63.22045
-62.82882
-61.17683
-61.35756
-61.81248
-61.50923
-62.04725
-62.61108
-63.58605
-64.10551
-63.16593
-61.34166
-61.88619
-64.41510
-64.19696
-64.06423
-64.49270
-65.24337
-66.43340
-64.79856
-63.69497
-64.49004
-65.93217
-66.88837
-65.26764
-64.86888
-65.08571
-65.43186
-66.54630
-66.83744
-67.18881
-67.47198
-66.57803
-66.33346
-67.97133
-67.38302
-66.73390
-66.95718
-67.02872
-65.81815
-66.98368
-68.60566
-67.93963
-67.74316
-66.50280
-65.98502
-68.58112
-69.76162
-67.38998
-69.36096
-70.18499
-70.16804
-69.12606
-67.66153
-68.37437
-69.14928
-69.89681
-69.65558
-68.56783
-69.31876
-70.88079
-70.49415
-70.66215
-71.61173
-72.43644
-71.68280
-71.89921
-72.46681
-71.12754
-70.73478
-71.36478
-71.53288
-69.20604
-66.88111
-65.86560
-66.41514
-67.01317
-66.49712
-66.80700
-67.82257
-69.12034
-67.30653
-68.02662
-69.03558
-69.99115
-69.11872
-68.08535
-67.73558
-67.06596
-67.48972
-68.96829
-70.87360
-71.43365
-71.10206
-70.53426
-72.40125
-70.49352
-74.38582
-69.81841
-78.64733
-63.69295
-52.56136
-53.83022
-55.64406
-54.46802
-58.01448
-57.21560
-56.19622
-53.84127
-53.48549
-54.68863
-55.55299
-56.94283
-57.72052
-57.72771
-57.54863
-59.30951
-57.06302
-56.26315
-57.37044
-59.50264
-60.84401
-60.50730
-58.48899
-59.51063
-53.92508
-53.30908
-57.60331
-56.73934
-60.06696
-61.90947
-61.81846
-63.07863
-62.66267
-61.15752
-62.88977
-61.87475
-62.02053
-61.74077
-60.90868
-64.17262
-61.67944
-60.74133
-61.36658
-63.46441
-64.37001
-65.20646
-63.05535
-68.18295
-62.29679
-53.91356
-56.50123
-57.80121
-59.28233
-56.98601
-55.94798
-57.96956
-57.34362
-60.16130
-57.89451
-57.96354
-59.89826
-58.59716
-59.43662
-62.55038
-60.64244
-58.86972
-59.68785
-59.69777
-59.23746
-60.06993
-60.56444
-62.32829
-61.34825
-60.61935
-62.16737
-62.38717
-62.72678
-62.39965
-62.14314
-61.21536
-62.76597
-58.37181
-54.76019
-57.73373
-59.55716
-60.79393
-63.66431
-62.75521
-64.53600
-62.70260
-62.55421
-63.50268
-64.37199
-64.33189
-64.59375
-64.44282
-63.48832
-64.90664
-64.07172
-65.43906
-66.43295
-65.73288
-65.30406
-65.61990
-66.41986
-64.84134
-64.53116
-65.78670
-66.54888
-65.77483
-66.11163
-66.13994
-65.89768
-67.48024
-64.43654
-63.22501
-65.64757
-67.54987
-68.61979
-69.37026
-68.92290
-67.28662
-67.16438
-68.44173
-69.18154
-68.84165
-69.74040
-70.42184
-70.22873
-72.27509
-68.93796
-64.62637
-63.60866
-64.90166
-66.68289
-66.68309
-65.49308
-63.63305
-62.69944
-64.16860
-67.42851
-68.15882
-67.79745
-68.39057
-68.79505
-69.05184
-69.00460
-65.45548
-66.06081
-68.04512
-67.56782
-68.00583
-67.72134
-67.78221
-64.97350
-64.63796
-67.10476
-70.58309
-71.10240
-69.43209
-68.77063
-68.18253
-69.79480
-70.04758
-70.50345
-70.75831
-71.16944
-71.04004
-70.42767
-74.54059
-73.99389
-73.63734
-71.30123
-72.00121
-73.98805
-75.60814
-73.95062
-75.96746
-69.20814
-60.35639
-60.52288
-61.37991
-62.46797
-65.49782
-64.66768
-64.81032
-64.92839
-65.38290
-64.06186
-63.14981
-64.28883
-63.23984
-64.44889
-65.92996
-68.10841
-67.65127
-65.76137
-65.83512
-66.51652
-66.63230
-65.78151
-67.33587
-67.01740
-66.88789
-67.08364
-68.88591
-67.62283
-69.64694
-68.30229
-69.46036
-72.78005
-73.07879
-66.79035
-60.67773
-59.97987
-59.79302
-62.81601
-62.17249
-62.89813
-62.95118
-60.21254
-61.06853
-63.08434
-64.93095
-63.17061
-62.46458
-63.15437
-63.30204
-64.29763
-64.43914
-62.82588
-64.22388
-65.84998
-66.82261
-65.66240
-67.29833
-67.86274
-65.10565
-66.13991
-68.37057
-70.41223
-69.36725
-67.87757
-70.64481
-74.45006
-70.03737
-68.80959
-70.85509
-71.23680
-70.64201
-69.87721
-71.71891
-72.88783
-71.20718
-74.40689
-71.81169
-71.54458
-72.68783
-75.31723
-75.72630
-77.44841
-71.89837
-62.35689
-60.39526
-62.82798
-63.33458
-63.46275
-61.92628
-61.73784
-64.89106
-63.70484
-64.77373
-65.22277
-64.53289
-63.33301
-64.48196
-64.62862
-65.60480
-65.98777
-65.43724
-65.97923
-66.09027
-67.29605
-66.78953
-67.72957
-67.19068
-67.17264
-67.49896
-69.33267
-68.44475
-70.47712
-70.63790
-69.15608
-68.19049
-69.61435
-70.00683
-71.69808
-72.64634
-69.67052
-70.13430
-70.45912
-70.95453
-68.94819
-70.22685
-71.17328
-73.47153
-72.63167
-73.41443
-73.99088
-74.38732
-73.86240
-73.76900
-73.69250
-74.04529
-73.71510
-75.01023
-75.81888
-75.20054
-74.74026
-62.19869
-60.93577
-62.52514
-60.17188
-61.39914
-65.25879
-66.37391
-62.05587
-61.55165
-62.08765
-60.02131
-62.72089
-64.88393
-62.96820
-61.53020
-63.75050
-68.27301
-63.91815
-65.39489
-66.85494
-65.70649
-66.95876
-64.79573
-66.17509
-68.61352
-67.69075
-66.84688
-68.08097
-70.52743
-69.44774
-69.87466
-71.48700
-70.44609
-70.60135
-70.23841
-69.19335
-70.02195
-70.60867
-70.12266
-71.85054
-73.54847
-71.06408
-71.89731
-73.73207
-75.38122
-75.22664
-73.51954
-74.77311
-74.69773
-74.38897
-73.48100
-72.72449
-74.17912
-74.98290
-74.00859
-74.01483
-74.74782
-74.59865
-73.96601
-73.85527
-74.60399
-75.21102
-74.26615
-74.88320
-76.02592
-76.42462
-76.88485
-77.00004
-75.57191
-76.52087
-77.34214
-76.03802
-79.41554
-76.50616
-71.68666
-67.70995
-65.77316
-65.43331
-65.69926
-67.00821
-66.65141
-67.91232
-67.52465
-66.09606
-66.66069
-65.49908
-65.67987
-68.43205
-69.08695
-67.88135
-67.16057
-68.00584
-67.89577
-67.36570
-70.07113
-71.40005
-72.53890
-71.79004
-71.85885
-70.84541
-71.37270
-73.61493
-72.28511
-73.63549
-72.09063
-71.75906
-71.49681
-71.93895
-72.32846
-72.71795
-71.76926
-70.79936
-70.76495
-71.52829
-74.09198
-72.67467
-74.82147
-74.53675
-73.66111
-73.54842
-73.37318
-74.85788
-76.40741
-76.39345
-74.62786
-75.16763
-75.32777
-77.21658
-76.68930
-75.53053
-74.32866
-75.54992
-76.06910
-77.10799
-78.58944
-77.38259
-78.63001
-77.69244
-77.25827
-78.13324
-78.45475
-77.28175
-76.92736
-76.50726
-77.51424
-79.68846
-79.56131
-78.26171
-79.84556
-80.16027
-79.26663
-80.02751
-82.53239
-83.21047
-81.06626
-78.57411
-78.67377
-80.41042
-80.20097
-79.81086
-79.67378
-81.33839
-79.83353
-81.48161
-82.28952
-81.60135
-81.05070
-83.08422
-83.21222
-82.59124
-83.30177
-82.75728
-85.22128
-84.38682
-85.42322
-84.00722
-84.62333
-83.75661
-84.41909
-83.59988
-84.00527
-84.61822
-82.71723
-84.65189
-86.20541
-86.07102
-85.17685
-86.36740
-87.17184
-88.35116
-86.53284
-86.38134
-84.75215
-83.52263
-85.89235
-86.53540
-87.36393
-86.31506
-86.00337
-88.51993
-87.99376
-92.01173
-87.84095
-101.24618
-72.02975
-63.99511
-64.48641
-63.39680
-63.67017
-66.92179
-68.44132
-66.54017
-63.54914
-65.65013
-68.02348
-66.55066
-67.39237
-67.51133
-65.82353
-67.91334
-68.75082
-68.47658
-67.76828
-69.28594
-72.13733
-71.40515
-69.96400
-68.54954
-71.11170
-69.28069
-67.26827
-67.44655
-70.12969
-69.89061
-69.10158
-70.79434
-71.53585
-72.09271
-72.62497
-72.55782
-71.39898
-71.57141
-70.90697
-72.16951
-72.42047
-72.09487
-73.81381
-74.39222
-73.83794
-74.00938
-75.21876
-77.28668
-78.11042
-77.15825
-75.65537
-73.93133
-72.43580
-70.16363
-68.03766
-67.83129
-68.92658
-70.19750
-71.50074
-71.05395
-71.60077
-73.11161
-71.56249
-71.80615
-71.34817
-71.63413
-72.65798
-72.05698
-72.32194
-73.38656
-72.02859
-72.13758
-73.51532
-72.09387
-75.07000
-74.75393
-73.60162
-75.46183
-75.66797
-75.08447
-73.55507
-73.24338
-74.13784
-75.17520
-75.23879
-73.53434
-74.17839
-75.10115
-74.94440
-75.77949
-76.42629
-75.34218
-76.40956
-77.09494
-76.65956
-77.00421
-75.48439
-77.44755
-77.06396
-78.15423
-78.72917
-77.41414
-77.89923
-77.97342
-78.04418
-78.60064
-80.43273
-79.35272
-78.66095
-77.73804
-77.53279
-78.25927
-78.00812
-78.87074
-80.51616
-80.34318
-78.83345
-79.99512
-80.02772
-81.04402
-81.34737
-82.29864
-81.52808
-82.08352
-82.29793
-80.18404
-81.29841
-82.01135
-85.38754
-83.48837
-86.68715
-74.16216
-70.06352
-71.23889
-72.55431
-74.30585
-75.37248
-77.01274
-76.04324
-77.03535
-78.30043
-79.49936
-79.56659
-79.76489
-80.67680
-80.89431
-80.08672
-80.05952
-81.26575
-82.37824
-81.35593
-80.16574
-81.20186
-82.40343
-81.60449
-78.89398
-78.92434
-80.84723
-81.64111
-82.12408
-82.91267
-83.06253
-82.66383
-84.35827
-85.90078
-84.85461
-84.25752
-84.55506
-83.80317
-84.10915
-85.74225
-85.93397
-85.26914
-84.40192
-86.58671
-86.93660
-87.86347
-86.69057
-91.07208
-78.03723
-71.98669
-73.31988
-76.00350
-76.45792
-76.28337
-77.35778
-79.00414
-80.76876
-79.62763
-79.28711
-79.23511
-76.64758
-74.88271
-77.85496
-80.04650
-80.52360
-78.03719
-76.53754
-77.22068
-78.63449
-77.82300
-77.77686
-79.62080
-79.30680
-81.45227
-81.07150
-79.95926
-78.89562
-81.15998
-79.15227
-81.79276
-83.29755
-82.56698
-75.01492
-73.06944
-73.66021
-72.43845
-75.03713
-74.35935
-75.89039
-73.87993
-73.52143
-73.41185
-73.91150
-75.80518
-75.64650
-75.46655
-74.67863
-75.64260
-75.77190
-75.80223
-75.33305
-76.93220
-77.86754
-77.71876
-77.64532
-79.16412
-79.83954
-78.42397
-80.18619
-81.34452
-81.07154
-80.52004
-79.81431
-82.59536
-83.99855
-83.51562
-82.75255
-82.37168
-83.95630
-83.56946
-81.60518
-83.24725
-84.25945
-83.41808
-84.19152
-81.37915
-82.02587
-83.72842
-85.57598
-85.92435
-89.81499
-78.48976
-70.95476
-71.54356
-74.33970
-75.36475
-74.87884
-73.73115
-75.77426
-75.92615
-75.82849
-76.83405
-76.64093
-77.58727
-76.11453
-74.05616
-75.00278
-77.87184
-76.15381
-76.65773
-76.65892
-77.62122
-79.56416
-78.44778
-79.52782
-78.05399
-76.28416
-77.61913
-77.11790
-76.81692
-80.93351
-81.28069
-80.32572
-79.60591
-81.05620
-82.50582
-82.48636
-83.30328
-81.69010
-81.56744
-81.88586
-80.29137
-81.43942
-82.26179
-83.01281
-82.49941
-82.22128
-85.69242
-85.81238
-85.30419
-85.14605
-85.59868
-85.48037
-84.27533
-83.98560
-84.91859
-85.12789
-88.88170
-80.31567
-74.02750
-71.59013
-70.03380
-70.48211
-72.64970
-72.38062
-71.33840
-73.21433
-74.47378
-73.67779
-73.91828
-74.16847
-74.06689
-74.58477
-72.47766
-73.25389
-75.32951
-74.82602
-76.88445
-76.01711
-75.17608
-73.30568
-74.31520
-78.51535
-77.18152
-76.30332
-75.77505
-77.98798
-79.89626
-78.45850
-79.09279
-80.13956
-80.03356
-81.07975
-80.92899
-79.73677
-79.05017
-79.42585
-79.24925
-80.36599
-80.11258
-79.55518
-81.62971
-83.14352
-85.12419
-85.05297
-85.72273
-83.45332
-85.86858
-84.47722
-82.70192
-83.51690
-82.61548
-84.40588
-84.89574
-85.67847
-86.45907
-87.46945
-84.71114
-85.15051
-85.41799
-83.69715
-86.50426
-86.28755
-85.44005
-87.17972
-86.46640
-84.01724
-85.19500
-88.06773
-84.70407
-85.68290
-88.78604
-86.78765
-81.92106
-77.29594
-77.62445
-77.83398
-75.75507
-74.67614
-75.08625
-76.82470
-76.53727
-74.66875
-75.75200
-76.99293
-75.81061
-75.61323
-76.36215
-78.01897
-78.63629
-79.43324
-78.11402
-78.50438
-78.82483
-78.79642
-80.28035
-79.10527
-79.73103
-80.01482
-80.16665
-80.34334
-79.35518
-80.70025
-81.70064
-79.49101
-78.40703
-79.85386
-79.88834
-79.65028
-79.74048
-79.31790
-80.04100
-80.65088
-83.23852
-82.96257
-84.80724
-85.07139
-85.14221
-86.49018
-83.99862
-82.50544
-83.57293
-83.45339
-82.08184
-83.62808
-83.75676
-86.61552
-84.36810
-82.79336
-84.93917
-85.99682
-85.58494
-87.03101
-86.99067
-86.95915
-85.62634
-84.46377
-85.90551
-86.13153
-86.16011
-84.88262
-85.04129
-86.23406
-86.90777
-88.22897
-86.92529
-86.11387
-89.46199
-87.44363
-87.51886
-89.82176
-91.37512
-88.21799
-88.73607
-88.07941
-87.44706
-87.83784
-87.13902
-89.73079
-88.03909
-89.02576
-88.39677
-89.10432
-89.69898
-89.03266
-89.17034
-91.02697
-89.02393
-92.30373
-92.34637
-90.24258
-91.79684
-90.81322
-92.16384
-90.72882
-91.70614
-90.00146
-91.88499
-92.77864
-94.07067
-93.62847
-91.90159
-91.59837
-93.11366
-92.79212
-93.26903
-93.30712
-96.05409
-94.07610
-94.19313
-91.65260
-90.34578
-91.41353
-94.14275
-96.72063
-95.20700
-93.27764
-93.30733
-95.09999
-92.06220
-98.06960
-93.24768
-98.20495
-74.10521
-69.22619
-68.26832
-69.41413
-72.86095
-73.24492
-72.07760
-70.91522
-73.55754
-71.70640
-71.03446
-72.46130
-74.07441
-72.91577
-70.47318
-71.78207
-74.44707
-75.34069
-74.10102
-75.03819
-75.28990
-75.43230
-74.55966
-74.10881
-75.16440
-75.11752
-76.16989
-75.94044
-76.92512
-78.35955
-77.02780
-78.04860
-80.12878
-77.45667
-78.90429
-77.87973
-76.23548
-77.56518
-76.73907
-80.56458
-77.99810
-79.03654
-81.44906
-81.21830
-79.41541
-78.27496
-79.99545
-81.21324
-83.68776
-83.02826
-80.83823
-76.46182
-76.22058
-72.40377
-69.83753
-72.05092
-71.45678
-70.60872
-71.74368
-73.27533
-76.75432
-74.49984
-75.65613
-76.55479
-75.50534
-75.28923
-76.05952
-73.71749
-74.28958
-77.43057
-75.27606
-79.08622
-75.58112
-75.53568
-78.00290
-78.27269
-77.90228
-77.86104
-77.22373
-78.41374
-78.69963
-77.01424
-78.37358
-77.87921
-78.17094
-79.83496
-81.62025
-80.11104
-81.32567
-80.72336
-79.77161
-79.37651
-79.43656
-77.57523
-78.27509
-81.73375
-82.31287
-80.87065
-81.30491
-83.57255
-82.76154
-82.46763
-81.73721
-80.60845
-81.80202
-83.85971
-83.56795
-86.19173
-85.41361
-84.56897
-84.21137
-84.59169
-85.35614
-86.05861
-86.50162
-85.35150
-85.82444
-84.66191
-84.00705
-85.49386
-86.58836
-89.48583
-90.94461
-89.05107
-87.92074
-85.74179
-85.08180
-87.22332
-88.22630
-88.09841
-89.66958
-85.57599
-85.48788
-85.22482
-84.84839
-87.83836
-87.01996
-86.09260
-86.24609
-87.08059
-85.01447
-84.67214
-87.47574
-90.12556
-90.02805
-88.44275
-90.00341
-87.05556
-85.39495
-87.36714
-86.42015
-84.38264
-83.91340
-85.09963
-86.29859
-87.77477
-88.70302
-86.76987
-88.63127
-89.19478
-89.62564
-90.60663
-90.75634
-89.55905
-83.26062
-82.64495
-83.18916
-82.50187
-82.56854
-81.74573
-83.04837
-85.19660
-85.61158
-86.23230
-88.02502
-88.75491
-87.40642
-87.69740
-86.22625
-87.90923
-79.80183
-74.67246
-73.76043
-73.54141
-75.03309
-75.72190
-76.46888
-79.60418
-82.06174
-80.69903
-79.99143
-79.18837
-78.99536
-80.54405
-79.63853
-80.33506
-78.84099
-75.70278
-75.17279
-75.46537
-75.90347
-75.53779
-76.93944
-75.83469
-74.59380
-73.99183
-74.27818
-77.37962
-77.73528
-76.78724
-75.69397
-76.35072
-79.06078
-72.80958
-70.17319
-71.44497
-70.58295
-72.38246
-73.01215
-72.73157
-75.21871
-74.46045
-73.18269
-75.22076
-74.42378
-73.97134
-77.45576
-73.70370
-73.40803
-78.22347
-76.07411
-76.82311
-78.04517
-73.99759
-72.62218
-75.10386
-78.64258
-78.23427
-77.81222
-77.58380
-76.87934
-77.88370
-78.94706
-78.15510
-79.27074
-79.61793
-80.93765
-78.02816
-77.04898
-77.91677
-78.57813
-80.32709
-81.21483
-81.49158
-83.69394
-84.08413
-79.89752
-80.37788
-80.38144
-82.97482
-83.99257
-84.01045
-84.71589
-87.83677
-86.81067
-84.97693
-86.55102
-86.25940
-87.66913
-87.69572
-91.78251
-91.77167
-91.09590
-92.49138
-91.88111
-93.25456
-91.51640
-91.59335
-96.80309
-94.51904
-94.29160
-92.29868
-92.90253
-91.51013
-91.17598
-96.63948
-96.08948
-96.68600
-97.57945
-95.86536
-93.37612
-95.27552
-98.30727
-98.74257
-99.05645
-101.72096
-101.86686
-99.51149
-98.12989
-99.73202
-98.56652
-99.25945
-105.39379
-102.45054
-105.30488
-104.56690
-102.85067
-102.55343
-101.88916
-102.40976
-102.95718
-108.23738
-109.91261
-108.91064
-106.34195
-105.07305
-107.60682
-109.98748
-109.66970
-110.64580
-110.95233
-109.09580
-112.72548
-111.53367
-113.40933
-114.87273
-111.22170
-114.21640
-117.11259
-112.87657
-110.62360
-114.86610
-115.25116
-117.74781
-118.30619
-120.04755
-115.77464
-115.71821
-119.82062
-117.25247
-122.14207
-124.51594
-126.08212
-125.72319
-126.68666
-127.72105
-131.14184
-129.72167
-130.48287
-133.70966
-135.39312
-134.91434
-136.92534
-136.32984
-136.95837
-137.89185
-138.15043
-138.80479
-137.56651
-139.52064
-138.21828
-140.24066
-138.15553
