-105.16084
-79.68735
-75.45268
-76.44591
-76.74982
-78.11374
-78.22683
-79.54996
-79.55789
-80.80475
-81.22978
-81.85231
-82.38786
-82.89057
-83.61292
-84.36286
-84.91734
-85.95990
-86.64760
-87.00975
-88.32321
-88.23292
-88.57871
-82.58339
-81.25189
-81.40716
-81.08199
-81.00831
-80.16040
-79.63306
-78.91779
-81.94877
-88.74785
-86.19416
-76.84710
-75.38163
-76.82432
-76.89976
-78.21832
-78.76087
-79.43918
-80.22092
-80.65465
-80.53050
-81.32036
-80.00951
-80.09906
-80.33691
-80.34127
-80.15838
-80.52535
-80.20089
-80.29731
-82.17902
-83.26562
-83.51968
-80.89259
-81.73598
-82.30917
-82.97016
-83.09360
-83.55781
-81.68777
-82.17843
-79.35808
-81.56489
-81.15100
-75.02159
-75.71734
-75.68770
-77.44306
-77.93221
-78.72438
-79.60833
-80.10966
-81.00624
-80.97071
-81.96253
-82.03619
-82.78700
-82.96923
-83.22009
-82.66286
-83.43803
-82.16311
-82.38048
-81.64084
-84.05502
-84.69271
-82.55595
-82.67545
-82.70447
-82.80455
-82.56410
-81.60298
-80.93409
-80.59573
-79.00151
-78.91092
-74.39185
-73.54731
-74.73224
-74.78082
-75.92963
-76.45783
-77.50836
-77.64937
-78.77308
-79.06542
-79.92154
-81.29558
-81.49065
-81.63268
-81.95058
-81.81813
-82.15109
-82.37131
-82.12457
-82.28663
-82.03980
-81.71751
-78.84769
-79.01728
-80.22833
-80.64659
-80.99389
-81.44901
-81.33334
-81.08521
-80.87114
-79.76201
-79.30034
-73.35346
-71.54681
-73.71491
-75.26863
-75.73370
-76.59057
-77.61323
-77.51653
-78.14980
-78.40582
-79.36650
-78.94212
-79.83790
-80.13253
-80.40051
-80.41022
-79.91285
-80.05763
-79.80144
-80.15769
-79.98786
-79.70233
-77.50028
-77.56920
-79.75610
-81.67838
-82.33157
-83.81437
-83.39589
-83.97437
-82.85786
-83.49197
-79.77605
-73.47858
-73.08030
-72.83226
-73.94777
-74.66273
-75.21951
-76.28330
-76.22386
-77.08771
-77.38435
-78.09626
-78.12424
-78.62494
-79.44607
-81.05962
-80.18994
-81.76284
-81.02582
-82.55029
-81.25683
-83.26986
-80.70245
-78.92712
-78.91193
-79.09591
-80.43280
-80.87440
-81.90846
-81.81275
-83.21256
-79.91417
-86.13358
-69.75252
-67.65739
-72.28118
-71.69038
-73.54100
-73.82180
-75.87993
-76.90846
-76.69976
-78.31279
-78.18299
-80.23171
-78.02378
-80.63165
-77.52371
-85.00807
-74.04099
-66.83098
-72.30345
-77.16958
-79.76798
-82.56482
-79.26478
-78.01925
-78.15780
-78.05996
-80.68012
-70.29578
-68.82386
-75.58076
-77.25245
-80.53603
-80.57085
-70.07275
-69.05750
-73.36808
-72.06208
-74.59502
-73.97622
-74.85669
-75.44986
-77.78514
-77.91646
-78.68828
-78.25479
-76.90855
-79.94149
-77.62185
-85.65180
-70.49077
-67.59859
-73.48431
-77.59432
-80.27683
-82.22234
-79.17237
-79.03472
-77.95966
-79.51488
-77.17669
-68.42938
-70.36017
-77.16869
-76.81698
-81.55149
-75.93822
-68.17596
-69.96729
-73.02759
-72.55577
-74.27226
-73.31396
-75.34003
-74.06278
-76.29674
-77.12157
-79.21319
-79.27194
-79.94700
-80.31292
-80.01894
-82.74585
-68.14435
-69.27636
-77.25062
-78.00063
-81.25473
-81.13611
-79.20731
-79.91366
-78.22837
-81.90461
-74.95911
-67.00350
-71.03575
-76.93397
-77.63250
-84.85523
-74.12286
-67.88051
-70.86955
-72.58426
-73.15866
-74.53999
-73.88852
-75.46778
-74.42623
-76.24666
-75.12928
-78.48657
-76.14161
-79.21384
-76.72132
-80.52669
-75.03032
-66.03480
-70.10714
-75.38642
-77.25902
-81.82977
-79.29830
-77.60104
-78.52248
-78.55213
-82.19990
-71.75228
-67.56544
-72.73693
-76.18654
-78.57892
-82.88754
-70.08015
-67.31215
-71.63539
-71.43302
-72.43690
-72.43598
-73.00359
-73.39230
-73.39221
-74.06955
-73.59071
-75.56513
-76.31099
-81.58400
-77.40917
-87.41954
-71.43890
-66.54840
-73.22425
-76.21804
-78.63504
-82.25490
-78.77641
-77.63377
-78.19610
-78.59606
-79.37909
-69.03676
-68.83823
-75.31509
-76.10560
-79.79955
-78.14965
-68.86829
-68.35786
-72.27046
-71.45315
-73.54648
-72.93285
-74.04667
-73.33922
-74.52546
-74.18286
-74.85318
-74.88889
-73.84974
-76.14710
-76.27754
-81.54136
-67.72853
-67.11156
-73.85561
-75.01101
-79.03960
-79.99766
-77.64815
-77.74745
-77.24700
-78.76804
-75.78481
-67.53780
-69.57781
-75.48230
-76.22551
-81.09869
-74.44426
-67.84477
-68.88010
-71.47451
-71.82755
-72.75180
-72.15830
-73.00698
-71.93488
-73.53666
-73.18943
-74.81320
-74.63183
-75.93938
-75.52062
-75.40917
-77.95849
-68.11936
-68.93994
-73.95065
-76.28407
-81.54991
-80.54927
-77.77422
-77.27807
-77.84804
-81.86908
-73.24768
-67.77769
-71.42795
-75.13552
-76.17659
-81.50588
-71.63259
-66.45262
-69.09771
-69.75178
-70.27920
-71.16552
-71.81240
-72.76848
-72.01919
-73.39784
-72.52533
-75.01023
-74.05569
-76.20143
-74.28956
-76.55349
-71.81912
-65.95532
-70.19683
-75.31607
-78.47946
-83.90805
-78.84690
-75.51621
-76.20617
-75.81518
-78.29567
-69.71740
-67.49576
-73.63659
-76.41452
-78.26868
-79.31949
-68.75749
-66.12282
-68.98656
-68.59001
-69.80659
-69.64999
-71.14768
-71.86266
-72.40329
-73.06418
-73.05505
-74.23488
-73.24851
-74.84105
-73.00350
-76.22909
-68.55222
-65.82880
-70.65957
-75.28192
-80.32786
-83.10625
-76.97338
-75.24684
-75.20223
-75.92939
-75.55990
-68.41365
-69.53527
-75.29723
-76.14835
-79.43435
-76.92015
-67.87909
-67.92390
-70.65602
-70.55426
-72.54424
-71.88779
-74.00493
-73.70629
-75.82264
-75.73198
-76.96099
-75.89828
-75.55807
-76.17295
-75.11492
-77.36965
-67.62526
-67.49928
-73.32662
-73.65040
-77.56378
-82.46619
-76.68087
-76.82853
-76.13005
-79.13010
-74.42532
-67.96744
-71.12989
-76.92371
-78.13564
-85.62481
-75.03024
-66.41171
-68.09547
-69.03188
-68.93846
-70.10954
-70.13034
-71.19046
-70.67055
-72.05733
-72.32508
-73.27408
-71.28910
-72.28006
-71.64370
-72.81984
-71.90385
-66.77364
-68.61944
-72.50217
-72.96691
-74.23415
-75.29184
-75.37886
-75.69677
-74.89144
-77.41159
-71.09037
-67.50895
-71.83002
-75.51275
-76.13386
-81.44533
-70.12415
-65.83447
-68.74887
-68.73281
-69.50620
-69.95331
-70.33496
-70.93718
-70.66111
-71.68385
-70.82033
-71.97840
-71.95915
-73.59386
-72.13883
-75.04690
-69.60549
-65.57917
-69.99272
-72.11114
-72.79561
-73.68663
-72.52252
-71.96213
-73.97399
-75.65519
-76.75079
-69.15188
-68.06930
-73.58473
-73.96913
-76.84304
-76.07702
-67.58186
-66.50495
-68.37440
-67.24935
-68.76947
-69.65343
-71.74920
-72.65699
-73.75096
-73.78396
-73.01207
-71.76133
-70.74361
-71.85964
-70.96479
-74.47107
-68.10160
-66.61534
-71.51896
-72.66992
-73.39683
-72.44415
-71.14673
-71.00732
-70.25736
-72.29067
-73.24622
-67.85064
-69.31790
-74.96093
-75.52819
-79.18946
-73.77385
-66.67909
-67.96463
-69.55421
-69.08847
-70.08603
-69.48528
-71.09318
-71.14002
-73.43760
-73.75647
-75.25299
-72.84143
-72.01083
-71.82962
-71.44181
-72.70604
-66.11599
-68.14465
-74.00165
-74.92578
-76.66765
-74.20515
-72.79992
-72.45748
-72.25547
-72.80182
-70.67350
-67.77083
-71.39060
-76.47275
-76.70083
-83.26158
-72.24229
-65.26307
-67.38701
-68.89481
-70.42477
-71.90203
-71.57683
-73.48268
-72.61774
-73.98506
-72.46775
-73.93572
-73.43060
-74.89024
-73.42635
-75.28215
-73.38043
-66.61683
-70.12100
-75.66386
-76.77994
-79.59111
-74.88375
-72.57112
-73.59041
-73.80217
-76.23360
-69.75646
-67.17002
-72.86115
-76.75458
-77.30314
-80.08642
-68.97083
-65.55548
-68.55328
-68.62968
-70.04529
-70.13069
-71.02562
-71.79202
-72.59199
-74.26629
-73.77894
-74.21637
-72.85676
-75.37925
-74.12624
-80.65542
-70.84491
-66.54150
-71.73015
-74.56361
-76.21627
-77.76771
-75.00705
-73.71832
-73.35852
-73.17272
-73.66045
-68.20969
-68.24453
-71.25639
-72.90900
-78.68184
-78.01620
-67.96046
-66.99694
-69.47503
-68.65467
-70.82434
-70.66566
-71.95535
-71.97898
-73.46428
-74.39878
-75.85736
-74.44927
-74.01826
-75.84850
-74.36409
-77.93700
-68.15594
-67.07745
-72.66244
-75.18516
-77.39840
-77.74123
-75.14250
-75.07583
-75.09809
-76.08735
-73.04076
-67.70898
-69.14757
-72.54074
-70.62085
-74.16609
-74.99481
-65.99728
-66.63953
-68.39009
-68.61094
-70.26773
-70.19184
-71.55431
-71.54244
-72.15207
-71.02678
-72.93082
-72.48915
-73.89281
-74.01727
-75.56836
-75.30494
-67.06282
-68.67654
-73.47773
-74.23806
-76.60187
-76.08154
-73.92968
-74.60434
-73.99006
-75.79005
-71.09640
-67.39429
-70.67495
-71.90982
-71.58321
-72.73993
-67.93694
-65.12478
-67.27775
-67.45617
-68.08412
-68.54191
-68.40231
-68.65429
-68.81872
-70.14064
-70.70827
-71.20193
-70.32846
-71.72274
-70.62165
-71.22883
-67.94355
-65.04339
-67.81967
-69.80734
-70.74911
-71.94361
-70.74050
-69.28731
-69.96155
-70.38120
-69.42967
-66.23264
-65.96824
-68.59022
-68.12460
-67.99693
-67.67176
-64.54036
-62.62559
-63.37087
-63.07667
-63.24499
-63.69749
-64.92959
-65.83238
-66.08879
-65.69370
-65.33178
-65.13359
-63.58625
-64.76219
-65.81382
-67.40228
-63.93241
-61.91798
-62.24177
-61.54395
-60.98441
-62.34252
-63.51994
-65.26645
-68.64263
-68.59342
-69.03786
-64.69165
-65.72884
-68.24598
-66.91104
-65.61402
-64.07976
-61.98591
-61.82348
-63.01478
-62.93004
-64.45245
-65.06947
-64.76895
-64.47515
-65.21068
-64.70216
-62.28820
-62.14219
-65.03009
-66.16599
-68.05388
-70.91597
-66.37969
-66.92949
-71.59926
-67.80374
-65.85983
-64.99801
-63.02269
-64.87649
-65.24505
-66.57072
-68.16368
-65.35305
-67.50549
-70.05710
-68.72918
-69.93961
-66.75174
-62.75746
-64.03029
-64.82380
-64.61357
-65.76391
-66.08185
-64.74290
-65.99241
-65.69292
-65.63455
-65.86961
-63.24617
-63.61287
-62.39230
-63.16464
-63.96858
-63.63760
-65.98141
-67.94758
-68.76552
-68.97109
-68.43572
-68.54517
-68.59393
-68.79273
-68.59599
-66.55792
-66.45991
-67.97659
-68.09054
-68.33157
-70.34907
-66.12192
-63.60781
-64.35521
-63.78408
-64.37491
-64.93008
-64.33505
-64.46419
-65.50574
-66.55552
-67.61676
-67.67273
-67.02409
-69.76575
-69.71262
-71.19823
-67.75213
-64.42380
-67.61910
-69.40539
-71.08070
-72.26630
-69.91600
-68.00484
-67.79646
-68.90465
-68.64606
-66.29084
-65.80242
-66.53688
-66.36633
-65.74733
-66.52502
-63.73810
-62.04090
-63.78575
-64.27212
-65.29725
-64.57718
-64.77441
-63.88975
-65.39319
-68.37745
-67.65175
-68.90222
-69.57550
-69.26107
-69.68323
-70.14138
-70.43575
-71.27079
-70.01654
-70.76871
-68.50186
-69.83518
-68.53695
-67.15239
-68.38261
-69.51331
-69.58380
-69.79969
-69.04844
-70.25711
-70.35860
-74.70843
-69.69251
-58.48349
-59.07794
-60.08852
-59.41921
-61.44792
-62.38595
-62.86220
-62.82747
-62.91372
-63.54655
-65.04303
-64.56890
-65.64764
-65.72711
-66.87025
-66.64857
-63.39656
-63.95617
-66.50077
-66.89613
-68.01128
-67.97648
-66.33731
-66.27755
-66.03844
-66.44543
-64.75582
-65.42703
-67.58791
-70.36160
-68.73494
-73.09018
-67.27218
-58.46715
-58.75376
-58.28458
-59.00327
-60.16159
-60.01459
-61.38739
-62.25151
-63.35386
-62.76021
-62.62925
-62.60764
-62.71453
-63.69356
-65.41960
-64.84260
-62.72738
-63.00297
-64.14640
-65.44779
-68.38278
-66.97406
-67.01180
-66.21839
-65.86563
-66.85421
-66.22781
-65.55511
-67.57386
-67.25101
-67.17256
-68.70710
-64.75762
-62.63908
-61.45111
-61.36765
-61.77648
-62.53817
-63.15627
-64.14616
-64.62552
-66.77782
-67.34492
-67.02311
-65.72799
-66.29732
-68.19312
-70.12768
-67.23965
-61.91101
-62.69527
-62.90542
-63.82516
-64.25196
-63.33182
-63.96943
-64.26364
-64.90125
-64.48773
-63.89026
-64.61955
-66.11447
-66.00129
-66.69990
-67.65781
-59.62333
-57.56719
-59.02507
-60.16087
-61.27086
-60.78014
-62.06592
-62.49506
-63.73392
-63.31583
-63.12430
-63.32997
-63.37436
-63.51186
-64.56681
-65.41726
-62.98421
-63.39985
-64.83836
-61.74161
-60.81542
-61.49922
-60.42367
-60.96158
-60.93165
-61.46629
-62.26184
-62.62210
-63.72761
-64.98084
-64.58764
-65.43707
-63.82194
-59.68918
-59.18084
-58.84708
-59.63327
-61.33497
-61.72494
-62.93729
-63.40859
-64.50429
-64.50824
-63.20918
-63.63677
-65.41649
-65.60475
-66.11416
-66.69336
-64.78931
-64.12164
-65.34597
-66.95177
-68.66003
-68.46268
-67.95235
-68.84363
-66.81669
-66.87768
-65.09804
-65.60180
-68.09563
-70.60189
-69.65537
-74.53663
-67.08224
-59.05020
-59.63466
-59.73883
-60.14981
-60.72459
-61.32118
-61.77064
-62.07478
-62.90548
-62.91898
-63.74554
-63.72185
-64.22911
-64.07570
-65.16123
-64.88377
-63.44086
-65.44466
-66.07090
-66.43800
-66.71025
-66.31496
-67.64143
-68.62079
-68.58733
-68.25481
-66.03618
-66.31651
-68.32239
-70.03481
-76.94517
-67.01852
-59.66354
-57.75475
-59.07524
-59.91470
-61.01110
-61.86412
-61.95033
-62.61196
-63.23447
-62.66554
-62.01277
-62.79093
-62.75059
-64.06823
-64.60137
-65.78741
-63.07298
-62.88062
-64.34961
-64.23172
-66.23208
-66.88703
-66.05454
-67.88924
-70.66017
-64.09261
-61.30683
-60.67402
-60.65355
-61.34401
-61.71956
-61.17200
-62.54098
-59.10289
-56.88565
-59.22657
-60.46754
-61.73447
-61.48244
-62.25864
-62.79145
-62.64783
-62.99027
-63.21891
-63.46283
-63.41001
-63.63805
-64.64442
-65.65552
-61.79227
-59.66300
-60.44407
-60.54551
-60.99859
-62.08498
-63.04469
-63.57677
-63.05260
-63.86519
-64.04021
-63.11307
-62.31010
-62.59998
-62.62708
-63.58080
-63.38623
-60.24692
-58.06890
-58.08114
-58.72085
-59.95718
-61.33697
-60.13959
-60.22181
-61.27721
-62.32138
-63.84353
-63.96001
-64.04220
-64.52295
-63.64801
-62.96638
-62.41294
-63.35682
-64.30244
-63.81599
-64.98753
-64.91452
-64.55162
-66.02529
-66.66772
-67.24984
-65.71435
-64.70302
-66.73956
-67.34083
-67.78093
-69.04130
-63.39879
-61.73740
-61.88862
-60.60917
-61.63886
-61.49910
-61.74410
-62.65051
-63.78563
-64.49122
-64.60394
-64.47384
-63.06061
-63.04448
-63.61154
-64.83414
-64.77183
-63.50486
-65.32953
-65.71025
-65.49004
-66.81418
-66.84541
-67.55081
-67.24822
-67.96868
-67.67473
-66.20252
-66.35549
-68.92403
-69.23828
-69.39547
-67.61700
-61.09598
-60.11619
-60.73755
-61.39459
-62.36716
-61.19328
-61.96922
-63.13463
-64.83134
-64.72375
-65.96283
-66.60261
-66.91547
-67.71775
-66.75875
-68.66034
-65.36890
-65.04030
-68.37257
-69.01885
-69.15701
-68.94687
-66.97662
-67.29167
-67.16275
-67.14298
-66.79586
-65.87015
-68.08100
-75.43723
-75.18140
-80.87656
-74.81303
-60.93332
-59.68813
-60.74609
-62.09123
-63.66835
-63.40673
-64.24256
-64.66711
-65.64443
-65.77862
-65.67847
-64.81063
-65.66910
-66.15476
-66.96117
-66.87906
-63.98960
-64.13017
-65.38925
-66.07831
-67.84023
-68.36155
-67.12694
-67.47646
-66.55996
-66.92594
-65.88292
-64.52764
-66.92279
-69.39050
-68.59292
-74.19074
-68.97998
-59.87646
-59.59913
-60.75603
-61.06362
-60.92164
-60.65145
-60.02090
-61.05100
-61.93018
-58.92794
-59.07488
-59.39421
-59.38325
-58.98214
-59.00620
-59.10373
-59.11061
-61.22500
-61.69164
-60.51844
-60.54713
-60.95439
-61.14438
-61.48057
-61.42536
-61.13906
-59.69340
-59.60216
-59.73237
-60.93947
-62.79092
-65.54253
-61.49212
-58.23929
-59.00943
-58.87657
-58.94938
-58.19449
-58.67923
-58.74837
-59.25734
-59.67805
-59.54452
-59.08646
-58.83998
-58.72094
-58.57096
-58.85219
-58.28497
-57.71526
-57.52290
-57.62360
-57.24929
-57.80483
-58.21171
-58.62308
-58.76195
-58.52361
-58.52302
-58.70251
-58.52809
-58.72201
-58.82725
-57.98108
-57.43524
-57.54496
-57.28560
-57.88281
-60.34795
-61.47809
-63.69363
-64.71607
-64.19937
-65.47986
-65.18698
-64.81899
-65.39184
-65.05317
-65.38091
-65.38991
-65.77936
-62.84920
-60.19078
-61.90119
-62.09045
-61.51530
-60.96713
-61.22803
-61.80500
-60.54058
-59.54279
-59.66870
-59.31376
-58.60980
-59.03328
-58.69585
-58.42914
-57.58950
-56.29790
-55.72465
-56.41160
-56.89822
-56.92622
-57.08929
-57.22102
-57.81271
-57.99936
-58.39390
-58.55816
-58.11851
-58.68286
-58.80707
-59.59029
-61.50054
-60.97849
-62.38483
-63.82739
-65.27526
-61.37655
-58.42576
-58.20444
-57.68702
-58.22956
-57.89146
-58.30674
-59.14589
-59.92278
-60.01177
-58.80254
-58.87200
-58.83662
-57.43302
-57.39309
-57.10932
-57.63499
-58.30126
-57.87637
-57.75813
-58.59181
-59.40269
-58.49110
-59.00398
-59.31594
-59.22651
-58.54378
-60.09584
-62.23753
-62.01267
-62.83074
-63.96359
-65.20839
-65.95397
-65.61533
-65.58302
-65.94905
-64.73932
-64.66280
-63.25045
-64.18417
-65.85952
-67.28033
-66.44976
-67.09729
-62.85245
-58.99431
-59.66932
-58.95543
-59.33926
-59.29122
-60.06397
-60.37605
-60.78999
-61.38106
-61.95909
-63.20502
-63.10638
-62.91285
-63.06272
-63.39916
-61.06338
-60.88821
-61.40544
-61.98170
-63.01705
-63.96958
-63.57161
-62.57265
-61.86211
-61.51462
-61.94875
-61.89074
-62.11066
-62.87112
-62.24569
-63.58041
-64.62103
-59.37880
-58.13336
-58.61073
-58.21217
-58.80949
-59.05560
-59.70566
-59.53016
-59.55530
-60.39014
-59.95449
-58.60464
-59.68685
-60.34134
-59.34496
-60.46867
-60.30158
-59.84397
-60.74475
-61.07326
-59.41387
-58.37868
-58.15620
-59.69580
-59.93622
-58.49592
-57.72960
-57.66234
-57.73337
-58.19181
-59.10367
-60.58703
-61.47642
-59.54452
-59.26670
-58.38008
-59.06475
-59.95018
-59.64194
-59.84416
-60.77342
-60.99595
-60.97317
-62.29093
-62.15970
-62.12035
-62.08704
-62.35087
-62.05744
-59.11139
-59.27497
-60.71477
-60.19426
-61.01404
-60.81841
-61.28698
-60.88213
-61.13069
-61.09118
-60.04748
-60.10502
-61.24930
-63.05552
-62.59916
-64.16148
-62.35278
-59.09271
-59.85298
-58.72463
-59.68512
-60.47579
-59.16970
-59.38793
-59.22932
-60.79367
-61.49744
-61.95549
-61.87585
-63.61723
-62.64359
-62.25508
-62.28928
-59.97912
-59.75127
-59.90736
-59.90005
-60.56249
-61.02491
-61.22511
-61.46552
-61.90773
-62.68170
-61.63192
-61.80679
-62.28579
-62.64886
-62.65058
-63.84884
-61.13469
-61.51978
-62.22949
-59.58636
-60.41037
-60.45746
-60.99907
-61.05491
-61.42412
-62.01319
-62.29343
-61.73975
-61.30888
-61.51276
-61.29779
-61.93835
-61.03108
-60.46118
-61.43411
-61.00531
-60.89821
-61.23789
-61.00620
-61.18754
-60.91584
-61.01861
-60.94124
-60.67435
-61.02985
-61.44722
-61.11051
-61.41765
-61.23396
-59.52211
-60.54804
-61.50811
-61.24944
-61.36033
-60.54831
-61.01948
-61.21703
-62.25892
-62.99265
-63.55425
-63.82949
-64.90972
-66.46775
-65.78002
-65.13304
-62.94012
-63.52723
-65.46802
-65.59148
-65.76668
-65.89946
-65.04030
-65.31798
-65.04112
-65.71010
-64.04445
-62.65731
-64.11698
-65.19506
-64.65498
-66.41963
-65.55243
-59.68559
-60.25324
-60.64484
-61.10719
-62.14402
-61.39586
-61.32426
-61.33229
-62.76101
-63.56571
-64.93231
-64.81893
-66.30459
-66.29753
-68.34930
-67.29934
-64.07000
-65.64056
-67.35801
-65.49501
-63.45998
-61.78393
-61.51124
-61.98441
-61.12110
-61.29263
-61.06684
-61.57506
-63.47819
-66.35963
-64.69498
-67.43352
-62.99934
-59.39053
-61.40082
-60.78739
-60.80106
-60.70272
-61.96280
-62.35106
-61.73849
-61.91413
-64.60686
-64.71633
-63.72237
-64.72561
-64.10062
-66.11400
-63.54926
-61.78545
-62.24411
-62.78876
-63.14328
-63.28109
-62.59704
-61.65975
-61.54372
-61.94010
-62.41643
-62.48553
-63.50320
-64.07295
-65.70137
-68.34893
-71.14206
-61.23270
-58.58727
-59.74528
-60.02768
-60.87838
-60.44082
-60.62503
-60.27563
-61.61565
-60.90539
-61.54079
-61.30507
-60.93223
-60.83211
-60.60625
-61.61062
-60.26870
-60.25047
-60.59070
-60.64663
-60.73705
-61.43477
-61.37917
-61.21437
-61.11364
-62.29216
-62.65667
-61.79233
-62.57278
-62.48488
-61.80057
-61.96561
-61.58804
-59.91761
-59.55391
-60.71630
-62.60762
-64.10710
-65.09212
-66.02141
-66.41865
-66.86323
-66.24036
-66.62149
-67.62920
-68.74374
-69.49710
-70.38845
-71.10569
-63.87796
-62.42691
-63.79944
-63.19092
-63.34237
-62.69541
-62.91596
-62.62255
-62.55065
-62.67184
-61.20440
-61.44107
-61.75846
-61.01046
-60.73603
-61.52363
-61.04833
-57.71586
-57.98333
-58.60880
-58.61211
-59.40098
-59.42577
-60.18490
-59.84200
-60.68041
-60.25140
-59.99292
-60.29940
-60.95196
-61.87910
-63.11611
-64.10472
-62.71593
-64.97141
-63.14356
-60.50818
-60.80570
-59.89553
-60.04972
-60.40752
-61.00360
-61.36116
-60.36421
-60.97028
-62.20817
-62.49678
-62.43740
-62.99844
-59.50550
-57.93470
-59.40030
-59.38185
-59.76904
-60.71102
-61.81955
-60.85170
-60.71225
-62.14270
-61.73104
-60.58751
-61.56630
-62.92400
-61.60020
-63.14807
-64.37671
-63.76049
-64.24223
-65.69004
-67.12514
-67.66263
-68.08093
-69.99068
-68.31534
-66.68748
-66.00239
-64.43667
-67.19173
-69.40677
-70.34167
-71.76264
-74.25666
-62.07935
-59.29091
-60.51239
-59.78155
-60.66900
-60.67927
-61.93031
-61.53907
-62.18512
-62.14832
-62.71978
-62.94071
-62.85425
-63.27357
-63.23830
-64.13269
-62.65415
-63.68033
-64.52923
-64.23193
-64.29251
-64.56360
-65.07223
-66.59539
-66.21489
-66.24157
-64.89989
-63.59739
-64.39989
-66.26720
-66.23107
-68.59328
-67.78475
-59.70861
-59.02042
-59.55924
-60.44619
-61.62959
-61.50985
-62.36341
-61.85408
-61.86254
-60.18247
-60.77775
-62.64023
-62.92595
-63.03563
-62.19303
-60.50503
-58.88946
-59.83295
-60.30693
-61.71998
-62.63626
-61.57812
-62.39237
-63.23970
-62.54740
-59.90283
-59.04468
-59.50966
-60.00915
-60.72857
-60.74690
-62.38464
-61.87328
-59.19459
-59.88782
-60.20027
-61.04329
-61.68681
-60.96371
-61.52764
-61.45047
-62.20044
-62.20122
-62.78880
-62.77332
-62.97680
-63.06356
-63.63041
-63.76832
-60.19906
-60.78976
-60.79713
-60.15491
-61.00079
-60.98916
-61.71502
-62.35597
-62.39671
-62.67127
-61.75996
-61.28569
-63.14397
-63.14926
-63.19030
-65.42994
-61.85300
-59.46353
-60.59417
-60.18190
-60.74339
-60.77679
-61.36595
-60.74031
-60.77892
-61.38809
-61.93645
-63.05382
-63.71151
-65.16482
-63.11811
-62.73734
-62.44761
-63.02912
-63.90487
-65.20045
-64.96842
-64.62763
-64.56676
-65.56857
-66.07214
-66.14599
-66.17782
-63.85169
-63.99825
-64.63404
-64.59108
-66.61038
-66.01310
-61.80907
-62.82180
-62.22421
-60.32960
-60.53562
-60.64592
-61.69849
-62.38533
-62.33345
-62.47953
-63.75351
-63.49738
-62.58577
-62.46651
-62.49120
-62.86039
-61.62424
-62.27924
-63.37123
-62.12257
-62.15149
-63.01563
-63.48029
-63.72474
-63.35190
-63.09693
-63.13978
-62.50221
-62.63221
-63.07063
-63.72205
-64.63280
-62.83801
-60.46826
-61.16479
-61.65925
-62.28034
-62.44570
-62.44479
-63.09038
-63.26027
-63.46449
-63.20018
-63.89412
-63.58825
-64.61433
-64.55655
-65.71925
-65.81425
-63.66097
-64.37438
-65.86200
-65.48200
-65.45680
-65.07248
-64.79295
-65.48622
-65.58437
-66.19678
-64.59796
-64.56778
-66.16533
-66.55624
-65.71923
-69.73376
-64.97993
-60.37974
-61.41634
-61.48059
-62.55537
-62.86105
-63.63325
-64.93933
-64.25760
-63.16412
-62.27245
-62.16270
-61.98964
-62.76243
-63.50471
-64.25798
-63.01744
-62.29133
-63.30110
-63.44330
-65.86822
-67.99147
-65.93377
-65.63798
-65.21124
-66.52169
-66.86818
-64.82705
-64.16579
-63.83165
-63.37817
-64.48022
-67.74385
-62.58462
-61.08114
-62.07444
-62.50805
-62.98779
-62.16799
-63.77504
-63.84464
-64.03550
-63.26551
-62.01102
-62.70996
-62.96605
-62.28121
-61.98383
-62.67792
-62.14651
-63.05800
-64.39817
-63.22435
-63.96167
-64.31115
-65.14321
-65.80494
-64.87384
-64.10673
-63.25897
-63.32335
-62.89221
-63.67150
-65.09646
-67.23412
-66.43509
-60.37979
-59.77280
-60.04879
-59.77166
-61.31471
-61.71719
-61.46073
-61.50901
-62.71261
-62.48134
-62.12317
-61.70412
-62.44647
-62.90221
-62.76322
-62.13241
-61.14744
-61.26086
-63.00305
-61.85299
-61.23450
-63.23789
-63.03141
-62.90173
-62.38362
-63.66564
-61.98307
-61.44005
-64.99371
-63.01673
-61.90921
-63.31575
-61.80884
-61.25816
-60.74761
-62.07409
-63.73697
-64.63399
-65.79275
-66.24896
-67.73177
-66.83608
-67.14865
-68.05081
-67.74965
-69.26147
-70.20372
-70.57733
-67.60078
-61.83985
-62.23150
-63.20060
-63.65689
-64.67245
-64.10031
-64.15164
-63.92071
-63.33369
-63.74759
-62.98315
-62.58982
-63.75594
-64.61694
-64.87437
-64.00311
-60.97030
-58.47650
-59.60597
-59.84614
-60.27116
-60.33447
-60.75710
-62.28210
-62.08278
-62.33804
-62.42059
-61.99739
-62.70609
-62.45354
-62.61170
-65.39139
-63.25174
-62.56074
-65.55608
-62.62083
-59.98255
-60.46049
-60.13061
-60.13573
-60.33883
-61.38782
-61.78275
-61.57743
-62.70500
-63.86174
-63.25716
-63.43402
-63.56253
-59.83320
-59.02191
-60.15496
-60.46057
-60.39602
-60.86604
-62.41832
-63.12228
-63.85322
-63.75309
-62.57845
-61.95689
-63.35728
-64.53573
-63.94068
-65.68776
-64.76768
-64.12261
-65.55697
-66.47469
-67.88215
-67.72953
-67.82702
-69.28264
-67.66005
-66.89660
-65.60043
-65.04994
-67.80263
-69.81603
-70.12744
-72.58501
-71.03705
-61.52764
-59.66797
-60.56940
-60.75317
-61.35351
-61.15218
-61.69970
-62.47001
-63.45597
-63.64197
-64.22093
-64.07128
-63.77755
-63.82220
-64.50627
-65.02947
-63.87773
-65.27746
-66.11177
-65.37265
-65.98021
-66.01489
-66.43858
-67.51836
-67.29613
-67.32430
-65.31060
-65.40883
-67.04740
-68.53642
-69.92824
-74.77671
-66.90883
-59.32607
-60.02458
-59.17480
-59.17837
-60.08376
-60.26066
-61.61761
-62.61860
-63.38676
-63.17633
-62.75777
-61.39616
-61.35814
-61.21096
-63.19763
-61.58645
-60.87736
-62.55684
-63.52861
-62.74881
-61.46802
-60.98370
-61.87715
-63.73133
-61.47728
-59.69962
-59.14582
-59.19954
-59.61663
-60.20234
-60.82794
-62.53333
-60.26866
-58.12860
-58.76827
-59.21482
-60.00513
-59.97202
-60.36324
-61.25803
-61.37631
-62.36167
-62.02392
-62.91001
-62.18887
-62.66140
-64.20143
-63.81178
-61.92643
-59.23570
-60.67719
-60.78662
-60.60368
-61.51307
-61.17830
-61.35766
-61.53771
-62.32989
-62.08238
-60.93135
-61.96116
-63.06937
-63.00213
-63.05146
-63.46519
-59.34448
-58.05422
-58.23676
-58.43865
-59.82100
-58.62555
-60.61733
-61.32864
-61.48989
-61.33203
-62.26974
-62.65001
-62.67325
-63.05296
-62.20778
-63.68344
-62.09575
-63.49039
-64.82210
-64.10503
-64.79817
-65.30478
-64.84494
-65.77640
-66.22911
-65.95259
-65.67838
-64.52176
-64.47503
-65.92445
-66.36219
-67.01657
-65.41953
-63.19521
-64.48850
-61.99732
-61.33860
-61.69071
-62.36272
-61.78666
-61.21264
-64.30052
-63.70646
-63.74071
-62.35527
-62.65339
-63.11499
-63.18759
-64.08276
-62.65001
-64.22257
-63.51753
-64.16181
-65.90985
-65.54377
-65.78929
-65.37079
-64.75454
-64.51868
-64.06603
-64.45094
-65.82913
-66.95178
-66.92643
-67.87339
-63.45486
-60.10341
-61.26694
-60.64049
-60.47742
-60.67767
-61.76653
-63.08321
-64.58719
-65.77340
-65.95957
-65.73884
-65.21308
-66.74241
-65.99974
-66.59649
-64.35977
-64.23741
-66.82724
-68.35353
-68.94961
-69.67586
-69.30281
-69.78343
-70.26261
-70.58074
-70.14729
-65.50006
-66.75318
-70.66506
-71.61462
-70.61032
-73.93431
-62.34442
-59.19025
-60.88139
-61.15572
-62.70703
-62.58106
-63.13199
-63.13302
-64.62086
-65.56905
-66.50643
-66.41271
-67.27684
-67.28706
-67.87492
-68.17663
-66.75930
-65.23293
-65.38527
-66.83407
-66.68014
-65.91412
-65.02725
-66.16440
-64.61660
-64.48290
-65.15419
-67.44011
-68.47433
-71.14432
-69.53379
-73.17443
-69.42210
-63.21090
-65.62762
-66.33928
-66.19781
-65.56682
-66.43853
-67.60326
-67.89655
-67.73822
-67.80338
-67.62505
-67.27485
-67.21553
-65.30624
-65.69871
-65.78888
-61.80922
-64.85590
-66.56028
-64.01469
-66.72798
-66.15984
-67.32107
-67.34024
-66.47436
-66.43237
-66.39978
-64.93796
-65.49961
-66.80303
-67.03778
-68.93150
-65.19023
-63.44632
-64.33326
-64.25514
-65.29498
-65.89924
-67.54534
-69.09811
-67.86449
-66.51221
-66.00611
-67.12663
-66.87306
-67.70892
-66.66509
-66.90266
-64.96613
-62.53379
-66.46551
-67.69302
-65.92693
-67.56868
-68.66616
-68.81099
-68.35504
-68.34916
-68.10331
-65.59775
-65.99071
-68.91105
-66.70198
-68.87675
-69.54843
-63.73182
-65.02796
-67.11359
-66.11912
-67.81209
-67.77646
-67.77799
-67.45405
-68.64079
-68.68817
-69.32450
-69.94165
-69.02591
-71.00239
-69.57065
-73.90070
-66.08939
-64.15026
-70.22348
-69.95391
-70.77849
-71.47179
-70.09264
-70.23985
-70.76569
-71.86225
-72.17240
-66.49539
-68.49250
-73.22290
-71.34082
-75.39868
-69.60777
-63.33587
-65.38494
-68.14561
-67.45657
-69.19447
-69.82236
-71.13805
-69.48391
-71.17675
-71.71167
-72.66437
-71.58813
-71.80644
-71.98463
-70.61071
-72.18733
-63.97418
-65.93762
-71.94149
-70.28592
-72.65057
-71.51552
-72.38799
-71.38226
-71.17902
-74.55187
-71.25372
-66.12789
-69.78417
-73.61313
-73.13686
-78.87969
-68.43340
-63.90469
-66.91381
-67.40453
-68.02843
-69.25554
-69.35058
-70.82960
-69.58741
-70.70289
-70.84190
-73.27006
-71.31305
-73.62076
-70.85973
-72.61766
-70.82003
-63.92612
-67.90050
-71.40351
-71.71665
-72.96329
-72.64522
-73.57477
-74.10203
-73.79847
-75.49681
-69.24806
-66.83002
-72.37131
-74.62049
-76.02035
-80.43637
-67.05497
-64.03357
-67.88577
-68.04902
-70.21318
-70.45632
-70.81241
-71.99589
-72.75925
-73.34548
-73.40304
-74.62883
-72.71124
-76.17983
-73.04872
-78.06513
-69.43712
-64.69348
-71.26193
-73.73561
-75.69064
-76.79383
-74.72948
-74.56965
-73.97934
-73.80551
-72.44097
-66.90096
-67.71233
-75.73737
-75.63623
-81.97507
-73.58456
-64.09248
-64.08500
-65.40427
-64.19512
-65.85230
-65.29709
-66.23991
-67.13278
-67.54357
-67.83069
-69.02928
-68.47542
-66.20961
-65.13082
-64.71910
-65.33934
-61.47132
-62.34303
-66.08807
-66.23198
-65.61854
-64.06874
-63.99968
-64.28846
-64.22342
-64.20644
-63.43878
-63.45853
-64.12094
-66.33207
-66.87167
-68.00097
-66.34561
-62.30981
-63.84838
-64.17823
-64.88019
-66.23876
-64.76952
-65.17787
-64.06827
-65.52432
-65.85708
-66.43296
-67.86625
-65.95877
-66.71163
-66.36211
-66.82298
-63.04005
-64.30135
-67.88729
-68.23466
-68.93213
-68.00787
-68.58301
-67.38332
-66.72572
-67.22105
-65.05370
-62.81405
-66.38561
-66.22633
-66.21504
-68.46192
-64.55412
-62.16954
-62.93192
-62.75102
-64.84701
-65.23398
-65.16946
-68.68322
-68.54790
-70.07244
-68.94482
-70.18750
-69.57651
-70.57139
-67.99499
-68.38106
-66.65555
-63.15937
-67.40736
-68.98736
-69.57833
-71.96526
-72.41676
-72.08702
-71.05718
-70.19882
-69.79842
-66.16324
-65.16727
-67.99057
-66.61601
-67.44977
-68.96450
-63.92832
-62.55502
-64.64948
-65.87865
-66.91464
-66.21509
-66.67395
-66.52830
-68.37918
-70.00673
-69.99673
-70.76915
-69.72098
-71.03882
-69.55620
-72.43922
-66.60756
-64.27105
-69.71017
-69.52185
-68.89565
-70.23142
-69.83647
-70.17555
-69.46413
-70.05767
-70.01931
-66.90663
-67.27924
-70.99381
-70.85646
-74.30135
-69.46555
-61.67215
-63.98708
-66.78650
-66.65159
-68.37590
-67.81727
-69.59338
-69.18208
-72.15832
-71.82287
-72.52882
-71.40711
-71.42831
-72.93509
-72.05634
-76.86672
-65.79488
-66.05310
-73.12355
-72.39500
-77.49252
-75.54806
-72.59431
-74.28892
-74.76228
-78.22802
-73.20683
-66.51510
-69.76278
-75.20541
-73.23824
-76.64938
-68.91812
-62.87307
-62.14498
-62.45228
-65.40044
-66.93688
-67.86816
-70.23752
-69.71997
-71.33497
-70.88010
-74.42311
-73.96664
-75.89052
-74.27234
-76.55845
-74.52503
-65.27529
-68.31499
-73.51835
-74.74049
-77.98808
-74.94064
-71.71059
-71.16486
-72.27699
-76.08722
-70.12530
-66.45241
-72.08626
-74.08502
-74.38615
-77.28064
-66.09734
-62.33017
-64.56176
-64.35285
-64.90142
-65.59865
-66.60178
-68.39083
-68.01685
-69.39859
-67.72027
-67.46117
-67.06053
-67.71953
-65.95546
-68.01762
-66.12971
-62.94748
-67.66272
-66.55585
-66.03466
-67.76328
-68.38100
-69.41369
-67.77015
-66.81679
-67.40152
-66.02823
-64.96229
-67.23673
-67.81536
-69.72573
-70.82089
-64.13925
-64.48418
-65.94207
-63.98001
-66.24707
-66.71290
-67.78801
-68.15280
-67.76475
-66.91764
-67.25255
-69.43933
-69.60450
-69.45507
-67.52970
-69.25637
-65.24042
-64.17053
-69.40442
-67.83970
-67.69162
-69.93977
-69.08498
-69.57799
-69.68414
-69.64134
-68.27629
-65.25377
-67.72288
-70.30863
-68.23697
-71.02086
-67.68493
-63.40632
-64.43119
-64.25974
-64.40469
-66.37402
-66.49073
-67.71371
-67.86324
-69.75185
-69.54108
-71.21996
-70.94426
-71.43038
-72.47791
-72.09551
-73.47649
-64.28049
-66.02498
-71.91611
-71.65601
-74.40187
-74.13750
-72.46780
-72.42903
-71.20686
-72.00949
-69.85217
-65.56922
-70.31838
-73.48030
-73.70274
-78.12598
-67.93006
-62.88778
-65.54300
-66.62793
-66.96336
-67.80860
-67.40774
-69.53029
-68.06126
-70.08440
-71.69814
-72.67413
-71.38707
-73.19443
-71.87138
-73.99177
-70.88714
-64.02338
-68.44054
-73.44351
-73.63049
-76.99846
-73.89477
-72.88779
-72.46197
-72.40533
-73.65711
-68.86241
-66.16934
-71.56723
-72.59563
-73.15402
-76.22215
-66.20464
-64.73053
-66.35819
-65.91607
-68.10102
-68.67841
-70.39480
-71.48174
-71.41396
-73.28265
-73.14313
-73.99808
-71.80148
-74.63416
-72.13929
-77.05564
-68.85642
-64.28158
-71.28431
-73.06778
-74.95513
-77.60423
-75.14273
-75.26620
-74.37249
-74.71188
-76.11488
-67.71698
-67.74136
-74.56341
-74.54998
-77.68837
-77.01331
-64.79009
-63.97949
-67.07446
-66.57041
-68.48992
-68.10821
-69.71041
-69.36116
-70.74420
-70.11871
-70.77481
-70.66926
-71.15251
-74.02146
-72.65576
-78.00915
-66.80959
-65.77061
-73.73146
-74.99942
-78.47488
-78.26087
-74.22641
-73.16819
-74.19075
-75.39957
-73.38857
-66.87455
-69.56486
-74.41350
-74.32333
-77.44816
-64.67783
-61.76653
-64.23894
-65.08324
-65.36232
-67.00862
-67.18752
-67.38878
-68.08243
-68.60279
-68.73847
-69.35974
-66.35386
-64.73834
-64.47670
-66.16778
-65.82101
-61.78572
-64.00821
-68.10814
-68.14807
-66.60681
-65.41247
-65.02077
-64.92141
-64.92441
-65.02301
-64.04471
-63.99096
-66.27106
-67.94103
-68.12979
-70.07767
-65.26776
-61.19670
-62.40745
-63.02051
-66.35948
-65.88055
-64.82582
-66.26358
-64.80452
-66.50497
-66.17672
-67.72824
-66.45198
-66.48086
-66.51846
-67.44658
-67.24171
-63.33884
-66.68197
-69.40208
-69.40143
-69.22336
-68.44726
-68.27587
-68.47325
-68.29354
-68.62383
-65.35313
-64.51736
-68.76562
-68.49463
-69.39616
-69.97639
-64.30627
-62.99835
-62.39739
-61.87473
-63.87447
-63.34667
-65.26074
-66.33375
-66.60820
-67.87862
-68.75804
-70.54452
-69.19752
-68.79125
-67.46351
-69.11342
-65.33975
-64.36047
-70.40727
-71.09993
-71.95206
-74.09580
-72.78921
-71.22259
-69.73547
-69.73506
-69.52644
-65.77588
-66.55657
-70.19962
-69.00563
-72.03572
-68.66769
-61.96401
-62.30995
-64.81536
-65.20107
-66.66684
-66.65745
-67.23349
-67.22182
-69.78748
-70.13287
-70.24499
-69.70919
-70.31932
-70.85329
-70.07924
-72.15862
-64.45994
-65.28106
-70.85888
-70.19036
-71.49500
-72.30280
-71.43443
-71.62391
-71.12223
-72.64790
-70.09727
-66.16767
-68.52605
-71.77172
-72.30628
-78.41237
-66.97316
-61.94725
-65.16003
-64.85336
-66.05873
-67.68725
-67.68395
-70.17429
-70.23264
-71.92393
-70.76733
-72.52744
-71.72058
-74.07107
-71.96452
-72.98234
-72.36840
-64.08025
-67.17720
-71.67953
-70.55496
-75.73410
-77.67098
-74.21207
-74.79768
-74.39860
-77.49067
-70.13852
-66.66957
-72.30648
-76.25003
-75.51865
-81.26213
-67.13391
-61.08553
-64.18316
-66.63789
-68.32725
-69.81982
-70.87231
-71.88032
-72.29420
-73.93444
-72.88572
-74.06177
-72.89635
-75.05176
-73.61967
-75.46017
-73.31687
-67.32899
-71.01987
-75.28576
-75.34498
-77.32815
-74.54865
-74.67118
-75.40970
-77.14742
-76.13640
-77.07106
-76.87709
-77.98004
-79.61581
-78.76211
-82.27981
-67.94832
-63.92968
-65.57170
-66.37602
-67.17801
-67.47479
-68.21330
-68.33755
-69.76808
-70.19162
-68.94222
-69.89905
-69.01876
-67.74596
-67.53479
-68.89235
-68.79442
-68.80558
-69.90038
-67.61451
-67.74524
-68.75756
-68.38745
-69.31970
-68.80837
-68.38530
-71.22891
-72.79604
-69.17591
-69.34848
-70.48002
-70.59019
-70.93524
-67.26796
-66.15986
-64.48516
-64.12096
-66.55510
-67.87491
-69.67199
-68.69492
-67.81819
-68.91376
-69.43827
-69.23399
-69.73188
-69.89009
-69.79329
-69.37445
-69.74831
-70.65540
-70.61293
-68.78979
-68.96076
-70.52450
-70.19637
-70.61208
-69.73999
-69.45040
-69.80381
-71.37769
-72.50338
-71.20631
-70.55800
-72.61020
-71.05431
-68.48977
-65.47588
-63.27142
-65.47794
-67.16471
-68.13245
-68.93275
-69.88474
-70.79908
-70.49005
-72.67115
-71.85162
-72.69604
-72.50698
-73.00559
-73.09189
-72.20098
-73.32017
-73.32077
-74.22147
-74.92176
-74.70132
-72.86255
-72.42961
-71.37153
-72.25154
-72.87131
-75.15868
-76.46170
-76.59097
-76.02856
-76.34219
-69.02269
-63.59474
-64.48225
-65.56760
-67.43638
-68.10165
-68.28425
-69.54488
-69.88976
-70.77727
-71.50843
-71.06030
-71.66496
-72.12507
-73.26223
-73.07436
-72.27579
-74.44937
-74.30793
-74.07160
-73.14153
-74.77254
-72.25638
-71.80646
-72.23746
-71.88708
-71.26529
-72.22963
-71.73350
-72.84969
-75.94677
-75.73965
-77.58242
-70.39845
-67.08737
-64.62406
-64.87243
-66.65784
-67.87100
-69.82703
-70.80308
-72.27687
-72.69332
-74.11661
-75.83852
-75.71464
-75.75596
-76.37232
-76.86039
-78.05568
-76.80365
-76.97652
-77.77183
-77.21912
-79.73545
-75.74724
-74.73591
-74.11957
-74.36381
-73.76034
-73.49171
-73.09828
-72.02016
-74.16395
-81.22831
-79.37683
-64.92704
-63.68230
-65.37052
-66.65851
-68.51723
-69.27085
-70.45276
-71.45645
-72.84264
-72.97035
-74.44592
-72.96946
-73.54868
-74.15123
-74.70340
-75.19241
-75.59047
-75.70323
-75.76307
-77.24286
-80.95336
-78.49531
-75.50376
-73.96247
-74.80747
-73.55872
-74.39424
-73.18102
-73.72472
-72.13569
-73.61824
-68.53579
-61.60119
-62.53101
-64.45554
-66.20928
-67.54150
-69.17186
-69.68009
-70.42317
-71.92308
-70.79203
-71.81970
-71.32493
-69.17058
-69.00283
-69.65250
-69.85071
-69.68587
-70.20597
-70.77626
-71.69912
-70.77281
-69.44199
-68.36823
-67.34791
-68.38388
-68.40835
-69.49428
-70.07332
-72.21364
-71.10824
-71.51333
-69.65078
-71.08114
-65.94906
-60.53134
-61.38716
-63.20356
-66.53678
-67.98733
-68.62884
-67.86814
-69.09960
-70.14300
-69.92466
-71.10302
-70.20909
-70.72379
-72.46077
-73.10494
-73.21412
-73.51786
-72.76893
-73.19341
-72.59058
-72.20705
-70.40613
-70.93042
-71.01202
-71.89601
-71.91336
-72.07181
-71.68398
-72.35996
-71.23233
-71.75450
-71.80887
-68.35911
-64.56440
-59.89883
-61.46193
-64.53452
-66.13393
-69.09988
-70.08591
-71.60909
-73.90512
-75.18500
-74.98110
-75.73376
-74.63985
-75.32443
-75.68801
-78.20668
-77.59788
-77.95433
-77.11174
-77.55294
-76.96225
-73.50630
-72.07660
-73.80557
-74.63228
-74.71115
-74.99102
-74.90035
-76.30442
-75.07342
-77.35871
-66.91838
-61.89557
-62.44421
-63.74882
-65.78671
-67.95598
-70.52303
-71.35585
-71.09384
-71.85670
-73.24842
-74.21481
-73.94129
-74.12197
-74.56663
-75.96982
-76.28404
-77.10975
-77.04906
-78.04038
-77.04911
-78.23531
-75.75807
-74.06052
-74.19792
-74.17263
-75.03460
-77.53042
-77.58269
-79.16119
-79.50593
-80.43875
-81.33979
-64.90262
-62.03574
-62.63293
-63.55561
-65.83791
-67.42304
-70.32758
-70.94751
-71.50950
-72.21560
-74.74735
-74.76000
-73.95740
-74.76707
-75.07019
-75.83514
-75.90757
-77.35448
-77.39580
-79.40179
-78.72388
-81.23911
-76.18855
-73.32719
-74.12902
-74.29110
-74.89996
-75.04042
-75.75999
-75.70449
-78.52813
-76.73589
-83.18063
-66.05463
-61.86589
-61.66594
-61.51918
-64.24841
-65.60275
-67.72082
-69.46689
-70.54571
-70.58060
-73.33481
-73.04949
-73.37012
-73.90672
-74.31281
-74.97343
-75.18619
-74.76929
-75.16197
-76.12641
-76.76516
-78.40042
-73.03526
-71.72039
-71.71046
-72.43488
-73.56988
-74.35937
-75.40632
-76.74168
-77.97201
-79.90319
-80.77509
-80.90447
-78.80299
-75.82729
-75.31550
-74.86621
-74.17377
-74.19410
-73.94167
-75.21986
-81.94128
-83.37071
-78.58442
-77.73454
-77.89299
-78.39025
-78.60994
-78.74165
-79.13732
-79.72675
-80.35030
-81.46667
-81.97710
-82.24217
-81.96494
-80.86142
-81.48249
-81.62684
-82.31176
-81.89320
-82.24053
-82.67443
-83.77289
-83.65912
-81.59885
-77.98037
-75.43269
-75.85167
-76.14990
-76.65875
-77.11737
-78.57288
-79.70131
-81.64515
-83.58442
-84.90485
-85.68870
-85.88460
-86.70235
-86.19196
-86.79626
-86.07742
-86.54721
-85.11866
-84.71385
-84.31541
-83.04664
-81.18476
-80.46801
-81.09441
-81.85656
-83.02661
-84.01829
-85.66476
-86.76262
-88.58231
-90.26503
-91.69985
-92.46473
-90.20361
-87.61957
-86.64893
-85.72866
-84.95703
-84.95842
-86.29045
-89.17141
-91.61804
-91.48805
-88.85311
-88.40769
-88.80616
-89.47157
-90.13641
-90.30887
-91.12471
-91.34245
-92.06146
-92.78691
-92.88377
-94.39129
-95.82207
-94.46112
-94.24997
-93.64535
-93.58678
-93.40303
-95.06457
-96.05704
-94.00910
-92.83653
-91.55089
-89.20169
-87.15844
-87.40106
-87.65782
-88.46421
-89.12987
-90.27749
-91.09281
-93.14338
-95.71520
-97.80143
-99.20815
-98.69104
-99.55700
-98.02094
-98.42436
-97.97386
-100.65531
-98.60840
-95.94357
-94.64381
-93.96476
-92.69070
-92.73522
-93.20906
-94.60880
-95.74677
-97.49949
-98.62079
-99.62238
-100.61073
-102.74651
-95.42385
-87.03919
-77.53469
-69.75537
-66.61439
-65.76856
-66.33474
-67.35076
-67.51890
-68.24899
-69.79286
-71.96312
-75.19697
-77.57963
-77.81973
-77.81998
-76.63164
-75.90902
-73.85047
-69.12496
-66.01524
-64.99712
-64.72003
-64.69198
-64.73064
-65.56453
-67.06253
-68.48673
-69.49961
-70.21515
-70.61956
-69.60242
-69.54545
-70.68829
-71.16134
-71.59664
-71.41231
-70.00228
-68.55627
-67.19318
-66.07161
-65.82154
-66.40957
-67.21488
-67.98360
-68.41750
-68.52866
-68.77864
-69.59750
-70.72380
-71.13720
-71.52458
-72.06588
-72.65894
-73.95783
-75.96139
-79.21817
-81.29610
-79.70602
-76.69073
-74.16408
-72.46663
-71.19497
-70.46527
-70.02517
-70.19908
-70.81825
-71.29698
-72.23728
-73.25289
-74.53599
-76.95092
-80.87017
-83.92850
-79.49655
-75.52910
-73.12473
-71.69539
-70.86552
-69.97917
-69.37201
-69.18217
-69.53772
-69.91574
-70.32433
-70.94068
-71.59300
-72.78442
-73.99558
-74.63362
-75.23738
-75.67879
-76.00299
-76.43125
-76.67939
-77.05909
-78.84433
-81.01081
-82.39927
-82.55840
-82.34256
-81.67226
-81.24362
-80.87718
-80.18236
-79.86880
-80.19863
-81.05008
-81.85892
-82.77792
-82.68713
-82.85063
-83.18949
-83.36685
-82.26067
-82.48345
-82.59939
-81.96107
-81.50020
-82.55111
-84.62397
-84.86736
-84.03663
-83.63890
-83.48578
-84.65568
-83.47804
-82.37036
-82.68691
-82.98472
-82.09389
-82.16200
-79.19404
-71.23881
-68.72164
-69.11265
-69.95050
-70.14532
-70.50051
-71.60047
-72.34090
-73.43117
-74.95668
-74.51826
-75.23270
-75.81475
-74.43967
-74.24711
-72.87552
-71.63844
-70.53442
-70.50400
-70.15632
-69.65032
-70.13113
-71.78823
-72.61717
-73.88589
-74.99631
-74.31802
-73.43991
-72.80100
-72.61845
-72.88240
-73.46962
-74.14726
-75.39770
-73.73517
-72.95680
-73.77638
-73.23024
-72.86421
-73.85005
-74.03576
-75.14573
-75.84346
-75.60395
-75.19684
-73.88180
-73.87936
-75.66601
-75.17222
-72.93906
-71.44748
-72.13190
-71.60281
-70.46784
-72.08947
-73.58134
-75.62853
-76.29486
-74.88836
-73.39595
-73.21411
-73.46950
-74.94882
-75.61391
-76.75930
-77.42231
-75.89528
-75.42208
-74.44882
-74.98054
-75.65870
-76.41039
-76.59983
-75.94732
-76.33606
-77.71601
-77.31984
-76.91387
-76.73045
-76.20617
-75.69486
-75.76354
-76.21956
-75.64013
-76.18090
-78.77146
-80.46661
-78.35025
-76.02127
-75.67567
-75.99779
-75.35605
-75.01768
-74.97459
-75.66079
-75.77896
-76.24661
-76.98591
-76.79006
-76.80847
-75.60195
-75.66713
-77.05761
-76.69560
-75.07987
-75.03517
-75.67203
-75.87707
-75.78057
-75.41162
-75.99579
-77.01242
-77.61117
-78.96877
-80.09319
-77.87395
-76.93887
-77.43458
-77.32177
-77.74869
-76.59234
-76.60516
-76.54342
-75.82160
-75.73231
-75.78003
-77.41276
-76.87873
-76.64519
-75.41671
-73.52884
-71.78310
-68.75761
-66.53989
-65.68898
-65.93606
-66.08999
-66.14201
-67.65678
-68.71108
-68.64415
-68.09532
-67.36480
-66.87480
-66.81409
-67.47370
-68.23804
-67.36702
-65.43375
-64.68600
-65.43048
-66.84390
-66.84958
-66.95731
-66.64154
-66.64802
-66.49369
-66.74198
-67.05402
-67.19425
-65.78336
-64.36753
-63.76429
-63.72747
-64.64670
-63.83423
-64.98702
-66.64714
-68.28122
-69.19243
-69.53171
-70.82812
-69.79015
-69.33248
-69.18827
-70.33727
-71.11840
-70.93156
-70.35904
-68.58364
-67.57651
-67.15223
-67.48977
-66.65353
-65.36939
-64.65189
-65.40225
-66.41907
-65.19603
-65.58677
-66.09242
-66.76770
-67.06930
-67.02162
-68.50024
-70.14882
-71.59871
-71.53136
-70.68447
-71.23773
-71.34878
-71.09936
-70.09728
-69.24856
-70.07812
-69.56754
-70.02420
-70.24083
-70.36322
-69.63249
-70.15788
-71.47749
-70.27905
-70.52141
-68.60902
-67.88017
-69.11137
-70.19820
-70.78469
-71.15328
-72.51494
-73.73939
-74.81494
-75.24269
-74.58730
-73.82295
-73.47212
-73.30400
-72.75789
-73.62231
-76.10974
-77.15358
-76.93843
-74.68566
-75.59372
-72.88922
-71.37572
-71.99535
-70.39276
-69.60955
-68.16774
-67.52446
-67.64527
-68.33805
-68.15712
-67.43700
-66.82204
-67.76066
-69.31243
-71.94389
-74.76422
-73.89700
-72.33847
-70.32159
-72.12114
-72.78409
-73.43392
-71.94615
-71.55418
-71.77930
-70.36259
-69.92545
-67.01478
-65.34636
-65.23641
-66.82807
-66.41006
-65.86158
-65.99421
-66.16948
-66.93885
-66.99153
-67.35990
-67.56924
-66.76320
-66.32092
-66.85604
-66.31886
-66.37116
-65.92959
-66.26086
-66.35237
-66.40097
-66.12179
-65.34520
-64.84709
-64.37655
-64.80030
-65.36977
-65.84668
-66.08921
-65.92578
-64.92772
-64.33215
-63.67910
-63.40270
-63.41666
-63.72663
-64.14643
-65.49766
-65.19600
-64.49355
-64.76909
-64.47524
-64.19666
-64.65212
-64.79855
-65.62096
-67.44091
-67.90299
-67.08235
-65.03233
-64.96492
-64.76443
-65.31867
-65.31993
-65.99653
-67.57792
-67.85091
-67.86412
-68.11995
-68.21236
-68.78776
-68.50728
-68.12461
-68.13759
-68.17295
-68.12516
-66.78649
-66.98440
-66.26527
-67.62973
-67.41390
-66.89201
-67.38745
-67.64720
-68.56740
-68.61515
-69.31610
-69.16326
-69.97268
-71.00886
-69.90072
-70.51117
-71.88829
-72.35501
-71.89577
-70.28033
-68.73977
-67.94125
-68.42672
-68.15195
-68.44848
-68.40148
-69.51268
-68.64623
-66.79370
-66.90160
-66.92965
-67.05943
-66.24808
-66.58637
-67.23319
-67.18963
-67.41102
-67.10497
-67.67834
-68.18829
-67.70110
-67.80082
-67.35864
-66.56097
-67.28569
-66.76951
-67.31395
-67.33611
-66.67820
-67.65540
-67.16369
-65.86174
-65.34345
-64.76243
-63.44705
-62.91587
-64.60927
-66.69206
-66.02098
-67.96177
-64.14924
-60.18650
-60.24879
-60.83813
-61.34228
-60.32995
-60.79748
-61.78266
-60.07659
-60.29357
-60.52528
-62.59921
-62.59776
-62.77561
-64.63498
-65.18179
-63.83340
-60.60339
-63.20728
-62.36485
-62.06477
-63.80434
-64.20204
-64.84477
-68.89381
-63.70425
-58.32384
-59.88029
-61.25949
-61.33710
-58.94294
-56.90383
-58.99681
-62.52965
-63.60133
-63.98752
-63.56349
-62.05610
-60.13288
-61.85755
-63.45154
-62.73743
-62.82556
-63.60140
-64.43250
-65.37548
-64.31130
-62.91382
-67.89503
-65.91909
-63.47405
-62.07954
-58.99088
-58.38241
-59.03087
-61.59692
-64.03287
-63.47714
-64.17176
-62.38914
-59.77960
-60.27092
-59.86099
-61.70276
-63.27080
-63.78736
-63.59068
-62.35156
-61.82457
-61.78693
-64.96630
-64.91655
-65.74361
-64.89510
-62.43647
-63.33194
-66.53543
-65.86528
-67.03373
-65.97451
-65.27875
-67.71699
-63.55407
-64.68791
-66.27922
-67.83045
-65.99673
-64.84698
-67.52619
-66.91882
-68.50448
-68.73402
-67.83769
-65.67404
-66.91494
-68.22253
-69.16838
-68.25956
-64.57925
-63.70798
-65.07164
-67.64843
-67.74308
-69.21243
-67.71834
-65.41849
-63.92037
-65.85534
-66.57836
-68.46106
-68.60699
-65.05971
-67.76445
-71.73988
-70.01275
-63.77965
-63.74531
-65.11553
-64.82715
-64.72800
-65.20474
-65.53948
-66.70916
-65.48171
-64.89748
-65.78668
-65.06918
-66.09828
-67.00003
-68.42530
-68.79291
-63.62763
-58.06946
-58.92177
-60.19587
-60.94048
-61.70470
-60.71200
-61.74460
-63.78382
-65.15633
-63.93858
-63.67550
-62.61793
-63.11628
-62.82487
-64.82229
-63.35556
-62.18221
-63.11609
-64.66279
-67.01271
-65.10551
-67.07020
-65.44116
-64.47903
-62.45982
-62.03626
-63.99356
-65.10885
-67.04094
-65.19964
-64.03156
-65.61329
-63.63716
-62.63146
-63.45544
-62.61167
-63.43168
-63.03598
-64.23244
-65.60927
-66.20960
-65.49267
-65.31922
-66.75316
-66.21887
-65.99330
-67.99314
-71.37644
-66.82791
-67.50087
-69.55312
-68.52602
-67.15255
-65.76963
-67.12613
-68.23906
-68.47940
-67.80550
-68.03743
-66.34143
-65.89322
-67.16560
-68.27123
-70.62921
-67.88133
-65.21062
-66.46736
-67.61394
-68.27421
-69.13251
-69.46270
-68.86012
-68.23096
-69.29753
-68.03183
-68.55310
-69.03391
-70.66143
-70.56839
-70.20536
-70.24688
-66.08213
-68.23494
-70.44124
-69.52091
-69.24267
-70.26027
-70.36972
-69.31330
-70.70678
-71.80742
-69.10640
-66.60246
-69.07052
-70.41950
-70.50460
-72.59124
-69.71673
-67.16055
-69.25433
-69.88784
-70.42082
-71.33732
-71.42091
-71.72541
-71.12827
-72.51559
-73.07174
-73.19133
-70.57550
-71.80359
-71.19483
-72.33861
-70.87083
-64.25214
-63.95528
-65.06593
-64.13001
-64.29733
-64.92385
-64.89508
-65.13734
-65.19394
-64.30330
-63.70871
-63.47730
-64.31246
-66.83344
-67.94859
-71.03608
-66.00827
-63.24316
-63.86081
-63.60724
-64.45251
-63.59416
-65.04843
-66.51983
-66.13699
-65.20436
-66.85300
-68.81959
-68.54265
-67.79215
-67.05690
-68.27792
-65.29596
-64.29862
-65.98921
-67.43027
-67.82114
-68.03272
-67.43105
-66.88427
-66.63608
-66.16401
-65.52493
-63.13662
-63.36156
-66.60070
-68.45476
-69.66134
-68.96539
-65.50039
-66.45468
-66.78328
-67.10777
-67.69569
-67.86782
-68.23283
-69.27156
-65.62299
-58.98548
-58.39156
-59.28349
-63.69490
-70.85989
-70.60796
-74.31679
-66.09816
-63.64475
-65.13828
-65.51141
-67.17106
-66.32335
-66.29359
-66.75448
-67.06373
-67.56828
-65.48810
-64.18874
-64.27470
-65.57264
-65.87818
-67.92584
-65.87349
-63.12448
-64.31215
-65.20443
-65.74509
-66.92781
-66.95541
-65.84991
-65.65573
-65.92164
-67.68223
-70.26269
-68.26575
-67.67598
-67.57523
-67.91856
-68.72668
-65.49899
-67.04416
-68.98306
-69.37810
-71.38628
-69.97255
-69.86058
-68.75198
-67.94045
-71.13637
-68.00422
-65.82466
-68.20121
-68.04146
-68.49415
-69.47711
-67.39381
-62.55899
-61.64528
-60.61888
-60.72887
-62.08269
-62.36759
-64.28485
-64.59845
-64.32275
-63.78584
-65.79248
-65.37182
-64.20763
-64.15322
-64.35375
-63.64328
-60.43738
-59.30157
-59.77982
-58.21904
-58.32170
-61.42536
-64.05489
-64.57095
-62.35771
-60.52820
-60.02682
-60.78045
-61.81576
-63.14943
-64.09348
-66.52380
-61.57722
-58.03175
-58.21065
-58.47545
-58.67467
-58.47350
-57.38517
-58.69173
-61.96595
-63.18735
-64.18189
-64.12221
-61.70897
-59.66090
-61.60358
-63.79501
-63.21019
-62.09573
-64.37165
-63.68422
-64.13669
-62.99207
-61.33309
-64.96463
-64.51700
-64.57329
-65.28420
-64.01336
-64.59788
-64.86165
-64.28219
-65.67510
-63.94988
-60.89790
-58.71151
-59.07327
-58.73456
-59.56442
-63.38385
-63.07890
-62.03610
-62.92945
-61.30064
-58.36628
-59.89812
-61.50100
-62.16085
-63.22110
-63.87713
-61.71182
-59.35199
-60.92788
-60.80093
-59.63179
-59.31457
-60.61110
-61.60638
-61.63276
-63.96354
-62.03196
-61.30741
-62.32494
-61.23193
-62.49349
-60.07392
-58.43737
-60.87578
-62.83190
-62.85024
-63.52482
-64.60168
-64.16853
-62.43290
-62.38851
-63.48751
-62.98379
-62.23977
-61.84991
-61.96623
-61.45408
-64.59867
-64.26295
-64.48051
-63.32784
-61.31143
-62.61962
-62.09131
-61.14449
-61.08005
-63.99394
-62.96401
-64.41521
-64.60732
-62.90832
-63.01035
-64.07972
-64.06990
-64.40150
-63.80204
-63.13621
-64.68302
-63.94690
-64.83638
-64.11156
-64.90369
-65.60583
-65.15040
-61.50828
-61.00086
-62.39581
-63.24801
-64.33327
-61.98405
-62.06812
-63.39270
-61.33766
-60.73160
-62.08833
-62.39519
-61.04428
-60.79148
-62.03051
-61.56087
-61.10148
-62.01625
-62.83378
-62.21611
-62.83434
-63.11569
-64.17751
-60.95262
-57.55124
-57.66507
-57.39999
-57.36783
-57.97090
-58.81221
-59.69941
-58.25594
-57.25363
-57.34047
-59.27824
-59.30108
-60.26115
-60.00228
-59.38610
-60.72190
-61.49284
-61.98450
-59.48060
-61.41369
-60.84608
-59.83716
-60.67848
-65.46694
-59.41373
-55.99467
-57.64003
-57.97223
-58.88323
-58.44018
-57.19940
-56.09852
-58.53396
-60.07449
-60.49105
-60.73168
-61.60126
-61.08167
-60.71757
-62.07506
-60.14315
-60.06623
-62.22906
-62.03059
-62.76143
-62.23764
-61.59718
-63.71864
-62.60507
-60.37122
-58.07722
-57.52494
-58.43152
-59.13434
-60.16351
-62.59756
-62.28168
-60.98348
-60.03426
-59.18056
-59.24015
-59.42351
-62.11546
-62.62535
-60.70455
-60.62538
-60.58187
-61.40147
-62.45934
-62.70414
-61.64085
-61.68091
-62.54996
-62.20846
-63.36447
-65.52327
-64.36897
-64.11744
-62.12729
-62.46819
-63.78701
-61.61215
-64.41215
-65.51588
-65.90651
-62.75201
-62.50150
-65.33889
-65.23179
-66.88298
-65.87410
-62.79438
-62.47980
-65.36669
-64.86571
-66.33282
-66.55629
-63.97386
-62.13351
-65.38921
-65.55481
-65.03451
-66.93918
-64.64543
-63.40726
-62.07130
-66.11273
-66.40162
-67.00967
-66.92707
-65.34596
-64.63633
-65.12283
-66.22875
-62.56218
-62.62328
-62.29192
-62.51745
-63.36820
-62.68111
-61.63723
-63.30354
-64.80145
-63.99500
-64.31551
-62.35945
-62.03913
-63.74791
-64.29356
-65.63102
-60.12715
-57.79126
-59.26995
-58.75504
-60.39666
-59.81447
-59.60242
-60.49070
-62.03518
-61.54594
-60.18484
-62.10723
-61.92247
-62.51368
-63.47581
-63.83803
-62.31326
-62.77390
-62.41038
-62.40197
-65.09125
-64.38776
-64.35075
-62.94257
-63.85059
-61.60698
-59.54444
-61.28732
-61.06876
-62.63836
-62.99640
-62.07795
-62.59188
-61.91505
-61.46871
-61.53520
-61.31075
-61.92768
-61.86655
-61.69944
-63.12029
-63.69691
-63.22764
-64.08044
-65.49118
-64.44002
-64.27218
-67.03714
-66.70998
-63.93400
-64.75840
-64.45658
-64.34264
-65.01824
-64.44911
-63.47511
-64.56289
-66.13760
-64.07820
-64.21191
-64.09351
-63.73139
-64.62741
-65.01640
-66.13077
-63.44959
-62.37995
-64.10613
-63.58997
-65.17776
-65.24496
-65.41094
-64.60301
-64.58822
-67.57153
-66.10536
-66.53041
-66.16347
-68.50415
-67.74832
-67.48337
-67.79111
-64.44003
-65.90843
-67.34565
-67.16700
-66.16724
-68.31218
-68.59651
-67.03037
-67.67596
-68.22091
-65.41466
-64.32901
-66.77289
-66.73538
-66.46358
-67.28362
-66.31549
-65.37494
-67.30668
-68.28593
-67.75541
-67.60899
-68.80351
-69.01589
-67.93955
-68.10852
-69.33540
-68.51689
-68.87572
-69.09019
-67.46033
-69.13701
-66.55315
-63.52917
-64.83369
-64.79523
-63.73280
-63.79242
-64.51607
-65.30465
-63.72892
-64.24051
-63.14647
-61.97161
-61.31323
-61.90678
-63.98870
-64.58965
-65.79044
-62.51755
-60.68299
-61.94360
-63.02896
-63.22934
-62.75176
-63.40161
-63.98745
-62.88411
-63.01533
-64.41557
-65.29654
-65.31367
-64.09527
-64.01647
-64.58611
-62.92191
-62.87552
-63.06751
-63.46617
-63.99896
-63.97846
-63.04814
-64.02381
-65.26094
-65.76755
-65.25914
-62.83775
-63.73111
-65.10043
-65.75784
-65.20300
-64.39276
-63.43958
-64.31789
-64.15080
-64.97889
-63.83822
-64.64099
-65.44548
-66.28772
-63.46894
-59.34274
-59.07115
-58.18918
-63.59160
-68.49636
-68.37213
-71.41991
-64.24486
-62.33708
-62.88029
-62.76977
-64.00684
-64.12754
-63.87060
-64.31638
-64.60891
-64.29805
-64.24049
-63.06648
-62.37689
-63.10016
-63.30496
-64.80116
-63.11698
-61.57623
-62.62008
-63.65638
-64.10856
-65.57546
-65.94283
-65.77909
-65.57274
-66.24180
-66.65766
-66.97672
-65.28838
-66.08823
-66.80292
-67.13494
-66.15825
-64.05206
-65.95480
-66.84597
-68.24180
-67.22294
-67.13594
-66.77151
-66.74764
-66.17922
-68.87341
-65.58781
-63.65525
-66.16136
-64.98347
-66.17242
-66.55261
-64.93701
-61.18052
-60.65382
-61.01465
-61.29222
-61.89045
-61.19897
-63.04556
-62.43661
-62.74430
-64.95980
-64.72785
-64.84578
-63.69311
-64.27504
-64.19789
-62.46950
-59.95253
-59.07631
-59.69079
-59.39119
-60.62114
-61.34998
-62.70528
-63.61388
-61.66186
-60.46150
-60.39930
-61.34007
-61.78021
-63.14920
-64.78783
-66.25300
-59.74372
-57.66069
-59.62874
-59.38965
-60.98170
-61.07923
-59.50597
-58.81832
-59.73715
-60.95561
-63.37917
-64.26344
-63.11070
-61.37900
-60.46030
-62.35524
-61.88063
-62.35763
-63.88102
-63.70506
-63.63946
-62.38914
-63.01396
-65.94477
-64.11219
-64.84322
-64.73900
-61.96850
-62.46560
-62.21345
-62.93712
-64.28516
-62.36884
-59.76610
-58.55007
-59.04108
-59.79884
-60.64688
-62.73360
-63.18991
-62.61253
-63.31599
-61.28112
-59.46494
-60.77027
-61.37067
-63.32696
-63.55190
-62.62641
-61.27031
-58.93457
-60.65707
-59.89671
-59.66371
-60.39149
-60.50970
-60.72995
-62.50449
-63.60817
-61.72388
-61.97559
-59.45958
-60.04421
-61.91711
-59.70564
-57.78018
-58.76971
-59.97633
-61.40541
-62.63364
-62.26909
-62.73724
-62.96387
-64.00608
-62.71471
-62.63139
-62.49608
-63.00571
-61.94462
-61.85663
-63.40052
-62.29014
-63.19264
-63.92699
-62.36770
-62.89410
-62.55785
-61.48185
-63.46684
-64.31050
-64.20455
-62.41952
-61.89005
-61.65044
-61.84953
-62.86609
-64.30212
-63.74330
-62.14923
-63.76897
-64.20361
-65.44364
-64.46659
-63.90271
-65.00691
-66.46513
-64.53280
-61.97880
-62.19007
-63.01032
-64.61937
-64.92936
-64.06836
-64.21864
-64.31021
-61.85004
-61.49351
-63.29969
-63.18703
-62.40935
-63.71041
-63.54303
-62.72960
-62.62409
-61.79864
-61.98056
-60.77877
-61.76024
-63.43938
-63.70114
-65.30694
-60.67865
-57.30804
-58.10985
-60.73749
-61.33334
-60.73666
-61.90258
-61.86608
-61.37167
-62.45375
-63.13141
-63.55095
-64.38366
-64.65065
-64.46738
-64.10880
-63.12593
-63.75428
-62.86910
-64.99992
-65.80597
-65.29053
-66.95208
-65.30405
-63.59553
-60.78734
-62.01559
-60.74858
-59.56392
-60.49281
-61.53925
-63.28154
-63.58076
-62.59596
-63.70330
-64.50122
-62.64795
-61.78058
-61.37750
-61.70439
-62.49113
-65.02030
-64.44784
-65.34152
-68.04402
-69.03323
-66.42588
-65.09039
-67.05258
-67.09421
-65.34050
-65.24792
-64.72827
-62.04162
-60.83663
-61.38720
-61.69867
-62.16174
-63.33335
-63.11408
-64.26519
-64.42144
-64.18142
-61.22647
-60.84813
-62.58720
-63.65104
-64.59409
-62.30156
-64.72690
-67.43069
-66.69376
-66.41069
-66.98476
-66.93081
-67.02682
-66.66453
-64.81892
-65.23352
-67.20981
-67.49458
-67.14126
-67.50061
-67.55158
-68.38631
-68.58951
-67.18174
-67.54548
-70.30092
-69.47222
-69.51280
-67.39920
-65.93200
-66.67198
-68.48116
-68.22575
-68.77788
-68.18540
-66.58760
-67.86914
-66.59455
-67.54887
-68.93149
-70.00841
-71.55324
-70.72835
-69.63273
-70.11335
-70.51381
-72.45799
-71.39515
-71.41071
-73.53016
-71.95780
-67.47881
-61.00545
-60.35816
-62.01941
-62.57913
-63.88030
-62.45309
-62.15687
-64.78817
-65.58052
-64.41209
-63.72970
-62.53246
-62.08182
-63.57913
-65.47812
-65.14883
-62.99903
-63.29655
-64.30998
-62.90446
-64.54694
-65.18845
-64.41858
-65.91260
-66.46430
-66.00980
-66.38396
-68.28970
-67.38861
-67.39597
-66.68632
-66.35947
-66.57486
-68.58743
-70.91065
-69.10753
-69.84224
-71.04163
-71.03058
-69.16630
-71.88879
-71.51328
-68.44988
-66.04500
-64.33972
-63.12249
-62.13141
-63.82652
-64.96176
-65.37563
-65.17990
-64.16046
-63.12398
-65.08248
-66.29353
-67.15975
-67.48663
-64.97380
-66.23904
-68.40951
-71.04931
-68.99833
-69.31505
-68.99003
-67.55560
-68.41893
-68.61047
-70.84527
-69.07193
-68.65735
-68.10325
-66.64948
-68.30339
-67.44946
-65.24277
-65.26155
-67.61311
-68.07583
-67.63686
-67.63319
-67.23483
-66.29275
-66.93330
-68.63062
-67.66368
-68.95565
-70.10096
-70.05541
-67.80325
-69.23399
-70.48075
-69.39975
-69.23498
-70.95435
-69.83622
-69.45174
-71.62016
-68.58227
-71.80930
-73.81958
-73.95162
-73.58918
-73.50357
-76.80990
-75.69577
-74.40744
-75.94719
-71.98262
-69.68952
-70.91917
-72.17480
-74.88075
-74.97590
-72.84448
-71.13354
-70.90311
-71.32257
-72.47906
-72.03428
-72.63850
-72.69625
-73.75341
-75.14764
-75.20280
-74.55249
-75.80273
-77.87774
-76.16672
-79.61295
-72.99490
-69.33055
-69.27532
-69.35138
-69.80052
-68.61344
-68.96176
-71.65233
-75.32448
-77.22655
-74.09807
-69.26020
-69.42752
-70.99535
-72.32012
-74.95626
-73.45497
-71.32503
-69.01445
-68.46560
-68.27217
-66.70843
-66.28107
-66.08509
-66.11798
-68.02717
-68.77882
-69.78724
-70.55556
-70.91031
-69.74721
-69.35483
-71.65661
-69.05547
-69.66883
-73.61618
-73.86940
-72.65462
-72.06150
-71.31005
-71.66170
-71.89423
-71.53842
-70.51761
-68.27535
-69.19693
-69.93856
-69.80381
-70.90297
-69.74461
-68.17695
-68.86496
-69.31343
-69.15352
-68.38611
-68.26626
-68.82256
-67.53597
-67.38176
-66.78663
-65.84389
-65.03519
-64.46379
-63.93094
-63.74631
-64.61359
-65.65886
-67.54124
-69.50876
-70.62966
-70.49049
-71.73039
-71.34219
-71.68452
-73.30860
-72.26132
-69.88993
-68.57505
-69.08901
-67.13258
-68.80165
-69.32085
-66.96871
-66.64588
-66.28153
-67.52822
-68.26476
-67.85847
-68.09052
-68.30497
-66.45025
-65.60714
-66.49202
-67.33557
-67.49610
-67.21201
-66.36960
-66.67314
-65.68642
-64.94973
-66.06511
-66.01433
-66.27353
-66.42338
-66.94238
-67.85667
-68.89897
-70.10881
-68.41047
-65.25267
-64.21050
-65.06380
-66.86575
-67.77775
-67.76825
-66.31854
-65.71543
-67.37283
-67.72554
-66.67151
-65.18406
-64.98824
-66.83188
-67.23585
-66.02040
-65.60837
-65.03591
-67.49146
-69.39076
-65.24035
-64.17884
-65.79485
-66.69456
-65.32414
-64.22555
-67.16162
-69.09936
-65.28344
-65.54170
-67.56551
-66.54749
-66.14735
-65.21652
-66.96877
-68.99837
-66.33325
-67.81215
-70.40961
-67.23255
-67.34549
-69.66341
-69.54413
-68.64133
-68.25513
-69.79156
-68.69800
-68.56255
-68.85546
-69.69060
-69.47929
-69.98249
-69.63464
-68.90629
-69.43347
-67.28991
-68.01937
-69.11762
-70.43222
-70.39333
-68.09575
-67.31595
-70.43554
-69.00199
-69.25078
-68.00180
-67.35194
-67.94756
-66.42476
-66.44822
-65.12260
-66.69366
-66.39742
-68.76842
-66.59839
-65.06720
-65.00492
-64.48226
-65.67244
-63.81096
-65.48548
-64.67111
-64.07640
-65.64066
-63.94889
-65.88175
-66.58580
-64.74802
-63.08982
-61.98011
-65.27753
-66.35891
-64.82742
-64.41234
-65.76513
-65.98044
-62.05462
-58.98093
-58.61025
-60.85241
-65.20427
-67.44438
-64.44983
-65.31320
-66.55172
-65.68173
-64.97183
-64.22661
-66.38142
-68.22250
-69.53443
-70.75599
-69.55801
-70.63583
-70.27018
-69.67585
-70.16897
-71.31646
-69.13526
-68.41156
-71.74596
-69.35579
-66.10000
-67.29503
-71.66080
-69.99790
-67.57261
-69.09885
-71.75276
-71.07151
-70.54532
-73.11671
-75.36700
-74.17047
-73.32662
-74.80997
-75.48236
-75.63389
-77.07847
-77.77634
-77.32123
-78.25112
-79.11652
-77.85278
-77.05337
-77.76868
-77.99495
-78.98431
-80.09944
-79.81333
-78.58201
-79.04197
-81.51890
-80.62663
-79.51096
-81.72792
-84.27757
-81.91382
-80.65416
-82.98161
-85.07677
-83.69237
-83.03692
-84.00675
-83.15678
-83.23192
-84.84514
-85.51973
-85.08088
-86.42921
-87.85674
-86.34405
-84.24565
-81.27547
-75.29724
-71.25032
-71.49371
-69.89457
-68.66094
-69.27092
-70.09278
-72.76852
-75.27604
-76.05649
-74.82686
-74.35970
-75.12958
-79.42020
-82.42935
-80.78133
-77.74129
-76.25167
-76.10038
-74.99885
-74.22125
-72.56259
-71.77678
-70.84013
-69.93559
-69.06153
-69.04833
-69.81269
-71.32556
-72.15330
-71.01231
-70.92240
-71.18137
-72.00539
-72.82374
-75.20925
-76.12203
-73.87017
-73.22641
-70.93841
-70.48262
-72.44532
-73.63137
-73.51482
-74.56386
-75.05844
-76.71308
-80.53918
-80.45704
-75.91563
-72.05457
-71.18599
-71.41938
-74.05512
-76.78616
-78.80962
-77.88421
-76.89813
-77.72211
-76.85617
-74.72836
-72.30831
-70.34549
-70.00577
-70.59866
-71.77055
-73.93630
-75.38809
-76.65813
-77.18367
-79.99109
-78.42980
-75.13717
-73.16794
-73.31026
-75.29163
-77.90437
-80.09981
-77.49574
-76.27949
-76.70421
-74.74349
-73.40501
-72.85830
-71.64388
-70.46471
-69.94317
-70.21958
-70.42476
-70.17578
-68.49272
-67.93545
-68.48443
-70.05076
-72.39974
-74.30913
-74.80295
-75.94896
-78.33236
-75.66057
-72.83292
-71.47656
-71.40274
-72.12403
-72.52506
-72.04721
-72.12034
-72.47648
-73.72611
-74.68101
-75.15819
-74.65845
-73.17093
-73.62344
-73.87189
-72.86387
-71.96677
-71.85870
-72.65892
-74.67061
-74.99649
-74.10549
-73.08534
-73.15423
-73.28769
-72.36740
-71.52197
-70.02111
-69.22689
-69.00980
-68.57346
-68.71295
-69.14565
-69.86625
-70.98984
-71.19668
-71.63719
-72.51427
-72.35692
-72.40578
-73.44422
-73.24914
-73.92287
-73.94322
-73.81174
-74.01644
-73.98295
-73.42359
-72.23097
-71.75771
-72.24054
-73.45444
-73.75562
-74.98356
-73.63666
-70.23262
-68.25945
-67.73218
-68.28568
-69.77695
-71.48266
-72.47438
-72.02086
-72.13865
-72.04372
-72.73075
-74.15548
-74.51415
-74.31600
-76.26354
-76.34856
-76.42183
-76.47440
-75.09232
-71.28490
-64.26378
-62.35440
-61.19302
-60.41848
-61.41569
-62.39736
-64.82317
-68.11581
-69.58086
-67.95243
-66.09142
-65.79527
-67.33987
-70.14547
-71.76333
-69.81797
-67.47105
-65.84738
-63.61784
-62.83603
-63.29513
-64.36687
-66.08589
-66.83600
-66.97723
-65.86788
-64.60635
-63.25731
-61.56586
-61.44100
-62.85968
-63.84792
-64.53902
-65.35698
-66.08102
-66.82459
-66.94674
-66.94266
-67.40743
-66.74098
-65.25952
-64.81869
-65.31159
-65.72448
-67.46977
-68.14150
-65.96163
-64.09789
-61.49726
-59.82003
-60.30251
-62.62932
-63.34723
-63.29995
-63.38907
-63.41883
-64.12982
-64.26248
-64.65190
-65.49406
-65.79072
-65.68390
-65.85944
-65.27481
-65.35723
-65.10156
-65.29023
-64.59082
-64.42887
-64.40496
-64.50087
-64.85383
-64.14135
-64.37485
-64.83967
-64.23668
-63.69681
-63.99095
-64.01437
-63.98794
-63.05140
-63.29521
-63.10976
-63.94924
-65.17036
-65.89502
-66.83277
-66.27455
-66.43475
-67.03611
-68.65154
-69.85501
-70.63806
-70.63878
-69.82080
-68.15216
-66.40060
-65.49270
-65.06283
-65.83612
-67.33596
-68.16158
-68.33790
-67.78083
-67.92243
-66.88654
-67.08175
-67.06188
-66.74792
-67.60801
-69.27568
-69.22858
-66.47132
-64.64799
-63.50272
-62.94970
-63.00420
-64.07453
-65.77956
-67.83589
-68.15034
-67.79949
-67.77911
-67.83773
-66.41751
-65.31215
-64.60510
-64.64026
-66.45480
-67.32657
-66.32945
-66.53175
-67.00650
-67.84844
-68.93262
-68.91401
-69.63291
-69.70985
-70.56382
-70.00288
-69.33950
-68.83738
-68.52137
-68.32361
-67.88832
-67.56227
-67.47396
-67.94199
-68.80600
-69.52515
-69.80511
-69.99186
-69.94432
-71.10831
-71.47765
-71.52438
-72.91561
-72.74065
-72.21191
-72.65459
-71.86527
-70.08939
-68.19568
-67.94701
-68.68596
-69.93431
-71.22689
-70.98960
-71.67052
-72.63571
-73.52683
-73.86777
-73.31860
-72.73652
-72.00145
-72.41538
-72.34964
-72.03337
-71.47815
-71.59101
-73.00877
-74.44522
-74.40534
-74.80461
-75.49698
-75.00697
-75.35157
-76.33673
-75.89927
-74.43968
-74.32749
-74.33349
-75.46663
-75.57729
-75.58718
-76.42070
-76.94634
-76.02780
-76.63610
-78.62951
-78.81789
-77.80279
-77.22020
-77.48873
-77.79982
-78.99511
-79.00824
-81.13205
-81.28005
-79.88684
-79.15571
-78.37615
-78.09140
-78.70076
-79.48505
-78.18303
-76.55765
-73.62504
-69.12280
-67.17651
-67.55385
-69.36850
-70.96569
-71.38649
-71.66549
-70.06126
-68.65965
-68.81044
-69.90471
-69.38851
-68.37417
-67.65487
-67.14247
-65.93840
-65.54584
-66.22895
-67.22933
-67.78938
-67.60105
-68.46213
-67.70947
-66.77616
-67.08535
-69.28455
-71.55307
-69.12200
-66.46581
-66.03440
-65.62079
-65.80784
-66.27526
-66.16247
-66.10495
-66.18260
-66.10790
-64.18350
-63.79267
-64.76652
-65.74837
-65.97499
-65.83485
-65.74703
-65.12841
-64.94429
-65.34261
-66.41673
-68.37554
-70.29787
-70.07360
-68.92477
-68.19582
-67.96264
-68.31241
-69.69029
-70.10753
-69.69060
-68.59355
-67.70621
-68.96014
-70.48305
-70.61683
-70.65841
-70.16704
-69.87555
-68.48423
-68.19807
-68.13571
-66.55391
-66.32558
-65.61826
-65.89494
-67.34606
-68.48168
-70.28113
-69.11200
-67.63708
-66.67588
-64.77185
-64.23593
-64.49030
-64.51359
-63.72691
-63.58624
-64.20227
-65.29251
-65.89027
-66.66058
-69.28089
-70.51478
-69.71901
-68.79028
-69.19453
-69.18170
-70.37261
-71.06464
-70.04505
-68.75953
-67.50531
-67.53876
-66.96276
-67.11655
-67.49847
-67.20310
-68.36849
-69.12040
-68.30484
-67.04094
-65.49605
-64.54020
-63.84371
-63.51870
-64.00155
-64.75765
-65.63157
-66.80260
-68.48242
-69.18180
-70.08711
-69.49367
-67.22108
-67.17815
-68.25313
-69.27833
-69.22785
-69.42679
-69.02188
-68.73806
-68.50894
-68.74676
-69.96687
-69.20794
-69.16406
-69.85216
-69.69791
-69.68456
-70.01060
-70.55729
-72.09495
-72.31061
-70.91968
-71.41184
-70.55784
-69.25090
-68.66962
-67.66666
-68.08562
-67.83158
-68.08308
-69.71687
-70.93699
-72.04599
-71.96890
-70.44515
-70.09390
-72.21620
-72.16649
-70.20077
-68.32437
-67.53782
-66.89420
-66.44071
-67.27615
-68.73760
-70.54409
-71.27193
-71.25099
-70.60789
-71.39880
-70.64006
-70.03004
-69.47052
-69.53004
-66.89081
-63.35595
-63.23509
-62.65829
-63.12727
-64.28510
-65.41574
-65.46863
-64.69262
-64.78422
-64.85743
-65.54159
-65.77197
-65.73430
-64.98447
-64.41272
-63.29860
-62.81149
-62.40134
-61.77771
-62.68947
-63.92577
-65.84950
-67.83152
-67.61354
-66.80096
-64.78238
-63.88712
-62.54336
-61.03885
-61.85460
-64.16486
-65.71220
-65.71796
-64.37233
-63.83104
-63.89174
-63.41990
-63.15937
-63.15286
-63.84117
-63.28742
-63.35686
-63.78207
-63.66832
-63.03679
-61.88471
-61.25190
-60.74299
-59.60135
-59.18490
-60.95017
-63.44448
-63.87424
-63.27118
-63.32932
-63.29378
-63.20628
-63.14303
-63.67873
-64.85935
-65.29882
-65.55034
-65.17553
-64.69955
-64.69927
-64.33204
-64.61201
-63.82529
-64.67540
-65.40373
-65.05426
-64.88629
-64.16361
-63.32496
-62.19556
-62.41386
-62.16585
-62.48026
-62.32318
-62.37212
-62.59697
-63.17912
-64.41250
-64.84591
-65.71289
-65.95421
-66.29754
-65.49656
-66.08996
-65.26739
-64.18415
-63.85367
-64.21134
-64.97063
-64.96569
-65.31577
-65.17304
-65.72666
-65.66457
-66.65720
-66.73844
-67.28438
-66.42899
-66.69992
-67.65070
-67.50055
-66.66716
-65.30574
-65.36228
-65.42463
-66.18709
-64.79517
-63.72661
-62.73466
-62.58453
-63.11792
-63.72560
-64.15435
-64.82343
-65.21813
-65.15255
-65.66170
-66.13532
-66.27453
-65.97973
-64.73544
-64.02640
-64.34624
-64.96681
-66.44200
-67.11555
-69.08828
-69.42108
-70.25148
-69.92044
-68.85449
-68.10810
-67.78668
-68.68157
-68.41789
-68.60303
-68.62401
-69.33921
-69.15995
-68.46789
-67.48575
-67.24582
-67.60479
-69.30419
-70.91755
-71.19328
-70.67275
-69.89108
-70.22112
-69.77414
-70.19468
-70.52930
-71.05500
-71.17210
-70.95675
-71.45812
-71.55822
-71.12069
-70.68643
-71.26102
-71.39601
-72.32163
-72.82239
-72.49562
-72.10729
-71.18454
-71.37074
-71.47726
-72.02279
-72.60209
-71.49734
-70.88522
-71.71068
-72.82140
-73.89974
-73.98162
-73.25963
-73.27182
-75.07617
-76.81446
-77.35454
-77.24146
-76.84091
-76.78258
-76.34301
-76.58519
-76.44548
-76.74647
-76.85201
-76.92603
-77.37844
-76.68592
-76.90996
-77.23241
-77.76372
-79.48363
-79.93450
-79.75097
-78.12096
-77.43182
-78.60427
-78.57782
-79.96069
-80.73937
-79.86638
-79.07513
-79.15258
-79.83717
-78.50007
-76.82866
-76.02295
-72.91048
-66.97981
-65.18421
-65.90257
-67.29909
-68.67901
-68.58443
-69.53635
-70.10300
-70.53606
-71.45873
-71.65067
-71.74346
-71.93648
-72.02239
-71.86466
-69.45693
-69.89654
-69.93205
-67.71482
-66.75489
-66.54226
-65.46145
-63.34300
-62.75473
-62.13371
-61.93929
-62.45412
-63.51001
-64.59574
-63.14253
-62.46440
-63.38221
-64.36575
-65.55331
-66.24964
-66.68966
-65.58219
-65.31227
-65.39608
-65.72820
-67.48430
-68.53684
-68.60862
-68.52784
-69.03305
-68.53929
-68.75245
-69.28171
-70.65116
-70.94968
-70.96543
-70.10585
-67.58047
-65.80651
-64.24563
-63.45336
-63.14480
-63.47809
-63.63616
-62.97912
-63.07447
-63.58958
-64.14859
-64.82177
-65.41302
-66.14636
-66.23858
-66.05323
-65.43268
-65.26894
-65.39384
-66.27127
-67.55693
-67.84948
-67.70930
-67.31280
-66.97166
-67.29344
-67.81168
-67.16942
-66.16955
-66.17855
-66.88593
-67.87065
-68.23226
-67.08882
-66.59061
-66.56965
-66.70629
-67.49242
-67.81166
-67.76954
-69.25761
-69.82392
-69.04785
-69.09709
-69.14878
-67.51557
-68.42312
-68.75137
-66.65846
-66.72989
-66.50352
-66.45831
-65.83153
-66.41765
-66.98687
-67.94359
-68.32419
-68.02726
-67.83038
-66.65367
-66.57751
-66.74674
-68.01596
-69.06196
-69.65774
-68.61864
-68.39307
-68.69575
-69.10260
-68.14220
-68.39056
-69.10959
-68.62870
-70.10362
-71.03074
-70.13535
-68.90766
-69.57687
-68.33442
-67.92625
-69.44680
-71.03412
-70.20002
-69.38678
-69.08548
-68.53837
-69.57649
-70.74960
-71.67056
-69.73719
-69.05122
-70.45346
-68.31993
-68.14175
-68.98462
-68.60640
-68.62653
-67.91603
-69.92691
-70.65948
-70.39561
-71.33384
-71.42137
-70.19097
-71.29548
-73.02149
-72.17883
-71.33224
-70.24132
-70.28907
-69.34843
-69.88711
-70.80345
-70.18371
-70.17279
-70.90954
-70.87473
-71.17617
-71.19829
-67.02209
-64.59413
-64.61524
-63.34685
-62.33660
-62.60636
-63.05182
-63.93471
-65.84791
-68.08899
-69.37422
-69.75302
-68.94122
-69.20382
-70.99213
-71.60665
-71.18752
-69.08006
-66.53603
-64.55482
-63.25843
-63.91387
-63.78454
-63.88166
-64.41166
-65.12035
-66.64740
-68.34609
-70.59546
-68.86479
-69.46832
-68.52162
-65.18147
-63.18806
-62.81910
-64.06275
-65.72973
-68.52084
-70.53784
-68.82078
-67.27168
-67.94824
-67.76749
-69.21079
-72.19920
-71.40425
-68.59867
-66.70095
-66.47744
-66.27011
-66.19919
-67.75594
-69.78782
-68.74830
-67.00758
-65.14314
-64.11625
-61.57456
-58.97838
-58.65091
-58.24954
-57.30826
-56.38097
-55.57113
-55.38970
-56.04315
-56.78340
-57.85509
-58.60373
-58.99513
-59.38988
-59.76108
-61.25814
-63.24405
-65.34889
-65.90591
-64.78444
-62.10831
-60.79777
-60.78442
-61.47342
-62.60856
-62.57412
-62.85832
-63.02825
-60.89677
-58.83038
-58.97670
-60.45372
-62.09110
-63.48437
-64.87051
-65.48821
-64.19372
-62.62887
-60.91593
-58.61219
-56.84308
-55.89944
-55.68514
-56.60466
-57.62076
-58.57825
-59.80997
-60.45172
-63.03709
-67.09846
-66.61197
-63.73474
-62.56560
-62.21587
-63.46152
-65.51539
-62.60014
-58.56624
-56.84431
-56.85859
-58.17237
-59.43545
-59.95213
-60.54511
-59.69778
-60.88259
-65.00512
-66.02894
-63.08618
-61.28209
-62.53158
-64.15011
-64.32916
-63.99352
-63.34416
-64.27105
-65.90298
-66.37176
-65.58828
-65.84122
-67.33996
-68.84666
-67.71978
-66.29889
-67.14669
-68.09339
-69.47340
-69.09320
-69.45010
-70.81689
-71.81821
-70.80651
-69.43689
-69.01054
-68.38078
-68.31419
-69.75208
-71.10081
-69.27708
-68.80806
-69.98013
-71.50565
-70.16017
-70.35641
-73.07356
-71.42101
-69.18888
-69.45253
-71.30541
-72.30055
-72.16246
-71.67518
-71.16640
-71.25451
-71.94050
-71.65569
-70.48014
-70.55852
-70.78017
-70.34489
-71.50329
-73.30029
-71.47152
-69.92177
-70.98699
-71.38211
-71.81186
-73.91145
-74.67350
-73.56147
-74.27370
-75.76367
-76.42219
-75.60430
-76.43321
-77.49082
-76.45260
-76.01129
-76.40513
-75.50510
-74.21448
-75.46843
-76.40403
-76.61233
-76.12076
-77.29880
-76.57616
-76.99901
-79.11045
-77.75121
-75.39530
-76.40064
-79.61194
-78.90668
-78.21628
-79.51661
-79.39043
-78.03696
-78.84090
-78.35197
-78.79240
-73.72129
-68.12923
-65.56084
-65.76560
-64.05098
-61.97355
-61.86155
-62.06165
-61.89661
-61.57076
-62.41037
-61.82753
-61.93205
-63.20847
-63.14413
-62.91347
-63.50219
-64.42351
-63.53312
-62.92741
-64.94238
-65.51865
-64.20682
-66.44738
-68.66058
-67.72269
-66.77373
-67.87181
-66.96326
-65.34924
-67.16730
-67.53361
-65.98925
-65.39790
-67.80287
-68.42946
-66.16368
-67.89829
-66.37253
-64.30413
-64.43403
-62.56094
-61.00788
-60.98389
-61.69767
-62.28854
-63.36079
-65.50467
-67.29359
-66.97686
-66.25537
-66.85484
-67.09104
-66.03724
-67.49041
-69.07384
-66.89662
-65.91525
-65.72261
-65.08551
-65.05548
-66.38768
-66.82278
-64.90407
-65.56064
-67.52694
-66.94071
-66.30426
-68.68734
-68.35912
-65.37634
-67.16335
-66.70005
-64.46545
-63.33888
-64.20349
-65.85683
-66.37042
-67.07214
-66.84187
-66.22616
-66.90344
-69.50014
-67.27019
-64.54050
-64.14076
-65.97055
-65.62943
-66.28203
-66.45865
-64.41965
-65.53353
-67.32941
-66.28998
-63.41366
-64.85384
-65.98373
-65.27226
-65.22799
-66.13737
-66.02400
-65.10174
-66.06315
-64.97382
-64.04365
-65.31365
-66.95443
-65.84337
-65.75833
-65.77591
-65.74121
-65.25526
-65.55656
-66.01660
-65.57253
-65.63166
-66.04033
-66.74583
-66.00369
-67.02698
-68.75691
-66.76098
-66.92082
-68.29547
-66.67568
-66.64340
-67.95657
-69.01964
-66.71860
-67.30587
-68.77632
-67.19734
-66.33852
-67.66388
-67.77919
-66.72405
-68.56782
-69.70664
-69.26124
-68.30238
-69.15265
-69.16755
-68.58879
-68.74666
-70.51550
-68.69228
-68.34584
-69.29842
-67.56856
-67.86520
-68.27365
-68.50739
-68.82870
-68.79289
-69.73143
-69.53804
-68.16118
-69.97538
-70.03622
-69.66944
-70.96888
-71.63137
-70.35189
-68.84330
-68.47522
-68.68918
-69.17009
-70.67882
-70.64500
-69.65704
-69.94210
-70.68886
-70.58139
-70.00861
-64.17803
-59.48040
-61.55625
-63.52635
-63.23080
-63.41188
-63.29979
-65.30364
-65.18214
-65.55399
-65.61071
-65.84520
-66.76275
-66.98730
-67.69847
-66.57789
-63.60758
-59.59477
-56.75601
-56.71548
-60.10933
-63.99275
-60.45272
-55.95868
-54.02028
-53.87685
-54.97812
-56.51035
-57.91261
-60.17090
-63.31261
-67.61080
-66.28971
-63.16316
-63.31950
-64.50751
-65.42856
-64.02299
-62.47837
-62.21891
-62.64259
-62.46618
-60.72057
-59.62461
-60.16438
-60.14722
-60.19900
-60.57169
-61.20466
-60.88310
-61.21233
-64.15880
-64.22397
-65.07848
-68.80967
-65.14766
-62.30127
-62.55556
-61.47503
-59.58711
-59.57611
-60.01264
-58.94073
-58.61283
-59.25448
-59.47184
-59.58281
-59.87999
-60.18220
-60.75461
-60.74351
-60.58976
-61.09537
-61.40550
-60.92023
-60.78377
-60.51507
-60.14652
-59.48557
-59.99470
-61.15152
-61.57927
-61.95344
-61.78130
-61.94542
-62.11152
-62.29895
-61.61460
-62.03444
-62.07620
-61.99124
-61.66871
-61.32502
-61.14574
-61.30333
-62.53944
-63.36607
-62.63353
-60.11119
-59.42632
-60.30215
-62.40517
-62.25773
-60.85605
-60.44538
-60.69946
-62.65954
-63.73845
-63.11834
-62.59841
-63.03623
-63.35250
-63.15882
-63.24081
-62.87166
-61.78410
-60.59786
-60.75183
-62.00432
-62.51399
-62.64517
-62.46835
-62.41789
-62.59746
-64.34451
-65.90951
-64.97567
-63.53707
-63.68440
-63.44808
-62.43007
-64.14474
-65.82728
-66.31959
-65.96635
-66.38836
-66.20890
-66.62902
-67.00468
-66.71256
-66.98532
-66.73612
-66.33107
-67.16852
-69.13735
-67.47133
-67.48363
-67.73596
-68.49115
-67.80001
-68.18112
-70.37189
-69.43071
-69.81837
-71.07374
-69.57350
-67.65661
-67.83344
-69.65817
-69.19628
-67.67549
-70.86617
-72.07394
-71.34164
-71.78350
-72.53779
-71.42034
-70.06747
-70.94983
-71.69397
-72.18279
-72.38203
-73.67389
-73.72333
-73.67675
-72.48016
-71.26796
-71.05087
-71.62107
-72.71731
-71.33353
-70.95661
-71.38871
-71.63001
-72.37983
-72.63828
-72.33649
-71.86049
-72.68779
-74.09098
-74.07455
-73.96003
-75.79423
-75.04871
-75.08279
-75.08260
-74.00436
-72.35565
-73.16463
-73.47354
-73.10515
-72.95772
-72.38848
-73.47432
-73.38438
-74.44782
-74.88153
-74.57561
-72.60826
-73.92380
-75.05150
-74.88102
-74.82502
-77.56837
-76.06928
-77.40104
-76.39219
-79.61642
-72.75788
-64.64719
-66.23792
-68.26066
-70.50218
-72.09369
-73.84752
-74.22884
-74.14901
-76.14023
-76.17969
-76.29504
-76.40071
-77.09855
-76.62335
-76.78406
-75.90035
-75.31547
-74.89909
-76.12692
-75.45594
-75.87017
-75.95481
-75.88470
-75.05546
-74.99174
-75.29091
-75.65349
-75.58407
-76.02073
-76.51546
-75.69376
-76.83122
-76.25963
-75.64850
-75.82283
-76.93081
-76.89442
-76.40929
-77.25727
-78.02182
-77.96698
-78.09836
-78.47578
-77.73655
-77.87981
-77.96132
-77.55274
-77.33936
-77.54117
-78.26506
-78.12687
-77.02832
-76.77949
-77.78428
-79.11412
-79.20228
-78.40369
-78.76085
-78.83965
-79.06429
-79.15693
-79.14609
-79.00021
-79.72475
-81.12833
-79.12385
-77.74596
-78.74922
-79.36235
-80.20072
-80.13965
-80.74475
-81.19182
-81.48369
-81.41096
-81.47729
-81.56222
-82.03390
-81.98624
-82.70959
-83.54666
-82.77905
-81.85329
-81.54320
-82.60235
-81.69241
-82.98221
-81.82099
-83.58700
-82.12154
-84.31210
-82.21460
-84.21953
-81.96259
-84.20422
-81.49761
-86.35542
-77.92832
-64.09157
-64.55729
-67.47511
-69.40528
-72.46878
-73.66241
-76.31163
-76.86628
-79.80139
-80.01026
-82.87481
-81.80409
-82.52176
-81.58879
-83.25422
-82.86325
-84.22736
-83.35093
-82.77574
-82.74480
-82.51181
-83.03574
-82.94116
-85.70178
-84.03261
-85.86312
-83.23485
-87.57357
-82.27755
-88.68611
-81.23662
-128.19845
-70.60094
-62.23019
-64.76727
-66.72662
-69.15765
-71.06081
-73.03408
-75.39227
-76.89869
-77.92813
-77.87840
-78.10224
-78.77443
-80.29997
-79.63137
-80.38386
-78.61575
-78.44925
-77.67778
-78.10803
-77.02578
-76.54448
-75.62634
-76.15881
-76.15620
-76.41888
-76.13846
-76.33670
-77.12387
-76.97914
-77.02636
-76.69353
-77.07354
-74.06389
-72.75833
-73.42251
-74.04954
-75.00105
-76.00546
-76.04645
-75.69775
-75.80828
-76.09537
-76.52872
-76.20690
-75.85859
-75.50294
-75.67811
-75.25998
-74.91068
-75.26108
-74.75191
-74.17165
-74.44307
-74.95936
-74.74912
-75.76069
-76.47725
-75.73502
-75.01766
-74.59856
-74.64789
-74.52565
-74.35494
-74.61701
-74.06543
-73.56717
-74.09228
-74.81672
-75.14730
-75.26926
-75.45633
-76.20585
-77.44956
-78.24341
-78.72569
-79.74987
-81.18139
-80.29633
-80.22558
-81.41251
-82.00628
-82.12920
-81.67684
-81.20708
-81.40762
-82.28008
-83.26138
-83.95100
-84.26410
-84.34482
-83.69616
-84.05437
-84.57200
-84.80632
-86.52463
-86.54320
-87.40713
-85.47683
-80.24825
-81.46490
-83.10319
-84.65440
-86.97493
-85.71706
-87.69817
-85.46089
-85.89192
-86.09659
-85.98343
-86.00037
-87.62308
-85.71553
-85.35661
-85.42348
-86.30103
-87.15081
-87.47846
-85.75357
-85.47684
-86.80019
-86.54552
-87.52161
-85.03972
-85.80063
-85.12528
-88.25033
-84.63108
-89.01282
-82.00970
-89.73685
-71.08583
-64.98993
-67.46639
-68.74681
-71.52942
-73.58072
-75.33575
-75.27218
-76.56329
-78.13170
-77.36915
-76.66645
-76.83695
-76.79167
-75.69077
-76.64112
-76.31334
-75.30103
-74.88444
-74.94911
-74.93452
-76.05620
-76.49831
-77.36799
-77.41361
-76.94078
-75.21343
-75.01559
-75.18998
-75.79275
-76.04666
-75.56902
-75.86287
-74.13455
-72.65396
-73.15100
-74.10474
-74.54645
-74.80414
-75.48817
-76.19700
-75.96936
-76.36867
-77.01202
-76.86111
-76.28285
-76.36852
-76.35685
-77.13221
-77.70291
-77.31998
-77.18213
-78.05538
-78.51787
-79.49124
-80.38614
-80.48682
-80.57948
-80.62161
-80.90974
-81.31000
-81.13484
-80.96789
-81.43454
-82.35060
-82.82754
-79.33930
-79.97090
-81.67032
-82.65531
-83.30769
-83.23319
-84.00362
-84.15950
-84.63667
-84.57537
-85.56636
-85.57588
-86.09950
-86.45248
-86.28936
-85.56112
-86.15115
-85.82589
-86.92980
-86.58077
-85.94563
-86.20237
-86.06127
-86.16187
-86.84439
-86.71585
-86.26955
-86.44252
-86.33511
-86.87894
-86.47817
-87.48216
-85.56752
-85.29235
-87.55084
-87.20361
-88.55156
-88.04675
-87.25326
-89.34847
-88.76077
-89.14416
-89.40349
-89.99785
-89.03138
-91.58593
-88.85731
-90.47384
-90.82270
-91.47160
-91.39621
-92.22341
-90.25077
-91.96836
-92.75380
-92.89301
-96.12703
-93.03938
-96.50028
-92.98493
-106.02878
-92.31379
-103.90923
-87.94722
-87.85562
-69.61914
-63.01042
-66.33391
-67.63005
-69.85482
-70.80332
-71.90831
-72.45090
-72.93856
-73.45641
-73.31961
-72.83349
-72.87338
-75.28955
-76.24133
-76.63129
-74.57056
-73.60474
-72.54903
-73.34143
-74.04113
-73.58401
-73.28741
-74.34541
-73.40670
-72.42829
-72.58935
-73.33375
-72.72220
-72.75134
-71.46483
-71.18506
-71.74554
-61.24108
-59.57499
-62.87977
-63.88739
-66.03043
-66.29826
-67.89961
-67.97446
-68.77337
-69.78922
-69.85396
-70.62453
-69.69438
-69.63775
-69.89789
-71.08740
-71.69970
-72.24370
-71.87755
-71.07261
-70.93932
-71.82238
-71.47714
-73.08267
-73.19407
-74.98785
-72.17471
-72.28087
-70.66757
-71.85590
-71.20425
-72.39040
-67.15548
-56.87255
-57.57458
-60.56786
-62.73162
-66.03779
-67.30897
-70.58739
-70.09460
-72.64860
-72.78378
-74.90348
-72.45134
-73.43320
-73.57338
-76.28930
-75.86714
-77.32102
-76.83638
-76.67680
-76.35974
-76.44976
-77.30879
-77.04759
-80.26506
-78.48964
-82.42978
-78.10094
-84.74588
-77.32195
-88.30976
-75.10509
-84.81972
-63.76554
-54.46265
-56.89439
-59.80915
-62.98046
-66.84197
-68.88750
-73.76151
-74.55134
-79.61051
-75.85795
-81.47667
-76.50395
-81.09406
-76.47413
-85.18171
-74.35610
-54.78202
-54.33522
-59.28449
-61.90270
-66.72869
-68.52403
-74.09151
-72.64835
-74.84066
-74.59878
-75.82304
-78.70401
-76.33706
-81.95901
-72.56364
-93.07411
-56.06868
-49.91591
-52.16054
-55.53811
-58.81071
-60.47759
-64.60336
-67.04517
-70.64995
-72.65116
-73.57813
-74.38742
-73.47939
-73.70781
-73.72785
-73.85394
-71.16867
-67.84461
-66.78755
-69.39160
-71.13531
-72.35209
-70.28500
-70.57210
-70.65124
-70.88594
-69.57643
-70.54174
-70.32271
-70.18560
-70.66213
-70.65674
-71.05458
-63.81287
-61.45076
-64.83637
-67.46288
-69.41408
-70.44358
-72.63635
-70.91738
-71.18299
-72.12178
-70.90109
-71.34875
-72.29341
-71.45493
-70.71981
-72.76562
-69.14406
-66.79610
-68.06870
-69.58044
-70.34466
-71.92533
-71.87714
-73.23637
-71.75548
-74.36523
-71.80591
-74.27576
-70.55518
-74.69681
-70.69271
-76.47692
-64.13503
-53.59977
-55.12890
-58.80546
-62.21516
-65.24129
-65.39684
-68.42121
-69.44661
-70.72279
-70.56029
-72.63297
-70.62547
-70.33986
-70.08749
-69.51780
-70.90989
-56.07066
-53.85534
-57.78172
-60.56534
-65.23370
-66.01428
-69.43168
-69.72503
-70.41346
-69.13818
-70.15636
-71.20459
-69.90476
-69.98878
-69.25092
-71.80316
-65.14337
-60.51637
-62.25897
-64.32891
-66.17535
-67.16500
-67.02942
-68.06034
-69.02168
-69.84820
-69.06972
-70.55005
-69.47670
-71.25360
-70.78394
-72.20605
-69.47851
-66.05264
-65.46520
-68.14230
-70.10072
-70.65673
-71.22771
-71.40617
-70.20025
-71.06146
-71.28601
-70.79816
-72.31573
-70.39453
-74.48267
-69.78679
-84.75037
-57.43733
-51.43674
-54.68618
-58.13243
-61.28143
-64.42309
-65.60734
-71.10259
-60.19780
-55.24471
-57.93212
-59.89336
-62.67751
-64.48190
-66.46256
-70.06858
-67.44565
-65.83478
-65.82480
-68.85839
-68.37439
-71.75943
-68.16693
-71.46273
-65.16630
-55.25098
-52.65300
-53.62019
-57.39096
-59.91215
-62.28143
-65.78022
-67.61408
-64.05125
-62.72670
-65.20770
-67.53357
-70.33836
-69.70214
-69.61763
-68.92504
-67.85591
-67.45474
-68.81269
-67.61189
-67.96084
-68.21628
-68.18070
-68.00053
-66.92371
-66.15969
-66.97940
-66.71817
-67.34088
-70.20497
-68.35420
-69.28307
-66.45754
-65.05144
-66.69645
-65.42288
-67.01804
-68.08945
-68.66294
-70.86745
-68.77645
-64.71035
-63.30061
-64.55591
-66.20143
-67.64219
-68.13228
-69.71475
-69.61998
-66.51286
-67.78502
-68.79812
-68.01874
-71.76941
-69.79452
-70.92085
-70.46401
-69.15236
-68.23036
-69.26984
-68.93453
-71.49070
-70.77375
-72.04246
-71.73980
-69.64561
-67.65762
-65.64628
-68.76216
-68.37692
-72.28553
-69.05270
-80.19257
-58.58033
-53.90828
-57.29229
-59.74429
-62.91810
-66.81225
-67.12401
-74.49241
-62.05245
-54.15526
-56.57074
-59.75333
-61.81483
-66.30239
-65.91170
-71.59787
-65.18664
-55.84474
-56.90572
-60.33164
-62.02503
-66.16078
-66.87075
-70.31654
-69.61642
-70.37992
-68.92958
-71.30431
-70.68056
-69.95164
-70.52336
-69.87246
-74.80477
-57.44574
-53.67305
-56.54979
-58.72628
-62.01393
-64.24613
-65.58262
-72.82454
-57.24312
-51.44490
-53.14406
-58.61735
-55.74928
-53.02315
-56.85690
-59.66451
-63.46147
-63.66289
-65.96906
-67.81587
-67.49354
-69.12873
-69.39113
-70.39631
-67.72687
-67.42507
-65.76464
-67.22393
-66.38640
-66.46183
-65.65581
-66.99675
-66.87743
-63.49105
-63.77469
-65.81231
-66.00134
-67.44797
-68.43166
-69.16283
-69.92803
-63.08240
-61.50467
-65.01550
-67.10462
-66.54022
-65.92729
-66.47679
-67.75247
-66.75943
-66.02906
-67.28642
-67.46470
-68.85381
-69.99962
-70.13134
-70.59034
-70.61949
-69.29438
-69.50639
-70.10281
-69.02968
-70.24632
-70.16539
-71.05117
-68.83952
-65.21330
-66.38479
-68.00417
-67.80695
-68.99498
-69.72263
-68.65225
-67.07540
-65.18116
-61.94013
-64.08458
-70.46456
-65.35957
-65.78349
-69.61829
-68.78299
-70.14578
-69.31062
-69.32872
-69.65932
-69.05283
-69.82611
-70.38545
-70.42416
-70.26911
-69.58037
-71.16643
-72.99642
-72.78359
-71.47744
-70.76371
-71.72963
-69.38413
-67.33169
-69.49355
-69.87110
-70.44771
-71.79160
-71.48126
-72.31831
-68.98236
-65.63743
-66.66516
-68.92117
-70.09236
-68.56591
-69.12699
-71.08088
-70.26342
-69.66416
-70.40642
-73.99734
-72.08741
-76.98090
-73.64764
-76.73606
-73.73101
-79.67921
-75.14497
-80.23232
-77.07808
-81.68359
-78.15983
-79.21450
-81.00484
-53.10314
-51.27781
-54.81974
-56.70931
-59.84665
-61.94778
-64.61084
-68.54722
-56.65468
-53.39014
-57.76167
-60.66865
-63.39553
-65.71411
-64.48194
-68.20624
-57.86637
-53.62759
-56.93173
-59.84428
-61.84549
-65.30918
-63.77279
-69.50414
-59.21537
-51.64183
-54.13209
-56.86693
-59.34315
-63.39844
-63.52040
-66.00642
-66.40258
-62.64304
-63.59350
-65.77061
-64.01035
-67.35797
-66.54687
-67.93603
-66.28444
-64.63119
-63.52783
-66.72142
-67.74790
-67.26604
-68.20707
-67.17416
-68.18290
-55.42059
-54.25889
-59.15566
-61.83387
-64.86801
-64.24487
-65.96345
-66.46115
-65.02653
-62.41499
-66.14410
-65.49242
-65.23168
-67.64187
-66.54989
-68.62975
-65.54391
-63.16559
-65.20036
-66.39895
-65.32639
-67.85582
-67.09782
-68.26145
-66.26660
-64.04963
-65.00039
-69.03770
-66.17618
-67.41225
-66.72315
-69.43026
-65.92136
-53.76835
-54.17014
-58.95153
-61.13521
-65.26682
-66.29201
-67.43181
-67.67693
-64.39807
-64.73465
-67.21153
-66.31874
-67.14291
-66.66124
-67.70840
-68.21345
-67.08702
-66.20873
-67.95955
-68.36475
-67.89993
-68.10323
-68.56829
-69.07080
-66.11795
-65.69445
-67.61807
-68.65981
-68.27143
-68.59012
-67.26451
-70.09696
-65.70632
-62.90978
-64.62928
-67.01728
-68.75635
-69.89061
-69.15079
-69.85172
-68.91330
-67.32561
-69.04002
-70.86554
-70.07526
-72.18872
-72.98869
-72.87267
-72.07743
-52.22471
-50.00422
-53.45661
-55.20434
-57.94042
-58.47351
-59.56335
-59.46666
-60.78376
-63.04051
-63.81044
-61.18023
-61.40955
-61.11269
-60.75982
-62.23936
-60.86878
-61.18922
-62.11691
-60.68792
-62.85336
-63.04901
-61.02033
-59.66054
-59.42054
-62.47169
-63.29149
-62.78421
-61.63007
-61.58019
-60.92652
-59.51958
-59.10455
-59.19308
-59.89355
-61.09014
-61.73597
-62.91188
-64.40454
-63.75506
-63.19256
-62.29552
-61.62229
-61.33567
-61.24929
-60.45928
-59.55324
-59.79232
-55.39970
-53.88260
-56.48928
-57.37869
-57.76335
-57.13713
-55.64107
-56.84571
-57.65914
-57.73329
-58.76393
-59.68583
-58.98491
-58.81215
-59.10382
-58.21934
-59.99866
-54.35293
-51.81032
-54.62672
-56.77311
-57.60373
-58.01665
-58.23852
-58.75477
-60.17192
-61.59962
-60.98211
-61.25066
-60.76776
-61.74058
-61.62986
-63.67992
-58.04362
-51.19337
-51.70595
-52.49256
-53.77539
-55.52847
-56.02828
-59.11216
-58.85163
-57.02009
-55.45936
-56.77476
-59.34329
-58.88984
-59.37684
-57.25795
-57.23143
-57.42315
-56.65281
-57.74282
-57.80996
-59.80182
-60.73852
-61.77057
-63.27757
-60.32240
-57.46305
-59.03970
-63.07350
-63.17693
-61.00120
-61.52864
-61.84302
-62.84393
-60.93216
-61.09386
-63.89971
-63.98383
-63.20063
-62.36941
-63.21534
-62.98118
-63.75207
-64.49365
-63.87376
-63.44902
-67.26582
-64.05988
-63.58289
-59.18125
-52.13949
-50.48249
-52.48917
-53.24270
-54.05363
-52.78298
-52.93975
-54.42192
-53.25027
-54.00811
-56.10805
-58.23000
-56.68916
-57.99529
-56.80182
-58.16830
-59.82430
-59.91420
-59.62574
-57.47633
-59.34224
-58.42295
-59.22155
-60.64686
-56.47768
-53.11594
-51.60316
-53.53034
-56.53806
-56.42291
-59.62734
-60.77647
-60.29336
-59.06685
-58.60046
-61.69087
-62.28854
-60.55351
-60.67366
-60.18456
-59.35764
-59.67432
-60.59579
-61.84639
-60.25284
-60.06320
-60.40190
-61.46136
-61.65048
-62.43203
-62.45152
-61.33607
-61.09480
-60.84212
-59.77600
-59.47312
-62.50134
-55.57770
-53.29787
-53.84647
-52.17958
-51.57375
-51.96994
-54.60212
-54.51208
-53.72196
-55.04866
-54.96112
-55.47134
-56.49157
-56.39725
-55.53788
-56.66982
-58.78013
-57.26869
-56.98083
-56.38771
-55.92226
-55.26028
-55.19792
-57.63269
-58.98834
-57.92904
-57.87604
-57.23201
-58.39750
-59.50218
-58.47245
-61.18445
-60.27597
-61.14221
-58.95400
-57.58345
-58.43418
-60.25932
-61.09001
-62.42239
-61.37949
-54.67868
-54.52103
-57.33922
-58.66300
-60.10056
-60.81921
-60.78744
-63.58635
-56.56440
-53.96386
-57.38578
-58.75053
-60.37975
-62.25326
-63.02814
-65.58571
-58.35824
-54.98041
-58.22694
-59.60665
-60.66707
-63.29612
-63.69713
-64.67578
-63.77880
-65.91271
-62.49303
-64.15345
-61.97563
-61.35809
-62.70679
-64.92249
-62.69112
-52.27247
-52.55407
-53.82479
-54.88027
-55.36197
-55.92269
-58.93795
-58.35317
-53.39074
-50.66591
-53.28641
-55.07180
-52.66813
-51.69008
-54.20754
-56.74911
-58.35407
-57.36961
-57.01024
-56.98202
-58.18719
-58.21839
-58.59831
-57.91879
-57.15214
-59.56566
-57.42476
-57.06194
-58.14424
-58.10799
-58.73356
-58.38678
-57.00849
-57.19752
-57.33795
-57.08710
-57.55105
-58.09421
-59.09298
-59.41374
-58.86740
-56.96180
-57.04024
-59.72850
-59.47078
-59.33578
-59.80154
-60.43892
-62.12944
-60.40992
-58.89404
-59.88861
-61.35099
-62.61347
-60.84568
-60.02204
-60.31311
-60.75354
-62.01805
-61.94840
-62.25245
-62.48435
-61.84978
-61.89968
-63.37179
-62.66047
-61.95819
-62.23855
-62.29711
-60.88987
-61.91047
-63.66698
-63.06571
-63.02583
-61.95481
-61.54000
-63.98486
-64.99197
-63.07199
-65.21835
-65.70486
-65.60985
-64.69675
-62.81735
-63.37418
-64.84894
-65.27262
-64.62899
-63.63758
-64.25891
-66.12043
-65.55127
-65.52829
-66.60600
-67.61153
-66.79801
-67.48073
-68.31146
-66.73565
-66.39035
-67.37759
-67.80307
-65.62176
-63.23396
-61.85064
-62.26915
-62.20165
-61.59955
-62.51806
-63.56053
-64.54763
-63.83608
-64.82130
-65.43916
-66.12793
-65.81209
-65.64902
-64.44473
-63.87681
-64.05217
-65.11405
-67.27175
-67.13644
-67.24758
-66.74804
-68.01781
-66.06604
-70.35873
-65.93749
-77.17529
-59.58937
-48.65648
-50.18863
-51.71193
-50.59164
-53.76457
-53.23567
-52.02178
-49.94770
-50.38276
-51.39545
-52.20038
-53.13566
-53.55299
-53.55682
-54.17423
-56.28570
-53.37172
-52.71041
-53.70295
-55.63049
-56.53397
-56.62324
-54.56162
-55.75916
-50.47158
-49.95867
-54.40116
-53.41400
-56.23900
-57.88408
-58.03734
-59.03974
-58.74882
-56.76667
-58.79879
-57.98333
-58.00325
-57.97978
-57.11785
-59.59995
-57.50606
-56.68550
-57.32219
-58.94771
-60.21764
-60.87738
-59.40938
-63.49596
-59.37449
-52.07315
-54.21234
-54.59376
-55.47677
-52.98440
-51.73687
-53.34049
-53.32637
-56.31143
-53.96958
-54.18937
-55.77528
-54.50939
-55.65220
-58.93449
-56.93358
-55.43256
-56.33747
-56.12011
-55.32626
-56.04711
-56.75046
-58.04901
-57.39293
-56.48964
-58.12078
-58.54895
-58.80029
-58.53389
-58.22239
-57.43620
-58.43925
-55.13004
-52.19579
-54.75951
-56.31581
-57.16915
-59.21606
-58.05065
-59.29498
-58.14262
-58.36536
-59.62248
-60.36869
-60.39053
-60.36992
-59.71614
-58.96992
-60.77289
-59.79495
-61.14333
-61.97900
-61.17289
-61.02059
-61.58467
-61.93445
-60.20926
-60.12680
-61.54039
-62.00099
-61.44513
-61.89756
-61.59912
-61.10081
-62.39049
-60.51537
-59.63456
-62.07254
-63.56581
-64.37103
-64.82115
-64.81255
-63.01989
-63.01489
-65.04832
-64.90328
-64.35819
-65.17751
-66.43163
-66.22865
-68.13356
-65.22848
-60.53485
-59.06076
-60.17038
-61.98225
-61.54075
-60.29138
-58.11158
-57.22899
-59.03128
-62.46253
-63.00168
-62.50531
-63.10175
-63.18771
-63.63881
-63.86833
-61.54705
-62.15416
-63.21856
-62.45522
-62.65662
-62.44337
-62.26715
-59.64380
-59.49454
-62.06094
-65.48562
-65.67407
-63.78292
-63.36232
-62.77216
-64.24740
-64.41255
-64.92521
-65.07204
-65.49722
-65.49403
-65.12420
-69.00719
-68.39062
-68.44858
-66.16751
-66.55061
-68.63137
-70.40204
-68.45210
-70.73840
-64.27338
-55.96549
-56.20398
-57.08277
-58.17173
-61.09123
-60.31640
-60.06870
-59.97736
-60.63183
-59.41383
-58.44422
-59.50012
-58.21705
-59.68767
-61.35315
-63.66428
-62.96862
-60.99769
-61.19539
-61.75109
-61.76168
-60.77463
-62.37608
-62.04411
-62.00265
-62.18880
-64.06485
-62.68309
-64.68734
-63.46757
-64.46385
-68.05434
-68.13851
-62.50767
-56.53780
-55.92680
-55.61437
-58.54418
-58.39174
-59.23076
-59.08825
-56.42784
-56.98822
-58.63531
-60.74105
-59.02897
-58.26081
-59.15200
-59.14081
-59.92224
-59.92640
-58.41241
-60.46038
-61.78243
-62.41521
-61.22568
-62.92417
-63.46992
-60.34257
-61.44779
-63.98800
-66.37120
-65.24501
-63.29804
-66.13914
-70.74009
-65.76708
-64.53939
-66.27560
-66.61075
-65.82569
-65.01089
-67.31517
-68.80094
-66.91674
-69.82053
-67.37365
-67.07473
-68.03807
-70.59387
-71.07032
-72.69724
-67.51042
-58.47526
-56.70581
-59.01876
-59.63611
-59.60117
-58.12406
-57.80703
-60.83111
-60.09519
-61.40430
-61.31712
-60.58250
-60.03416
-60.87838
-60.67537
-61.87933
-62.31909
-61.38696
-62.22455
-62.18319
-63.17260
-62.34549
-63.58095
-63.11843
-62.99814
-63.84745
-65.44127
-64.96001
-66.40323
-66.91296
-65.37768
-64.86152
-66.14247
-66.27848
-67.89924
-67.82720
-65.40621
-65.74485
-65.79324
-66.10071
-64.76641
-66.15523
-66.93538
-69.02566
-68.70710
-68.86883
-69.28555
-69.89575
-69.28370
-69.57969
-68.99259
-69.21551
-68.99969
-70.22313
-71.15522
-70.27290
-69.98057
-58.58627
-57.53910
-58.44211
-56.10107
-57.43265
-61.11469
-62.56168
-58.93104
-58.56019
-58.48534
-56.25017
-58.78745
-61.06217
-59.26493
-58.75883
-60.77328
-64.82067
-60.74842
-61.82598
-63.28546
-61.57502
-62.86463
-61.46792
-62.99935
-64.54673
-64.07233
-63.23403
-64.17644
-66.85767
-66.05438
-66.14660
-67.48366
-66.92100
-66.94523
-66.32194
-64.44172
-65.57815
-66.38606
-65.86462
-67.31396
-68.92484
-67.45042
-67.92668
-69.68956
-71.54607
-71.36019
-69.28449
-70.52960
-70.52653
-70.57403
-70.87075
-69.55822
-70.12649
-70.91536
-69.96357
-69.58716
-70.12876
-70.68979
-70.34320
-69.51113
-69.72883
-70.74127
-69.93448
-70.44515
-71.27762
-71.66626
-72.66187
-72.12759
-71.10374
-71.94641
-72.49953
-71.14685
-74.27315
-71.78493
-66.75428
-62.88486
-61.37200
-61.20398
-61.05112
-62.50201
-62.38038
-63.98055
-64.08052
-62.81150
-63.01247
-61.26656
-61.29095
-64.23593
-65.10185
-63.04894
-62.53663
-63.20346
-63.00738
-62.64716
-65.34463
-67.22163
-68.02996
-67.30980
-67.43361
-66.62627
-66.89935
-69.19789
-67.72115
-68.74019
-67.45904
-67.10731
-66.87866
-66.80446
-67.13981
-67.69626
-66.74633
-65.75782
-65.76041
-66.43641
-69.06080
-67.88935
-69.77620
-69.33327
-68.34856
-68.36199
-68.22776
-69.65169
-71.30905
-71.46386
-69.49380
-70.04365
-70.26243
-72.18186
-71.65776
-70.54158
-69.17443
-70.30089
-70.76203
-71.66025
-73.60515
-72.27936
-73.88162
-72.61949
-71.99441
-72.84850
-73.23131
-72.30573
-71.80741
-71.35498
-72.37630
-74.50615
-74.49950
-73.42667
-74.88966
-75.44843
-74.46519
-75.18685
-77.46607
-78.11936
-76.12380
-73.56353
-73.54648
-75.16987
-75.00103
-74.90143
-74.72248
-75.99641
-74.72995
-76.18787
-77.09774
-76.25882
-75.42932
-77.60969
-78.00523
-77.40071
-78.01127
-77.58954
-80.06629
-79.01256
-80.22425
-78.86513
-79.47730
-78.59505
-79.18368
-78.57519
-79.01836
-79.48216
-77.42340
-79.37615
-80.96989
-81.01506
-79.92116
-81.22291
-82.78384
-83.85684
-81.57129
-81.30766
-79.55317
-78.12099
-80.25330
-81.23638
-81.65463
-81.07493
-80.52864
-82.96257
-82.59833
-86.62739
-82.93648
-92.12569
-68.26453
-60.31897
-60.75108
-59.77544
-60.19982
-63.05891
-64.14271
-62.13007
-59.95145
-62.35190
-64.15564
-62.74958
-63.25277
-63.39282
-62.05142
-64.17205
-65.07826
-65.33047
-64.68615
-65.46720
-68.08035
-67.23003
-65.95978
-64.94116
-67.71609
-67.34404
-64.98558
-64.81478
-67.59884
-66.85362
-66.09016
-68.13955
-69.09178
-69.10708
-69.76785
-69.37842
-68.31059
-68.57428
-66.89525
-68.18295
-68.49710
-67.88704
-69.82760
-70.44669
-70.10350
-70.08218
-71.48565
-73.88782
-74.78992
-74.11853
-72.93636
-70.48292
-68.74529
-66.72691
-64.26375
-63.44744
-64.50375
-66.45101
-67.63447
-67.38405
-68.07666
-69.79493
-68.16182
-68.30385
-67.24713
-67.26729
-68.42164
-68.21497
-68.35651
-69.09932
-68.10504
-67.84817
-69.25752
-67.92465
-71.01273
-70.35470
-69.20219
-70.99589
-71.42576
-71.11609
-69.18312
-69.25156
-70.83211
-71.88094
-71.62692
-69.79966
-70.71962
-71.55904
-70.97215
-72.00988
-72.38409
-71.48562
-72.79576
-73.58122
-73.17329
-73.10659
-71.23355
-73.65907
-73.36250
-74.15921
-74.53771
-73.25753
-74.08432
-74.08817
-74.01917
-74.34862
-76.27338
-75.16896
-74.41792
-73.23653
-73.21043
-73.81062
-73.64963
-74.49080
-76.15973
-76.12023
-74.69001
-75.96844
-75.85126
-76.68163
-77.31483
-78.32836
-77.17994
-78.20733
-78.49728
-75.88140
-76.72914
-77.63784
-81.14546
-80.06160
-81.44844
-73.80065
-70.33021
-71.89094
-72.62031
-72.08663
-72.99263
-73.45955
-71.71342
-72.41959
-74.08952
-75.62766
-75.10426
-75.05898
-75.76560
-75.54411
-75.06796
-75.55092
-76.43903
-77.94227
-76.57914
-75.34822
-76.38211
-77.67204
-76.73767
-73.89696
-73.91069
-75.87937
-76.62168
-76.89452
-77.78384
-77.99111
-77.63225
-79.41593
-81.93873
-81.14090
-79.71024
-79.91643
-78.89749
-79.52600
-81.24237
-81.10939
-80.43781
-79.42543
-81.50677
-82.07717
-83.40860
-81.97584
-86.57774
-73.27309
-67.50396
-68.96730
-71.40749
-71.91405
-71.68667
-72.99125
-74.93553
-76.70650
-75.24560
-74.65812
-74.57206
-71.81716
-70.19129
-73.21095
-75.42999
-75.74697
-73.44141
-72.57291
-73.56441
-75.62088
-74.46498
-74.25708
-76.64445
-75.88947
-78.20452
-77.32370
-75.52146
-74.35320
-76.90753
-74.46337
-77.50355
-79.39939
-78.26361
-71.04828
-69.15179
-70.02230
-68.63284
-71.30591
-70.65112
-72.45481
-70.11771
-69.38969
-68.98840
-69.80275
-71.84520
-71.21120
-71.39525
-70.86082
-71.94349
-71.98733
-71.76419
-71.15096
-73.34162
-74.39550
-73.75329
-73.62465
-75.33650
-75.65210
-73.74471
-75.80234
-77.21397
-77.23204
-76.37154
-75.24054
-78.76780
-79.68431
-78.94634
-78.49103
-77.93615
-79.67905
-78.71917
-77.16563
-78.82767
-79.93631
-79.00029
-79.39095
-77.27392
-77.65609
-79.05116
-81.04543
-81.27451
-85.06436
-74.07315
-66.89779
-67.78836
-70.50039
-71.50652
-71.32530
-70.41000
-72.54546
-72.81025
-73.07041
-73.87840
-73.19639
-73.47825
-72.57898
-70.35350
-70.79351
-74.13973
-72.20626
-72.88923
-73.26846
-74.40308
-75.61687
-74.35239
-75.23242
-74.70063
-73.81882
-74.44295
-74.74718
-74.34978
-77.92386
-77.55628
-77.09528
-76.37094
-77.21210
-79.30883
-78.60717
-79.01232
-78.14007
-78.22236
-77.42824
-75.70518
-76.97209
-77.79104
-78.21626
-78.29208
-78.11967
-80.81332
-81.33999
-80.80130
-80.78934
-81.18825
-80.68811
-79.60682
-79.43421
-80.56641
-80.78267
-83.60495
-75.81652
-70.13748
-68.07525
-66.35194
-66.41854
-68.20824
-68.44089
-67.79319
-69.60373
-71.10501
-70.37739
-70.24754
-70.59090
-69.93871
-70.50855
-69.36491
-70.01691
-72.44889
-71.47452
-73.58304
-72.32591
-70.60484
-69.83984
-71.21118
-74.15915
-73.22630
-72.63650
-71.95590
-74.25377
-75.67730
-74.62089
-75.51506
-76.74542
-76.53593
-77.48949
-76.21860
-75.44883
-75.93210
-75.35145
-75.18022
-75.83670
-75.85880
-75.61561
-77.07828
-79.33372
-81.34121
-81.03392
-81.47732
-79.69915
-82.07990
-81.05084
-79.88435
-80.01938
-78.54580
-80.53330
-81.27973
-81.75148
-82.57072
-83.87659
-81.57634
-81.36763
-81.28314
-79.75790
-82.68058
-82.40404
-81.03223
-82.72352
-81.50075
-79.48168
-81.09917
-83.39418
-80.35649
-81.38962
-84.52741
-82.59026
-77.46994
-72.97553
-73.28359
-73.30921
-71.15164
-70.31476
-70.68476
-72.44505
-72.76864
-71.07186
-71.69897
-72.74776
-71.50166
-71.18685
-72.11718
-73.71067
-74.90989
-75.51294
-73.89552
-74.28546
-74.43358
-74.58260
-76.18481
-74.52950
-75.10597
-75.38425
-75.14159
-75.68952
-74.43177
-75.77880
-77.05153
-74.88077
-73.78862
-74.65503
-74.67385
-74.70006
-74.92758
-74.61442
-75.26834
-75.95232
-78.76866
-78.26578
-80.16954
-80.47586
-80.34489
-81.85920
-79.09122
-77.63962
-78.64204
-78.40574
-77.05464
-78.56465
-78.90568
-81.40276
-79.40268
-77.95057
-80.06052
-81.07017
-80.25693
-81.98975
-82.23876
-82.28858
-81.00637
-79.55058
-80.94451
-81.16142
-81.07757
-79.86541
-79.98703
-81.36466
-82.26370
-83.45077
-82.01131
-81.09810
-84.63995
-82.61680
-82.41295
-84.72715
-86.22532
-83.18421
-83.87381
-83.36549
-82.43220
-82.66125
-82.10059
-84.68758
-83.00600
-84.05503
-83.48621
-84.10165
-84.85724
-83.55904
-83.76618
-85.92581
-84.00024
-87.33670
-87.39181
-85.25563
-86.42706
-85.39548
-86.98029
-85.65853
-86.20812
-84.53102
-86.45462
-87.45016
-88.63182
-88.16662
-86.43501
-86.19282
-87.54386
-87.42622
-87.51522
-88.09869
-90.72082
-88.84351
-88.61578
-86.18918
-84.72400
-85.84486
-88.62661
-91.38592
-89.53820
-87.93591
-87.63903
-89.24547
-86.72234
-92.61086
-88.00979
-92.45197
-70.16085
-65.24700
-64.61067
-65.57549
-68.45340
-68.66167
-68.02212
-66.80748
-69.59989
-68.69519
-67.88171
-68.74032
-70.10750
-68.90563
-67.00894
-68.77447
-70.39564
-72.20737
-70.84193
-71.22007
-71.53663
-71.58460
-71.17111
-70.75873
-71.46705
-71.02782
-72.05812
-72.32206
-73.52871
-74.50321
-73.59475
-74.12713
-75.78876
-73.02468
-74.34085
-73.69470
-72.50652
-74.13807
-73.13564
-76.85430
-74.28080
-75.21202
-77.66801
-77.17273
-75.37330
-74.58731
-75.59572
-77.44756
-79.51976
-79.14825
-77.05593
-72.25045
-71.43321
-68.04222
-65.93179
-67.85296
-67.52487
-66.69427
-67.82967
-69.57273
-73.00752
-70.72303
-71.68505
-72.56676
-71.07587
-70.80190
-72.66037
-69.89293
-70.20342
-73.34508
-71.65779
-75.55900
-71.51113
-72.08433
-73.76628
-73.50792
-73.26279
-73.23316
-73.04862
-74.93090
-75.65881
-73.74511
-74.21317
-72.80351
-73.36561
-75.21336
-77.07389
-75.83570
-76.73784
-75.68484
-74.79818
-74.18276
-74.22731
-72.95771
-73.77528
-77.35825
-77.60522
-76.23755
-77.31937
-79.64379
-79.02309
-78.65437
-77.76060
-76.39365
-76.74839
-78.52567
-78.60371
-81.38744
-80.68972
-80.06282
-79.68872
-79.88918
-80.35778
-81.10036
-81.78720
-80.51487
-81.43038
-79.66930
-78.82355
-80.50903
-81.68322
-84.76928
-86.45154
-84.25976
-82.83783
-80.16516
-79.55455
-81.77052
-82.93571
-83.66650
-84.82699
-80.67235
-80.41923
-79.92113
-79.65580
-82.61383
-81.61283
-80.70058
-80.65781
-81.42412
-79.75188
-79.63331
-82.32862
-84.78164
-84.61132
-83.00011
-84.55217
-81.95736
-80.33682
-81.86250
-80.82199
-78.85916
-78.26112
-79.18666
-80.62004
-82.34151
-83.49840
-81.60243
-83.38834
-83.88265
-84.29338
-85.12245
-85.06639
-83.96356
-77.94218
-77.17649
-77.44517
-76.75568
-76.73466
-76.13647
-77.28685
-79.43206
-80.52168
-81.30393
-82.79259
-83.42849
-82.26928
-82.22021
-80.87556
-82.22292
-75.12461
-70.37550
-69.54220
-69.20525
-70.32845
-71.12151
-72.23930
-75.30979
-77.71918
-76.24005
-75.69078
-74.29175
-74.45057
-76.61549
-75.23971
-76.00520
-74.78721
-72.10694
-71.30949
-71.40983
-71.81904
-71.36935
-72.53432
-71.94827
-70.89374
-70.32843
-70.48407
-73.15644
-73.43673
-72.53924
-71.68313
-72.18927
-74.67739
-69.36365
-66.88221
-67.32945
-66.19571
-67.67117
-68.73730
-68.88987
-71.53181
-71.31387
-70.18829
-71.69253
-70.07120
-69.83588
-73.25405
-70.82195
-70.55376
-75.28897
-73.15300
-73.34181
-73.81117
-69.55667
-69.40092
-72.58027
-74.87787
-74.53601
-74.01379
-73.47426
-72.59659
-73.78184
-75.41251
-74.92904
-76.04965
-75.99771
-77.54449
-74.51530
-73.52984
-74.43784
-74.47462
-76.53720
-77.14572
-77.47760
-80.54467
-79.97028
-75.35254
-75.67941
-76.28613
-78.90481
-80.43799
-80.64616
-81.30317
-84.12554
-82.97838
-81.11964
-82.94539
-82.45830
-83.41358
-83.60840
-87.45084
-87.63725
-86.53206
-87.82211
-86.93771
-88.67781
-87.28756
-87.37146
-92.24733
-90.31011
-90.14982
-88.52797
-88.57876
-87.24287
-87.13413
-91.65555
-92.14445
-92.70942
-93.53681
-91.82421
-89.15842
-90.95172
-93.72336
-94.68140
-94.76663
-97.46231
-97.63452
-95.35096
-94.00791
-95.01074
-94.02452
-94.28755
-100.29235
-98.41915
-101.44850
-99.91203
-98.19647
-98.11149
-97.38956
-97.75429
-98.39802
-103.95077
-104.95141
-104.75332
-101.54472
-99.89495
-102.17893
-105.02688
-104.68655
-106.00503
-107.06401
-104.37999
-107.89537
-106.66319
-108.75555
-109.61070
-106.36278
-109.58585
-112.50282
-108.31310
-105.61393
-109.95375
-110.83502
-112.96621
-113.32761
-115.16980
-110.91752
-110.89761
-114.62866
-111.94285
-117.05374
-119.42946
-121.34287
-121.64236
-122.13079
-122.95105
-126.74139
-125.17403
-125.94113
-130.78182
-133.25833
-132.88966
-136.69481
-135.90939
-136.65776
-138.85890
-138.65739
-140.28249
-138.42488
-141.58365
-139.08055
-142.08850
-139.01781
