-103.15959
-78.57114
-74.13998
-75.17632
-75.44957
-76.68034
-76.92176
-78.14145
-78.03855
-79.32405
-79.75271
-80.41862
-80.88601
-81.40336
-82.18385
-82.77507
-83.46346
-84.28786
-85.00797
-85.23844
-86.48242
-86.30312
-86.78992
-80.92278
-79.39851
-79.53781
-79.15434
-79.10615
-78.26047
-77.85704
-77.19124
-80.34554
-86.85698
-84.82625
-75.68253
-74.28303
-75.74347
-75.72450
-77.01648
-77.37573
-78.09198
-78.72396
-79.21767
-79.08802
-79.82103
-78.63820
-78.64621
-78.78824
-78.70199
-78.49709
-78.68191
-78.37479
-78.37050
-80.42092
-81.69528
-82.03485
-79.82746
-80.52719
-81.26669
-81.98548
-82.19294
-82.72980
-80.92875
-81.28353
-78.75165
-80.52519
-79.98072
-74.18119
-74.84253
-75.08704
-76.68841
-77.16847
-78.03056
-78.89602
-79.39525
-80.35332
-80.23962
-81.51438
-81.51287
-82.08930
-82.19156
-82.27662
-81.74459
-82.31754
-81.05851
-81.34583
-80.40640
-82.67320
-83.27180
-80.77128
-81.22004
-81.54491
-81.36681
-81.26102
-80.53186
-79.77908
-79.52944
-77.89987
-77.82122
-73.02048
-72.20205
-73.37097
-73.42149
-74.61855
-74.99820
-76.22016
-76.17812
-77.30586
-77.65369
-78.38249
-79.50798
-79.67980
-79.98778
-80.37522
-80.01585
-80.51829
-80.53315
-80.31690
-80.56191
-80.30380
-80.18974
-77.14301
-77.57599
-78.66695
-79.40330
-79.82979
-80.41643
-80.45306
-80.20903
-79.95395
-78.80386
-78.58938
-72.45465
-70.66860
-72.67046
-74.26781
-74.72458
-75.54878
-76.57983
-76.53424
-77.09815
-77.40816
-78.36813
-77.97869
-78.93670
-79.24356
-79.56638
-79.32042
-78.86287
-78.74357
-78.38843
-78.38424
-78.26242
-77.85211
-75.94867
-75.95872
-78.16713
-80.28015
-80.96371
-82.52324
-82.42953
-83.26684
-82.15614
-82.87748
-78.96692
-72.60108
-71.97592
-72.07413
-72.88728
-73.24985
-73.97618
-74.91601
-74.86465
-75.70450
-75.85261
-76.70393
-77.19496
-77.55502
-78.34550
-80.14735
-79.05760
-80.72746
-79.65608
-81.22018
-79.70033
-81.62663
-79.16538
-77.54809
-77.44607
-77.82060
-78.85546
-79.39699
-80.84701
-79.93996
-82.01979
-77.93282
-86.06027
-67.25130
-65.02570
-70.51049
-70.17941
-72.28693
-72.51007
-74.38529
-75.09934
-75.09578
-76.82665
-76.41463
-78.66290
-76.15608
-79.04317
-75.67023
-83.52047
-72.00590
-64.18567
-69.13918
-74.28527
-77.09636
-79.98156
-77.32828
-76.39924
-76.68453
-76.43088
-79.89629
-67.64003
-65.67129
-72.53550
-74.63697
-78.51183
-79.03040
-67.60471
-66.51847
-71.45696
-70.22654
-73.03234
-72.07361
-73.11949
-73.85999
-76.10616
-76.09205
-76.54396
-76.48924
-74.79446
-77.94213
-75.43534
-84.44831
-68.13577
-64.77070
-70.26731
-74.84732
-77.72954
-80.10488
-77.14312
-77.23916
-76.08342
-77.64155
-75.25463
-65.52779
-67.19398
-74.47730
-74.23267
-79.32534
-73.64904
-65.47212
-67.48779
-71.38908
-70.75705
-72.67746
-71.41897
-73.69535
-72.23827
-74.66818
-75.77080
-77.81745
-78.38388
-79.03821
-79.68748
-78.91557
-82.89354
-65.72035
-66.34102
-74.36568
-75.40765
-78.65458
-79.75082
-78.29218
-79.56193
-77.28507
-82.25735
-73.07779
-64.02277
-67.92287
-74.39953
-75.42674
-84.53225
-72.05144
-65.46828
-68.95099
-71.19094
-71.76094
-73.48245
-72.61937
-74.63314
-73.19939
-75.58538
-74.27654
-77.68343
-74.82518
-78.19642
-75.24344
-79.49063
-73.47927
-63.47169
-67.08798
-72.82457
-74.81639
-79.84480
-77.68065
-75.73450
-77.09466
-76.73472
-81.53888
-69.29860
-64.55766
-69.71032
-73.59301
-76.47846
-82.17133
-67.92502
-65.01178
-69.80495
-69.55239
-70.52097
-70.40664
-70.99604
-71.47732
-71.40220
-72.20858
-71.50205
-73.64083
-74.41084
-80.39969
-75.71465
-86.98903
-69.59131
-64.08003
-70.34479
-73.84805
-76.21409
-80.78125
-77.18788
-76.40403
-76.98617
-77.07400
-78.42859
-66.37935
-65.86805
-72.70552
-73.81286
-78.16973
-76.40191
-66.65788
-66.28956
-70.70790
-70.00498
-72.25722
-71.39599
-72.93371
-72.22423
-73.43938
-73.07838
-73.58194
-73.77168
-72.59392
-74.96868
-74.34214
-80.63399
-65.41666
-64.31348
-70.85448
-72.39620
-76.60573
-77.96941
-75.95203
-76.45208
-75.60821
-77.48671
-74.12166
-64.75585
-66.56881
-73.00191
-74.00075
-79.98362
-72.72124
-65.43696
-66.94094
-69.99054
-69.98804
-71.30967
-70.49299
-71.29152
-70.05107
-71.72276
-71.57324
-73.23321
-73.06291
-74.67221
-74.17887
-73.36458
-76.15093
-65.83996
-66.15692
-71.07230
-73.68393
-79.68560
-79.21523
-76.26128
-76.19883
-76.35113
-81.12534
-71.25572
-64.94992
-68.54302
-72.72552
-73.72734
-80.23846
-69.41742
-64.03366
-66.86801
-67.59171
-68.03149
-68.87348
-69.36076
-70.48968
-69.78873
-71.13205
-70.16169
-72.71676
-72.20100
-74.23726
-72.00950
-74.34557
-69.53157
-63.30711
-67.18586
-72.66190
-76.20272
-82.23810
-76.92575
-73.34852
-74.13207
-73.47583
-76.34604
-67.06540
-64.46193
-70.67631
-73.89685
-75.81301
-77.43747
-66.39853
-63.74119
-66.81987
-66.28700
-67.49087
-67.23637
-68.75713
-69.56701
-70.06829
-70.76172
-70.60624
-71.89552
-70.88091
-72.50726
-70.57489
-73.84219
-66.06134
-63.10965
-67.71316
-72.61753
-77.97693
-81.22128
-74.91267
-73.11391
-72.91439
-73.55342
-73.33495
-65.61410
-66.49623
-72.45372
-73.49879
-76.92103
-74.44994
-65.44085
-65.62112
-68.69212
-68.73844
-70.84905
-69.98830
-71.99973
-71.66655
-74.00721
-73.86376
-75.08099
-73.92204
-73.35070
-74.13727
-72.83878
-75.35155
-65.22472
-64.70876
-70.41205
-71.22576
-75.27190
-80.27939
-74.85728
-75.03211
-73.98365
-77.41287
-72.28847
-65.03077
-67.96950
-74.17591
-75.55575
-84.42144
-72.69701
-63.86026
-65.73547
-66.84581
-66.62631
-67.89214
-67.77013
-68.83470
-68.25384
-69.73737
-70.09365
-71.08400
-69.04980
-69.94360
-69.32976
-70.34867
-69.61192
-64.11100
-65.73362
-69.88382
-70.52880
-71.92697
-73.32672
-73.33692
-73.56692
-72.48669
-75.12985
-68.46078
-64.47750
-68.75410
-72.75751
-73.63279
-79.20212
-67.80954
-63.56832
-66.87224
-66.72264
-67.52873
-68.12962
-68.31570
-68.97067
-68.55150
-69.60689
-68.61370
-69.76438
-69.62428
-71.31621
-69.73209
-72.62680
-67.24266
-62.95873
-67.22102
-69.56831
-70.32030
-71.38993
-70.34454
-69.96429
-71.98700
-73.50193
-75.01493
-66.51026
-65.08173
-70.79613
-71.45436
-74.43855
-74.05354
-65.21146
-64.23227
-66.04369
-64.92734
-66.48443
-67.34217
-70.10277
-71.22998
-72.35766
-72.14685
-70.98372
-69.65631
-68.37613
-69.40202
-68.52201
-72.41986
-65.84367
-63.99250
-68.96876
-70.62681
-71.24921
-70.22981
-69.03037
-68.94576
-68.12599
-70.09694
-71.08835
-65.00702
-66.25903
-72.56135
-73.56355
-77.47985
-71.78689
-64.53060
-66.10172
-67.98628
-67.14973
-68.14452
-67.40977
-69.12140
-69.32121
-71.81583
-72.27640
-73.97903
-71.21374
-70.01724
-69.59765
-69.02903
-70.27389
-63.64646
-65.55934
-71.29255
-72.75037
-74.60551
-72.36860
-71.46275
-71.13688
-70.74523
-71.92250
-69.18172
-64.96802
-68.40105
-74.08310
-74.67850
-83.17706
-70.32350
-62.90503
-65.36994
-67.14844
-68.59956
-70.43441
-70.09521
-72.09165
-70.89021
-72.44402
-70.54689
-72.22601
-71.67955
-73.02215
-71.61666
-74.22264
-72.00754
-64.12479
-67.22927
-73.06599
-74.84304
-78.68452
-73.51533
-70.63084
-72.31922
-72.63931
-76.80657
-67.98484
-64.44748
-70.23298
-74.30202
-75.54474
-78.98403
-66.85081
-63.39826
-67.18767
-67.11115
-68.36631
-68.40350
-69.22415
-70.36996
-71.02942
-72.75884
-72.27778
-72.55153
-70.65518
-73.56231
-72.25642
-79.90105
-69.01929
-64.01001
-68.66021
-71.85222
-73.75547
-75.27178
-73.53179
-72.73494
-72.49042
-72.19693
-72.76029
-65.95072
-65.52056
-69.46257
-71.21215
-76.90051
-76.30828
-65.62969
-65.15955
-68.24575
-67.15029
-69.45743
-69.02168
-70.45238
-70.78659
-72.42697
-73.39554
-74.72707
-72.95250
-72.51350
-74.47539
-72.65144
-76.81047
-65.91952
-64.39369
-69.88595
-73.05820
-75.74641
-76.56784
-73.98552
-74.12382
-73.86326
-74.78248
-71.34982
-64.91583
-66.43963
-70.65990
-68.83777
-72.75571
-73.06611
-63.76970
-64.60960
-66.75057
-66.97314
-68.75030
-68.47472
-69.91734
-69.75392
-70.42870
-69.05724
-70.97352
-70.70471
-72.12624
-72.42922
-73.82379
-73.85095
-64.69114
-65.80093
-70.88017
-72.20028
-74.54269
-74.23688
-72.12472
-73.12044
-72.50534
-74.74129
-69.11549
-64.56516
-68.09608
-70.12340
-69.85248
-71.25336
-65.93750
-62.94389
-65.44471
-65.80408
-66.17722
-66.66500
-66.41508
-66.48093
-66.68901
-68.15181
-68.76325
-69.70691
-68.83909
-70.40559
-69.32543
-70.03072
-66.46201
-62.86448
-65.70843
-68.14715
-69.15595
-71.19432
-69.82267
-68.14554
-68.66037
-69.09692
-68.34569
-64.43455
-63.80254
-66.98000
-66.56468
-66.26167
-66.29638
-63.13176
-61.68262
-62.46016
-61.60703
-61.75649
-62.05396
-63.23522
-63.98052
-64.34256
-64.14259
-63.74714
-63.85470
-62.57257
-63.92617
-64.80252
-66.29409
-61.80439
-59.62068
-59.95401
-59.18887
-58.61627
-60.03871
-61.47362
-63.50834
-67.34941
-66.87839
-67.20006
-62.43964
-63.39839
-66.28273
-64.83491
-63.46189
-62.00376
-59.84535
-59.78762
-61.15931
-60.94975
-62.33629
-63.12769
-62.83240
-62.31030
-63.10469
-62.51334
-60.03977
-59.93898
-63.03843
-64.33470
-66.38848
-69.74884
-64.43101
-64.71159
-69.63895
-65.54626
-63.65446
-62.76417
-60.69435
-62.78877
-63.07686
-64.61761
-66.48739
-62.81842
-65.14471
-68.43919
-66.89627
-68.31782
-64.90314
-60.81198
-62.02384
-62.94047
-62.81842
-63.97869
-64.18626
-62.60153
-63.91520
-63.54861
-63.37815
-63.76198
-60.93527
-61.27035
-60.07844
-60.74939
-61.72451
-61.31639
-63.66936
-65.60798
-66.68692
-67.02559
-67.03338
-67.06378
-67.09006
-67.51958
-67.00874
-64.50865
-63.80472
-65.72380
-66.13390
-66.62225
-68.78022
-64.30256
-61.50227
-62.31282
-61.76113
-62.26160
-62.87051
-62.21499
-62.20893
-62.98608
-64.28632
-65.34788
-65.49067
-64.83508
-67.83060
-67.63004
-69.01838
-65.72047
-62.03596
-65.19325
-67.05540
-68.75817
-70.42815
-68.19617
-66.05160
-65.82101
-66.86413
-66.55266
-63.80770
-63.17570
-64.15544
-63.98602
-63.40666
-64.15500
-61.54913
-60.01945
-62.04926
-62.45673
-63.41396
-62.71769
-62.92773
-61.90589
-63.24072
-66.06115
-65.40034
-66.91421
-67.48734
-67.09720
-67.55188
-67.90016
-68.08302
-68.96313
-67.74973
-68.53225
-66.12119
-67.49812
-66.28150
-64.95495
-66.32270
-67.55025
-67.39860
-67.55604
-66.71698
-67.88845
-67.80810
-72.21358
-67.21182
-56.33756
-56.98187
-57.76388
-57.22175
-59.13450
-59.97827
-60.61541
-60.69872
-60.61464
-61.46966
-62.85478
-62.38498
-63.62139
-63.58294
-64.70378
-64.51018
-61.17126
-61.48798
-64.14133
-64.69532
-65.92360
-65.73920
-64.49940
-64.45027
-63.94254
-64.35968
-62.53994
-63.09705
-65.61216
-68.88285
-67.08271
-72.06792
-66.16666
-56.89273
-57.07295
-56.43013
-57.20765
-58.48808
-58.45523
-59.71026
-60.66671
-62.22958
-61.35410
-60.98263
-60.77231
-61.13321
-61.96451
-63.73763
-63.30285
-60.73879
-61.21469
-62.42749
-63.80968
-66.84760
-65.48416
-65.76574
-64.69122
-64.38425
-65.44065
-64.19729
-63.15090
-65.49086
-65.41169
-65.48385
-67.01327
-62.91535
-60.80833
-59.43533
-59.41502
-59.96059
-60.73771
-61.40477
-62.35658
-62.92623
-65.15681
-65.53710
-65.01297
-63.85918
-64.89009
-66.47518
-68.77169
-65.29557
-59.48759
-60.36249
-60.68120
-61.56691
-61.87774
-61.08441
-61.74452
-62.04197
-62.61828
-62.28513
-61.47036
-62.06415
-63.77796
-63.66282
-64.37164
-65.40369
-57.61413
-55.75366
-57.29280
-58.27938
-59.62959
-59.05553
-60.34652
-60.97367
-62.21384
-61.77143
-61.50660
-61.56899
-61.58918
-61.94889
-62.92351
-63.90694
-61.21028
-61.37977
-62.92923
-60.41501
-59.70043
-60.24474
-59.26023
-59.70822
-59.52930
-60.06756
-60.61511
-60.51320
-61.74242
-63.23963
-62.96740
-63.66488
-61.85662
-57.90794
-57.30339
-57.04864
-57.83239
-59.44023
-59.83187
-61.09555
-61.65891
-62.71478
-62.78914
-61.60425
-61.85742
-63.68242
-64.03690
-64.65810
-65.31657
-62.82106
-61.97448
-63.18904
-64.86206
-66.69999
-66.60976
-65.89480
-66.94193
-64.86262
-64.71299
-62.86639
-62.98083
-65.89986
-68.71765
-67.77034
-72.74316
-65.41067
-57.30219
-57.90089
-58.19589
-58.61773
-59.18972
-59.77272
-60.14491
-60.33891
-61.01662
-61.03698
-61.99981
-61.82143
-62.38551
-62.14666
-63.41527
-63.06477
-61.38341
-63.47493
-64.08917
-64.51054
-64.92586
-64.75100
-65.95025
-66.77181
-66.54138
-66.46650
-63.73712
-63.76755
-66.14631
-68.02146
-74.60052
-65.53488
-58.13509
-56.10975
-57.48019
-58.26743
-59.26604
-60.08243
-60.38143
-60.89201
-61.43346
-61.13005
-60.35358
-61.00383
-61.09491
-62.28939
-62.82686
-64.39216
-61.47447
-60.87603
-62.51270
-62.64332
-64.67965
-65.58119
-64.55093
-66.22026
-68.63975
-62.48380
-59.84828
-59.08645
-59.28580
-60.01400
-60.36191
-59.48062
-60.41705
-57.33170
-55.21122
-57.68467
-58.77042
-59.99553
-59.78128
-60.45793
-61.09291
-60.94920
-61.20054
-61.28222
-61.64482
-61.78622
-62.08334
-62.91713
-64.05024
-59.96620
-57.94121
-58.83425
-58.97121
-59.83525
-60.94279
-61.86641
-62.26617
-61.53281
-62.39578
-62.34684
-60.82698
-60.09338
-60.61332
-60.62073
-61.70227
-61.74923
-58.44341
-56.26278
-56.57205
-57.09306
-58.12274
-59.65066
-58.50892
-58.76656
-60.09632
-61.10625
-62.73683
-62.86997
-62.90833
-63.33042
-62.46596
-61.76309
-60.89298
-61.68337
-62.70898
-62.31936
-63.57048
-63.68432
-63.43226
-64.92285
-65.02807
-65.75822
-63.83358
-62.61350
-65.31124
-66.00363
-66.29864
-67.07102
-61.66354
-59.64339
-60.25721
-59.32091
-60.06934
-60.08865
-60.30157
-61.23072
-62.16014
-62.84570
-62.77897
-62.63233
-61.23925
-61.63783
-62.13935
-63.35322
-62.92292
-61.42272
-63.48596
-63.95607
-63.91193
-65.18402
-65.43801
-66.00803
-65.77954
-66.23179
-66.00057
-64.00868
-63.90213
-66.75242
-67.17809
-67.45319
-65.70547
-58.98891
-57.93266
-58.51610
-59.11970
-60.26495
-58.93743
-59.59817
-60.88561
-62.57849
-62.51071
-63.84874
-64.79954
-65.07524
-65.57452
-64.43258
-66.23814
-63.20352
-62.67754
-66.27602
-67.06637
-67.10914
-67.01436
-64.84154
-65.36500
-65.22093
-65.45882
-65.02429
-63.25854
-65.36859
-72.89220
-73.14467
-79.28145
-73.12998
-59.00173
-57.73766
-59.00347
-60.26788
-61.79916
-61.62857
-62.43729
-62.64597
-63.60857
-63.81082
-63.71464
-62.78713
-63.71538
-64.34915
-65.20297
-65.14403
-61.80124
-61.95325
-63.29433
-64.05131
-65.97687
-66.45800
-65.14518
-65.45809
-64.39702
-64.82459
-63.76639
-62.12294
-64.49609
-67.20409
-66.31469
-71.91612
-66.75119
-57.67044
-57.62660
-58.73225
-59.10874
-59.11485
-58.57631
-58.11599
-59.11578
-59.90493
-56.91656
-56.99724
-57.35192
-57.31770
-56.99759
-57.00663
-57.02597
-56.98558
-59.26980
-59.68016
-58.47701
-58.58792
-59.12753
-59.27983
-59.69145
-59.52020
-59.11923
-57.79499
-57.51081
-57.79198
-59.02428
-60.95956
-63.69997
-59.83350
-56.49446
-57.39785
-57.21130
-57.31228
-56.83512
-57.29723
-57.37645
-57.98546
-58.61126
-58.50060
-58.10834
-57.73475
-57.58935
-57.41846
-57.95286
-57.21466
-56.53122
-56.49364
-56.65424
-56.21881
-56.76868
-57.23112
-57.57355
-57.70121
-57.38982
-57.46432
-57.46604
-57.40961
-57.74350
-57.98293
-57.18002
-56.52045
-56.58492
-56.22710
-56.93152
-59.15903
-60.16704
-62.16713
-63.02176
-62.77212
-63.73464
-63.44136
-63.28130
-63.66134
-63.37415
-63.88066
-63.65397
-64.32580
-60.89729
-58.10832
-59.75265
-59.92349
-59.66366
-59.41774
-59.71213
-60.22543
-59.02202
-57.85384
-57.99639
-57.57501
-57.09873
-57.88020
-57.66076
-57.36915
-56.36495
-54.91666
-54.36481
-55.10438
-55.51596
-55.65671
-55.89336
-56.14481
-56.81104
-56.85746
-57.12936
-57.34939
-56.85397
-57.45180
-57.49566
-58.36508
-60.13637
-58.99098
-60.54773
-61.96933
-63.54450
-59.99159
-57.08483
-56.90349
-56.39081
-56.85682
-56.57370
-57.12452
-57.68390
-58.52428
-58.74481
-57.55629
-57.88941
-57.62498
-56.06616
-56.05604
-55.62939
-56.37047
-57.02101
-56.53054
-56.53031
-57.43446
-58.26631
-57.25499
-57.73982
-57.97470
-57.97523
-57.34663
-59.05361
-60.91053
-60.10812
-60.90486
-62.02364
-63.30794
-64.25583
-63.98474
-64.03051
-64.14216
-62.84828
-62.76707
-61.16413
-61.87886
-63.78748
-65.12190
-64.62553
-65.32031
-61.16230
-57.46458
-58.10395
-57.37544
-57.60697
-57.72956
-58.42372
-58.62573
-59.02502
-59.65263
-60.35357
-61.58897
-61.48821
-61.33152
-61.44108
-61.85237
-59.39217
-58.81573
-59.33821
-60.03439
-61.36176
-62.55476
-62.05298
-60.85885
-59.91668
-59.69131
-60.30877
-60.05924
-60.27125
-61.11070
-60.50227
-61.84033
-62.73811
-57.56145
-56.37321
-56.81977
-56.60727
-57.31030
-57.44515
-58.25839
-58.12668
-58.24842
-58.95867
-58.50131
-57.25250
-58.26466
-58.89648
-57.96929
-59.17499
-58.56922
-58.25573
-59.28832
-59.57144
-58.23092
-57.13097
-56.92532
-58.51557
-58.74444
-57.25712
-56.40159
-56.34251
-56.51310
-56.91781
-57.93067
-59.31054
-60.12690
-57.93227
-57.57562
-56.90071
-57.50945
-58.58825
-58.27660
-58.89770
-59.65419
-59.76621
-59.59644
-60.60942
-60.56065
-60.48351
-60.56042
-61.09447
-60.80216
-57.73097
-58.14444
-59.60406
-59.18740
-59.83363
-59.52545
-59.84704
-59.47114
-59.70485
-60.01732
-58.75139
-58.74960
-59.92617
-61.30873
-60.96245
-62.34311
-60.48134
-57.04259
-58.11818
-57.15341
-58.29007
-58.95371
-57.62391
-57.91048
-57.81408
-59.76277
-60.32545
-60.96327
-60.76421
-62.29442
-61.32099
-61.10891
-61.09616
-58.56459
-58.39442
-58.69219
-58.68966
-59.28320
-59.67109
-59.77188
-60.00729
-60.35972
-61.11737
-60.06372
-60.06624
-60.75591
-61.30259
-61.44147
-62.68527
-59.56745
-59.67404
-60.64268
-58.06184
-58.81356
-58.92163
-59.39531
-59.49801
-59.91619
-60.53756
-60.79252
-60.33587
-59.95948
-60.23591
-60.03791
-60.69676
-59.53223
-58.98645
-60.04809
-59.70334
-59.66657
-60.05232
-59.77872
-60.07301
-59.77802
-59.82299
-59.77647
-59.20665
-59.67169
-60.29400
-59.90271
-60.31926
-60.11748
-57.84181
-58.73923
-59.69308
-59.31373
-59.37557
-58.45644
-58.88340
-59.10236
-60.11218
-60.92076
-61.49484
-61.96505
-63.04457
-64.36650
-63.74797
-63.10882
-60.88602
-61.48134
-63.63623
-63.65583
-63.94287
-63.99808
-63.03090
-63.49788
-63.27784
-64.00398
-62.16524
-60.51360
-62.18575
-63.37332
-62.78482
-64.55096
-63.99725
-57.92030
-58.40003
-59.13432
-59.49535
-60.35142
-59.51647
-59.38130
-59.28475
-60.81433
-61.62380
-63.14304
-63.24200
-64.65211
-64.55827
-66.72058
-65.72892
-62.04639
-63.71355
-65.59904
-63.75814
-61.48831
-59.55222
-59.28690
-59.75812
-58.90575
-59.12553
-58.90724
-59.22990
-61.17377
-64.10676
-62.47851
-65.18054
-61.24288
-57.51315
-59.31878
-58.82249
-58.88987
-58.63460
-59.78962
-60.40127
-59.69142
-59.73902
-62.47177
-62.67066
-61.62185
-62.71004
-61.91269
-63.89651
-61.34215
-59.57093
-60.14230
-60.68497
-61.12503
-61.18758
-60.55962
-59.53749
-59.36248
-59.80422
-60.26098
-60.20986
-61.26892
-61.92507
-63.63850
-66.42896
-69.25674
-59.73923
-57.11949
-58.15797
-58.36276
-59.27412
-58.92376
-59.28513
-58.94383
-60.39350
-59.48101
-59.90428
-59.81492
-59.53964
-59.68921
-59.56982
-60.54668
-59.06007
-59.01798
-59.52923
-59.59601
-59.73899
-60.50167
-60.25663
-60.07541
-59.89050
-61.14569
-61.62747
-60.50352
-61.41313
-61.54067
-60.88296
-61.11792
-60.69860
-58.80734
-58.34385
-59.48627
-61.07721
-62.43046
-63.29062
-64.15734
-64.32631
-64.86956
-64.28592
-64.65417
-65.78524
-66.99799
-68.03159
-68.66069
-69.83988
-61.76215
-60.21726
-61.59348
-61.12300
-61.58944
-60.95864
-61.14678
-60.80659
-60.72868
-60.87753
-59.39240
-59.47715
-60.19593
-59.55821
-59.23287
-60.30587
-59.81981
-56.27618
-56.54656
-57.27471
-57.35559
-57.98326
-58.00266
-58.64674
-58.37751
-59.29270
-58.86758
-58.69515
-58.71284
-59.47141
-60.44613
-61.89671
-62.75468
-61.04820
-63.17025
-61.78865
-59.15753
-59.44557
-58.64692
-58.76477
-59.09991
-59.53909
-60.10274
-58.76120
-59.39499
-60.81902
-60.99138
-61.12391
-61.64153
-58.19184
-56.60889
-58.20396
-58.09707
-58.35098
-59.32839
-60.33225
-59.38813
-59.35636
-60.93235
-60.43562
-59.25266
-60.13205
-61.55046
-60.36237
-61.92513
-62.71871
-61.66223
-62.17828
-63.80413
-65.31428
-65.90489
-66.33009
-68.30012
-66.66480
-64.65544
-63.81287
-61.97316
-64.58621
-67.48025
-68.36924
-69.81061
-72.73189
-60.43560
-57.71621
-59.08232
-58.52643
-59.37151
-59.21348
-60.34957
-59.84289
-60.44363
-60.36947
-61.01324
-60.97336
-60.87664
-61.32590
-61.40586
-62.61061
-60.79281
-61.57089
-62.69674
-62.36218
-62.45036
-62.70581
-63.36295
-65.08789
-64.56615
-64.78850
-63.18909
-61.51379
-62.39282
-64.48415
-64.58404
-66.94093
-66.21314
-58.14302
-57.52144
-58.04054
-58.80583
-59.93953
-59.88855
-60.79191
-60.23332
-60.34209
-58.76047
-59.36449
-60.90255
-61.46822
-61.63598
-60.75943
-59.05546
-57.21241
-58.24331
-58.93437
-60.51905
-61.38723
-60.25849
-61.04162
-62.23010
-61.40393
-58.70085
-57.75491
-58.00198
-58.77174
-59.55674
-59.51411
-61.00452
-59.98723
-57.46457
-58.43737
-58.79610
-59.77931
-60.26451
-59.73237
-60.32685
-60.10220
-60.90909
-60.60451
-61.11526
-60.99593
-61.48467
-61.54909
-62.42918
-62.34913
-58.68790
-59.47872
-59.50362
-59.08957
-59.74067
-59.68533
-60.32589
-60.75709
-60.94342
-61.51108
-60.37489
-59.61371
-61.30480
-61.36969
-61.46397
-63.82589
-60.19699
-57.93317
-59.45265
-59.06330
-59.39653
-59.24964
-59.88987
-59.40710
-59.69141
-60.47479
-60.74260
-61.83933
-62.70012
-64.01378
-61.94699
-61.71248
-61.20628
-61.48294
-62.72593
-64.14073
-63.77285
-63.54807
-63.93596
-65.15097
-65.31697
-65.39056
-65.18865
-62.22082
-62.48311
-63.27367
-63.03824
-65.29031
-64.62616
-60.12617
-60.83245
-60.59766
-58.93346
-58.94735
-58.89337
-60.18775
-60.96341
-60.85624
-61.02147
-62.22180
-62.13741
-61.39113
-61.10213
-61.23139
-61.57213
-60.00531
-60.82384
-61.93943
-60.60844
-60.62758
-61.83278
-62.25562
-62.47086
-62.06932
-61.88479
-61.68437
-60.67586
-61.07288
-61.70758
-62.42583
-63.36394
-61.47060
-58.49105
-59.17635
-59.68892
-60.11661
-60.32457
-60.15779
-60.76632
-60.98386
-61.32831
-61.05984
-61.95524
-61.86807
-62.68653
-62.51927
-63.56069
-63.63949
-61.45833
-61.98507
-63.87096
-63.60348
-63.47709
-62.98049
-62.59322
-63.46587
-63.64936
-64.56026
-62.55104
-62.22754
-64.30649
-64.73640
-63.89756
-68.04493
-63.17478
-58.45448
-59.51195
-59.71083
-60.66785
-61.05050
-61.92168
-63.14306
-62.25837
-61.11252
-60.16975
-60.03978
-59.96596
-60.76543
-61.46377
-62.34032
-60.81645
-59.95712
-61.15127
-61.31699
-63.98066
-66.05953
-63.90003
-63.68590
-63.23587
-64.43859
-64.77998
-62.36280
-61.70537
-61.69237
-61.12583
-62.42855
-65.90772
-60.36845
-58.71924
-59.90649
-60.43110
-61.12323
-60.42520
-61.73219
-61.92390
-62.19551
-61.10171
-60.13349
-61.01470
-61.06781
-60.43524
-60.06280
-60.94336
-60.49903
-61.08908
-62.73022
-61.89558
-62.42435
-62.92667
-63.65331
-64.57761
-63.60797
-62.87752
-61.64758
-61.19452
-61.32543
-62.32691
-64.08932
-66.11620
-65.37262
-59.08147
-58.45377
-58.63721
-58.41259
-59.99333
-60.22128
-60.29011
-60.29368
-61.57303
-61.13312
-60.77328
-60.25382
-60.93337
-61.48713
-61.50026
-60.87493
-59.55471
-59.84032
-61.68806
-60.49305
-60.06550
-62.22211
-62.02655
-61.74187
-61.04741
-62.46742
-60.71380
-60.01191
-63.40574
-61.73921
-60.77090
-62.02330
-60.42023
-59.71885
-59.45566
-60.73760
-62.30753
-63.23326
-64.37576
-65.05874
-66.20271
-65.71114
-65.83405
-66.66957
-66.27857
-68.07172
-69.14642
-69.35543
-65.90159
-59.53625
-60.05934
-60.95742
-61.46816
-62.55002
-61.90626
-62.22326
-62.01519
-61.71732
-61.98995
-60.96651
-60.54156
-61.81651
-62.82075
-62.89389
-62.40875
-59.20359
-56.78775
-58.17041
-58.24401
-58.77064
-58.87232
-59.28369
-60.84790
-60.75497
-61.04577
-61.23099
-60.66936
-61.06764
-61.05584
-61.21592
-64.21542
-61.50422
-60.67864
-63.73903
-61.28864
-59.03319
-59.21207
-58.74780
-58.77293
-59.05509
-59.98554
-60.39520
-59.87209
-61.07556
-62.47668
-61.81994
-62.05738
-61.97022
-58.29600
-57.48202
-58.59134
-58.77895
-58.79294
-59.15781
-60.97653
-61.74007
-62.29622
-62.27771
-61.03378
-60.44549
-61.85026
-63.12287
-62.59356
-64.27679
-62.83730
-62.19902
-63.63643
-64.60944
-66.05581
-65.96450
-66.02649
-67.60656
-66.03815
-64.89298
-63.55112
-62.56699
-65.52416
-68.09200
-68.28261
-71.01807
-69.23406
-59.97414
-58.28302
-59.11512
-59.13029
-59.85504
-59.78197
-60.31008
-60.73552
-61.82295
-61.99595
-62.50816
-62.25491
-61.94016
-62.00005
-62.74095
-63.47390
-61.80330
-63.32910
-64.24402
-63.46296
-64.10145
-64.29558
-64.83845
-65.82170
-65.48438
-65.64245
-63.29462
-63.02973
-65.16913
-66.84261
-68.12089
-73.40712
-65.27078
-57.63768
-58.44261
-57.60170
-57.60592
-58.50051
-58.64276
-59.88930
-61.08002
-61.68428
-61.37795
-61.20996
-59.72742
-59.76333
-59.58742
-61.68667
-59.82410
-58.86064
-60.95785
-62.27377
-61.32867
-59.99331
-59.57771
-60.37927
-62.21662
-60.11007
-58.45353
-57.61958
-57.61601
-58.34418
-59.08349
-59.78786
-61.45949
-58.79335
-56.46814
-57.24298
-57.62052
-58.37269
-58.36744
-58.75246
-59.56816
-59.83751
-60.93499
-60.56031
-61.41064
-60.51170
-60.97831
-63.01744
-62.76349
-60.43560
-57.79857
-59.40757
-59.74722
-59.46007
-60.34579
-59.76984
-60.13773
-60.24504
-60.82060
-60.87036
-59.33923
-60.14157
-61.30728
-61.27834
-61.47567
-62.11926
-57.87577
-56.28944
-56.30052
-56.51878
-58.04686
-57.25729
-59.31165
-60.01997
-60.35158
-60.17682
-60.88144
-61.07047
-61.25766
-62.14318
-61.18919
-62.68183
-60.65326
-61.90960
-63.44155
-62.43250
-63.39290
-64.04841
-63.82554
-64.97374
-65.06893
-64.78178
-64.20062
-62.53349
-63.08889
-64.71434
-65.07595
-65.45548
-64.05100
-61.75624
-63.16054
-60.80522
-60.06801
-60.66253
-61.30961
-60.51112
-59.59914
-62.97777
-62.19725
-62.19954
-60.59804
-61.29280
-61.80559
-61.65224
-62.70154
-60.87762
-62.70471
-61.98104
-62.74802
-64.83176
-64.48475
-64.58475
-63.90146
-63.21844
-63.27996
-62.28622
-62.42595
-64.16556
-65.75706
-65.75442
-67.01139
-61.76982
-57.96054
-59.14179
-58.33324
-58.25905
-58.53278
-59.62077
-60.88943
-62.33142
-63.68994
-63.90006
-63.86532
-63.45618
-64.64535
-63.78653
-64.42203
-62.15942
-61.92582
-64.71241
-66.56403
-66.88531
-67.67002
-67.41315
-68.15014
-68.63986
-68.68214
-68.29480
-63.03571
-64.32325
-68.66127
-69.72132
-68.86720
-72.35227
-60.40030
-57.05590
-58.95654
-59.28240
-60.76522
-60.64392
-61.14704
-61.07311
-62.61902
-63.61777
-64.57371
-64.64347
-65.59851
-65.64866
-66.15207
-66.44922
-64.78137
-63.25375
-63.30639
-64.92531
-64.80976
-63.82829
-62.91673
-64.07030
-62.55546
-62.36293
-63.04334
-65.31012
-66.47869
-69.05850
-67.62393
-71.00800
-68.44513
-61.65967
-63.68672
-64.73730
-64.75440
-64.62941
-65.34166
-66.56270
-66.61953
-66.60560
-67.00223
-66.93423
-66.59921
-66.27681
-64.31861
-64.65913
-64.71970
-60.63226
-63.56899
-65.45861
-63.22504
-65.61634
-65.49680
-66.40703
-66.27322
-65.53767
-66.04060
-65.70371
-63.27515
-64.13268
-66.13618
-66.67263
-68.29564
-64.51652
-61.50387
-62.56562
-62.76855
-63.67984
-64.47401
-66.03035
-68.25937
-66.95965
-65.85025
-64.87855
-66.18413
-65.83437
-66.24458
-65.25143
-65.72277
-63.89840
-61.31927
-64.89938
-66.33760
-64.47875
-66.18428
-67.89544
-67.72485
-67.46238
-67.57498
-67.73230
-64.40853
-64.15962
-67.46050
-65.64367
-68.03739
-69.25644
-62.77890
-63.16027
-65.44739
-64.65134
-66.36199
-66.70753
-66.55119
-66.39067
-67.40691
-67.42719
-67.63111
-68.81769
-67.85883
-70.34876
-68.79060
-72.66100
-64.90867
-62.44742
-68.35318
-68.64173
-69.73485
-70.50835
-69.61780
-69.43895
-69.52031
-70.84569
-71.56821
-64.87433
-65.95567
-71.21963
-70.46263
-74.17816
-69.30999
-62.13558
-63.13182
-66.15568
-65.47397
-67.45133
-67.92874
-69.04818
-67.95227
-69.81547
-70.39086
-71.40838
-70.82192
-70.29688
-70.65592
-69.26174
-70.70573
-62.78232
-64.13871
-69.66854
-68.98621
-71.07946
-70.54826
-71.37727
-70.54960
-70.34139
-73.44809
-70.34246
-64.32138
-67.32899
-72.24081
-72.10311
-78.22243
-67.91147
-62.33487
-64.68882
-65.89763
-66.43553
-67.56562
-67.55741
-68.98680
-67.91223
-69.16872
-69.28414
-71.53724
-69.73747
-71.66541
-69.23768
-70.40707
-69.20589
-62.20030
-65.57284
-69.17772
-69.50483
-70.71179
-71.19949
-72.95280
-73.80551
-73.16691
-75.05199
-67.84243
-64.45428
-69.47685
-72.82709
-74.37257
-80.25723
-66.18773
-62.02009
-65.53009
-65.99120
-67.77079
-68.51631
-68.80637
-70.14061
-70.65789
-71.70718
-71.54465
-73.14493
-71.54389
-75.11403
-72.02112
-76.65041
-68.35151
-63.06298
-68.46437
-71.58444
-73.87073
-75.36983
-73.24988
-72.59009
-72.53509
-72.11995
-71.42034
-65.14175
-65.14199
-72.52342
-74.01623
-79.93818
-72.96680
-62.97960
-62.03770
-63.49059
-62.46880
-64.09561
-63.96332
-64.86118
-65.71986
-65.96058
-66.28507
-67.42498
-67.08527
-64.58211
-63.42088
-62.91083
-63.57305
-59.93616
-60.68678
-64.79889
-65.06914
-63.89079
-62.20840
-62.08134
-62.19415
-62.37509
-62.31994
-61.82798
-61.91412
-62.51191
-64.76313
-66.09940
-67.51221
-66.24469
-61.44304
-61.82215
-62.54260
-63.33310
-64.99639
-63.60374
-63.78404
-62.50542
-63.97699
-64.59597
-65.38504
-66.48115
-64.11089
-65.08597
-65.15974
-66.00419
-61.88748
-62.53747
-66.17651
-67.44025
-67.99699
-66.58135
-66.91267
-66.04926
-65.52777
-66.35936
-64.01136
-61.06755
-64.14595
-64.34333
-64.33662
-66.89969
-63.88437
-60.81262
-60.93021
-61.09032
-62.81436
-64.02082
-64.38262
-67.78351
-67.64826
-68.68929
-67.81327
-68.88415
-67.96829
-68.77108
-66.75639
-66.87817
-65.34850
-61.61602
-65.18186
-67.42756
-68.23636
-70.24559
-71.60197
-70.85584
-69.73255
-68.90263
-68.68691
-64.77083
-63.14957
-66.02972
-64.85101
-65.47528
-67.06769
-62.75454
-60.49408
-62.39523
-64.06312
-64.83326
-64.50780
-64.62353
-64.67600
-66.44741
-68.27334
-68.22498
-69.32477
-67.85523
-69.23561
-67.99364
-70.52075
-65.38879
-62.49467
-67.45621
-67.59294
-67.00624
-68.77664
-68.62691
-68.91691
-67.67822
-68.02432
-68.80184
-64.92790
-64.83563
-69.01002
-69.62508
-73.40634
-68.23658
-60.06710
-61.87267
-64.91961
-64.65247
-66.41546
-66.00235
-67.34290
-67.51052
-70.40394
-70.10827
-70.66446
-70.16843
-69.76716
-70.88520
-70.30442
-75.31687
-64.64109
-64.18412
-70.42704
-70.52667
-75.73868
-74.33808
-70.85770
-72.81801
-73.24857
-76.70011
-72.30931
-64.40583
-66.94307
-72.73176
-71.23712
-74.23496
-67.88093
-61.16928
-59.78786
-60.18369
-63.10911
-64.86594
-65.62712
-67.95532
-67.45631
-68.97700
-68.74621
-72.10685
-72.31341
-73.83061
-72.51537
-74.42444
-73.13247
-63.92695
-65.79900
-70.56016
-72.88385
-75.80056
-73.23539
-69.71372
-69.29955
-70.12598
-73.98719
-68.49987
-64.13220
-68.99366
-71.87554
-72.11152
-74.86766
-65.04511
-60.53187
-62.22642
-62.68647
-63.08184
-64.00289
-65.17307
-67.07347
-66.82078
-68.14645
-66.89140
-66.72611
-65.94560
-66.29832
-64.94339
-67.08346
-65.29876
-61.77048
-65.88171
-65.53672
-65.05147
-66.87307
-67.72366
-68.24227
-66.59901
-65.98387
-67.14702
-64.86648
-63.21436
-65.95663
-67.24553
-69.02534
-70.62742
-63.30169
-62.62273
-64.16958
-62.46081
-64.63428
-64.94461
-65.73441
-66.30625
-66.32305
-65.91356
-66.07856
-68.77492
-68.76923
-68.10802
-66.21715
-68.09281
-64.10277
-62.74820
-67.75831
-66.63453
-66.24040
-68.74835
-68.29068
-68.78039
-68.74995
-68.81638
-67.66216
-63.51938
-65.55007
-68.71203
-67.09175
-70.06724
-67.20760
-62.18483
-62.56200
-62.61376
-62.43964
-64.61069
-64.86875
-65.98877
-66.54390
-68.64452
-68.59238
-69.91930
-69.77183
-70.13505
-71.48751
-70.48371
-71.79479
-62.98059
-64.06080
-69.91087
-70.29342
-73.26135
-73.60888
-71.31312
-71.24951
-70.23565
-71.24201
-69.07620
-63.85219
-67.71168
-72.09446
-72.73885
-77.39182
-67.40579
-61.38310
-63.53734
-65.16695
-65.41752
-66.42145
-65.98695
-67.93276
-66.84156
-68.89128
-70.16172
-71.16122
-69.86410
-71.74848
-70.88125
-72.92283
-70.17559
-62.63668
-66.26502
-71.46032
-72.23565
-75.80253
-73.08943
-71.97713
-72.13286
-71.57017
-72.81947
-67.75808
-64.10833
-69.33056
-71.28563
-71.91596
-75.17154
-65.29819
-62.91005
-63.77013
-63.87978
-66.04260
-66.77045
-68.24353
-69.86346
-69.90825
-71.84757
-71.65411
-72.21911
-69.90094
-72.31169
-70.13465
-74.20964
-67.34368
-62.57326
-68.44539
-70.78253
-72.95558
-75.73127
-73.59612
-73.35981
-72.56027
-72.43571
-74.71946
-65.93394
-65.15866
-71.57921
-72.72590
-75.48325
-76.31634
-63.22814
-61.61397
-64.71224
-64.35999
-66.07158
-65.84538
-67.42436
-67.30930
-68.23841
-67.94954
-68.44446
-68.49139
-68.83841
-71.50452
-70.46561
-75.11669
-65.52324
-63.74156
-70.39000
-72.77870
-75.97747
-76.46615
-72.21086
-70.96792
-72.02388
-72.68815
-71.63922
-64.77116
-66.65506
-71.57745
-72.22995
-74.54342
-63.54615
-60.52416
-62.01849
-63.16768
-63.18313
-65.08532
-65.40347
-65.69800
-66.83314
-67.18867
-67.32444
-67.59971
-64.30237
-62.27395
-62.21935
-64.07276
-64.05649
-59.89160
-62.14727
-66.49477
-66.56775
-64.82022
-63.58852
-62.99084
-62.68431
-62.70436
-62.80065
-62.40771
-62.26620
-64.54428
-66.58944
-67.31077
-69.56748
-64.83521
-59.77969
-60.43626
-61.45598
-64.28043
-64.31469
-63.25666
-64.17028
-63.03719
-64.91490
-64.64180
-66.23278
-64.62121
-64.22037
-64.76315
-65.96951
-66.16411
-62.11231
-64.60850
-67.77361
-68.47630
-68.08063
-66.98935
-66.48661
-66.97845
-67.05484
-67.79927
-63.96062
-62.44691
-66.35960
-67.02969
-67.79409
-69.18732
-63.35758
-61.03314
-60.48871
-60.08133
-61.77125
-61.57906
-63.37203
-64.27294
-64.52592
-65.87221
-66.79997
-68.55112
-67.43094
-66.81587
-65.77676
-67.21769
-64.10655
-62.65712
-67.97318
-70.23628
-70.71549
-72.90687
-71.62106
-69.30183
-67.73589
-67.83055
-67.81965
-64.11177
-64.47525
-68.11172
-67.33205
-69.89859
-67.44049
-60.59131
-60.20795
-62.86113
-63.24663
-64.57309
-64.67746
-65.14215
-65.51239
-67.79573
-68.46275
-68.26110
-67.99344
-68.43444
-69.02535
-68.27033
-70.57723
-63.07476
-63.21851
-68.70825
-68.34148
-69.69531
-71.02163
-70.10226
-70.05731
-69.11336
-70.67414
-68.60166
-64.12763
-65.95367
-69.82119
-70.51332
-76.88718
-65.62395
-60.21155
-62.96044
-62.70572
-63.83030
-65.53278
-65.47004
-67.87888
-68.15605
-69.70656
-68.74076
-70.17432
-70.19455
-71.88873
-69.96193
-70.67577
-70.68966
-62.57557
-64.92421
-69.32306
-68.49213
-73.73627
-76.09949
-72.40122
-73.06985
-72.69157
-75.55483
-68.71694
-64.35844
-69.10887
-73.77754
-73.28979
-79.03006
-66.26059
-59.23260
-61.81428
-64.98192
-66.48640
-68.04326
-68.81234
-69.95936
-70.21774
-72.12462
-70.73751
-72.03180
-70.83573
-72.98506
-71.56942
-73.69266
-71.48533
-64.51273
-68.19082
-73.17493
-73.43885
-75.55096
-72.55731
-72.72178
-73.57184
-75.37568
-74.63261
-75.38650
-75.29309
-76.60738
-78.30974
-76.93595
-81.57956
-65.76994
-61.78165
-63.59792
-64.44754
-65.44835
-65.66631
-66.77293
-67.08728
-68.14840
-68.99477
-68.67674
-68.80765
-67.63555
-66.39806
-66.33909
-67.80571
-67.83734
-67.85248
-68.56559
-66.56759
-66.46566
-67.65712
-67.51192
-68.30359
-67.57815
-67.66630
-70.75631
-72.13155
-68.36398
-68.57906
-69.97161
-70.02368
-69.89679
-65.80779
-64.25553
-62.42329
-62.35264
-64.69907
-66.05560
-68.19517
-67.55813
-66.84576
-68.04718
-68.37460
-67.97329
-68.43923
-68.26143
-68.22324
-67.88438
-68.09244
-69.55191
-69.59686
-67.39342
-67.43362
-69.29181
-69.23565
-69.48828
-68.71558
-68.69841
-68.99903
-70.59990
-71.79209
-70.13504
-69.65353
-72.09440
-69.93690
-66.47503
-63.45959
-61.52641
-63.78400
-65.41596
-66.36725
-67.45302
-68.52970
-69.50800
-69.13507
-71.30522
-70.51589
-71.33662
-71.48091
-71.64949
-71.28022
-70.89327
-72.26476
-72.09369
-72.82896
-73.95147
-74.21565
-72.00559
-71.13450
-70.03768
-71.09347
-71.44777
-74.31596
-75.74905
-75.85362
-75.19684
-76.03618
-67.25564
-61.27597
-62.50604
-63.76391
-65.58311
-66.22509
-66.44353
-67.61412
-68.24900
-69.20955
-69.49488
-69.49899
-70.13489
-70.73122
-71.70587
-71.73084
-70.95593
-72.89344
-72.62483
-72.81317
-71.85646
-73.58357
-70.97764
-70.74564
-71.37884
-70.90582
-70.38586
-71.24999
-70.62890
-71.66410
-75.12510
-74.42746
-76.67923
-68.48931
-64.76320
-62.36938
-62.79412
-64.75502
-65.91814
-68.04640
-69.04113
-70.49024
-70.86356
-72.56486
-74.30936
-74.37189
-74.59626
-74.96052
-75.45226
-76.81660
-75.63358
-75.79949
-76.71407
-75.70578
-78.92116
-74.28976
-73.09076
-72.74913
-72.89248
-72.09407
-71.67679
-71.20060
-70.02311
-72.49196
-80.22787
-78.41184
-62.67188
-61.47262
-63.27499
-64.43821
-66.40540
-67.19764
-68.57324
-69.35250
-70.76688
-71.01368
-72.59897
-70.60089
-71.14216
-71.89671
-72.38743
-72.80987
-73.26070
-73.31475
-73.36527
-75.07764
-78.95688
-76.66282
-73.46420
-71.91995
-72.46795
-71.36665
-72.17793
-70.99541
-71.67900
-70.39543
-71.98794
-67.02895
-60.18208
-61.17237
-63.08197
-65.00460
-66.26217
-67.60686
-67.73970
-68.52178
-70.22598
-69.36328
-70.32253
-69.39143
-67.17158
-66.90380
-67.71004
-68.10242
-67.78268
-68.16210
-68.92679
-69.98932
-69.00219
-67.51145
-66.48054
-65.42108
-66.13678
-66.22783
-67.56565
-68.40120
-70.85738
-69.57511
-69.86967
-68.04731
-69.24906
-63.91632
-58.93639
-59.96559
-61.76146
-65.45018
-66.64736
-66.94521
-66.23564
-67.38319
-68.26297
-68.27070
-69.37624
-68.21124
-68.65570
-70.77888
-71.74742
-71.93637
-71.68204
-70.92847
-71.74218
-70.79804
-70.21054
-68.10728
-68.65694
-68.89453
-70.06444
-70.46664
-70.34023
-69.77266
-70.23286
-69.12535
-69.75401
-70.26303
-66.77705
-62.80384
-58.41382
-60.12476
-63.29097
-65.05203
-67.74285
-68.41175
-70.05795
-72.59217
-73.83164
-73.80295
-74.67651
-73.44072
-74.55736
-74.59925
-77.03108
-76.48574
-77.10743
-76.19794
-76.14152
-75.50813
-71.64860
-69.97591
-71.75149
-72.71772
-72.89869
-73.12325
-73.25537
-74.56977
-73.32720
-75.66239
-65.01674
-60.07242
-60.54191
-62.00361
-64.10218
-66.03391
-68.93481
-69.55280
-69.06548
-69.73917
-71.18963
-72.28243
-71.96888
-72.00009
-72.52437
-74.04506
-74.28225
-75.20663
-74.97999
-76.10715
-74.94424
-76.05989
-73.85556
-72.25325
-72.19248
-72.19391
-72.98182
-75.80528
-75.93288
-77.72904
-78.21999
-79.52242
-80.00149
-63.13641
-60.44659
-60.70654
-61.54865
-64.03996
-65.57425
-68.49216
-69.08804
-69.39268
-70.05270
-72.70905
-72.74175
-72.01020
-72.83568
-73.13203
-73.94035
-73.99574
-75.43091
-75.57641
-77.38234
-76.83661
-79.66068
-74.48220
-71.45577
-72.13525
-72.34836
-72.95739
-73.09637
-73.48817
-73.48180
-76.15082
-74.49394
-80.53193
-64.14279
-60.29494
-59.76236
-59.36085
-62.19104
-63.62611
-65.89684
-67.59878
-68.43726
-68.39647
-71.19048
-70.87308
-71.18272
-71.70004
-72.17206
-72.75962
-72.99417
-72.48980
-72.87030
-73.83489
-74.48206
-76.11594
-70.83471
-69.57255
-69.57910
-70.25615
-71.48322
-72.37727
-73.46288
-74.79273
-75.88454
-77.98903
-79.17143
-79.10673
-76.91691
-73.95358
-73.36219
-72.77782
-72.25619
-72.29908
-71.98236
-73.28948
-79.66252
-81.21702
-76.37991
-75.58033
-75.69261
-76.20546
-76.44187
-76.60311
-76.90386
-77.50232
-78.19598
-79.20588
-79.95599
-80.30082
-80.09322
-78.97514
-79.68437
-79.89259
-80.76735
-80.28373
-80.81202
-80.86705
-81.46570
-81.37574
-79.39147
-75.78607
-73.28304
-73.69807
-73.90371
-74.49220
-74.97264
-76.42851
-77.57049
-79.48735
-81.44561
-82.76296
-83.65584
-83.85041
-84.66938
-84.34941
-84.92145
-84.07943
-84.60631
-83.00121
-82.42238
-82.03398
-80.77895
-78.96577
-78.23522
-78.82551
-79.57937
-80.76453
-81.84495
-83.51754
-84.61001
-86.36611
-88.15531
-89.71097
-90.29800
-88.04270
-85.51745
-84.44622
-83.52021
-82.80952
-82.72134
-84.29668
-87.24738
-89.31854
-89.23734
-86.54998
-86.14343
-86.56012
-87.22651
-87.87332
-88.11692
-88.92668
-89.13081
-89.76726
-90.48563
-90.71231
-92.36664
-94.05454
-92.63300
-92.37210
-91.75615
-91.66109
-91.51576
-93.59930
-94.51074
-91.71386
-90.54936
-89.23998
-86.99354
-84.98671
-85.18528
-85.42461
-86.22499
-86.99215
-88.11916
-88.96920
-90.91552
-93.58296
-95.56395
-97.34863
-96.50277
-97.41081
-95.77793
-96.25413
-95.67804
-98.88358
-96.50793
-93.70050
-92.39229
-91.66989
-90.42233
-90.43808
-91.03068
-92.33016
-93.70094
-95.28331
-96.79172
-97.19466
-98.92984
-100.00181
-93.70166
-84.44929
-75.78697
-67.85268
-64.30984
-63.16843
-63.61826
-64.65857
-64.91738
-65.73651
-67.09323
-69.30338
-72.86927
-76.19965
-76.93848
-76.89152
-75.10079
-73.62728
-71.30210
-66.52549
-63.36061
-62.33591
-62.00560
-62.01757
-62.16233
-62.96996
-64.45528
-65.94551
-67.11747
-67.66618
-67.98855
-66.99056
-66.95974
-68.01770
-68.47489
-68.97197
-68.79579
-67.45926
-66.06476
-64.70392
-63.56025
-63.30737
-63.79189
-64.55382
-65.24995
-65.68092
-65.81205
-66.04317
-66.82819
-67.85769
-68.32084
-68.77615
-69.38717
-70.10100
-71.38453
-73.38489
-76.82047
-79.22253
-77.20255
-73.83769
-71.27247
-69.51040
-68.21526
-67.47700
-67.06787
-67.25648
-67.89847
-68.36982
-69.30428
-70.34276
-71.70229
-74.16596
-78.15854
-81.55637
-77.05602
-72.92761
-70.54186
-69.09819
-68.20906
-67.33470
-66.71388
-66.50849
-66.81463
-67.10029
-67.47467
-68.10049
-68.83607
-70.07791
-71.32311
-72.00355
-72.53993
-72.91169
-73.20082
-73.64644
-73.87610
-74.32293
-76.07767
-78.20262
-79.54850
-79.72292
-79.61282
-78.94461
-78.49406
-78.01378
-77.25710
-76.91081
-77.24241
-78.11243
-78.95114
-79.89563
-79.89571
-80.09807
-80.34620
-80.56949
-79.53909
-79.74508
-79.83948
-79.20389
-78.84029
-79.88342
-81.90687
-82.16225
-81.49771
-81.11110
-81.00604
-82.00174
-80.82541
-79.68790
-80.09352
-80.34543
-79.51877
-79.71382
-77.02040
-69.21565
-66.55162
-67.11598
-68.38983
-68.69862
-68.68315
-69.61448
-70.29344
-71.18357
-73.25000
-72.86365
-73.63613
-73.87170
-72.28370
-72.11356
-70.73065
-69.43373
-68.10807
-68.08544
-67.69230
-67.32096
-67.73085
-69.41302
-70.31910
-71.81092
-72.94591
-71.93302
-70.99670
-70.34229
-70.33879
-70.65672
-71.29620
-72.25956
-73.42895
-71.61354
-71.05788
-71.93402
-71.18630
-70.54797
-71.53971
-71.40448
-72.60498
-73.45148
-73.30824
-73.06115
-71.48513
-71.31469
-73.07760
-72.62248
-70.39718
-68.96373
-69.69543
-69.19106
-68.03563
-69.70935
-71.08219
-73.18949
-73.69449
-72.20535
-70.64947
-70.54104
-70.76316
-72.24285
-72.95991
-74.01783
-74.87166
-73.16982
-72.81757
-71.86900
-72.42605
-73.12657
-73.87229
-74.05117
-73.32170
-73.73021
-75.21163
-75.04395
-74.68564
-74.55911
-74.02536
-73.54872
-73.59068
-73.94159
-73.26122
-73.79724
-77.04359
-78.87593
-76.26424
-73.83914
-73.31787
-73.64117
-72.87313
-72.55794
-72.37482
-72.97092
-73.33202
-73.76689
-75.26173
-75.45100
-75.35692
-74.07481
-74.12126
-75.49909
-75.21761
-73.41820
-73.10983
-74.39544
-74.40001
-73.93162
-73.80692
-74.31977
-75.22694
-76.13679
-77.68174
-79.32520
-77.68117
-75.77742
-75.67140
-75.71285
-75.84943
-75.09486
-75.45125
-75.35540
-74.84233
-75.05683
-75.22702
-76.55848
-75.24433
-74.74403
-73.19180
-71.15407
-69.49611
-66.46227
-64.14035
-63.19343
-63.45957
-63.59656
-63.66119
-65.24937
-66.31974
-66.28443
-65.83147
-65.10854
-64.51954
-64.51812
-65.22427
-65.80935
-64.83277
-62.84303
-62.14643
-63.01508
-64.35512
-64.37394
-64.49071
-64.24980
-64.46999
-64.27098
-64.46859
-64.55569
-64.52716
-63.13732
-61.97904
-61.41508
-61.23451
-62.18679
-61.29395
-62.39847
-64.03101
-65.91875
-66.93114
-67.23231
-68.57714
-67.61060
-67.11178
-66.83782
-67.78463
-68.62665
-68.37663
-67.77777
-66.07311
-64.95279
-64.99132
-65.35819
-64.29125
-63.14984
-62.47684
-62.95778
-63.99977
-62.86611
-63.18823
-63.60359
-64.22793
-64.64029
-64.62603
-66.19182
-68.03095
-69.69403
-69.21805
-68.30638
-68.72319
-68.79566
-68.61349
-67.54602
-66.83731
-67.76368
-67.19245
-67.48696
-67.62999
-67.76280
-67.19029
-67.80248
-69.18954
-67.82149
-67.88598
-66.05794
-65.27684
-66.46841
-67.59287
-68.29897
-68.88572
-70.31670
-71.87310
-73.29469
-73.49132
-72.38831
-71.66605
-71.43077
-71.26109
-70.67274
-71.59619
-74.33377
-75.69136
-75.43567
-72.93713
-73.90065
-70.85258
-69.67284
-70.53229
-68.96467
-68.25816
-66.86789
-66.28263
-66.38712
-67.10746
-66.83765
-66.15989
-65.51367
-66.51216
-68.09169
-70.85242
-73.60816
-72.56295
-71.04776
-69.03640
-70.79353
-71.43040
-72.26644
-70.76287
-70.29743
-70.03339
-68.17096
-67.67340
-64.91873
-63.19644
-63.12318
-64.88240
-64.38314
-63.69050
-63.87341
-64.12377
-65.10077
-65.45708
-65.86293
-65.97049
-65.39198
-64.92704
-65.43620
-64.64374
-64.59149
-64.34646
-64.87177
-65.07199
-64.85530
-64.51103
-63.67135
-63.09398
-62.70594
-62.99964
-63.72814
-64.34724
-64.70379
-64.52316
-63.30231
-62.83382
-61.94038
-61.83696
-61.77972
-62.11400
-62.58059
-64.08478
-63.59059
-62.62810
-63.25714
-63.04633
-62.82883
-63.19802
-63.33505
-64.06776
-65.82939
-66.03608
-65.05656
-62.80808
-62.87139
-62.68942
-63.08678
-63.11186
-63.92865
-65.80097
-66.11651
-66.06060
-66.18359
-66.15778
-66.93273
-66.56793
-66.13836
-66.24478
-66.35616
-66.41118
-64.88872
-65.15531
-64.11992
-65.63526
-65.65494
-65.17859
-65.45603
-66.17424
-67.02731
-66.82178
-67.66881
-67.55806
-68.87443
-69.65714
-68.52147
-68.75126
-70.60673
-70.59933
-70.19627
-68.41903
-66.77114
-65.99846
-66.32219
-66.21945
-66.73217
-66.82218
-67.72996
-66.97054
-64.74585
-65.16869
-65.30156
-65.07437
-63.92776
-64.31888
-65.09675
-65.16692
-65.64272
-65.68517
-66.40754
-66.83385
-66.67407
-66.26612
-65.85957
-65.16327
-65.55237
-64.91989
-65.67048
-66.12982
-65.41085
-66.13379
-65.18604
-63.99189
-63.71601
-63.35688
-61.75546
-60.66754
-62.44168
-64.66606
-64.05512
-66.16931
-62.77929
-59.03352
-59.21445
-59.89878
-60.48688
-59.42821
-59.91106
-60.69432
-59.22556
-59.58040
-59.56081
-61.44974
-61.61799
-62.22390
-63.98912
-64.34155
-62.86652
-59.94052
-62.14855
-61.08296
-60.73723
-61.82896
-62.37207
-62.86047
-67.05310
-62.38578
-57.14067
-58.99020
-60.26877
-60.04485
-57.73335
-55.70227
-57.84859
-61.27351
-61.71851
-62.16264
-62.03195
-60.52716
-58.84629
-60.56627
-61.65475
-61.23506
-61.18930
-61.89584
-63.07686
-63.79845
-62.80560
-61.35545
-66.23853
-64.83108
-62.26460
-60.87696
-58.11793
-57.25578
-57.70422
-60.21641
-62.78043
-62.32153
-62.84669
-61.00200
-58.46931
-58.99221
-58.72902
-60.72947
-61.90953
-62.78982
-62.47322
-60.93035
-60.38148
-60.26419
-63.42688
-63.35218
-64.12700
-63.46401
-61.12639
-61.94206
-64.92855
-64.42250
-65.86567
-64.61878
-64.03980
-66.70169
-62.14975
-62.97478
-64.46190
-66.14582
-64.48067
-63.34622
-66.12283
-65.58290
-67.28703
-67.54211
-66.67292
-64.50113
-65.52699
-66.96812
-67.84605
-66.96036
-63.39008
-62.01101
-63.16527
-65.58796
-65.51590
-67.11853
-65.89082
-63.92719
-62.43626
-64.28967
-64.83907
-66.56866
-67.03149
-63.72118
-66.34824
-69.93671
-68.97138
-62.06190
-61.53211
-62.95559
-62.90241
-62.72544
-63.33362
-63.85410
-64.96822
-63.85291
-63.19392
-64.10397
-63.30579
-64.61786
-65.42855
-66.81058
-66.87496
-62.26191
-56.79076
-57.58848
-58.86789
-59.68228
-60.54577
-59.52058
-60.81008
-62.72380
-64.24059
-62.72966
-62.33091
-60.94875
-61.29899
-61.21360
-63.63510
-62.55410
-61.07085
-61.78148
-63.23770
-66.06567
-63.98730
-66.05501
-64.33697
-63.07367
-61.16003
-60.73562
-62.77394
-63.97871
-65.92154
-64.13156
-62.88437
-64.89977
-62.41801
-60.52796
-61.24181
-60.49974
-61.41699
-61.34517
-62.43625
-63.84036
-64.52263
-63.83466
-63.52154
-64.71702
-64.44145
-64.36778
-66.14703
-69.71561
-65.41708
-65.88042
-67.63340
-66.88744
-65.45724
-64.16253
-65.68546
-66.52688
-66.87092
-66.28593
-66.58854
-64.55647
-64.15191
-65.77057
-66.86641
-68.91333
-67.06163
-64.08848
-64.54475
-66.00269
-66.57374
-67.41514
-67.63976
-67.01485
-66.42617
-67.24215
-66.06851
-66.85503
-67.59129
-69.01087
-69.51832
-68.83413
-68.81221
-64.85610
-66.39128
-68.51845
-67.78433
-67.66554
-68.73690
-68.74339
-67.70544
-68.93868
-70.09576
-67.75283
-65.21068
-67.68337
-69.56488
-69.61731
-71.83217
-68.88127
-65.19762
-66.77362
-68.00760
-68.12380
-69.21675
-69.16871
-69.57295
-69.29336
-70.85155
-71.34581
-71.31849
-68.95483
-69.92713
-69.39795
-70.31988
-69.36954
-62.63175
-62.26777
-63.31744
-62.34005
-62.43034
-62.98277
-63.07633
-63.40793
-63.29328
-62.31701
-61.71727
-61.71585
-62.99396
-65.86218
-67.23804
-70.32500
-64.73777
-61.29889
-61.90130
-61.80903
-62.61298
-61.96169
-63.38368
-65.16317
-64.49850
-63.25124
-65.22314
-67.48740
-67.28662
-66.45777
-65.54887
-66.64340
-63.75489
-62.67682
-63.98486
-65.67870
-66.27925
-66.69041
-65.71016
-64.98240
-64.83519
-64.17991
-63.52812
-61.45943
-61.67398
-64.88401
-67.39722
-68.68293
-68.68896
-64.45215
-64.40122
-64.85256
-65.16571
-65.76519
-65.98728
-66.43446
-67.53685
-64.20267
-57.90042
-57.28071
-58.20719
-62.62410
-69.98022
-69.45907
-73.82039
-64.85858
-61.86986
-63.28768
-63.62375
-65.63730
-65.17263
-65.25690
-65.62735
-65.81975
-66.00936
-64.14197
-62.75109
-62.88812
-64.24763
-64.50070
-66.51567
-64.84832
-61.84641
-62.38992
-63.42809
-64.07258
-65.34958
-65.40997
-64.43748
-64.05779
-64.38341
-66.12173
-68.88455
-66.65165
-66.07004
-66.25031
-66.29225
-67.09065
-64.00356
-65.17781
-67.20751
-68.16242
-70.12600
-69.48748
-68.89508
-67.80234
-67.21338
-70.32043
-67.19553
-64.84822
-66.88515
-67.05273
-67.45096
-68.85775
-66.62656
-61.42433
-60.70176
-59.51592
-59.82571
-61.34543
-61.52191
-63.35352
-63.72263
-63.66531
-63.13361
-64.29042
-63.86436
-62.94846
-62.81697
-63.19282
-62.46111
-59.17896
-58.02928
-58.62936
-56.94908
-57.19714
-60.43248
-62.89513
-63.40413
-61.08066
-59.23192
-58.85966
-59.45215
-60.88756
-62.63149
-62.85824
-65.40458
-60.65780
-57.02868
-57.29169
-57.50560
-57.56022
-57.30094
-56.17194
-57.52178
-60.84506
-61.93027
-63.16773
-63.01898
-60.46602
-58.47805
-60.29889
-62.46198
-61.95899
-61.00628
-63.39267
-62.58934
-62.95126
-61.91566
-60.16661
-63.72838
-63.33142
-63.47156
-64.21302
-62.90737
-63.72236
-63.73886
-63.10402
-64.99132
-63.16858
-59.90890
-57.58591
-57.93335
-57.45549
-58.29129
-62.52514
-62.16033
-60.97348
-61.81285
-60.11661
-57.24346
-58.92840
-60.76605
-61.79421
-62.22084
-62.79630
-60.84822
-58.10797
-59.62169
-59.70067
-58.64755
-58.27717
-59.65549
-60.61104
-60.58892
-63.06506
-60.91024
-60.08630
-61.42998
-60.36545
-61.68631
-58.99869
-57.39998
-59.81037
-61.56681
-61.79876
-62.54274
-63.71513
-63.29398
-61.62855
-61.41056
-62.20719
-61.40046
-60.79184
-60.51890
-60.59287
-60.19370
-63.58232
-63.42332
-63.21738
-62.04423
-60.16141
-61.42735
-60.96507
-60.07266
-60.07563
-62.88683
-61.78202
-63.52017
-63.74709
-62.02809
-62.05957
-63.40968
-62.99886
-63.08472
-63.25497
-61.66282
-62.76869
-62.55902
-63.59351
-62.77280
-63.48865
-64.40607
-63.62093
-60.38232
-60.05667
-61.53560
-62.45080
-63.32767
-61.24227
-61.12171
-62.59399
-60.16332
-59.31889
-60.90638
-60.85453
-59.75529
-59.41919
-60.58966
-60.03596
-59.69747
-60.67020
-61.38903
-60.60040
-61.29918
-61.85007
-62.77220
-60.05816
-56.56339
-56.35944
-56.26456
-56.31488
-56.59311
-57.55705
-58.62260
-57.22593
-56.19538
-56.18951
-57.86313
-57.60486
-58.99700
-59.14193
-58.13494
-59.52791
-60.40161
-60.56060
-58.11462
-60.47402
-59.48208
-58.03708
-59.17982
-64.88579
-58.32894
-54.70081
-56.68640
-57.09553
-57.71981
-57.18729
-56.18704
-55.01788
-57.65045
-58.85879
-59.29279
-59.61246
-60.31508
-59.95068
-59.42624
-60.78634
-58.93840
-58.82727
-61.04512
-61.05357
-61.57777
-60.95713
-60.37015
-62.88943
-61.66744
-59.43027
-57.06110
-56.49231
-57.44872
-58.11979
-59.04806
-61.61233
-61.40191
-60.01628
-59.07733
-58.06508
-57.99419
-58.34360
-61.15294
-61.20028
-59.78539
-59.77846
-59.54288
-60.20667
-61.31976
-61.54418
-60.25968
-60.40727
-61.34289
-61.00827
-62.15898
-64.67074
-63.13090
-62.68223
-60.81472
-61.25212
-62.43239
-60.27108
-63.07075
-64.01303
-64.42684
-61.37796
-61.16996
-63.89078
-63.96935
-65.72588
-64.56139
-61.71971
-61.47850
-64.27898
-63.53011
-65.10965
-65.54432
-62.88427
-60.66790
-63.61764
-63.98069
-63.19149
-65.27650
-63.12114
-61.90954
-60.67601
-64.90361
-64.89448
-65.47888
-65.65149
-63.91409
-63.18736
-63.63819
-64.99187
-60.72798
-60.52258
-60.45322
-60.85155
-61.83553
-61.30215
-60.40711
-62.18036
-63.64001
-62.91632
-63.39523
-61.21638
-61.05061
-62.64168
-63.46862
-64.90914
-58.90857
-56.55603
-57.90088
-57.52721
-59.18379
-58.64416
-58.47098
-59.39979
-60.93953
-60.38005
-59.20437
-61.15258
-60.70677
-61.38299
-62.54291
-62.97550
-61.45081
-61.64605
-61.35218
-61.67276
-64.38465
-63.55061
-63.47411
-61.72541
-62.52735
-60.42062
-58.35799
-60.22602
-60.00842
-61.39753
-61.68093
-60.99113
-61.84670
-60.57347
-59.86900
-60.01283
-59.70413
-60.40267
-60.31644
-60.25124
-61.84417
-62.40436
-62.00251
-62.78302
-64.04429
-63.30002
-63.23336
-65.59280
-65.55794
-62.80750
-63.22199
-63.18889
-63.09693
-63.60016
-63.06480
-62.34838
-63.38282
-64.57811
-62.66476
-63.12838
-63.11624
-62.60466
-63.65835
-64.41003
-65.48005
-63.07178
-61.49365
-62.99988
-63.02320
-64.17425
-64.22784
-64.27676
-63.91797
-63.77617
-66.21930
-64.85433
-65.38770
-65.18622
-67.25862
-66.60088
-66.38496
-66.80563
-63.38289
-64.58887
-66.15983
-65.97730
-65.26609
-67.62266
-67.69817
-66.25088
-66.47914
-66.89822
-64.35404
-63.34293
-66.14981
-66.54177
-66.14968
-67.27249
-66.01891
-64.02817
-65.79218
-67.03602
-66.38983
-66.28946
-67.34668
-67.93459
-66.80089
-67.10672
-68.20471
-67.61134
-67.88011
-68.10397
-66.17747
-67.80641
-65.53671
-61.81685
-62.96481
-63.19528
-62.31942
-62.40587
-63.10339
-63.98079
-62.71082
-62.85214
-61.74610
-60.36808
-59.75122
-60.68119
-63.11059
-64.12766
-65.45212
-61.36560
-59.48729
-60.81465
-61.80386
-62.07434
-61.43501
-62.01136
-62.55393
-61.44989
-61.40899
-63.22465
-64.14171
-64.51569
-62.97349
-62.77541
-62.94323
-61.50425
-61.16085
-60.87819
-61.50781
-62.28289
-62.33782
-61.26486
-62.47620
-63.69467
-64.46179
-63.82520
-61.96227
-62.77259
-64.20937
-64.76064
-64.05139
-63.52954
-62.10387
-62.45034
-62.60651
-63.49557
-62.48563
-63.06947
-63.56077
-64.85065
-62.03068
-58.10924
-57.77734
-57.00152
-62.28822
-67.60917
-67.40882
-70.43409
-62.97248
-60.57334
-61.04673
-61.01982
-62.47639
-62.83962
-62.64068
-62.85719
-63.12191
-62.87223
-62.86880
-61.73650
-61.10128
-61.92427
-61.97742
-63.31252
-62.05359
-60.68835
-61.35988
-62.20953
-63.04420
-64.17648
-64.63536
-64.63953
-64.60517
-65.05064
-65.46372
-66.00107
-63.85144
-64.76853
-65.52205
-65.72778
-64.85938
-62.89397
-64.50677
-65.87702
-67.37165
-66.21413
-65.89992
-65.68110
-65.94173
-65.64621
-68.04842
-64.65814
-63.09944
-65.33762
-64.10464
-65.16930
-66.31131
-64.45678
-60.26751
-59.74172
-60.25762
-60.49197
-60.92801
-60.35782
-62.08572
-61.89259
-62.20324
-63.87068
-63.73980
-63.77795
-62.53227
-62.91505
-63.15341
-61.76079
-58.85528
-58.04360
-58.64745
-58.23847
-59.72091
-60.48452
-61.52144
-62.44540
-60.30117
-59.13708
-59.45118
-60.31006
-61.09906
-62.61669
-63.58091
-65.54259
-58.87970
-56.38612
-58.49710
-58.40282
-59.79988
-59.69228
-58.13281
-57.52266
-58.54710
-59.96789
-62.43304
-63.54169
-61.98296
-60.05492
-59.24042
-61.18324
-60.71797
-61.35254
-63.10155
-62.62380
-62.65088
-61.56897
-62.21765
-65.22196
-63.13347
-63.92631
-63.69518
-61.17684
-61.80379
-61.19994
-62.25161
-63.64929
-61.70776
-58.78605
-57.32223
-57.99477
-58.58696
-59.30235
-61.76896
-62.27422
-61.50385
-62.46611
-60.26159
-58.33133
-59.63591
-60.28556
-62.49520
-62.44937
-61.91005
-60.48075
-57.76523
-59.50049
-58.87927
-58.69407
-59.30557
-59.59230
-59.95893
-61.59514
-62.61693
-60.53401
-60.51790
-58.36489
-59.05859
-60.92282
-58.73124
-56.71878
-57.54980
-58.91243
-60.52967
-61.75719
-61.27374
-62.00444
-62.21812
-63.16358
-61.62541
-61.12065
-61.40772
-61.72451
-60.60655
-60.65073
-62.48755
-61.37683
-61.98408
-62.81214
-61.41118
-61.78279
-61.47543
-60.46590
-62.41058
-63.05123
-62.95657
-61.52665
-61.12074
-60.73639
-60.86223
-62.43859
-63.48071
-62.79325
-61.03026
-62.01857
-62.52418
-63.90225
-63.02231
-62.23921
-63.43654
-64.92718
-63.07414
-60.85687
-61.25941
-62.22988
-63.70003
-63.99965
-63.09040
-63.51242
-63.48126
-60.28934
-60.08808
-61.70500
-61.61265
-61.19445
-62.56567
-62.09358
-61.21262
-61.17267
-60.30546
-60.42295
-59.19125
-60.38387
-62.06479
-62.32910
-63.53216
-59.33201
-56.27299
-57.06976
-59.74629
-60.12047
-59.46477
-60.52107
-60.31746
-59.98169
-61.20541
-61.74596
-62.22011
-62.98074
-62.99094
-63.26517
-62.96788
-61.93625
-62.64263
-61.64211
-63.64219
-64.55225
-63.91905
-65.45371
-63.71123
-62.21633
-59.51652
-60.49450
-59.71998
-58.49110
-59.53302
-60.41915
-61.97830
-62.41721
-61.04915
-62.07064
-62.65617
-61.17111
-60.35462
-59.95802
-60.38103
-61.18234
-63.77090
-63.38148
-64.39132
-66.64712
-67.42470
-65.00359
-63.81298
-65.04463
-65.21705
-64.38986
-64.10856
-63.55916
-61.10364
-59.76816
-60.23590
-60.55553
-60.90600
-61.84922
-61.59306
-62.87545
-62.82041
-62.42598
-60.04693
-60.13740
-61.67264
-62.28685
-63.26843
-61.52472
-63.70218
-65.92094
-65.41386
-64.89922
-65.71226
-65.79283
-66.14473
-65.58347
-63.79510
-63.83842
-65.85904
-66.06837
-65.01711
-65.79766
-66.00719
-66.95936
-67.10151
-66.56231
-67.04143
-69.27433
-68.72877
-68.91058
-66.01270
-64.57022
-65.72043
-67.39592
-67.06435
-67.20255
-66.41191
-64.25913
-65.48396
-64.81918
-65.64273
-66.82494
-67.91031
-69.49012
-69.04066
-68.40680
-68.86912
-68.95086
-70.58176
-69.82887
-69.92799
-72.09019
-70.35331
-65.39314
-59.88138
-59.47214
-60.83842
-61.54179
-62.78010
-61.95280
-61.83694
-64.08178
-64.95713
-63.52453
-62.66297
-61.90512
-61.01549
-62.95813
-65.31352
-64.29374
-62.41771
-62.55978
-63.60547
-62.42676
-64.08342
-64.55056
-63.80137
-65.20643
-65.82660
-65.54929
-65.95132
-67.43235
-67.04987
-66.98783
-66.25549
-65.23772
-65.27650
-68.08454
-70.30045
-69.00572
-69.45584
-70.73038
-70.71129
-68.86851
-71.63771
-70.55795
-66.81255
-64.97013
-63.59991
-62.53788
-61.73460
-63.21369
-64.09161
-64.14601
-64.12788
-63.30906
-62.26062
-64.10637
-65.24937
-66.21247
-66.91373
-64.32773
-65.84636
-67.87733
-70.26822
-68.29358
-68.65966
-68.25747
-65.85197
-67.15182
-68.13705
-70.09056
-68.57576
-68.40037
-67.55841
-66.02472
-67.37272
-67.22307
-64.95617
-64.26584
-66.74907
-67.24734
-67.12563
-67.33304
-66.35298
-65.14395
-65.64524
-66.92735
-66.26858
-67.55440
-68.65663
-68.37761
-66.56128
-68.38862
-69.35562
-68.48560
-68.43422
-70.44366
-69.18855
-68.95290
-70.39513
-66.70393
-70.18329
-72.51145
-72.64153
-72.56195
-72.76942
-75.87552
-74.91598
-73.48563
-75.20925
-70.01425
-67.69700
-70.14989
-71.26316
-74.37171
-74.25820
-70.97959
-68.38112
-68.26866
-68.98183
-69.78730
-69.66731
-70.53927
-70.87467
-71.84591
-73.30241
-73.47613
-73.03244
-74.08899
-76.36313
-74.47425
-78.20151
-71.01128
-66.91986
-67.06408
-67.43370
-68.09506
-67.07942
-67.50595
-70.35930
-73.47080
-75.05223
-72.54675
-67.47363
-67.63067
-69.48996
-71.02226
-74.02537
-72.29537
-69.13074
-66.80426
-66.49395
-66.65820
-65.24155
-64.33677
-64.16577
-64.52419
-66.32135
-66.80759
-67.86701
-68.70240
-68.93349
-67.98687
-67.53425
-69.83878
-66.98756
-67.44383
-71.58400
-72.03232
-70.99963
-69.99858
-69.42145
-69.84272
-69.87138
-69.54996
-68.22822
-65.73383
-66.85226
-67.60486
-67.33818
-68.58920
-67.42959
-65.58819
-66.05877
-66.64248
-66.60219
-65.96187
-65.87286
-66.44838
-65.21666
-65.11069
-64.48543
-63.57250
-62.77449
-62.20514
-61.69635
-61.46931
-62.34608
-63.18215
-65.21176
-67.67609
-68.87286
-69.10341
-70.00768
-69.85766
-70.37060
-71.72934
-70.58834
-67.64721
-66.06239
-67.14233
-65.95923
-67.28158
-67.75251
-65.50938
-64.83409
-64.54079
-65.76111
-66.41761
-66.60039
-66.78436
-66.42473
-64.53008
-63.66269
-64.45730
-65.35397
-65.54301
-65.22649
-64.36804
-64.69879
-63.52087
-62.54957
-63.68167
-63.78295
-64.12906
-64.47602
-65.06105
-65.95947
-67.04023
-68.14889
-66.58668
-63.30888
-62.27217
-63.14340
-64.66381
-65.82356
-66.50827
-65.47738
-64.79110
-65.78280
-65.88376
-65.71056
-64.84201
-64.37405
-65.41096
-65.72760
-65.04940
-64.68424
-63.64612
-65.92407
-67.97584
-63.68310
-62.52415
-64.05701
-65.08115
-63.57105
-62.36004
-66.00011
-67.87428
-63.47421
-64.00702
-66.63513
-65.56080
-64.20972
-63.43129
-65.57233
-67.47595
-64.78949
-66.35052
-68.80369
-65.51113
-65.80616
-68.48259
-68.35098
-67.38058
-67.21510
-68.89544
-67.69522
-67.20222
-67.58586
-68.82292
-68.63824
-69.15418
-68.65900
-67.83716
-68.82671
-65.73707
-66.32075
-67.65388
-69.77017
-69.54121
-66.46289
-66.04004
-69.54558
-68.52376
-68.00611
-66.71121
-65.66054
-66.68959
-65.07203
-64.92129
-63.87889
-65.19648
-66.08368
-69.17136
-66.40116
-64.05076
-63.60800
-63.53946
-64.90847
-63.82314
-65.09677
-64.24185
-63.66675
-63.93853
-62.69021
-64.83511
-66.40463
-63.75323
-61.11973
-60.29873
-63.70364
-65.29461
-63.22702
-62.33112
-64.14197
-64.34540
-60.10607
-56.84315
-56.32109
-58.75284
-63.92986
-66.31093
-62.86005
-63.94812
-65.87307
-64.82530
-63.52093
-63.02645
-64.83316
-66.76062
-68.65558
-69.41383
-68.02698
-69.10347
-69.11071
-68.23961
-68.51642
-69.95293
-67.76933
-66.91189
-70.42864
-68.33998
-64.61037
-65.44660
-70.76941
-68.96656
-65.84192
-68.07157
-72.00457
-70.54183
-69.22343
-72.01852
-74.99743
-73.22450
-72.02281
-73.34681
-73.96586
-74.16320
-75.67594
-76.70651
-76.05805
-77.05800
-78.30645
-76.76456
-75.43955
-76.40975
-76.87716
-77.72348
-79.00553
-78.45813
-77.05347
-77.61465
-79.97372
-78.93769
-77.59321
-79.95220
-82.86598
-80.17180
-78.79184
-81.23353
-83.42844
-81.95037
-81.05782
-82.01171
-81.23694
-81.33766
-83.27594
-83.83689
-83.47709
-84.77571
-86.77765
-84.73470
-82.48691
-79.45356
-74.43198
-70.39433
-69.82259
-67.56093
-66.30386
-67.12439
-68.09450
-70.69768
-73.04973
-73.54146
-72.30551
-72.64984
-73.79833
-78.30813
-81.34120
-80.54997
-76.94623
-75.09919
-74.85184
-72.73295
-71.82771
-70.26800
-69.43792
-68.38115
-67.35000
-66.43725
-66.42718
-67.14680
-68.98310
-69.88320
-68.43873
-68.28904
-68.56281
-69.93396
-70.91347
-73.06148
-73.68479
-71.22166
-70.75290
-68.51624
-67.98144
-69.81431
-71.02248
-70.96509
-72.35688
-73.58452
-75.12892
-78.81874
-78.53362
-73.48147
-69.59093
-68.75796
-68.95809
-71.53952
-74.39961
-76.70705
-76.88930
-75.43731
-75.38987
-74.70196
-72.29578
-69.77327
-67.98572
-67.40261
-67.95441
-69.18347
-71.52589
-73.60164
-75.17818
-76.06732
-78.74448
-76.92704
-72.87625
-70.90095
-71.13060
-73.26271
-76.35694
-78.84880
-77.15094
-76.23822
-75.51380
-72.37676
-71.07147
-70.60211
-69.36241
-68.13640
-67.69359
-67.81418
-68.06180
-67.82154
-66.07549
-65.44718
-65.94636
-67.63205
-70.20324
-72.65207
-73.78269
-75.01813
-76.81177
-74.13964
-71.07193
-69.58225
-69.43107
-69.80755
-70.08171
-69.79536
-70.15391
-70.85532
-71.86458
-72.84494
-73.49171
-73.09184
-71.93114
-72.08510
-72.20924
-70.75707
-69.92528
-70.34072
-71.41854
-73.17741
-73.42050
-72.45917
-71.24442
-71.41112
-71.12742
-70.14227
-69.16023
-67.65704
-66.77968
-66.38993
-66.10311
-66.33020
-66.74329
-67.44679
-68.65141
-69.21945
-69.77625
-70.31154
-70.31003
-70.39288
-71.42210
-71.53995
-72.23952
-72.44119
-72.62380
-72.84416
-72.44016
-71.49582
-69.92197
-69.58205
-70.14636
-71.52397
-72.17248
-73.47645
-71.76861
-67.81898
-65.71801
-65.17969
-65.69394
-67.24608
-69.00905
-70.13783
-69.84588
-69.91461
-69.95579
-70.64873
-72.26253
-72.56120
-72.37861
-74.44662
-74.51248
-74.57464
-74.71071
-73.18976
-69.94401
-63.04181
-60.64820
-58.81529
-57.89319
-58.87564
-59.96170
-62.62207
-66.17490
-67.80985
-65.57948
-63.55585
-63.24134
-64.94424
-68.18422
-70.28567
-67.64740
-64.90864
-63.47719
-61.09405
-60.19860
-60.71574
-61.70819
-63.47335
-64.48731
-64.37937
-63.32689
-61.98525
-60.53984
-58.85421
-58.69549
-60.08794
-61.12303
-61.73811
-62.53027
-63.42136
-64.16447
-64.30045
-64.24652
-64.67882
-64.02710
-62.57282
-62.04109
-62.63696
-63.15101
-64.94645
-65.52488
-63.24877
-61.41468
-58.79689
-57.12085
-57.62731
-59.99314
-60.67670
-60.61749
-60.72031
-60.79812
-61.50188
-61.65241
-62.03629
-62.78967
-63.10422
-62.99754
-63.14993
-62.56353
-62.71391
-62.51131
-62.63175
-61.91286
-61.80681
-61.80970
-61.85166
-62.16960
-61.50592
-61.73791
-62.13483
-61.54339
-61.00328
-61.35977
-61.37839
-61.40407
-60.48414
-60.64859
-60.44747
-61.29038
-62.55579
-63.19462
-64.15815
-63.70517
-63.87403
-64.59962
-66.31630
-67.71267
-68.79528
-68.53097
-67.74980
-66.04999
-64.18902
-63.17298
-62.78697
-63.57041
-65.08033
-65.85607
-66.07522
-65.63743
-65.93164
-65.21273
-65.06173
-64.93788
-64.75973
-65.69832
-67.56866
-67.40634
-64.18958
-62.24734
-61.06722
-60.46572
-60.40467
-61.58655
-63.62813
-65.66107
-65.99579
-65.63212
-65.69745
-66.14860
-64.24929
-62.90281
-62.21119
-62.11754
-64.09370
-65.08969
-64.20618
-64.17418
-64.86338
-65.93860
-67.14419
-67.09443
-67.58406
-67.41574
-68.20634
-67.83870
-67.19991
-66.65986
-66.13897
-66.02006
-65.54498
-65.39465
-65.16611
-65.57171
-66.56100
-67.37138
-67.74754
-67.79065
-67.98314
-69.18125
-69.34919
-69.52401
-71.08188
-71.07708
-70.64276
-70.92084
-69.88872
-67.97750
-65.93018
-65.50042
-66.24168
-67.52749
-68.84917
-68.75631
-69.42550
-70.48075
-71.61429
-72.08403
-71.14552
-70.64308
-69.87016
-70.25176
-70.35506
-69.78030
-69.20024
-69.19882
-70.74584
-72.36508
-72.36726
-72.77884
-73.51782
-72.90461
-73.53183
-74.72328
-73.92182
-72.38391
-72.43044
-72.51557
-73.44022
-73.54196
-73.63587
-74.46443
-74.92516
-74.19793
-74.70853
-76.99962
-77.09053
-76.09162
-75.24422
-75.63055
-76.33777
-77.51050
-77.63298
-79.69286
-80.09278
-78.67865
-78.17627
-77.10392
-76.68213
-76.94854
-77.75511
-76.32508
-74.85090
-71.69852
-67.44393
-65.56283
-65.41451
-67.54293
-69.49347
-70.00203
-70.44251
-68.78742
-67.17858
-66.70594
-67.55282
-67.07972
-66.38958
-65.53320
-64.81721
-63.64284
-63.30057
-63.94985
-64.54162
-65.22523
-65.36217
-66.30143
-65.70791
-64.81539
-65.10980
-67.53896
-69.38039
-66.70758
-63.89257
-63.20190
-62.91590
-63.05563
-63.69720
-63.75088
-63.61590
-63.63003
-63.47112
-61.70250
-61.42832
-62.14599
-62.98707
-63.30781
-63.25316
-63.26130
-62.63379
-62.42584
-62.95354
-64.35593
-66.56604
-68.61037
-68.36932
-67.01826
-65.94999
-65.65188
-66.16249
-67.60015
-68.13086
-67.72908
-66.88062
-66.20952
-67.30011
-68.84889
-69.03123
-68.55190
-67.70150
-67.31951
-66.33077
-66.21672
-65.74899
-64.23427
-63.66144
-62.96067
-63.41045
-65.00630
-66.98694
-69.16468
-67.98879
-65.77890
-64.16748
-62.36982
-61.92996
-61.98481
-61.91113
-61.32907
-61.04559
-61.63007
-62.80395
-63.85388
-65.17211
-67.61694
-68.90148
-68.49410
-67.52578
-67.74458
-67.93048
-69.19531
-69.57955
-68.39353
-67.09705
-65.98737
-65.80421
-65.35052
-65.37312
-65.54937
-65.46503
-66.70110
-67.66107
-66.78559
-64.99525
-63.18071
-62.06632
-61.29082
-61.07042
-61.35664
-62.13861
-63.14057
-64.61835
-66.57455
-67.78765
-68.66948
-67.50682
-65.73699
-65.69416
-66.69421
-67.78439
-67.79713
-68.07835
-67.58910
-66.99878
-66.58146
-66.75125
-67.81281
-67.51093
-67.42462
-67.78019
-68.00365
-67.95493
-68.60662
-69.45384
-71.13481
-71.64548
-70.55168
-70.81988
-69.29229
-68.05464
-67.24552
-66.19969
-66.18789
-65.97569
-66.32537
-67.92268
-69.46709
-70.73093
-70.62367
-69.45717
-69.08487
-70.95519
-71.06839
-68.49389
-66.28591
-65.21794
-64.35056
-63.80021
-64.79045
-66.31782
-68.58999
-69.57564
-69.64369
-68.77088
-69.15025
-68.55160
-67.83242
-67.16579
-66.97827
-64.89603
-62.11286
-61.92178
-60.42977
-60.85948
-62.01455
-63.12378
-63.13855
-62.19865
-62.21553
-62.34847
-63.06878
-63.15188
-63.10315
-62.28116
-61.67605
-60.48680
-60.00422
-59.66174
-59.11880
-60.03302
-61.46640
-63.36810
-65.62085
-65.52074
-64.33707
-62.27310
-61.22158
-59.80063
-58.32186
-59.11624
-61.47030
-63.15131
-63.04012
-61.60753
-61.10314
-61.06971
-60.55123
-60.28470
-60.31509
-61.08849
-60.51235
-60.53820
-60.96022
-60.87770
-60.18129
-59.00995
-58.36577
-57.90427
-56.80923
-56.42383
-58.21876
-61.00820
-61.47009
-60.86750
-61.00070
-60.80700
-60.63590
-60.50929
-61.11434
-62.13782
-62.66876
-63.00725
-62.60467
-62.22349
-62.18635
-61.74279
-62.00296
-61.24253
-62.18721
-62.74790
-62.47112
-62.47617
-61.69751
-60.72445
-59.48363
-59.74625
-59.41323
-59.72181
-59.62764
-59.74262
-60.00694
-60.42518
-61.65938
-62.26520
-63.24258
-63.49586
-63.87337
-63.06617
-63.56836
-62.65171
-61.61904
-61.29851
-61.82089
-62.71303
-62.56258
-62.77909
-62.61974
-63.39396
-63.08834
-64.43327
-64.62691
-65.04274
-64.11006
-64.32249
-65.49260
-65.51602
-64.38259
-62.85634
-62.94752
-62.74297
-63.64265
-62.14746
-60.99555
-60.01734
-59.93891
-60.50488
-61.12292
-61.69318
-62.36813
-62.68063
-62.72113
-63.16424
-63.74319
-63.89156
-63.49835
-62.15840
-61.34433
-61.64294
-62.32468
-64.10022
-64.99594
-66.95952
-67.42717
-68.50951
-68.03800
-66.97753
-65.96695
-65.58901
-66.21115
-65.81974
-65.94537
-66.12451
-66.88977
-66.72098
-65.91111
-64.81085
-64.63516
-64.95537
-66.73625
-68.55908
-69.20020
-68.67701
-68.04448
-68.17963
-67.43691
-67.73886
-68.17130
-68.60529
-68.74269
-68.57669
-68.91722
-68.99375
-68.50194
-68.35909
-68.94155
-69.08657
-69.86618
-70.17400
-69.94899
-69.47279
-68.56986
-68.70748
-68.89411
-69.44277
-70.06771
-69.02858
-68.40929
-69.25477
-70.41767
-71.55224
-71.61904
-71.17308
-71.33964
-73.23580
-75.17125
-75.65441
-75.52995
-75.19473
-74.53638
-74.00165
-74.35468
-74.07925
-74.63454
-74.82126
-74.99165
-75.71748
-74.94519
-74.82614
-75.14976
-75.99564
-77.70984
-78.41774
-78.30208
-76.39191
-75.28864
-76.21211
-77.03253
-78.59743
-79.34279
-78.33265
-77.29166
-77.43884
-77.85648
-76.68593
-75.07599
-74.36746
-71.11500
-64.73512
-62.80025
-63.56474
-65.08078
-66.53744
-66.43203
-67.39967
-68.06124
-68.46990
-69.35505
-69.62518
-69.93116
-70.37103
-69.99654
-69.62701
-67.33746
-67.62836
-67.64322
-65.35754
-64.31503
-64.17163
-63.06096
-60.88907
-60.29055
-59.64096
-59.47499
-60.03196
-61.12345
-62.22265
-60.75185
-60.05592
-60.98127
-62.01252
-63.17786
-63.91094
-64.40290
-63.22104
-62.99487
-63.19574
-63.38269
-65.01193
-66.13066
-66.17831
-66.07269
-66.82377
-66.31025
-66.56033
-67.07233
-68.37459
-69.00099
-68.87368
-68.05479
-65.38912
-63.50537
-61.86436
-61.00905
-60.73662
-61.01368
-61.14295
-60.53509
-60.60823
-61.08437
-61.70477
-62.42739
-63.00060
-63.76453
-63.93355
-63.74765
-63.07349
-62.96538
-63.16613
-63.92233
-65.37000
-65.91722
-65.71253
-65.21033
-64.89410
-65.31897
-65.64581
-64.96235
-63.82291
-63.79212
-64.89106
-66.14422
-66.50293
-65.18735
-64.66667
-64.35921
-64.51382
-65.36015
-65.76071
-65.83517
-67.15157
-67.71659
-67.17333
-67.57371
-67.22157
-65.95856
-67.09718
-67.65291
-65.58120
-65.06352
-64.58445
-64.34320
-63.99895
-64.56591
-65.15750
-66.26892
-66.86120
-66.67716
-66.16628
-65.11359
-64.81938
-64.87176
-66.35939
-67.73230
-68.25261
-67.18102
-66.80185
-66.90835
-67.31064
-66.38825
-66.72702
-67.83422
-67.63442
-69.07256
-69.70252
-69.00432
-68.19930
-68.47985
-67.21975
-66.89559
-68.53977
-70.25424
-69.27635
-68.20309
-67.75147
-67.56568
-68.91099
-70.07594
-71.42796
-68.96897
-68.23383
-69.66359
-67.60614
-67.38051
-68.15817
-68.12815
-67.51865
-66.90924
-68.79856
-70.00642
-70.07063
-70.52771
-70.06215
-69.11299
-70.55786
-71.96067
-71.21175
-70.13196
-69.05844
-68.78116
-67.84072
-68.30693
-69.12148
-68.69118
-68.78334
-69.62558
-69.41363
-69.79584
-69.92351
-65.04302
-62.34307
-62.39361
-60.93978
-59.90058
-60.30352
-60.65031
-61.56488
-63.76894
-66.48587
-67.90045
-68.14865
-67.39023
-67.61428
-69.46896
-70.65879
-70.07431
-67.10642
-64.39762
-62.25507
-60.85688
-61.32828
-61.27034
-61.37994
-61.98274
-62.82565
-64.41448
-66.44487
-69.01436
-67.31863
-67.49448
-66.32094
-62.59723
-60.58435
-60.29963
-61.59052
-63.38801
-66.36423
-68.70512
-66.75276
-65.19446
-65.87576
-65.82511
-67.59383
-71.15806
-69.90841
-66.78737
-64.49646
-63.99273
-63.81105
-63.75922
-65.59774
-68.24654
-67.12006
-64.90983
-62.67177
-62.30261
-59.80225
-56.74289
-56.36095
-55.67520
-54.81448
-53.92195
-52.96225
-52.86937
-53.58398
-54.26455
-55.38896
-56.10833
-56.44160
-56.97280
-57.30495
-58.86640
-61.17310
-63.51585
-64.28167
-62.98158
-59.81747
-58.40283
-58.44194
-59.11434
-60.20095
-60.29622
-60.43674
-60.58056
-58.52224
-56.30502
-56.59014
-58.12293
-59.72199
-61.19466
-62.85150
-63.60195
-61.91629
-60.21117
-58.41473
-56.02432
-54.24010
-53.27576
-53.07179
-54.01633
-55.08989
-56.05170
-57.27672
-58.07831
-60.74687
-65.27031
-64.68099
-61.49768
-60.13390
-59.77205
-61.12321
-63.36460
-60.26109
-55.99573
-54.28499
-54.28101
-55.64911
-56.94070
-57.53429
-58.04113
-57.14612
-58.40604
-62.84968
-63.98957
-60.79854
-58.95589
-60.18590
-61.60154
-61.84201
-61.59061
-60.83877
-61.91664
-63.60433
-64.32313
-63.50716
-63.74621
-65.26706
-66.78364
-65.51281
-64.01224
-65.02123
-66.23312
-67.62611
-66.93707
-67.55681
-69.02580
-69.94374
-69.35719
-67.66140
-66.74111
-66.05862
-66.21515
-67.68380
-69.27122
-67.65546
-66.89694
-68.49522
-69.84475
-68.37826
-68.55952
-71.01692
-69.53738
-67.07689
-67.31577
-69.32714
-70.73123
-70.50684
-69.85185
-69.44978
-69.50976
-69.71896
-69.19632
-68.10342
-68.07175
-68.46155
-68.23680
-69.54108
-71.07629
-69.23655
-67.72155
-68.63050
-69.15087
-69.70151
-72.05596
-72.90821
-72.01020
-72.81564
-74.51265
-75.10716
-74.22102
-75.38420
-76.36158
-74.84716
-74.44566
-74.44966
-73.41682
-72.42058
-73.47821
-74.65606
-75.18258
-74.67480
-75.37975
-74.93940
-75.32429
-77.54940
-76.15477
-73.77881
-74.95048
-77.93610
-77.45356
-77.23056
-78.38001
-77.88086
-76.46253
-77.03459
-76.70904
-76.72614
-72.22808
-66.92145
-64.25903
-63.99785
-62.21096
-60.07129
-59.69457
-59.82805
-59.79172
-59.63291
-60.17416
-59.67574
-59.92137
-60.99610
-60.97752
-61.02919
-61.55976
-62.28037
-61.58432
-60.96948
-62.74043
-63.50298
-62.62430
-64.69688
-67.09260
-66.33608
-65.31783
-66.01882
-65.01015
-63.66534
-65.36152
-66.00565
-64.46872
-64.08930
-66.30519
-67.03430
-64.78907
-66.15804
-64.64217
-62.67458
-62.58436
-60.28543
-58.75774
-58.74454
-59.37752
-60.08437
-61.36738
-63.52030
-65.61154
-65.28252
-64.38376
-64.64680
-65.27963
-64.69636
-65.74044
-67.46521
-65.41318
-64.28452
-63.73795
-63.01453
-63.02688
-64.27273
-64.68533
-63.03785
-63.59670
-65.47995
-65.27098
-64.98873
-67.37980
-66.72534
-63.87226
-65.36850
-64.65384
-62.43276
-61.38606
-62.10445
-63.89816
-64.85739
-65.52183
-65.01121
-64.49120
-65.49773
-68.04681
-65.66615
-62.66744
-62.14132
-64.01171
-64.31572
-64.94025
-65.01323
-63.07618
-64.05025
-65.77515
-64.48121
-61.92453
-63.06625
-63.95012
-63.46696
-63.57581
-64.49547
-64.30874
-63.65818
-64.30861
-63.14138
-62.31208
-63.58337
-65.18165
-64.11778
-64.16662
-64.01940
-63.77174
-63.57955
-63.97663
-64.36702
-63.87389
-63.89948
-64.37598
-64.83486
-64.38423
-65.60359
-67.26977
-65.51175
-65.71627
-66.93349
-65.26226
-65.11441
-66.43216
-67.89703
-65.75211
-66.29847
-67.32792
-65.93391
-65.42367
-66.62849
-66.61543
-65.65905
-67.75373
-69.18045
-68.61785
-67.52622
-68.47840
-68.31006
-67.41438
-67.90139
-70.15930
-67.88490
-67.54935
-68.24333
-66.71173
-67.08259
-67.72112
-68.14050
-68.04396
-68.03324
-68.60394
-68.50902
-67.42277
-68.98534
-68.79213
-68.79466
-70.07970
-70.44038
-69.09778
-67.33687
-66.90728
-67.07783
-67.59843
-69.26838
-69.21450
-68.47402
-68.80078
-69.65142
-69.18806
-68.59975
-62.32226
-57.38587
-59.65940
-61.71434
-61.07714
-61.50086
-61.65966
-63.38061
-63.55504
-63.96821
-63.90044
-64.44452
-65.54459
-65.79340
-66.27273
-64.98703
-61.73411
-57.57030
-54.66077
-54.60714
-58.01167
-61.82878
-58.40434
-53.89770
-51.91578
-51.78761
-52.87776
-54.40547
-55.82260
-58.09181
-61.40680
-65.86742
-64.52736
-61.22410
-61.32356
-62.31946
-63.30233
-61.78945
-60.09893
-60.01861
-60.37966
-60.22380
-58.57042
-57.49785
-58.05173
-58.00744
-58.07508
-58.59164
-59.04371
-58.69473
-59.05064
-61.81998
-62.18558
-63.23195
-67.22994
-63.58089
-60.58950
-61.01992
-59.65977
-57.85619
-57.88829
-57.90413
-56.78548
-56.38920
-57.05659
-57.14460
-57.23067
-57.56873
-57.80832
-58.51561
-58.68932
-58.51844
-59.06795
-59.20980
-58.82727
-58.85119
-58.51252
-58.00035
-57.09167
-57.64139
-58.78238
-59.29146
-59.52650
-59.35452
-59.67317
-59.82831
-59.90732
-59.32861
-59.83893
-59.93550
-59.72079
-59.36004
-59.03165
-58.70795
-58.89064
-60.14131
-61.12466
-60.49849
-57.85953
-56.98980
-57.87574
-60.15005
-60.22309
-58.53251
-58.07014
-58.43209
-60.41743
-61.41538
-60.99034
-60.52345
-60.69046
-61.21081
-61.05945
-61.09763
-60.51736
-59.30360
-58.05096
-58.28742
-59.54219
-60.15070
-60.32269
-60.16649
-60.19662
-60.39082
-62.13336
-63.87811
-62.99561
-61.26256
-61.42611
-61.12964
-60.10247
-61.86737
-63.99032
-64.38572
-63.94499
-64.47384
-64.18290
-64.55202
-65.10180
-64.86605
-64.89611
-64.48256
-64.40714
-65.48540
-66.82601
-65.34425
-65.50198
-65.81839
-66.79540
-66.46447
-66.69542
-68.53280
-67.72627
-68.07793
-69.36309
-68.14565
-66.06620
-66.28971
-68.19686
-67.61716
-66.18703
-69.26208
-70.65952
-69.88183
-70.53610
-71.26627
-70.00920
-68.37313
-69.21766
-70.12384
-70.43824
-71.08022
-72.03468
-72.03910
-72.07984
-71.07607
-69.87218
-69.45206
-70.02990
-70.79707
-69.63979
-69.15173
-69.50304
-69.86316
-70.68280
-71.03738
-70.72507
-70.39464
-71.24386
-72.83229
-73.00480
-72.85657
-74.91366
-73.99357
-73.70707
-73.55568
-72.59515
-70.91333
-71.62129
-71.97270
-71.62795
-71.51793
-70.92444
-71.83264
-71.66737
-72.80319
-73.12816
-72.92115
-71.26158
-72.58471
-73.34448
-73.39787
-73.22682
-76.18731
-74.50569
-76.04371
-74.64187
-78.28854
-70.35643
-61.73835
-63.39785
-65.59979
-67.74475
-69.52980
-71.50277
-71.90048
-71.90999
-74.21354
-74.44084
-74.97770
-75.07655
-75.60646
-74.65883
-75.01381
-74.11003
-73.44693
-72.98195
-73.91613
-73.16822
-73.56623
-73.64577
-73.70612
-73.11238
-73.14665
-73.25077
-73.67555
-73.86204
-74.36171
-74.93633
-74.26611
-75.57210
-74.62492
-73.82749
-74.17857
-75.17742
-75.21090
-75.12518
-76.09986
-76.96710
-76.89047
-77.01674
-77.27043
-76.40172
-76.35942
-76.42143
-76.07538
-75.81552
-75.84685
-76.62125
-76.48611
-75.35978
-75.05701
-75.88734
-77.26754
-77.36337
-76.74755
-77.05720
-77.04273
-77.32545
-77.58189
-77.70084
-77.58020
-78.31198
-79.71997
-77.00909
-75.24564
-76.30089
-77.09629
-78.02898
-77.92686
-78.62295
-78.90224
-79.31145
-79.30097
-79.68462
-79.85103
-79.97334
-79.85519
-80.70106
-81.56217
-80.77185
-80.05397
-79.56762
-80.70328
-79.45933
-80.71199
-79.67015
-81.48695
-79.88347
-82.14917
-80.04229
-82.47081
-80.01591
-82.52325
-79.56920
-84.86846
-75.46803
-61.23447
-61.65800
-64.62667
-66.53691
-69.64948
-70.90625
-73.63573
-74.27802
-77.35160
-77.54587
-80.47576
-79.38204
-80.31857
-79.35102
-81.23539
-80.74831
-82.22393
-81.47134
-81.04863
-81.08646
-80.80353
-81.33365
-81.15732
-84.20287
-82.32342
-84.77444
-81.69642
-87.11887
-80.49992
-88.57205
-79.35606
-99.44895
-67.97504
-59.44745
-61.99241
-63.96784
-66.39488
-68.33490
-70.38350
-72.86864
-74.52800
-75.60037
-75.39122
-75.54712
-76.42218
-77.89991
-77.05939
-77.89934
-75.92850
-75.81168
-75.08936
-75.42087
-74.37388
-73.76098
-72.79891
-73.38370
-73.45133
-73.69250
-73.40409
-73.59735
-74.39474
-74.23316
-74.28743
-74.04307
-74.23949
-71.38635
-70.06829
-70.67812
-71.32031
-72.22250
-73.24174
-73.29711
-73.02417
-73.20463
-73.47204
-73.83663
-73.41411
-73.12948
-72.76020
-72.92256
-72.51919
-72.07632
-72.48232
-72.05072
-71.46823
-71.73579
-72.27548
-72.04133
-73.06678
-73.80145
-73.08665
-72.24576
-71.82974
-71.87909
-71.86714
-71.61307
-71.67218
-71.10996
-70.67883
-71.28301
-72.05867
-72.38051
-72.41005
-72.63433
-73.30648
-74.68743
-75.47857
-76.06638
-77.14790
-78.61999
-77.85829
-77.72271
-78.91982
-79.48516
-79.67447
-79.13090
-78.57383
-78.77031
-79.75960
-80.75099
-81.50399
-81.73617
-81.91064
-81.42409
-81.64136
-82.01232
-82.29570
-83.86296
-83.76167
-84.68280
-82.65985
-77.47075
-78.72822
-80.49791
-81.98248
-84.27420
-83.18085
-85.27269
-83.11663
-83.61339
-83.74943
-83.72261
-83.61948
-85.28306
-83.34167
-83.12064
-83.18696
-84.10589
-84.89964
-85.03499
-83.36258
-83.06964
-84.36383
-84.00221
-85.05500
-82.48275
-83.35305
-82.49657
-85.60194
-81.87439
-86.48543
-79.17766
-87.65040
-68.30396
-62.03422
-64.54392
-65.88767
-68.69932
-70.85649
-72.62350
-72.73421
-74.14966
-75.74830
-74.94054
-74.18477
-74.35148
-74.44222
-73.48761
-74.18264
-73.88924
-72.96628
-72.27721
-72.48107
-72.33704
-73.47065
-74.19073
-75.17435
-75.12110
-74.80432
-73.11726
-72.68593
-72.70140
-73.15978
-73.38241
-72.90911
-73.23635
-71.56149
-70.16695
-70.64115
-71.56948
-71.95787
-72.12927
-72.86113
-73.66220
-73.48922
-73.75565
-74.42043
-74.29290
-73.72383
-73.82391
-73.70143
-74.43383
-74.98412
-74.67932
-74.47250
-75.34925
-75.87544
-76.73009
-77.66690
-77.77990
-77.94327
-77.80983
-78.04490
-78.41772
-78.13051
-77.97202
-78.49609
-79.54573
-80.06105
-76.58067
-77.16671
-79.06772
-79.96888
-80.52393
-80.43556
-81.20134
-81.34381
-81.79046
-81.85146
-82.74939
-82.76828
-83.37569
-83.61449
-83.48861
-82.75873
-83.27103
-83.02137
-84.06038
-83.76877
-83.04694
-83.26398
-83.15518
-83.22046
-83.91299
-83.82183
-83.36571
-83.51844
-83.38423
-83.94832
-83.58849
-84.56391
-82.67335
-82.40951
-84.80581
-84.59804
-85.72331
-85.11686
-84.32375
-86.43052
-86.00643
-86.40339
-86.52827
-87.11463
-86.15804
-88.75577
-86.20291
-87.86204
-88.17498
-88.78542
-88.81683
-89.61881
-87.76922
-89.50090
-90.38205
-90.39996
-93.94543
-90.52988
-94.49286
-90.58030
-105.10300
-89.61056
-100.14620
-85.12676
-84.88752
-66.78817
-60.12645
-63.44825
-64.76125
-67.12963
-68.04443
-69.23791
-69.99400
-70.44060
-70.89055
-70.73018
-70.34620
-70.41463
-72.89952
-74.02294
-74.54088
-72.39758
-71.31761
-70.05583
-70.91614
-71.91292
-71.62803
-71.30673
-72.53595
-71.22777
-70.19068
-70.30074
-71.09814
-70.47899
-70.21693
-68.99074
-68.69922
-69.25771
-58.81216
-57.13158
-60.42357
-61.45034
-63.39269
-63.67266
-65.30742
-65.26007
-66.12057
-67.22029
-67.33077
-68.03223
-67.07199
-66.94994
-67.19226
-68.44799
-69.09826
-69.61125
-69.13965
-68.59173
-68.59631
-69.56632
-69.27043
-70.86239
-71.14331
-72.71013
-69.93203
-69.96647
-68.31323
-69.29350
-68.75842
-69.74644
-64.81167
-55.04059
-55.81399
-58.79282
-60.95822
-64.16307
-65.39439
-68.41644
-67.91573
-70.07760
-70.37422
-72.23783
-69.84227
-70.73215
-71.07291
-73.58221
-73.42861
-74.89498
-74.47373
-74.23150
-73.89959
-73.96386
-74.63215
-74.60118
-77.57543
-76.36060
-79.48053
-75.95872
-81.64956
-75.45009
-83.90011
-73.45127
-86.94685
-62.81291
-53.60739
-56.07924
-58.99732
-62.10959
-65.77809
-67.48768
-71.85290
-72.76884
-77.63593
-74.73151
-80.35257
-75.52048
-79.32288
-75.20844
-83.92019
-73.61208
-54.67138
-54.23170
-59.22637
-61.62165
-65.87812
-67.40468
-72.17820
-71.18189
-73.26783
-73.68200
-74.56910
-78.08862
-75.26098
-82.41134
-71.66775
-85.24247
-54.66440
-48.56650
-50.88480
-54.01961
-57.40178
-59.09523
-62.96192
-65.27260
-68.80121
-70.69075
-71.65742
-72.58068
-72.07025
-72.15236
-71.97282
-72.14107
-69.75452
-67.22916
-66.23919
-68.19524
-69.37511
-70.32944
-68.58132
-68.85097
-68.66830
-69.05638
-67.74715
-68.50077
-68.34650
-68.20020
-68.60106
-68.59552
-69.09399
-62.71391
-60.40585
-63.46362
-66.03297
-67.66221
-68.63568
-70.87723
-69.38773
-69.45385
-70.30999
-69.36556
-69.68884
-70.48853
-69.68411
-69.23127
-70.86899
-68.06630
-66.00615
-67.02217
-68.50503
-68.94001
-70.05778
-70.02192
-70.99523
-70.18093
-72.38727
-70.25041
-72.10034
-69.13089
-72.59682
-69.37648
-74.18052
-63.67604
-53.82086
-55.22241
-58.55446
-61.55080
-63.74681
-63.64151
-66.52849
-68.08248
-69.19411
-69.34176
-71.11678
-69.40420
-69.11931
-68.97727
-68.36839
-69.72365
-55.58126
-53.44267
-57.30909
-60.04895
-64.42576
-64.96571
-68.15847
-68.70317
-69.21368
-68.08542
-69.05782
-70.21482
-68.82494
-68.84305
-68.08613
-70.87093
-63.49496
-58.62672
-60.54119
-62.47725
-64.45936
-65.37871
-65.36665
-66.54387
-67.90163
-69.01437
-68.28812
-69.44580
-68.13921
-69.81522
-69.35691
-70.78774
-68.38604
-65.47754
-64.84253
-67.21263
-68.54439
-69.42792
-69.87130
-70.28290
-68.91981
-69.73713
-69.86395
-69.59507
-70.67850
-68.88457
-73.15937
-68.61098
-83.58688
-56.16706
-50.49553
-53.85928
-57.16351
-60.05342
-62.81331
-63.86317
-69.28875
-58.80071
-53.80730
-56.51183
-58.46767
-61.23096
-63.09532
-65.24628
-68.68136
-66.41859
-65.13930
-65.17619
-67.90362
-66.89430
-70.30548
-66.75396
-69.68327
-63.72651
-54.09362
-51.67285
-52.70185
-56.43517
-58.92092
-61.12427
-64.53866
-66.21449
-62.97772
-61.93591
-64.14114
-66.05869
-68.79453
-68.17288
-67.84626
-67.19562
-66.18522
-65.81270
-67.14290
-66.04946
-66.21823
-66.29319
-66.45838
-66.23760
-65.51449
-65.02571
-65.77128
-65.40024
-65.80867
-68.46427
-66.76194
-67.65099
-64.92659
-63.70580
-65.53417
-64.00922
-65.33181
-66.43378
-66.98268
-68.99380
-67.17074
-63.72842
-62.33467
-63.43782
-64.85054
-66.15927
-66.74550
-67.99705
-68.05604
-65.07058
-66.34384
-67.28560
-66.69263
-70.42257
-68.35922
-69.48699
-68.97092
-68.01079
-67.29393
-68.33135
-67.82103
-70.08587
-69.29908
-70.48446
-70.27710
-68.34349
-66.48723
-64.58061
-67.53090
-67.11588
-70.63708
-67.74049
-77.34238
-57.71858
-53.15840
-56.52939
-58.99935
-62.03215
-65.77328
-65.83361
-72.63364
-60.87634
-53.26149
-55.71913
-58.80081
-60.75432
-64.97298
-64.40898
-70.14115
-63.78076
-54.43628
-55.53791
-58.90215
-60.58699
-64.73024
-65.38956
-68.74482
-68.16709
-69.01913
-67.68967
-69.84948
-69.21093
-68.63164
-69.33621
-68.47171
-73.23529
-55.59640
-51.97725
-54.89207
-56.97790
-60.30048
-62.39152
-63.94426
-70.54469
-55.94627
-50.35441
-52.12203
-57.21394
-54.96952
-52.50868
-56.42944
-59.19525
-62.60065
-62.55214
-64.19142
-66.18075
-66.20360
-67.64372
-67.92567
-68.96144
-66.35140
-66.06167
-64.56390
-65.78794
-64.86816
-64.98322
-64.42115
-65.59262
-65.59885
-62.28004
-62.25482
-64.26179
-64.46627
-65.81787
-66.76523
-67.55579
-68.31993
-62.02127
-60.51417
-63.84134
-65.95832
-65.46271
-64.91564
-65.47988
-66.58856
-65.27790
-64.51426
-65.83642
-65.91587
-67.24144
-68.65860
-68.61852
-69.07624
-69.12120
-67.86716
-67.93311
-68.67704
-67.62442
-68.51458
-68.71767
-69.57935
-67.36556
-63.76686
-65.17084
-66.78383
-66.61118
-67.78459
-68.50258
-67.52614
-65.91292
-64.18453
-60.91241
-62.98923
-69.25155
-64.58140
-65.03732
-68.63721
-67.48097
-68.62087
-67.97083
-67.99115
-68.33173
-67.88820
-68.53834
-69.06707
-69.08059
-68.86077
-68.29820
-69.59781
-71.53848
-71.15834
-70.14662
-69.37736
-70.41315
-67.94982
-66.01947
-68.48886
-68.54667
-69.20714
-70.51639
-70.17744
-70.89575
-67.75695
-64.52207
-65.64693
-67.88352
-68.85807
-67.69851
-68.13106
-69.87242
-69.21697
-68.28243
-69.16861
-72.58730
-70.89435
-76.19189
-72.89049
-75.73279
-72.95260
-78.72183
-74.06170
-78.82138
-76.06302
-80.21634
-77.00043
-77.95776
-80.29460
-52.10450
-50.24321
-53.61816
-55.30306
-58.43439
-60.23622
-63.03455
-66.04105
-56.53430
-53.60117
-57.68727
-60.25196
-62.28529
-64.35469
-63.00430
-66.11051
-57.21203
-53.20923
-56.42321
-59.25128
-60.92293
-63.69876
-62.28652
-67.19973
-58.30984
-51.35444
-53.80260
-56.10553
-58.45883
-62.11739
-62.26064
-64.59478
-65.06393
-61.26438
-62.46481
-64.38341
-62.85795
-65.99717
-65.42281
-66.37036
-65.20984
-63.71679
-62.45577
-65.33668
-66.35250
-65.83117
-66.57638
-66.04378
-66.46179
-56.06933
-54.89859
-59.42522
-61.55317
-63.40078
-62.95460
-64.39786
-65.09181
-63.91750
-61.54666
-64.69490
-64.38925
-64.11266
-66.56528
-65.36983
-67.32138
-64.41398
-62.06973
-64.07121
-64.90924
-63.98360
-66.55641
-66.14982
-66.96828
-65.52504
-63.32548
-64.14051
-67.83766
-65.24601
-66.36564
-65.82025
-68.27573
-65.47811
-54.04953
-54.52416
-59.07912
-60.74723
-64.15484
-64.97818
-66.10957
-66.61523
-63.70728
-64.19137
-66.42546
-65.48339
-66.40527
-66.00815
-66.67844
-67.35477
-66.41982
-65.25371
-66.88154
-67.36100
-66.89067
-67.05388
-67.54821
-68.09636
-65.44351
-64.86619
-66.76228
-67.89714
-67.52964
-67.66050
-66.42068
-69.01035
-65.20512
-62.89573
-64.37733
-66.48200
-67.61226
-68.73414
-68.04637
-69.18743
-68.16118
-67.21570
-68.80210
-70.65180
-69.86409
-72.19184
-73.20983
-72.79352
-71.75302
-50.72937
-48.73820
-52.12130
-53.56626
-56.30015
-56.69098
-57.77418
-57.59205
-58.98611
-61.36344
-62.10582
-59.15763
-59.37789
-59.38029
-58.94962
-60.72157
-59.51031
-59.80419
-60.42456
-58.71596
-60.97076
-61.15967
-59.12943
-57.87567
-57.89673
-60.87282
-61.28826
-60.77584
-59.53654
-59.48510
-58.91374
-57.39440
-56.77647
-56.92548
-57.79116
-58.78723
-59.51211
-60.77131
-62.14416
-61.58532
-60.88566
-60.11738
-59.44058
-59.12046
-58.91200
-57.96433
-57.04479
-57.32507
-53.91857
-52.56681
-54.91319
-55.88389
-56.35448
-55.41229
-53.92161
-55.15635
-56.13464
-56.30339
-57.07388
-58.11717
-57.46150
-57.23762
-57.30748
-56.59799
-57.92459
-53.60133
-51.53538
-53.92944
-55.61935
-56.00304
-56.29330
-56.43734
-56.97153
-58.26179
-59.69672
-59.12814
-59.46049
-58.78402
-59.64849
-59.70973
-61.42052
-56.58103
-50.22339
-50.69461
-51.18411
-52.51310
-54.36320
-55.15792
-58.22916
-57.85059
-56.08717
-54.27231
-55.51434
-58.13745
-57.88341
-58.63964
-56.56849
-56.31856
-55.92091
-55.21033
-56.43342
-56.66214
-58.64371
-59.61551
-61.06402
-62.48980
-59.38738
-56.32162
-57.83069
-61.75009
-61.91692
-59.85954
-60.23111
-60.74769
-61.77459
-59.78285
-59.79766
-62.53772
-62.76090
-61.71942
-60.80760
-61.53442
-61.53796
-62.47355
-63.37569
-62.78748
-62.45092
-66.24941
-62.82402
-62.23221
-58.46206
-51.61218
-49.81811
-51.29584
-51.73773
-52.61003
-51.64335
-52.03785
-53.28481
-52.13241
-52.82622
-54.99932
-57.45498
-56.21224
-57.39925
-56.23669
-57.69934
-59.26310
-59.10627
-58.49362
-56.59386
-58.14082
-57.22280
-58.04220
-59.49264
-55.29484
-52.08821
-50.61553
-52.65760
-55.58793
-55.55705
-58.80852
-59.69949
-59.25100
-58.00682
-57.72526
-60.43865
-61.10135
-59.30918
-59.31942
-58.55214
-57.79259
-58.28871
-59.28093
-60.24694
-58.71633
-58.45732
-58.55488
-59.39191
-59.49717
-60.82268
-61.02929
-59.92996
-59.72658
-59.32120
-58.24288
-57.91530
-60.42241
-54.46671
-52.61020
-52.95800
-51.28227
-50.74211
-51.04765
-53.58944
-53.81666
-53.23535
-54.04021
-53.94088
-54.57255
-55.76285
-55.95195
-55.27917
-56.25859
-58.00002
-56.59521
-55.85541
-55.24653
-54.49501
-53.92324
-54.15471
-56.00543
-57.15945
-56.26271
-56.33860
-55.92313
-57.26521
-58.27333
-57.24823
-60.02601
-59.29332
-59.85732
-57.68461
-56.34024
-57.22959
-59.13668
-59.33528
-60.40523
-59.46433
-53.75647
-53.57340
-56.17977
-57.48234
-58.54398
-58.80570
-58.57320
-61.19371
-55.28113
-53.02028
-56.19266
-57.57778
-58.95134
-60.66773
-61.15108
-63.51594
-56.93197
-53.54971
-56.76061
-58.15768
-59.34851
-62.02429
-62.09497
-63.07347
-62.25864
-64.38674
-61.25591
-62.88041
-60.88038
-60.39259
-61.53458
-63.56860
-61.11023
-50.53092
-51.10471
-52.72072
-53.85047
-54.49514
-54.78298
-57.88830
-56.89558
-51.97611
-49.47417
-51.96943
-53.79282
-51.87516
-50.84840
-53.36340
-55.65989
-56.94039
-56.15906
-55.88311
-55.87990
-56.92819
-56.97251
-57.50337
-56.88171
-55.85378
-58.28529
-56.34436
-56.13082
-56.92594
-56.59647
-57.27045
-57.03780
-55.90664
-56.08576
-56.18881
-55.86056
-56.30013
-56.69920
-57.57218
-57.74415
-57.41433
-55.74135
-55.54988
-58.06991
-57.70627
-57.60074
-58.19017
-58.72134
-60.56383
-58.96260
-57.44409
-58.48203
-59.75691
-61.06787
-59.41412
-58.44143
-58.79425
-59.20861
-60.33482
-60.26753
-60.50474
-60.58365
-60.17477
-60.53983
-61.74793
-61.06296
-60.32423
-60.48922
-60.65520
-59.21918
-60.12297
-61.77365
-61.35428
-61.59016
-60.65132
-60.42284
-62.60415
-63.34018
-61.89660
-64.11756
-64.28520
-64.03137
-63.37249
-61.34578
-61.88328
-63.57330
-63.71521
-62.87744
-62.08777
-62.63393
-64.41598
-63.87192
-63.68065
-64.90607
-65.93881
-65.09571
-66.20091
-67.12980
-65.27926
-64.95241
-66.28065
-66.68567
-64.46127
-62.01332
-60.41920
-60.74486
-60.40222
-59.82696
-60.92913
-61.94701
-62.91431
-62.86836
-63.96120
-64.44945
-64.93028
-65.06383
-65.30043
-63.56486
-63.02845
-63.12312
-63.96738
-66.08244
-65.50230
-65.86840
-65.25260
-65.93977
-64.08006
-68.31020
-64.51480
-75.97445
-58.29170
-47.75786
-49.58158
-50.86842
-49.85874
-52.59886
-52.22010
-51.05007
-49.23297
-50.00145
-50.83025
-51.67916
-52.20636
-52.47560
-52.58548
-53.65389
-55.64610
-52.79019
-52.20110
-53.12297
-54.63957
-55.35940
-55.59741
-53.49629
-54.91983
-49.80059
-49.34424
-53.85645
-53.00963
-55.31925
-56.85746
-57.06249
-57.91003
-57.66357
-55.57546
-57.59151
-56.91720
-56.92359
-57.15044
-56.24092
-57.99725
-56.33053
-55.58967
-56.25506
-57.53776
-58.94976
-59.42877
-58.40091
-61.80854
-58.82847
-52.48994
-54.16757
-54.08397
-54.47929
-51.97996
-50.64607
-52.01021
-52.33144
-55.13112
-53.11719
-53.48830
-54.72845
-53.47907
-54.60714
-57.75371
-55.96839
-54.66670
-55.59608
-55.36677
-54.42158
-54.87521
-55.65648
-56.62998
-56.20457
-55.33200
-57.02719
-57.56103
-57.60632
-57.47554
-57.16508
-56.54261
-57.26595
-54.75433
-52.33970
-54.45001
-55.63413
-56.26172
-57.67407
-56.38871
-57.39415
-56.65537
-57.03149
-58.50431
-59.12034
-59.20180
-59.01454
-58.11742
-57.64248
-59.49473
-58.57673
-59.64988
-60.34544
-59.59784
-59.58825
-60.16414
-60.24677
-58.81601
-58.72889
-60.17364
-60.46402
-60.14729
-60.63024
-60.21784
-59.61049
-60.43874
-59.37591
-58.74246
-61.02944
-62.32634
-62.92458
-63.20101
-63.44715
-61.77896
-61.91671
-64.10027
-63.53722
-62.82471
-63.56569
-64.98007
-65.04050
-66.81238
-64.20735
-59.15227
-57.53192
-58.55493
-60.08299
-59.75808
-58.33568
-56.13615
-55.32174
-57.30838
-60.73927
-61.15481
-60.70023
-61.26205
-61.12496
-61.64245
-62.13902
-60.41898
-61.08516
-61.66640
-60.71610
-60.85028
-60.69496
-60.35365
-57.95784
-57.89221
-60.44905
-63.73261
-63.71698
-61.76029
-61.49733
-60.99050
-62.30085
-62.38803
-62.85431
-63.00136
-63.33246
-63.41946
-63.31558
-66.81913
-66.30966
-66.52439
-64.43591
-64.73803
-66.75411
-68.44088
-66.48591
-68.91278
-62.68703
-54.86446
-55.20514
-56.08255
-57.09282
-59.84549
-59.13834
-58.68962
-58.52538
-59.33507
-58.25990
-57.23302
-58.18713
-56.83457
-58.42616
-60.15000
-62.53023
-61.73572
-59.71279
-60.00193
-60.34954
-60.32018
-59.35151
-60.91043
-60.63415
-60.65072
-60.83029
-62.66512
-61.32720
-63.25329
-62.14821
-63.09800
-66.58130
-66.69078
-61.41227
-55.52462
-54.96792
-54.65061
-57.48327
-57.63264
-58.55325
-58.34102
-55.80661
-56.13710
-57.56622
-59.76008
-58.13214
-57.41285
-58.40386
-58.19826
-58.74737
-58.71091
-57.37351
-59.76718
-60.85436
-61.23657
-60.06772
-61.81014
-62.37618
-59.17372
-60.26561
-62.83322
-65.26740
-64.30045
-62.19748
-64.96253
-69.93645
-64.76048
-63.57400
-65.11195
-65.33005
-64.46755
-63.71019
-66.30455
-67.86775
-65.91903
-68.53434
-66.28503
-66.00957
-66.77119
-69.23178
-69.76879
-71.42877
-66.31399
-57.63284
-56.03624
-58.30442
-58.84404
-58.65176
-57.42056
-57.09735
-59.80269
-59.26810
-60.55564
-60.16696
-59.49670
-59.26342
-60.11339
-59.93075
-61.14312
-61.49351
-60.32513
-61.38911
-61.18672
-61.87786
-61.03926
-62.34519
-62.02480
-61.72542
-62.85405
-64.14848
-63.67630
-64.87734
-65.77721
-64.47759
-64.14813
-65.23452
-65.30994
-66.74990
-66.25124
-64.29789
-64.44007
-64.35956
-64.50551
-63.65464
-65.27561
-65.85871
-67.64258
-67.60401
-67.46066
-67.71910
-68.40195
-67.96355
-68.48213
-67.58591
-67.56210
-67.51684
-68.72566
-69.57864
-68.76662
-68.34560
-58.04734
-57.07484
-57.50575
-55.30518
-56.65757
-60.16085
-61.69112
-58.49146
-58.28946
-57.97373
-55.67046
-57.97741
-60.19527
-58.76419
-58.78616
-60.51319
-64.28839
-60.57943
-61.41429
-62.61692
-60.62636
-61.89485
-60.94524
-62.46315
-63.50671
-63.37400
-62.66136
-63.53651
-66.20748
-65.37369
-65.26153
-66.64754
-66.45002
-66.21662
-65.34992
-63.19338
-64.43013
-65.42558
-64.95398
-66.02297
-67.47855
-66.50866
-66.80047
-68.43980
-70.30059
-70.11293
-67.98933
-69.20402
-69.28132
-69.54712
-69.88652
-68.53636
-68.80869
-69.56553
-68.97902
-68.38153
-68.77257
-69.50821
-69.13718
-68.07853
-68.18726
-69.44770
-68.74519
-69.07682
-69.72044
-70.23179
-71.57882
-70.60099
-69.87234
-70.64434
-71.09820
-69.67893
-72.67916
-70.30619
-64.95961
-61.37831
-60.08091
-60.04381
-59.77538
-61.10443
-61.17797
-62.86790
-62.84270
-61.78286
-61.86751
-60.04732
-60.10426
-62.87838
-63.96137
-61.57756
-61.07209
-61.66991
-61.48740
-61.24002
-63.85922
-66.04839
-66.75565
-66.14074
-66.29582
-65.67159
-65.72089
-67.99484
-66.55056
-67.28911
-66.26176
-65.92169
-65.61210
-65.12434
-65.34874
-66.00781
-65.20154
-64.32299
-64.29759
-64.89387
-67.45388
-66.50869
-68.09145
-67.56910
-66.63524
-66.70615
-66.63259
-67.98260
-69.65839
-69.90068
-67.90819
-68.39781
-68.66736
-70.47807
-70.00807
-69.05451
-67.59789
-68.58731
-68.96886
-69.75750
-72.04268
-70.77618
-72.44644
-71.00971
-70.33346
-71.13753
-71.58108
-70.88035
-70.28837
-69.79177
-70.75880
-72.79582
-72.94548
-71.98521
-73.21098
-74.00954
-72.99816
-73.59992
-75.63140
-76.30373
-74.49527
-72.06655
-71.93981
-73.47390
-73.34657
-73.48434
-73.25186
-74.20053
-73.19448
-74.40683
-75.45676
-74.44613
-73.39908
-75.68542
-76.30077
-75.74544
-76.27082
-75.97137
-78.33348
-77.14812
-78.42014
-77.20077
-77.78656
-76.90211
-77.53286
-77.08596
-77.51387
-77.70557
-75.76924
-77.58675
-79.13607
-79.34866
-78.19960
-79.53532
-81.59760
-82.47723
-80.05504
-79.69932
-77.96004
-76.34985
-78.23555
-79.48912
-79.49371
-79.42643
-78.54748
-81.03910
-80.58884
-85.04529
-81.15577
-89.58205
-66.94306
-59.28342
-59.78465
-59.04735
-59.73658
-62.07495
-62.89267
-61.08186
-59.46863
-61.82447
-63.18617
-61.85913
-62.12736
-62.44933
-61.40874
-63.42530
-64.28456
-64.81118
-64.24211
-64.58531
-66.75059
-66.06174
-64.94211
-64.28990
-67.11758
-66.76741
-64.45668
-64.43771
-66.94799
-66.10290
-65.43580
-67.67930
-68.61535
-68.40783
-69.16151
-68.56870
-67.83214
-68.00788
-65.83665
-67.15629
-67.48857
-66.72069
-68.63054
-69.26744
-69.12042
-68.91486
-70.43568
-72.93471
-73.84035
-73.25995
-72.24753
-69.62026
-67.83451
-66.04259
-63.46210
-62.34535
-63.35745
-65.66333
-66.56863
-66.43644
-67.22036
-68.78228
-67.43792
-67.48241
-65.99700
-65.78621
-67.00513
-67.37872
-67.45425
-67.74794
-67.12034
-66.63550
-67.92936
-66.78447
-69.79184
-69.23390
-67.92292
-69.43211
-70.17376
-70.09350
-68.08574
-68.37770
-70.05687
-70.89199
-70.53890
-68.83004
-69.79283
-70.49321
-69.69955
-70.68187
-70.97328
-70.44868
-71.88561
-72.69721
-72.48448
-72.14728
-70.15522
-72.79438
-72.53973
-73.08791
-73.31687
-72.26061
-73.24443
-73.11753
-73.17991
-73.42169
-75.26182
-74.24312
-73.33996
-72.13434
-72.25500
-72.68274
-72.61390
-73.46909
-75.04098
-75.01212
-73.79778
-75.11457
-74.63241
-75.29138
-76.13488
-77.24772
-76.04833
-77.25195
-77.53481
-74.76737
-75.48450
-76.39339
-79.98156
-79.30462
-80.40765
-73.80162
-70.16905
-71.63324
-72.15533
-71.20894
-72.17872
-72.19181
-70.34034
-70.93766
-72.85372
-74.58363
-73.82368
-73.65227
-74.19988
-73.60387
-73.41332
-74.27661
-74.90509
-76.61458
-75.19394
-73.84719
-74.88883
-76.21673
-75.25652
-72.44666
-72.37174
-74.17100
-74.87699
-75.01730
-75.99519
-76.17226
-75.98225
-77.77140
-80.25682
-79.69685
-78.08778
-78.35877
-77.41641
-78.21425
-79.82955
-79.59967
-78.91841
-77.96196
-79.79092
-80.59694
-82.19108
-80.63319
-85.21188
-71.84617
-66.35351
-67.92124
-70.20340
-70.74395
-70.55031
-71.80848
-73.78719
-75.59661
-74.11092
-73.40817
-73.29505
-70.57489
-69.03298
-72.03214
-74.16144
-74.49951
-72.25969
-71.51660
-72.61471
-74.82499
-73.49757
-73.44429
-75.97779
-75.04231
-77.23833
-76.08307
-74.22497
-73.13922
-75.72639
-73.20325
-76.33362
-78.44198
-77.09603
-70.09821
-68.19868
-69.15547
-67.86499
-70.52081
-69.97441
-71.90085
-69.34256
-68.40055
-67.92124
-68.95059
-71.03493
-70.13355
-70.48622
-70.20259
-71.30197
-71.22811
-70.92306
-70.25290
-72.69503
-73.87834
-72.94720
-72.81968
-74.59814
-74.73616
-72.63823
-74.76294
-76.18601
-76.48132
-75.53690
-74.17874
-78.09185
-78.59449
-77.73640
-77.50024
-76.93192
-78.65129
-77.41716
-76.07588
-77.73236
-78.83767
-77.92084
-78.13731
-76.45894
-76.62952
-77.74024
-79.90245
-80.12239
-83.83162
-72.86480
-65.98229
-67.01328
-69.45215
-70.41774
-70.53671
-69.80983
-71.88954
-72.23750
-72.68388
-73.40842
-72.52454
-72.33670
-71.73233
-69.66497
-69.84310
-73.17385
-71.32336
-71.99154
-72.67463
-73.70020
-74.47271
-73.21234
-74.09282
-73.74455
-73.13858
-73.60348
-73.96784
-73.84822
-77.00110
-76.50984
-76.44253
-75.80150
-76.30698
-78.47893
-77.66206
-77.77069
-77.45910
-77.56031
-76.11198
-74.42902
-75.79386
-76.53093
-76.71983
-77.02780
-76.87018
-79.19319
-80.00981
-79.55730
-79.64066
-79.85376
-79.08211
-78.20024
-78.12308
-79.48333
-79.52953
-81.75291
-74.48848
-69.20879
-67.59138
-65.82118
-65.67051
-67.19784
-67.67682
-67.39034
-69.11197
-70.56799
-69.92957
-69.52787
-69.77849
-68.97821
-69.74207
-68.97179
-69.53449
-72.22071
-71.03767
-73.11115
-71.49358
-69.55482
-69.35822
-70.79806
-72.98463
-72.22739
-71.72263
-71.24782
-73.68012
-74.71508
-73.80378
-74.81698
-76.37970
-76.19361
-76.73043
-74.90476
-74.36921
-75.48274
-74.58472
-74.34158
-74.63357
-74.72149
-74.68026
-75.81739
-78.54776
-80.37409
-79.91275
-80.18508
-78.94249
-81.33424
-80.24073
-79.27842
-78.99697
-77.54788
-79.59787
-80.58317
-80.96705
-81.67970
-82.90101
-81.04463
-80.43488
-80.31858
-79.14435
-81.94940
-81.49714
-79.85567
-81.55847
-80.07151
-78.19964
-80.02005
-82.08557
-79.31653
-80.35689
-83.53076
-81.16507
-75.90501
-71.71955
-72.02230
-71.96018
-69.96691
-69.27038
-69.58281
-71.30696
-71.75984
-70.14811
-70.55051
-71.50002
-70.31388
-70.06622
-71.00310
-72.50785
-74.14199
-74.49660
-72.75584
-73.15969
-73.18064
-73.54826
-75.25368
-73.39042
-73.79757
-74.04683
-73.68581
-74.32723
-73.02878
-74.34710
-75.79898
-73.77082
-72.63337
-72.97176
-72.92821
-73.23741
-73.67065
-73.45068
-74.10186
-74.76073
-77.54083
-77.03578
-78.87159
-79.18346
-78.87141
-80.46575
-77.68013
-76.37201
-77.24755
-76.75265
-75.40867
-76.89557
-77.42961
-79.54572
-77.96301
-76.68754
-78.67655
-79.53365
-78.50417
-80.43707
-80.96800
-81.03541
-79.83107
-78.24422
-79.58896
-79.73402
-79.48895
-78.38071
-78.53118
-79.96097
-81.06575
-82.16151
-80.64219
-79.69026
-83.10024
-81.21671
-80.84424
-83.06990
-84.47289
-81.78321
-82.61367
-82.18659
-81.06098
-81.10409
-80.63118
-83.11338
-81.55096
-82.63821
-82.17205
-82.72168
-83.57304
-81.78265
-81.97981
-84.42899
-82.54014
-85.87341
-86.04188
-83.87946
-84.63966
-83.59260
-85.38530
-84.15274
-84.26448
-82.67904
-84.68499
-85.75929
-86.74001
-86.26239
-84.57361
-84.27257
-85.57269
-85.65875
-85.54040
-86.48259
-89.02062
-87.12944
-86.73576
-84.35281
-82.81981
-83.89383
-86.84341
-89.51654
-87.53615
-86.21686
-85.65499
-87.02849
-85.10322
-90.73349
-86.41709
-89.85917
-69.26333
-64.51413
-64.15977
-64.80401
-67.21284
-67.44708
-67.13500
-66.00218
-68.77035
-68.45193
-67.59956
-68.17569
-69.31431
-68.18572
-66.64821
-68.44671
-69.41707
-71.72380
-70.39748
-70.33380
-70.72538
-70.85080
-70.66550
-70.26201
-70.85019
-70.17148
-71.08994
-71.76678
-73.05538
-73.61649
-72.89085
-73.29646
-74.69522
-71.95532
-73.20792
-72.81277
-71.94238
-73.76716
-72.75161
-76.27868
-73.71579
-74.53366
-76.84429
-76.30735
-74.44923
-73.94528
-74.53059
-76.68481
-78.65490
-78.49672
-76.59387
-71.21609
-69.85591
-66.87614
-65.26261
-66.95497
-66.85961
-66.03195
-67.11886
-69.02600
-72.11592
-69.87372
-70.74871
-71.71734
-69.88962
-69.47883
-71.87860
-69.27402
-69.32962
-72.29443
-71.04272
-74.77747
-70.62952
-71.55760
-72.70546
-72.10412
-71.86581
-71.76124
-72.05243
-74.43551
-75.42191
-73.35251
-73.09735
-71.16222
-71.65003
-73.61615
-75.71911
-74.61205
-75.30577
-74.13213
-73.26766
-72.44971
-72.53189
-71.57747
-72.45947
-76.09137
-76.32449
-74.88490
-76.21938
-78.78183
-78.20978
-77.82417
-76.66406
-75.27269
-75.08812
-76.74220
-77.16302
-79.79020
-79.33167
-78.87034
-78.44682
-78.54059
-78.85448
-79.60281
-80.36041
-79.18745
-80.34560
-78.03193
-77.09664
-78.87917
-80.15686
-83.36135
-85.13683
-82.85190
-81.23753
-78.12657
-77.61776
-79.85150
-81.10868
-82.43837
-83.20247
-79.14056
-78.72846
-78.09935
-77.92740
-80.82256
-79.76832
-78.92172
-78.66202
-79.39823
-78.09239
-78.18022
-80.72952
-82.82627
-82.68460
-81.14830
-82.68341
-80.20825
-78.53118
-79.72998
-78.60621
-76.73104
-76.12136
-76.85822
-78.50661
-80.33472
-81.71011
-80.03461
-81.71747
-82.09467
-82.47590
-83.09413
-82.95220
-81.90095
-76.01275
-75.13478
-75.24901
-74.56371
-74.51563
-74.09613
-75.13113
-77.31924
-78.83020
-79.80598
-81.05398
-81.62646
-80.56282
-80.35917
-79.04928
-80.21636
-73.77244
-69.28683
-68.47997
-68.06322
-68.97992
-69.76387
-71.19607
-74.11090
-76.28603
-74.91128
-74.54030
-72.85475
-73.19934
-75.69141
-74.17216
-74.92415
-73.76509
-71.43008
-70.39818
-70.36231
-70.81492
-70.45566
-71.44343
-71.18742
-70.25171
-69.75911
-69.89830
-72.19025
-72.38820
-71.56899
-70.92726
-71.24323
-73.51052
-69.01804
-66.73560
-66.50992
-65.20178
-66.53727
-67.72863
-68.18344
-70.70239
-70.76908
-69.91000
-71.04878
-69.02264
-68.88210
-72.32192
-70.56561
-70.39758
-74.96778
-72.72623
-72.86978
-72.84422
-68.60934
-69.11248
-72.67596
-74.01204
-73.71699
-73.22719
-72.53281
-71.60941
-72.74164
-74.79661
-74.41010
-75.67141
-75.47309
-77.10081
-74.26469
-73.15391
-73.95137
-73.62468
-75.86473
-76.39194
-76.66731
-80.27252
-79.11054
-74.20107
-74.52276
-75.46608
-78.02491
-79.90643
-80.39815
-81.03090
-83.45532
-82.27587
-80.45994
-82.49544
-81.79095
-82.46479
-82.79702
-86.35643
-86.77800
-85.34164
-86.40434
-85.48977
-87.40563
-86.21936
-86.44639
-90.79312
-89.16109
-89.27563
-87.80997
-87.49205
-86.31675
-86.35441
-90.16338
-91.38897
-91.93190
-92.46159
-90.94609
-88.19911
-89.84534
-92.54062
-93.85209
-93.79438
-96.44393
-96.72220
-94.44990
-93.13231
-93.44848
-92.59338
-92.67629
-98.57999
-97.69097
-100.67475
-98.74492
-96.92401
-96.81092
-96.22913
-96.69923
-97.28553
-102.83908
-103.29274
-103.68183
-100.28243
-98.38340
-100.44071
-103.56971
-103.30227
-104.83094
-106.36546
-103.18688
-106.51858
-105.23331
-107.52743
-107.99895
-104.98153
-108.24266
-111.20783
-107.23101
-104.21247
-108.42466
-109.56967
-111.35184
-111.84496
-113.75812
-109.68824
-109.68338
-112.98103
-110.25630
-115.39943
-117.82067
-119.91881
-120.73859
-120.89962
-121.44461
-125.07507
-123.68465
-124.54554
-129.67823
-132.16122
-132.25391
-136.14092
-135.62930
-136.07029
-139.63559
-138.77866
-141.19221
-138.87006
-143.07548
-139.96673
-143.57009
-139.78781
