-123.08931
-95.48185
-91.57661
-92.85095
-93.04374
-94.57862
-94.91848
-96.08801
-96.52367
-97.60985
-97.86424
-98.59592
-98.84587
-99.75606
-100.47348
-101.41132
-101.87192
-102.86684
-103.92681
-104.28807
-105.38590
-105.41985
-105.42419
-99.22516
-98.73098
-99.01120
-98.76108
-98.53405
-97.43333
-96.98026
-95.82025
-98.35272
-106.59566
-102.34573
-92.65761
-91.49625
-92.68549
-93.05830
-94.42783
-94.94037
-96.00284
-96.68736
-97.12649
-97.48635
-97.76339
-96.96075
-97.60243
-97.69354
-98.20115
-97.73373
-98.62555
-98.24561
-98.25284
-99.72448
-100.81172
-100.56895
-96.84440
-97.92546
-97.82209
-98.55325
-98.12862
-98.19416
-96.87440
-97.22859
-94.85948
-97.55059
-97.30904
-90.68712
-91.46358
-91.19708
-92.76405
-93.69682
-94.27609
-95.24310
-95.54309
-96.24485
-96.55272
-96.82782
-96.87756
-98.27778
-98.08665
-98.68145
-98.38455
-99.10153
-98.44664
-98.45514
-98.11684
-100.09902
-100.00565
-97.85138
-98.42453
-98.28297
-98.58542
-98.87203
-97.70539
-97.10520
-96.66140
-95.50752
-95.47054
-90.85494
-89.74618
-91.26323
-90.87115
-92.32758
-93.02859
-93.51118
-94.51272
-95.46261
-95.71899
-96.65602
-97.54306
-97.96412
-98.09339
-98.14822
-98.89835
-98.83942
-99.74077
-99.49113
-99.74142
-99.61096
-99.21400
-96.11138
-96.05105
-96.77728
-96.88301
-97.54678
-97.47260
-97.62425
-97.23499
-97.04243
-96.32219
-94.95326
-89.18644
-87.75857
-89.89694
-91.59352
-92.27982
-93.16456
-94.32027
-94.08676
-94.86543
-95.22088
-96.02641
-95.73735
-96.09051
-96.29274
-96.77466
-97.03167
-96.74024
-97.15333
-97.48676
-97.94569
-98.10803
-97.46008
-94.09603
-94.25471
-95.84509
-97.72685
-98.42548
-99.10331
-99.07077
-98.67393
-98.14971
-98.04122
-95.50645
-89.60711
-89.29121
-88.92870
-90.04614
-91.94033
-92.19463
-93.37442
-93.58028
-94.27782
-95.10795
-95.63319
-94.84352
-95.42850
-96.30609
-97.65930
-97.17668
-98.40937
-98.23732
-99.56418
-98.41605
-100.85003
-97.76959
-95.66589
-95.66811
-95.77150
-96.76152
-98.21752
-98.09598
-98.68063
-99.25067
-97.52671
-99.83956
-89.15168
-86.76271
-88.50375
-88.29362
-89.28859
-90.16323
-91.85614
-93.54599
-92.93247
-95.08025
-94.41258
-97.42961
-94.10877
-98.21409
-93.63961
-106.21402
-88.52755
-80.34973
-89.93453
-97.04685
-98.11039
-101.25524
-95.62806
-94.58077
-93.69472
-95.19034
-95.04826
-90.66391
-90.27918
-96.56622
-95.81015
-97.94596
-96.48759
-89.20690
-87.22318
-89.08538
-88.27057
-90.29700
-90.19830
-90.51440
-91.24032
-93.77577
-94.83787
-95.21534
-95.81153
-93.67256
-98.57367
-93.58111
-112.94211
-84.02835
-81.35345
-94.61962
-95.63503
-100.58604
-99.33136
-96.57033
-95.38111
-94.79293
-96.09689
-94.21144
-89.47026
-91.61184
-97.20382
-96.13863
-100.59314
-94.51945
-87.54979
-87.56641
-89.22884
-88.30982
-89.85050
-89.33134
-91.13217
-89.92983
-91.99210
-93.15185
-95.65687
-95.09589
-95.26540
-96.06928
-94.99251
-100.23569
-81.50252
-83.63583
-98.42283
-95.06449
-102.21281
-96.50595
-95.17296
-93.85880
-94.30060
-95.11467
-92.70023
-88.21283
-92.01597
-95.06301
-95.36005
-100.47324
-92.04569
-86.27078
-87.23668
-88.17230
-88.61882
-89.85838
-89.20675
-90.47970
-89.61451
-91.57815
-90.46102
-94.14191
-91.70606
-95.29322
-92.71381
-97.22871
-90.77592
-80.07816
-86.88370
-95.51272
-94.97022
-101.36502
-94.92141
-94.42882
-93.33533
-95.55098
-95.92170
-91.35155
-88.73795
-93.50715
-94.85443
-96.32658
-97.68853
-88.59206
-85.49811
-88.07360
-87.84761
-88.78372
-89.34101
-89.49583
-89.80097
-89.64705
-90.81582
-90.12753
-92.47854
-92.51442
-98.60796
-92.81845
-111.21522
-85.63610
-80.19950
-90.92639
-93.75578
-96.74267
-99.11242
-95.03490
-93.66686
-93.50109
-94.95490
-94.27020
-89.37339
-89.25157
-94.32095
-93.74962
-96.70254
-94.56892
-86.74469
-85.28513
-87.76033
-87.05675
-89.06678
-88.84171
-89.46431
-88.51192
-89.19341
-89.28002
-89.95559
-90.66411
-88.85730
-92.20679
-92.11711
-101.70003
-81.92342
-81.32797
-94.24930
-92.64355
-98.57191
-96.47421
-94.10349
-92.74006
-93.37094
-93.95531
-92.37967
-87.70835
-89.96748
-93.94243
-93.04477
-96.56065
-90.98492
-85.72824
-85.24958
-86.99962
-87.67204
-88.82567
-88.09592
-89.32544
-88.84191
-90.71119
-89.40807
-90.99261
-90.27691
-91.28901
-90.74686
-91.67267
-94.59954
-80.62062
-84.01772
-94.98273
-93.25725
-99.94737
-95.13711
-93.99401
-91.95453
-93.65102
-95.29772
-91.26895
-87.94076
-91.53483
-93.34257
-94.14782
-96.90974
-89.24286
-84.87631
-86.64469
-87.09921
-87.71991
-88.97958
-89.50432
-90.50779
-89.52623
-91.42139
-90.15106
-92.90229
-90.25791
-92.98890
-90.36492
-94.99241
-87.49184
-79.76887
-87.89030
-95.24963
-95.47633
-101.42013
-94.84745
-93.62531
-92.98852
-94.31100
-94.79535
-89.99587
-88.68594
-94.32907
-94.94651
-96.78056
-97.10829
-87.11909
-83.93541
-86.37498
-86.56687
-87.78587
-87.41470
-89.02699
-89.63173
-89.56702
-90.42087
-90.50201
-91.98977
-90.46379
-93.05077
-89.84529
-96.80076
-84.03380
-80.78042
-90.02521
-93.65322
-98.65748
-98.75790
-93.23946
-91.88870
-92.31652
-93.59827
-92.95124
-89.16561
-90.50568
-95.15013
-94.40802
-97.56465
-94.74110
-85.96826
-84.96392
-86.83488
-86.38158
-88.15997
-88.35209
-90.35928
-90.14915
-91.74995
-91.77236
-92.97680
-92.91598
-92.85845
-94.22180
-92.26782
-97.72643
-81.51172
-82.18209
-94.40909
-90.43157
-95.66383
-97.84052
-93.33329
-92.37803
-93.14075
-94.06175
-92.15145
-88.97498
-92.39677
-96.03539
-96.01887
-101.00370
-92.87650
-85.20980
-85.66478
-86.38130
-86.33671
-87.93586
-87.94065
-89.34495
-88.69263
-90.63681
-90.04570
-91.49520
-89.57205
-91.50410
-90.24320
-91.71654
-90.16204
-80.51388
-84.91308
-92.07965
-90.09653
-92.48781
-90.92765
-92.83687
-92.37625
-93.28683
-94.03668
-90.96858
-88.84606
-92.95106
-94.97712
-95.31168
-99.44928
-88.58085
-83.60784
-85.37483
-85.96520
-86.45739
-86.91313
-87.51266
-88.45262
-88.09467
-89.69747
-88.73105
-90.84473
-89.75249
-92.87866
-89.68573
-96.28316
-85.74575
-79.44681
-87.95279
-90.90172
-91.06494
-91.93130
-89.57935
-89.51390
-90.83268
-93.54540
-92.88312
-89.46818
-89.13365
-94.00357
-92.92730
-95.51146
-94.28327
-86.39898
-83.99748
-85.70196
-84.86286
-86.81592
-87.32921
-87.92147
-88.51255
-88.85077
-89.47006
-88.90828
-89.21657
-87.65519
-90.23383
-87.56113
-92.99679
-81.52266
-79.62430
-88.84732
-88.15713
-89.93774
-88.16330
-87.75608
-86.28868
-85.32952
-86.76124
-88.20562
-85.75866
-85.86039
-88.74241
-89.56772
-92.71775
-88.95595
-83.81695
-83.51818
-84.98477
-85.15707
-86.36609
-85.99685
-87.18666
-86.84984
-88.47479
-88.48851
-89.09505
-87.79486
-87.88795
-88.51089
-88.43640
-91.02376
-80.70413
-82.66515
-91.10042
-89.65105
-91.96830
-88.58056
-87.17153
-86.00418
-86.22860
-85.89244
-85.97567
-86.69192
-89.11347
-90.60852
-90.40386
-93.51739
-88.39029
-82.97518
-83.91131
-85.34599
-86.08946
-87.00788
-86.64000
-87.91126
-87.88958
-89.53616
-88.00256
-88.85215
-88.35614
-90.01242
-88.29676
-89.56167
-86.94470
-79.78810
-85.33682
-92.02434
-90.43169
-92.67009
-88.95058
-88.21302
-87.80613
-89.15751
-88.65321
-85.79321
-84.80166
-89.71372
-92.36115
-91.90581
-93.14265
-85.85626
-82.70425
-83.91937
-84.53749
-86.17797
-86.67440
-87.28919
-87.60401
-87.93422
-89.96762
-89.08318
-90.45696
-89.10128
-91.63117
-89.10787
-94.99386
-84.25028
-79.55798
-88.75485
-91.66658
-93.00593
-94.40665
-90.57459
-89.26445
-88.97650
-89.49226
-89.02599
-86.91254
-86.92252
-88.28933
-89.36641
-94.91412
-93.06141
-85.49121
-83.13186
-84.10789
-83.71646
-85.60519
-86.30494
-87.19990
-86.84725
-88.17497
-88.63439
-89.85011
-89.80840
-88.56782
-90.76200
-88.52574
-94.42170
-81.19889
-80.87872
-91.22025
-90.17864
-93.58738
-92.01229
-90.67023
-89.25714
-89.18511
-89.70042
-88.89889
-86.95255
-87.13827
-87.89960
-86.66379
-89.22579
-90.91277
-83.95748
-83.56548
-84.64141
-84.51405
-86.51840
-86.66632
-87.86199
-87.46980
-88.74398
-88.43250
-90.25689
-89.21503
-90.61880
-90.11064
-91.20795
-91.25517
-80.42508
-83.86695
-91.77640
-89.70384
-93.29948
-91.20002
-89.74681
-88.57600
-89.08809
-89.83667
-88.45604
-87.15184
-88.99724
-88.51853
-87.87428
-88.56295
-85.07675
-82.05784
-82.97362
-83.37807
-83.82249
-83.62987
-83.30664
-83.61028
-82.83345
-82.18376
-81.29530
-80.46174
-80.52429
-79.80842
-77.60969
-78.44272
-76.82814
-74.22592
-75.25983
-76.11159
-76.20253
-75.22076
-74.79680
-74.85566
-75.49328
-76.30239
-74.60688
-74.02305
-73.12012
-73.81229
-76.77116
-78.05371
-77.82255
-76.15860
-74.70449
-76.31698
-76.90208
-77.18243
-77.12747
-77.49842
-79.98036
-79.03832
-77.75220
-77.96067
-79.06258
-77.60007
-78.95224
-78.86106
-80.56437
-78.36957
-76.29928
-79.45494
-79.40126
-79.17912
-79.85535
-78.99232
-79.15747
-81.02124
-80.20055
-81.31830
-78.67651
-79.42938
-80.91164
-79.32981
-79.04914
-79.05678
-77.43884
-77.55745
-78.00342
-77.38865
-79.87869
-78.95783
-79.61628
-80.15996
-80.06358
-80.00043
-80.25455
-79.43516
-81.11264
-80.48921
-80.04853
-82.98424
-78.50021
-79.91044
-83.90624
-82.93542
-82.25636
-81.91444
-80.44923
-81.13766
-82.46053
-82.35713
-83.45964
-83.00903
-82.93996
-82.75839
-81.35811
-82.23005
-80.84747
-77.61210
-79.56409
-80.11988
-80.38272
-80.80583
-80.29194
-81.67782
-80.73704
-80.86203
-81.82637
-82.60387
-81.73712
-82.21903
-81.13147
-81.90525
-81.87090
-78.16647
-80.42234
-83.52797
-82.46276
-83.63945
-81.59300
-82.46698
-82.70371
-81.62411
-83.00831
-81.92290
-83.93729
-84.26471
-83.32556
-84.03423
-85.47083
-81.40837
-79.78564
-80.49089
-79.44255
-80.15764
-80.94835
-81.17312
-82.11751
-83.76188
-83.33421
-84.34750
-84.38572
-84.66418
-85.08380
-84.07279
-87.34618
-81.33292
-78.84658
-84.92392
-86.15292
-87.31985
-85.91030
-84.87971
-85.18409
-83.62644
-85.51966
-84.83459
-84.07865
-84.22436
-85.25656
-85.23555
-85.25543
-85.98464
-81.86138
-79.59449
-80.28862
-80.85935
-81.97824
-81.21722
-81.70709
-81.28479
-83.00631
-85.84119
-85.23562
-85.88982
-86.30227
-86.33695
-87.07113
-87.12303
-87.89865
-89.50729
-88.81873
-89.27539
-88.10509
-89.82477
-86.74138
-86.54022
-86.00282
-87.55540
-86.99787
-88.81805
-87.03283
-90.53718
-88.02940
-96.37187
-83.85547
-72.17008
-76.49623
-79.55324
-78.39864
-80.74831
-80.23382
-80.74705
-79.99563
-80.88413
-78.53331
-79.77784
-79.44198
-79.35936
-78.31743
-78.29360
-78.26245
-74.17063
-74.40825
-75.95084
-75.79316
-76.43134
-76.62879
-75.96637
-75.88562
-76.30355
-76.57228
-75.30638
-75.10053
-75.48093
-76.35150
-76.99520
-80.15946
-74.88644
-71.51148
-75.83143
-75.95661
-76.81174
-77.68513
-77.31764
-78.21244
-78.03035
-78.75540
-78.61410
-79.31957
-79.48817
-79.76388
-79.62942
-81.72664
-80.43532
-76.21053
-76.61284
-78.77013
-78.40504
-79.68983
-79.58474
-80.23949
-80.44798
-80.11346
-81.32142
-80.24652
-80.50312
-82.62349
-82.19126
-82.40427
-85.46194
-74.63120
-73.87191
-79.36567
-78.48318
-79.68528
-79.57418
-80.78274
-80.96586
-81.41524
-82.53042
-82.66567
-83.14117
-81.71050
-82.43318
-82.83073
-85.23547
-80.63456
-76.01361
-77.32855
-78.52792
-79.33918
-80.55184
-80.03334
-80.65552
-80.35158
-81.91775
-81.33994
-80.52542
-81.56174
-85.76119
-84.42014
-85.91221
-84.83822
-72.64005
-74.04466
-78.32806
-78.02610
-79.40027
-78.36263
-80.30305
-79.64223
-81.40539
-80.95596
-80.92867
-81.35698
-81.58425
-81.41933
-81.72417
-83.84523
-78.42125
-76.50070
-79.25761
-76.97810
-76.33201
-77.58758
-76.69928
-77.86173
-78.08103
-79.09957
-78.81447
-79.29777
-81.44223
-84.77491
-81.77909
-86.08280
-79.34059
-72.48554
-76.62793
-77.64276
-78.16619
-79.80873
-79.88275
-81.08260
-80.38959
-82.53043
-81.72183
-81.74488
-81.33412
-83.23009
-82.69778
-83.45522
-83.50956
-77.46837
-77.26200
-80.39867
-80.20199
-81.77345
-81.98434
-81.97292
-82.57389
-82.33342
-84.17471
-81.54088
-81.77786
-85.57225
-90.12325
-85.89120
-99.04571
-77.05508
-72.16547
-77.41248
-76.93850
-77.90702
-78.29351
-79.10377
-79.76212
-80.10700
-81.61630
-81.10945
-82.30926
-81.71718
-83.26985
-82.28501
-83.78416
-81.71218
-76.50765
-78.23575
-79.96084
-79.79526
-81.87505
-81.03361
-82.14730
-82.53381
-83.69877
-84.39451
-81.09141
-82.18515
-88.56121
-88.51689
-93.24009
-86.70061
-73.42150
-73.57459
-77.69877
-77.52491
-79.59292
-79.03129
-79.90891
-79.86159
-80.18060
-79.33442
-79.45018
-80.06268
-79.63179
-80.03992
-79.87267
-81.16103
-77.25177
-75.55609
-77.21791
-77.09061
-77.47504
-78.33282
-77.94177
-78.33883
-78.22961
-76.79904
-75.19654
-75.28899
-75.24877
-76.85201
-77.30971
-79.53991
-78.25979
-71.74358
-73.63961
-76.79052
-77.52391
-78.47039
-78.03021
-79.67950
-79.26122
-79.81482
-79.32104
-80.46229
-80.64304
-80.16218
-80.54441
-81.32555
-82.64734
-76.70625
-74.13596
-75.61705
-75.96325
-76.77452
-77.42937
-78.40475
-79.10741
-78.77689
-80.74739
-79.86423
-79.31622
-80.14303
-81.89824
-80.42948
-84.29409
-76.92482
-72.23557
-75.67295
-75.75755
-76.92787
-78.69118
-79.04938
-78.75840
-78.33445
-79.31625
-79.54613
-80.99902
-80.45630
-81.45125
-81.51357
-81.35497
-79.90814
-76.37551
-76.90889
-79.13322
-78.71502
-80.05081
-79.66697
-79.30612
-80.72880
-81.79543
-82.75122
-80.94091
-80.60483
-83.88502
-85.51454
-84.29371
-91.15120
-75.37790
-73.97780
-80.09721
-77.66495
-79.85200
-79.46574
-80.44126
-80.91591
-81.90346
-82.92725
-82.99880
-83.47478
-81.38608
-82.08739
-81.78587
-84.27542
-80.96891
-76.40249
-78.62943
-80.03336
-79.48779
-81.40159
-80.46582
-81.65837
-81.25713
-82.97559
-83.48842
-81.32740
-82.48894
-88.20914
-87.33983
-88.23482
-86.82062
-74.28815
-75.52946
-80.58609
-80.18114
-82.01953
-80.42892
-82.28998
-82.45328
-84.19075
-83.93363
-85.28805
-85.30946
-85.22482
-86.74356
-84.96087
-89.10615
-80.12002
-76.81546
-80.31662
-80.33318
-80.45708
-82.03913
-81.04596
-81.82790
-81.45209
-82.32743
-81.58921
-81.94219
-84.80295
-95.33664
-89.15534
-103.62430
-84.81897
-72.73181
-76.71431
-79.67328
-79.95268
-82.59708
-81.80993
-83.71143
-83.43029
-85.45630
-84.56096
-85.57341
-84.07283
-85.70730
-85.29966
-85.74231
-86.55490
-78.71026
-77.28842
-80.14964
-80.01238
-81.36825
-82.10020
-81.64491
-82.51628
-82.15586
-83.81065
-81.09731
-80.31819
-85.37861
-91.34178
-86.62478
-107.65006
-79.72519
-73.14771
-77.80640
-78.98769
-79.35055
-79.17291
-79.50871
-78.82302
-79.62577
-80.29233
-77.98171
-78.91629
-78.15519
-78.16798
-77.71396
-78.38950
-77.27193
-75.24182
-76.15456
-77.08569
-76.82537
-77.61046
-77.27707
-77.39719
-77.15597
-77.74865
-78.24342
-76.62599
-76.89949
-77.73760
-78.84012
-80.01797
-84.03261
-73.79935
-72.74437
-77.37191
-76.62611
-77.39942
-75.83955
-76.78012
-76.74436
-77.59486
-77.14268
-76.76816
-76.73426
-76.57555
-76.88979
-76.32010
-76.96850
-75.29212
-73.79008
-74.27728
-74.95833
-74.73988
-75.30540
-75.54611
-76.08168
-76.16161
-76.65345
-76.14622
-76.03210
-75.97946
-76.51871
-75.70420
-75.23972
-74.47555
-71.24104
-72.94487
-75.47073
-77.23864
-79.28455
-80.38412
-82.32019
-80.93026
-82.68723
-82.47389
-82.46886
-83.06021
-82.71833
-83.03922
-82.87937
-84.08990
-78.06502
-75.51916
-78.35524
-78.37050
-78.24198
-77.79676
-77.86402
-78.81832
-77.85155
-78.30358
-77.96886
-77.38570
-76.66773
-76.96257
-75.88594
-76.63557
-74.12500
-71.20516
-73.81039
-74.62856
-74.92916
-75.43615
-75.13328
-75.44809
-75.56837
-76.23474
-76.66735
-77.24607
-76.31583
-77.13750
-77.12389
-78.12917
-79.79476
-76.05395
-76.37332
-78.91537
-79.48310
-77.90360
-75.46348
-75.48702
-75.60511
-76.27615
-76.40443
-75.81458
-76.78979
-78.38163
-78.87882
-76.89488
-77.93185
-73.55728
-71.69272
-75.64629
-75.65181
-76.18996
-76.48337
-76.46419
-76.39007
-76.90159
-77.97606
-77.08261
-77.85113
-77.84867
-78.38587
-77.14785
-78.73564
-79.39145
-76.33092
-77.85320
-79.79490
-79.99786
-81.30978
-80.68654
-81.15252
-81.62286
-81.69232
-81.99438
-79.59907
-80.69462
-84.63062
-85.38264
-83.71958
-85.34276
-74.07060
-72.97864
-77.48410
-76.36284
-78.29575
-77.50480
-78.92592
-78.84838
-79.38108
-79.81743
-80.41646
-81.71971
-81.76453
-82.30251
-81.58479
-83.18694
-77.63560
-75.54976
-77.71583
-78.17927
-78.48065
-79.81023
-79.22704
-79.42734
-79.27078
-79.77782
-79.40623
-78.80031
-79.45772
-81.87365
-80.54715
-83.34298
-81.69870
-72.86531
-74.61587
-77.28393
-76.18776
-77.26411
-77.52963
-78.30953
-77.69081
-78.15662
-78.41022
-78.80661
-77.23137
-78.16518
-79.04386
-78.05712
-79.14040
-76.15122
-75.00652
-76.76326
-77.04199
-76.78960
-76.23992
-75.96973
-77.02744
-77.03823
-76.01269
-74.79939
-74.98973
-75.22436
-76.83960
-76.55876
-80.03854
-75.59135
-71.88332
-76.51582
-75.87963
-76.93436
-77.47787
-76.47592
-76.26411
-77.00030
-77.65879
-77.73739
-80.44834
-80.06775
-80.28304
-79.46046
-80.10382
-79.11750
-74.43951
-74.50251
-76.33972
-75.97262
-77.17699
-76.72727
-77.72140
-77.66530
-77.93662
-77.36203
-76.24700
-76.02368
-78.22530
-81.79963
-80.20585
-85.05718
-74.86825
-72.83999
-77.86440
-76.43599
-77.37879
-77.71678
-77.14677
-76.90902
-77.25052
-78.28464
-79.06896
-79.40944
-79.37144
-81.90692
-80.14127
-80.95281
-78.78117
-74.71106
-75.44198
-75.72965
-76.15443
-77.48135
-77.45389
-78.48624
-77.77072
-78.61852
-79.24667
-77.69373
-78.38498
-80.40788
-79.66018
-79.72481
-80.54427
-72.74525
-74.59240
-79.33546
-76.89897
-78.85246
-78.34865
-79.72453
-79.45059
-80.09220
-80.32762
-81.10435
-80.51657
-79.91892
-80.10732
-79.47747
-81.11244
-77.39956
-75.30772
-77.73007
-77.77853
-77.87388
-78.68844
-78.15059
-78.69800
-78.49397
-79.38994
-78.38972
-78.26905
-79.21623
-80.93880
-79.56654
-81.17141
-78.00075
-72.33342
-76.10030
-79.33518
-79.08821
-80.10890
-79.26734
-80.22745
-79.89382
-81.46770
-81.04265
-82.05997
-82.02479
-84.08505
-84.86164
-84.83353
-85.12373
-77.76444
-76.98145
-79.67016
-79.71143
-80.90376
-80.92172
-81.00108
-81.54048
-81.20019
-82.68209
-80.37170
-80.10959
-82.54291
-85.22729
-82.47027
-89.00790
-77.48095
-71.82034
-76.70280
-77.00036
-77.83298
-78.57788
-78.76685
-79.66320
-79.13607
-80.85228
-81.11639
-82.34758
-81.15695
-83.72157
-83.94351
-86.75674
-83.96368
-76.95938
-77.92984
-80.50292
-79.59519
-80.76959
-79.77412
-80.15223
-80.37015
-80.11493
-80.75111
-79.30153
-80.32712
-83.81702
-86.01806
-83.62866
-89.56737
-75.00106
-72.86752
-77.99397
-76.88483
-78.11229
-77.88587
-80.19783
-80.04244
-79.58613
-80.82960
-82.32748
-82.32505
-81.07141
-82.35539
-81.60037
-85.28907
-80.12454
-76.15117
-78.02996
-78.87968
-79.13323
-80.00025
-79.48577
-79.84969
-79.49209
-80.52291
-80.47751
-79.63443
-80.82280
-83.72361
-83.52618
-87.20419
-86.25683
-72.84103
-73.33968
-77.15953
-77.38939
-79.22715
-77.94661
-77.91786
-76.96192
-78.24372
-78.21817
-79.83418
-79.52222
-79.30755
-78.76492
-77.92923
-79.62523
-76.41107
-75.34653
-77.18276
-77.17806
-77.60546
-78.28274
-77.99560
-78.66769
-78.58058
-80.24795
-79.30890
-78.57251
-79.57640
-80.76308
-78.59373
-80.78996
-76.33331
-71.59608
-75.64069
-77.61358
-79.37432
-81.43610
-81.52321
-82.76440
-82.77807
-83.93026
-82.78531
-84.89981
-84.24726
-85.68578
-85.21963
-86.93046
-86.85830
-77.83813
-77.09503
-79.81977
-78.87794
-79.73627
-79.63972
-79.97358
-80.26736
-80.17200
-81.29784
-79.41895
-79.52037
-80.50038
-80.36703
-79.19242
-81.37298
-75.17473
-71.96122
-75.41879
-75.21995
-75.76492
-76.83539
-77.55038
-78.72497
-78.19138
-79.09585
-78.26801
-77.98740
-78.62605
-79.94963
-79.90113
-81.84388
-80.75488
-76.39587
-78.36103
-78.17986
-76.26517
-77.41574
-76.49431
-77.19741
-77.47115
-78.54441
-78.70129
-77.67569
-78.59551
-81.00212
-81.35212
-81.00091
-82.37863
-73.15294
-73.19492
-77.06963
-76.31548
-78.68236
-78.50200
-80.00985
-78.94552
-79.24919
-80.11786
-79.80168
-79.45100
-80.32960
-81.91383
-79.59318
-82.21206
-79.43204
-76.53035
-79.07596
-79.99392
-80.33547
-81.75152
-81.58065
-83.40682
-82.69534
-83.89692
-83.08933
-81.36692
-84.36380
-89.75480
-87.49482
-93.67872
-86.87245
-72.80585
-74.40593
-77.33963
-76.38271
-78.47060
-78.15991
-80.25737
-79.40884
-80.95829
-80.63215
-81.74911
-81.96941
-82.25409
-82.84266
-82.24251
-83.52622
-77.89979
-76.98496
-79.66215
-78.91620
-79.87500
-80.55973
-80.62270
-81.67376
-81.15695
-83.19033
-81.03203
-80.28220
-82.49215
-86.90932
-83.70444
-91.97572
-79.66912
-72.09220
-75.98632
-77.07709
-78.27063
-79.23300
-78.88486
-79.90075
-79.61245
-80.50398
-78.88714
-79.83044
-80.80601
-81.23330
-80.55354
-80.77223
-79.15962
-75.45214
-76.31743
-77.56554
-77.54231
-78.89192
-78.41388
-79.58207
-79.93783
-79.56753
-77.10459
-75.99103
-76.61990
-77.45752
-78.82485
-78.52652
-81.46366
-75.12267
-73.50135
-77.80612
-77.43898
-78.67441
-78.92541
-78.18252
-78.17122
-78.53431
-79.30377
-79.88405
-81.01149
-80.82800
-81.24737
-80.69854
-81.85937
-79.45769
-74.36967
-75.41658
-76.57391
-76.16648
-77.74837
-77.49012
-78.38781
-78.34822
-78.75305
-78.72021
-77.73485
-78.34129
-81.93067
-81.33558
-81.63378
-83.27887
-72.90328
-73.22765
-77.21087
-76.10372
-78.08550
-78.03781
-79.43683
-78.08274
-78.51675
-78.70317
-79.70296
-80.68004
-81.07609
-82.81474
-80.35567
-81.43840
-77.73163
-76.17897
-78.24091
-78.73928
-79.33904
-80.09861
-79.24903
-80.19363
-80.22151
-81.27159
-80.51473
-79.39314
-80.68408
-82.93206
-81.44949
-85.34118
-80.28190
-72.34672
-76.68670
-78.66110
-77.34138
-78.67907
-78.66422
-80.07049
-79.89969
-80.99259
-80.14153
-82.17439
-81.42006
-81.16613
-80.74545
-80.95223
-81.28854
-77.43308
-76.34798
-78.48397
-78.39281
-79.05337
-79.45394
-79.57008
-80.05573
-79.90815
-80.84600
-79.54310
-79.47400
-80.42486
-82.78857
-81.36558
-85.90035
-76.52043
-72.65566
-78.28591
-79.13821
-80.29126
-80.76073
-81.34939
-81.68107
-82.18279
-82.73284
-82.34047
-83.70113
-82.07875
-84.23089
-82.69504
-85.81202
-83.42547
-77.22623
-78.01645
-79.66594
-79.69067
-80.91697
-80.98968
-81.47472
-81.47348
-82.19511
-82.62038
-80.69699
-81.23111
-83.88010
-84.92377
-83.52894
-92.32508
-75.09934
-72.98792
-79.07962
-77.83410
-80.01843
-80.20828
-82.30072
-81.97543
-82.32993
-82.65496
-82.22478
-82.60549
-81.67250
-83.10063
-82.60463
-85.05294
-80.25662
-76.66390
-78.40156
-79.19357
-79.84531
-82.06048
-81.16172
-81.84489
-81.43551
-83.29824
-82.73801
-81.08896
-82.05118
-84.45351
-83.01855
-84.23405
-84.01581
-73.51551
-75.71780
-80.38788
-79.16077
-80.73236
-79.90930
-81.72883
-80.60244
-81.92547
-81.48325
-80.67374
-80.49856
-81.41541
-81.01133
-80.36063
-81.28014
-77.21183
-76.18807
-78.04812
-77.74264
-78.64133
-79.34993
-79.66285
-80.38210
-79.80425
-79.67066
-79.29956
-79.56999
-79.70968
-81.87181
-79.94848
-84.18942
-78.64915
-72.38875
-76.00834
-77.01453
-77.13271
-78.04847
-78.60723
-78.85858
-78.63765
-80.47724
-79.94678
-80.03477
-79.31141
-80.69141
-80.59556
-80.51237
-79.80479
-76.72617
-75.96277
-78.08443
-77.39673
-77.74789
-78.47955
-78.69703
-79.26197
-79.20479
-80.41927
-78.45388
-78.42575
-81.80630
-81.16812
-78.44670
-82.41386
-75.35118
-73.45540
-77.46825
-78.35671
-81.10880
-81.21942
-82.41977
-82.89469
-84.65854
-84.07448
-83.52964
-85.12819
-84.06851
-86.49842
-85.26369
-87.34525
-83.80546
-76.62667
-77.39681
-79.33216
-79.29141
-80.71071
-80.05450
-80.57553
-80.52451
-80.54432
-81.40734
-79.92901
-80.31162
-82.92267
-83.21279
-83.07491
-82.63958
-74.12106
-73.65837
-77.91188
-77.09477
-78.53105
-78.15706
-78.95647
-80.28651
-80.42407
-80.35838
-80.08116
-80.10099
-81.41793
-81.48650
-80.58853
-84.14476
-79.80487
-76.28473
-79.36871
-77.55993
-75.64647
-76.97596
-77.08284
-77.49586
-77.38497
-79.20003
-78.69434
-78.40780
-79.67451
-82.77031
-80.80440
-82.85912
-80.63079
-72.74912
-75.15384
-78.25836
-77.85362
-78.84754
-78.96550
-80.07272
-80.28185
-82.66016
-81.48154
-81.36405
-80.92101
-82.13037
-83.35294
-82.25532
-85.25457
-78.91619
-76.69749
-79.71458
-80.06354
-81.13032
-82.13778
-82.09687
-82.78413
-82.11765
-83.71981
-81.96845
-81.17620
-84.98498
-89.99531
-86.29808
-96.99577
-80.80566
-72.78866
-76.24663
-77.76374
-78.40077
-79.01245
-78.51550
-79.58814
-80.48741
-81.54002
-81.34624
-83.60828
-82.51364
-83.33381
-82.66436
-84.03487
-83.04328
-77.24272
-77.61357
-80.22115
-79.64484
-81.44232
-81.14741
-81.53259
-82.30294
-82.98044
-84.00636
-81.13135
-81.56534
-84.90459
-87.86748
-86.58891
-99.63578
-76.33164
-72.89987
-78.15511
-76.66476
-77.90199
-77.87112
-78.00379
-79.51951
-80.13135
-81.00541
-81.25086
-80.86093
-79.39096
-79.39656
-79.16739
-80.80094
-78.10182
-75.36843
-76.64290
-77.52173
-77.70377
-78.15471
-77.54915
-78.84054
-79.49646
-78.46020
-76.56494
-76.00597
-76.06373
-76.95945
-76.92692
-77.89560
-79.18064
-72.75700
-73.65724
-77.01611
-76.77008
-78.25414
-77.27424
-78.43381
-78.74500
-78.90154
-78.98325
-78.80490
-80.14050
-80.15555
-80.17173
-80.12208
-81.13634
-77.14455
-73.88856
-76.08730
-76.24672
-76.34921
-77.62711
-77.74046
-77.70148
-77.06116
-78.83592
-77.87388
-77.35442
-79.42553
-81.69176
-80.03197
-82.01473
-78.31255
-72.13305
-74.98774
-76.76559
-77.08276
-77.82740
-75.87132
-78.17312
-78.56083
-79.00554
-78.34687
-80.02582
-80.56260
-81.08299
-79.99558
-79.80118
-81.82617
-76.41345
-76.18822
-78.98608
-78.98233
-80.13244
-80.34663
-79.65732
-80.20783
-80.71927
-82.10031
-80.69217
-80.22163
-81.22083
-83.90984
-82.00521
-87.94265
-76.58353
-72.52412
-79.61868
-78.70761
-78.96382
-78.97682
-79.81336
-79.95939
-79.40521
-82.02276
-81.09920
-82.31643
-80.93567
-81.04765
-80.52721
-82.05776
-81.39199
-76.18449
-77.53253
-79.24196
-78.94957
-80.65162
-80.02294
-80.99032
-80.88345
-81.51265
-81.57968
-80.36661
-80.95515
-84.37171
-84.90758
-83.96072
-87.68523
-74.77715
-74.07509
-80.61447
-78.96544
-80.19703
-79.45429
-80.87071
-81.80609
-83.02109
-84.08196
-84.12890
-84.04633
-83.19763
-86.06693
-83.71377
-86.86331
-80.93559
-76.33552
-79.09400
-80.78645
-80.60974
-82.32155
-81.59216
-82.79513
-82.94554
-84.33269
-83.77622
-81.45972
-83.26874
-89.98236
-88.44762
-90.28892
-88.62268
-73.41976
-75.56423
-79.87602
-79.01906
-81.94455
-80.82816
-83.22395
-82.34407
-84.71284
-84.48917
-86.32419
-85.03492
-86.18663
-85.68611
-86.58807
-86.70694
-86.15960
-85.30164
-85.51201
-86.75624
-86.16679
-86.36987
-84.58918
-85.71331
-84.50022
-85.48421
-84.62002
-88.19233
-87.36085
-91.79006
-87.42073
-97.52625
-82.39988
-72.11264
-74.21106
-76.43710
-77.56394
-78.31874
-79.12380
-80.55354
-80.96746
-81.82258
-81.00305
-82.25614
-78.14054
-81.00287
-81.57006
-80.93701
-81.51709
-74.73312
-78.59875
-81.96372
-80.23572
-82.87040
-81.58678
-82.42615
-82.75696
-81.78445
-82.08103
-79.36923
-77.12946
-82.32743
-81.90150
-81.82728
-84.79821
-78.88681
-78.83770
-81.08486
-80.18677
-81.41020
-81.73021
-82.96462
-82.74948
-82.29535
-81.50762
-82.66952
-82.49117
-77.85806
-84.14193
-82.35129
-83.88500
-79.56761
-74.36952
-80.81382
-83.66788
-82.43090
-83.80071
-84.03547
-84.28382
-84.59592
-83.40162
-84.58976
-78.37986
-78.48797
-85.60174
-82.02321
-84.08872
-83.93368
-77.66382
-79.43378
-82.74369
-81.48396
-83.79310
-82.57949
-83.23295
-82.34096
-84.63111
-83.76144
-87.21332
-82.61629
-79.33489
-86.71090
-83.58368
-92.65796
-78.81757
-76.44688
-85.32946
-85.21973
-86.49957
-86.42525
-84.38415
-85.70430
-87.00396
-87.44896
-87.43759
-78.10874
-81.57439
-90.35151
-85.24746
-91.20702
-82.97693
-77.47541
-81.40495
-84.46772
-83.31655
-85.41362
-85.32442
-87.71107
-85.06758
-87.58931
-86.71863
-89.90874
-81.79935
-82.77396
-88.97185
-85.12395
-91.44390
-75.90036
-77.95590
-87.79651
-85.09471
-87.95943
-86.10649
-86.04279
-85.42287
-85.31410
-90.09091
-84.31244
-77.64429
-85.31969
-88.59174
-86.82590
-93.05222
-81.41452
-78.79807
-83.16671
-82.22267
-83.53918
-84.54635
-84.73193
-86.54866
-84.98329
-86.66097
-85.96732
-89.40463
-79.84799
-85.70760
-87.63878
-89.46934
-87.01059
-76.11822
-81.76626
-87.37165
-87.31052
-88.86050
-87.77725
-86.59906
-87.30232
-86.19764
-90.50796
-81.27059
-78.65236
-90.22216
-88.05774
-89.91576
-91.71049
-80.21704
-79.67671
-84.75897
-83.72534
-86.07887
-85.30415
-87.00174
-87.07886
-88.33189
-87.95220
-89.57722
-87.12749
-79.88830
-90.71035
-87.28319
-97.59803
-82.54322
-76.00328
-85.79772
-88.82651
-89.87336
-90.84753
-89.28913
-89.16197
-89.05697
-88.57913
-89.09792
-78.78911
-80.37521
-94.57580
-87.27329
-94.65876
-87.28390
-78.20206
-80.00189
-82.30299
-80.57468
-82.81611
-81.13028
-82.47028
-82.60333
-84.04063
-83.55476
-85.95536
-81.17869
-78.76532
-82.64770
-80.86457
-83.37585
-75.72355
-75.62214
-81.24545
-80.88340
-82.39230
-81.73760
-81.55700
-81.78237
-80.97377
-81.66112
-80.36916
-76.44424
-78.87343
-83.15632
-81.16087
-83.44560
-79.37826
-76.25376
-79.89447
-80.32402
-81.09222
-81.64211
-80.63023
-82.05505
-80.91973
-82.28778
-81.60573
-82.77888
-79.28723
-80.49835
-84.00441
-82.40207
-83.53754
-75.45217
-78.06578
-83.89671
-82.82704
-83.86841
-83.88955
-84.78804
-82.90842
-81.43715
-83.15167
-79.57368
-76.29620
-83.17306
-82.29102
-82.43359
-84.61888
-78.12787
-77.02938
-79.94690
-79.18905
-81.80996
-80.89783
-80.61751
-83.75378
-82.97776
-85.45129
-84.03918
-85.56642
-78.90239
-84.65460
-83.93228
-85.48290
-82.95512
-75.21368
-82.06230
-84.88606
-84.68525
-87.43902
-86.55627
-86.31531
-85.85498
-85.02289
-86.98527
-79.26547
-78.27231
-85.56516
-82.71587
-84.75085
-85.52324
-78.79210
-79.74518
-83.28388
-82.56238
-84.55416
-82.87660
-85.09211
-84.02285
-85.90451
-85.89831
-87.65015
-84.20243
-80.07184
-88.87502
-84.62286
-92.19197
-80.23152
-76.68103
-85.19754
-85.46795
-86.03381
-86.21586
-85.56379
-85.77420
-85.97388
-86.57226
-87.07604
-78.59055
-80.61988
-88.87162
-84.66681
-89.28383
-83.87193
-77.57358
-81.24209
-84.06164
-83.29295
-86.51511
-84.55618
-87.69191
-85.62700
-89.12248
-87.33387
-91.65901
-82.05974
-81.77560
-93.81531
-86.73240
-101.22458
-77.65924
-78.07943
-89.44928
-87.66384
-91.06617
-89.70730
-88.60476
-89.88185
-89.28276
-93.27961
-86.75817
-77.84237
-84.89635
-91.44013
-87.48044
-94.35288
-82.50712
-78.40162
-81.37685
-81.90717
-83.85566
-85.23669
-85.74124
-88.18540
-86.95455
-90.30165
-87.35804
-93.58791
-80.95439
-86.22570
-93.33083
-91.67846
-93.02391
-76.27489
-81.11979
-90.59237
-88.51844
-91.87380
-90.07897
-88.43220
-89.25197
-88.81980
-95.45859
-82.99831
-78.21077
-89.52711
-88.86185
-89.57720
-94.05745
-79.81063
-78.23418
-82.74871
-80.99882
-82.17742
-82.48138
-83.03912
-83.95653
-84.00221
-84.82540
-83.21908
-82.87670
-78.48271
-84.11955
-81.99511
-84.98767
-80.39272
-74.95993
-82.31533
-82.85222
-82.68094
-83.91865
-83.62388
-84.32366
-84.21148
-82.24988
-83.15875
-78.00765
-78.25045
-84.80132
-81.74236
-84.82748
-84.37899
-77.74453
-79.47993
-82.47569
-80.31725
-82.93072
-82.25887
-84.26870
-83.47152
-83.71035
-82.44943
-84.69693
-81.88367
-79.44945
-87.27091
-82.72976
-88.37506
-78.06946
-75.88832
-84.87969
-83.91465
-84.28716
-85.29711
-84.21520
-84.57548
-85.02471
-85.22089
-84.50310
-77.60851
-81.06613
-87.24031
-83.10051
-87.37121
-81.97555
-77.52641
-80.34752
-81.11596
-81.01761
-82.97573
-82.03630
-84.04932
-82.77550
-85.77305
-84.73207
-90.09788
-81.44388
-81.87855
-89.81147
-86.56960
-93.64944
-76.76132
-78.80292
-87.56054
-86.55727
-88.74056
-87.86939
-86.72758
-87.90080
-86.05333
-88.72749
-83.48720
-76.89214
-85.09320
-88.50986
-86.80741
-92.69615
-81.08301
-77.93945
-82.57394
-82.32157
-82.99045
-83.56659
-83.32972
-85.40930
-84.04409
-86.32395
-87.32841
-89.39612
-79.88719
-85.65535
-87.49113
-88.82134
-86.60546
-75.66033
-81.49320
-88.49774
-87.60283
-89.69564
-88.06283
-87.18158
-86.82661
-86.85092
-90.88051
-81.12403
-78.22514
-88.42238
-86.70604
-88.58681
-90.88643
-79.76409
-79.77196
-84.58181
-82.54235
-84.69251
-84.13380
-85.98185
-85.68428
-86.26668
-86.99267
-87.73428
-86.95890
-80.14196
-92.34264
-87.76604
-99.98129
-82.61514
-75.95067
-85.91396
-88.10765
-89.44036
-91.10113
-89.75643
-89.73654
-90.08907
-89.29696
-92.29114
-79.44301
-80.59491
-93.46867
-87.02841
-93.24151
-88.16341
-79.38513
-80.93414
-84.67835
-83.34725
-85.96080
-84.55094
-86.75542
-85.25992
-87.79353
-86.06779
-89.22540
-82.63920
-81.33281
-96.23694
-87.50433
-120.73205
-78.68825
-77.22617
-90.48982
-89.07317
-92.21482
-91.89251
-89.83679
-89.96149
-89.95497
-92.76102
-88.98605
-78.28925
-83.59225
-92.71360
-87.55495
-97.10061
-80.96102
-77.07162
-81.44096
-82.11326
-82.37485
-83.68166
-83.11257
-84.27052
-83.23046
-84.76151
-84.05813
-86.59554
-79.35117
-80.21294
-83.28881
-83.14196
-84.09719
-75.65294
-78.02057
-83.70888
-83.24409
-83.81039
-82.94160
-82.77835
-83.35506
-82.83288
-84.14039
-79.67498
-76.71757
-82.03962
-83.38713
-82.71766
-84.85024
-78.43750
-77.02717
-80.24585
-79.84881
-83.17787
-81.78459
-81.48049
-83.04096
-81.78935
-82.70771
-82.27944
-83.63517
-78.51308
-83.38098
-83.25389
-84.60063
-82.61489
-75.24698
-81.31472
-84.62758
-84.19177
-84.65345
-85.02257
-85.29301
-83.82347
-83.07697
-84.71000
-78.47545
-77.85613
-86.50548
-83.10255
-85.54453
-84.34457
-78.06426
-78.97972
-80.93721
-79.76747
-81.85126
-80.10296
-82.46051
-83.43364
-83.77240
-84.06186
-85.92891
-84.11006
-79.49278
-86.21877
-83.20370
-88.17545
-79.05603
-76.58328
-85.90865
-85.47655
-87.00006
-88.31182
-87.41446
-87.00059
-86.38041
-86.28221
-87.17890
-77.93190
-80.01899
-88.58804
-84.16997
-89.92043
-83.45403
-77.42352
-80.57385
-83.03318
-82.70432
-84.76510
-83.59104
-85.93732
-83.98652
-87.40560
-85.48100
-88.63528
-81.69684
-81.34650
-89.62017
-84.64142
-91.20139
-76.96373
-77.50123
-86.35844
-85.75582
-87.91904
-87.71916
-87.13810
-87.71369
-87.43067
-89.98998
-85.55171
-77.74898
-84.02429
-89.30098
-86.74138
-94.38483
-82.05558
-78.26535
-83.18910
-83.51621
-84.13457
-86.32879
-85.42612
-88.28466
-87.26618
-89.87723
-87.42389
-92.34294
-80.42953
-85.73884
-91.12405
-89.68790
-90.99291
-75.87206
-80.71708
-88.45728
-87.24212
-90.78784
-91.31636
-89.14029
-91.39979
-88.93975
-96.65802
-82.72011
-78.05777
-89.99419
-89.89940
-89.76931
-95.81377
-80.19890
-78.12865
-84.05409
-83.70456
-85.75920
-86.39312
-87.91186
-88.31456
-89.18921
-90.03207
-89.96991
-90.63671
-89.43838
-91.65580
-90.25703
-92.30913
-90.13783
-87.96483
-90.68497
-92.74294
-91.72616
-93.47110
-91.52597
-92.38655
-92.85749
-94.52426
-92.99816
-94.30549
-94.40464
-94.88088
-96.36056
-95.75641
-97.95780
-86.16497
-82.33699
-83.42175
-84.06923
-84.47275
-85.01797
-84.51898
-84.58830
-86.87812
-85.82638
-83.89956
-85.78439
-85.38383
-84.56230
-84.29086
-85.20360
-84.77136
-84.78436
-86.15970
-84.39844
-84.88180
-85.37012
-83.89510
-84.47373
-85.33196
-84.44960
-85.80894
-87.31335
-85.94510
-85.95990
-85.47870
-85.98076
-87.30588
-83.03775
-82.95895
-82.32935
-82.14882
-84.07702
-84.35943
-85.37314
-84.18922
-84.25688
-84.59858
-85.32038
-85.39341
-85.80165
-86.29753
-85.64277
-85.56096
-87.04024
-86.21001
-86.69178
-85.94049
-85.68772
-86.36116
-85.34703
-86.11293
-85.24747
-85.67800
-86.10696
-87.13707
-87.57064
-87.45285
-86.80880
-87.98052
-87.57028
-85.01586
-82.87989
-81.40002
-83.21933
-84.82241
-85.47718
-85.57594
-86.01693
-87.34085
-87.74254
-88.60859
-88.59811
-88.91294
-88.40860
-89.44355
-90.26990
-89.55424
-89.52512
-89.91075
-90.75658
-91.00522
-89.41157
-88.24682
-88.38565
-87.69845
-88.10349
-88.53694
-90.61159
-91.25064
-92.41605
-91.29430
-91.09642
-86.79535
-82.83545
-82.95450
-83.27131
-84.90532
-85.82650
-86.25627
-87.08491
-87.16037
-87.95773
-89.34931
-88.19600
-88.75737
-88.77527
-89.72306
-89.76972
-89.33793
-91.32960
-91.04318
-90.51795
-90.11984
-91.09246
-88.86101
-87.78650
-88.20878
-88.00957
-87.16697
-87.79194
-87.47965
-89.56254
-91.98403
-92.42259
-94.36583
-86.36953
-83.99400
-83.90794
-83.92388
-84.87329
-85.46859
-86.80682
-87.87460
-89.05450
-89.21640
-90.03587
-90.91373
-90.58419
-90.57786
-91.04515
-91.85169
-92.23573
-92.21327
-92.68535
-93.12492
-93.43526
-94.24748
-91.33733
-90.64627
-90.04723
-90.11125
-89.59376
-89.42548
-89.64893
-88.45177
-89.62227
-95.47462
-94.39169
-83.95290
-82.43351
-83.71016
-84.95727
-86.27330
-86.71680
-87.37545
-88.63150
-90.09323
-90.03612
-90.84938
-90.96211
-91.45019
-91.79788
-92.65048
-93.11271
-93.19057
-93.15151
-93.39265
-94.18377
-96.85541
-95.17789
-91.76876
-90.86241
-91.50769
-91.07645
-91.43474
-90.82711
-89.93286
-88.44149
-88.88733
-86.03346
-80.89013
-80.70353
-82.03478
-82.73909
-84.09848
-85.83265
-86.24458
-87.13141
-87.57214
-86.80274
-87.91163
-88.34876
-86.72999
-86.15018
-86.52096
-86.44837
-86.80229
-87.36794
-87.28152
-87.60025
-87.29606
-87.54623
-86.16937
-85.18749
-86.58978
-87.05519
-87.06869
-86.72378
-87.24683
-86.94526
-87.36488
-86.15155
-87.58043
-83.70315
-79.36350
-79.73539
-81.23653
-83.58535
-84.99135
-86.10696
-85.37918
-86.72379
-87.11955
-86.70218
-87.56943
-87.50097
-88.20900
-88.74899
-89.11203
-88.80737
-89.70079
-89.50934
-89.08261
-89.28043
-89.45580
-88.71581
-88.78260
-88.24781
-88.49342
-88.32887
-88.80604
-89.08663
-90.03125
-88.81892
-88.90155
-87.89408
-84.18032
-82.03265
-78.81407
-80.07866
-82.61303
-83.32493
-86.07894
-87.53874
-88.25797
-89.52173
-90.37436
-90.19708
-90.61061
-90.51448
-90.86139
-91.72353
-93.16460
-92.89186
-92.95720
-92.23080
-92.85070
-92.47728
-89.92148
-89.28119
-90.33005
-91.27587
-91.49215
-91.73329
-91.90038
-92.55659
-91.78211
-92.55618
-86.24283
-81.44397
-81.84769
-82.45017
-83.88677
-86.78433
-88.12511
-89.59312
-89.69740
-90.46896
-91.89424
-91.94757
-91.52842
-92.07755
-92.81521
-93.85328
-93.98117
-94.54647
-94.88792
-95.04134
-94.50038
-95.32538
-93.36829
-91.08232
-91.49617
-91.28973
-92.19993
-94.57288
-94.52902
-95.39584
-95.73530
-95.55178
-96.55445
-84.49489
-81.35546
-82.24230
-82.91254
-84.67601
-85.93911
-88.33720
-89.58395
-90.76272
-91.29528
-92.89073
-93.07730
-92.32257
-93.01600
-93.20140
-94.19073
-94.55678
-95.86481
-95.73669
-97.61101
-96.89743
-98.82615
-93.91641
-91.37054
-92.29254
-92.38212
-93.07126
-93.31307
-95.03216
-95.57748
-97.57848
-96.05635
-100.21254
-85.68246
-81.21914
-81.24376
-81.66551
-83.68018
-84.49596
-85.68412
-87.63346
-90.44327
-90.46545
-92.60304
-92.37963
-92.76174
-93.16745
-93.84175
-94.41638
-94.77754
-95.08099
-95.55143
-96.44193
-96.80197
-98.30769
-92.62691
-90.92156
-91.16433
-91.72313
-92.30136
-92.89852
-93.37032
-95.35667
-97.08151
-97.94257
-97.57722
-97.66806
-95.55709
-92.83704
-92.46944
-92.07781
-91.61720
-91.30673
-91.30937
-93.13222
-100.98738
-102.27845
-97.85683
-97.04799
-97.10424
-97.59033
-97.57960
-97.70928
-98.01651
-99.61623
-100.25608
-100.95183
-100.82761
-100.93079
-99.49545
-98.15695
-98.39041
-97.87904
-98.44415
-98.30965
-98.43006
-100.45942
-103.94055
-103.48641
-101.42710
-97.87607
-95.37706
-95.40538
-95.86715
-96.08334
-96.38149
-97.79197
-99.04490
-101.69471
-103.19276
-104.40664
-103.86205
-103.97768
-103.97930
-103.30683
-103.94734
-103.44387
-103.82708
-104.30334
-105.53185
-104.88014
-103.98430
-101.64678
-100.91662
-101.24003
-101.89414
-102.59696
-103.29961
-104.71280
-106.23310
-108.49269
-109.76973
-110.28846
-110.05259
-107.75809
-104.81295
-104.31446
-103.31709
-102.95083
-103.18648
-103.67706
-106.58383
-111.00778
-110.77758
-108.59248
-108.01094
-107.86240
-108.64654
-108.76992
-109.26944
-110.15526
-111.08232
-112.16561
-112.72297
-112.39750
-112.23112
-111.59618
-109.81097
-109.95429
-109.34777
-109.47192
-109.97702
-110.91161
-113.65328
-114.42441
-113.02509
-112.00132
-109.37444
-107.19008
-107.34980
-107.48461
-108.09905
-108.47150
-109.75444
-110.72959
-113.57274
-115.07620
-116.14576
-115.94132
-115.19684
-115.31274
-114.45857
-115.01550
-115.31517
-116.80145
-117.69786
-116.52621
-115.35541
-115.00992
-113.40317
-113.40319
-113.12478
-114.68070
-114.51213
-116.55850
-116.75719
-119.91410
-118.91228
-116.27892
-110.73533
-106.46385
-94.97970
-87.79134
-86.36775
-86.88512
-87.24812
-88.19490
-88.36772
-88.56185
-90.44729
-92.73834
-94.17519
-94.13874
-94.68356
-94.58031
-94.20733
-94.99279
-93.99092
-90.11169
-87.50012
-86.39706
-86.25545
-86.28468
-86.16956
-86.92076
-88.39792
-89.14090
-89.52074
-91.14025
-91.58592
-90.48489
-90.19548
-91.26902
-91.45271
-92.18408
-92.02641
-90.72343
-88.91677
-87.63152
-87.28523
-87.11318
-87.93975
-88.57039
-89.31705
-89.80982
-90.05628
-90.44139
-91.26980
-92.49339
-92.69386
-93.12153
-93.62631
-93.90708
-95.00331
-96.57766
-99.07835
-99.91752
-99.91878
-98.31827
-95.91161
-94.44327
-93.23497
-92.51105
-92.00283
-92.29963
-92.83159
-93.30503
-94.31048
-95.30265
-96.30071
-98.34291
-101.80296
-104.43591
-100.74396
-97.22606
-94.67744
-93.32204
-92.66016
-91.76121
-91.19911
-91.01560
-91.38906
-91.86579
-92.32825
-92.89364
-93.44264
-94.54284
-95.74669
-96.36067
-97.02747
-97.44259
-97.87040
-98.23793
-98.56490
-98.79400
-100.59674
-102.56868
-103.93621
-104.11128
-103.60620
-102.95501
-102.66780
-102.53515
-101.91696
-101.59644
-102.03663
-102.74822
-103.24307
-104.28579
-103.69962
-104.09521
-104.17064
-104.69587
-103.41036
-103.86841
-103.49602
-103.21184
-102.48317
-103.31838
-104.44622
-105.08831
-104.04610
-104.15061
-103.74120
-104.66958
-104.06723
-102.92741
-103.62174
-102.08126
-100.15953
-97.51422
-96.26065
-87.92871
-86.07678
-86.92820
-86.38204
-87.16482
-88.25170
-89.13739
-89.93810
-90.48181
-90.25776
-90.00503
-90.96718
-91.65637
-90.17762
-90.32027
-89.82555
-89.43759
-89.06801
-88.22097
-87.78833
-87.99723
-87.20475
-87.83761
-87.88081
-86.81892
-87.47668
-88.79229
-88.22448
-87.67374
-87.02055
-86.90777
-88.00507
-87.57175
-88.61113
-88.36746
-87.39533
-86.62893
-88.38649
-88.99173
-87.66550
-88.37613
-89.40927
-90.82348
-91.49919
-91.54528
-90.90948
-91.39935
-92.39183
-92.42012
-91.53580
-90.44983
-90.21789
-90.10675
-89.53411
-90.27027
-91.18251
-93.02907
-93.21401
-91.90749
-91.42810
-91.40870
-91.87233
-92.20708
-91.89119
-92.14748
-91.56434
-90.81670
-91.33478
-90.01570
-90.38004
-91.30645
-91.46093
-91.45094
-90.73320
-89.93906
-90.87504
-90.83144
-90.98623
-91.01871
-90.38383
-90.26276
-90.61944
-90.11605
-90.00017
-91.49999
-89.80189
-91.27159
-91.31575
-91.25196
-90.78002
-91.08411
-90.96745
-88.85822
-90.51428
-90.87568
-90.62626
-90.96071
-89.44955
-88.27759
-88.97500
-87.93979
-87.77584
-89.35331
-88.59406
-87.42453
-88.10527
-86.62233
-86.74463
-88.55382
-87.34491
-88.41360
-89.58027
-89.24937
-89.63530
-89.90868
-88.22645
-88.16443
-88.76420
-89.60010
-90.79517
-89.16672
-88.50365
-88.61327
-87.45542
-86.57147
-87.19240
-87.51058
-88.97394
-88.58779
-89.34549
-89.09938
-87.19734
-85.39534
-83.24028
-82.66803
-83.12726
-83.11527
-82.92022
-83.20954
-83.23111
-83.19910
-81.75620
-81.50558
-80.30674
-80.06977
-80.84846
-81.65917
-81.45359
-81.33790
-80.14043
-78.79093
-80.52131
-80.11777
-80.05613
-80.06871
-79.73322
-80.01597
-79.59847
-80.02896
-79.63658
-78.48034
-79.14683
-79.15622
-79.56252
-80.49853
-79.84725
-80.27801
-81.51556
-81.65983
-81.64591
-82.51000
-83.24011
-84.17823
-83.61368
-83.69300
-84.43690
-83.95792
-83.77440
-84.74454
-84.49329
-84.15288
-83.97495
-84.02943
-84.49474
-83.44432
-82.93211
-83.72114
-84.02671
-83.05835
-82.99370
-84.32358
-85.29677
-85.27550
-84.96923
-84.71163
-85.54353
-87.25224
-87.03292
-85.00316
-85.55960
-85.58160
-85.59388
-86.24037
-86.08591
-86.76290
-86.67680
-86.95913
-87.08820
-87.66839
-86.51017
-86.39994
-87.22264
-87.25241
-87.92449
-86.45636
-86.37541
-85.51545
-85.63268
-87.16407
-87.16227
-87.56863
-87.38100
-87.37617
-87.99550
-88.10212
-87.56711
-87.86930
-87.11966
-88.11814
-88.70417
-87.57391
-87.51138
-87.28245
-87.66904
-88.33901
-88.18639
-87.53266
-87.16356
-86.43690
-86.11445
-85.47242
-85.30810
-85.13849
-85.43776
-85.65062
-84.81587
-84.07126
-84.58480
-85.32547
-85.00449
-85.24709
-86.34852
-86.41578
-86.05018
-87.07385
-86.65664
-87.09565
-86.54016
-86.45849
-85.62855
-84.32147
-83.52896
-82.25888
-81.07909
-80.53063
-79.79734
-78.87778
-78.46630
-78.23747
-78.92273
-77.93352
-77.28256
-76.93436
-77.12409
-75.75902
-75.11526
-74.73955
-74.92859
-76.96957
-75.30721
-75.19012
-75.15004
-74.58601
-75.66566
-76.51922
-76.53572
-75.41942
-74.40246
-75.30837
-75.89338
-74.96040
-75.65550
-74.28566
-73.07389
-74.84495
-76.23645
-76.83924
-76.09246
-76.33362
-77.25088
-76.81965
-77.36621
-77.44143
-76.46723
-76.80339
-78.14724
-77.90574
-77.83942
-77.62076
-78.42841
-78.94748
-79.26927
-79.60489
-80.01095
-80.02414
-79.62776
-81.33652
-81.43113
-80.93312
-80.15164
-79.74587
-80.34686
-80.58159
-80.73567
-81.65252
-81.74548
-81.49645
-81.75425
-81.74182
-81.41412
-80.80809
-80.69961
-80.55410
-80.69277
-81.86104
-81.34300
-81.96608
-82.37377
-82.10398
-82.20451
-81.88040
-81.61340
-81.55968
-83.20943
-82.21489
-83.24188
-81.98728
-81.57449
-81.14018
-80.97291
-82.60024
-81.93833
-80.77646
-81.50239
-82.19425
-80.90929
-81.47280
-80.40741
-80.88622
-80.88985
-81.49476
-82.01936
-82.62934
-80.52110
-80.13137
-79.50244
-80.04234
-80.83307
-78.38336
-81.02212
-81.30203
-80.78046
-82.27546
-82.88119
-81.91786
-81.39617
-80.57254
-81.18759
-82.04222
-81.50916
-80.77397
-79.82169
-79.19082
-79.64955
-82.63860
-81.37562
-81.02102
-83.00293
-78.61126
-76.51674
-77.30882
-77.26749
-77.95973
-77.61509
-78.04897
-78.66677
-77.47921
-77.56119
-78.42328
-79.84233
-78.03799
-79.11138
-80.48857
-81.47662
-78.92860
-75.93154
-80.12405
-79.90183
-80.17954
-82.62110
-82.60801
-82.77279
-83.42996
-80.56546
-77.17012
-76.52856
-76.63584
-78.93033
-77.42313
-75.97827
-77.58510
-78.63974
-80.56815
-81.79749
-81.05698
-80.85903
-79.16484
-80.28448
-81.14742
-81.34036
-81.58741
-81.81559
-81.19983
-81.21260
-83.36240
-81.35262
-86.55555
-79.18233
-77.13640
-80.05344
-76.90139
-77.19876
-78.24351
-80.46924
-81.67170
-81.32066
-82.06494
-81.08996
-77.33430
-77.91664
-78.50082
-79.12193
-81.49453
-80.62433
-79.43674
-79.89113
-80.43417
-80.71632
-83.13904
-82.74489
-84.25011
-82.74952
-81.72119
-82.06489
-85.51539
-81.49264
-82.64301
-85.11602
-82.09630
-84.97900
-78.72588
-80.63286
-85.29450
-84.95169
-83.52526
-83.64526
-84.69550
-84.30471
-85.86400
-86.16507
-83.49452
-79.29525
-83.10324
-84.62749
-84.54189
-85.81439
-81.29216
-80.74857
-84.30907
-85.35210
-86.13766
-86.93611
-84.95945
-84.29270
-83.39747
-85.17199
-85.56766
-87.26836
-81.81034
-83.32841
-86.50015
-88.43755
-86.60164
-78.73971
-81.78902
-84.46565
-83.79313
-84.24920
-84.47686
-84.21673
-85.11898
-84.12464
-84.68884
-82.01643
-80.22953
-84.15195
-83.79395
-85.11075
-86.24470
-80.04313
-76.41790
-77.98572
-78.43922
-78.83995
-79.51703
-78.98358
-79.20755
-81.38778
-82.02525
-82.08706
-81.43932
-79.39019
-82.59960
-81.15478
-83.33665
-79.26727
-77.36051
-81.40599
-82.59426
-83.99628
-83.08322
-84.11573
-83.50317
-83.64475
-81.63832
-81.95988
-79.41848
-79.86545
-84.16939
-81.96206
-82.54352
-82.05028
-79.62075
-81.42378
-83.34935
-81.92369
-83.07328
-82.06573
-83.68923
-84.12272
-85.05175
-83.87077
-85.08354
-83.92759
-82.06102
-85.81101
-85.93860
-91.44643
-80.95573
-80.61603
-87.09649
-85.76574
-85.96856
-84.90750
-85.60508
-86.87134
-86.75805
-86.25396
-85.78379
-80.27799
-82.13352
-84.91491
-84.20747
-88.75801
-83.07674
-80.11168
-83.30194
-84.84460
-85.05516
-85.93079
-86.38647
-87.08914
-86.00011
-88.23491
-86.51004
-87.82959
-83.21800
-85.63733
-88.32025
-87.42072
-89.96573
-79.36056
-82.76487
-88.87940
-87.31451
-88.05542
-88.16132
-88.50153
-88.53506
-89.20833
-90.91449
-85.36751
-79.91749
-84.63537
-85.63777
-85.68575
-88.22491
-83.02132
-82.96294
-87.89499
-87.14360
-88.85676
-89.16637
-89.59432
-90.70189
-89.03372
-90.74208
-90.94541
-91.34331
-83.34712
-89.65115
-89.93235
-92.65483
-87.65927
-78.26493
-82.07608
-84.79602
-83.65045
-84.25905
-84.87096
-84.33224
-84.52421
-84.78501
-85.25453
-81.02687
-79.64406
-82.90716
-83.35727
-84.88771
-87.05222
-81.25396
-80.56970
-82.44539
-81.53361
-83.19110
-81.70718
-83.62429
-84.24773
-84.63196
-84.26065
-85.08170
-85.06848
-82.27612
-86.16635
-84.97273
-89.09493
-81.77141
-79.20280
-85.11357
-85.46155
-85.95072
-85.86456
-86.44383
-86.07451
-85.77918
-86.10462
-85.75577
-79.04332
-79.13630
-83.36213
-82.65559
-85.10821
-82.56294
-80.23876
-84.00008
-85.39096
-84.85932
-86.27974
-86.02813
-86.70726
-87.05176
-84.45282
-77.68018
-77.45564
-77.43814
-80.75763
-87.96793
-86.89397
-92.65449
-80.27413
-79.93610
-84.01953
-83.58883
-85.03571
-83.82272
-83.93055
-84.34914
-84.63688
-86.32309
-83.03492
-79.50186
-81.48214
-83.11664
-82.88226
-86.03125
-81.69386
-78.93545
-82.42017
-82.97444
-83.44131
-84.65417
-84.48199
-84.25374
-84.18112
-84.88547
-85.74219
-88.70303
-82.63218
-84.56016
-85.98790
-85.75076
-86.84927
-78.85788
-82.45450
-87.02717
-85.87469
-88.01067
-85.60457
-86.72113
-85.97915
-84.17302
-88.18351
-82.82999
-78.89099
-83.24904
-82.90577
-83.56630
-84.31413
-81.40817
-78.18603
-77.79070
-77.72827
-77.89038
-78.58948
-79.38579
-80.80424
-80.79630
-80.48022
-79.82275
-83.43622
-80.78503
-82.04257
-81.63523
-82.16978
-80.50708
-76.25564
-78.08983
-78.61724
-77.37977
-77.19524
-79.51428
-81.56885
-81.82653
-80.64824
-79.55537
-77.35786
-77.98681
-79.58298
-79.50510
-81.79561
-83.20695
-78.07049
-75.70843
-76.18092
-76.38878
-77.25461
-77.00531
-76.61763
-77.26288
-79.44204
-80.32110
-81.01433
-80.30757
-78.66880
-79.11878
-79.05206
-82.16656
-79.01593
-77.14602
-81.92292
-81.48054
-82.08648
-81.08866
-80.25067
-82.98370
-82.44598
-82.44335
-82.95571
-78.62476
-79.14198
-81.51839
-80.78860
-81.79149
-79.64965
-77.30091
-76.49654
-77.32286
-77.36143
-78.15654
-79.91165
-80.23799
-79.78330
-80.78657
-79.31904
-76.95014
-77.09001
-78.15256
-79.02482
-80.65051
-82.15625
-76.76678
-76.34526
-79.19109
-78.15003
-77.76913
-77.79619
-78.46419
-79.53565
-79.77223
-81.39681
-79.46891
-77.35836
-78.80096
-78.31160
-79.14581
-78.13956
-76.28731
-77.14394
-79.04725
-79.33632
-80.07722
-80.69612
-79.61916
-79.11452
-79.74157
-81.25012
-80.41223
-80.45999
-78.60089
-79.73485
-79.81226
-81.59362
-79.98114
-78.31013
-80.30348
-79.41599
-80.33229
-79.59274
-78.53385
-78.42866
-80.36138
-78.71754
-80.27029
-79.00043
-76.68650
-78.73138
-78.68663
-79.12703
-80.15152
-77.54019
-78.65596
-81.24224
-78.99843
-80.03271
-80.68861
-80.56816
-80.12495
-82.73273
-79.19566
-78.48381
-79.10400
-77.85255
-80.60823
-78.35770
-79.28302
-78.17011
-76.48596
-78.02893
-78.25777
-78.54262
-77.87205
-78.35034
-79.16205
-79.18514
-78.49235
-79.37895
-77.85110
-78.02467
-80.02979
-79.50572
-80.66195
-77.03054
-74.50409
-75.16850
-74.90202
-74.89797
-75.62117
-76.20530
-76.25134
-75.18324
-74.25034
-74.70541
-75.86371
-75.68950
-76.64558
-75.44836
-76.35096
-75.14144
-75.09938
-77.68232
-76.06231
-76.67305
-76.03444
-75.90117
-76.47500
-77.94321
-75.32331
-73.51146
-73.24650
-73.75010
-74.68670
-74.25895
-74.11144
-73.02526
-73.61539
-75.35093
-75.68734
-75.78564
-76.83879
-76.74121
-76.97538
-77.45510
-77.10082
-76.50233
-77.77698
-76.38992
-76.52992
-77.85533
-77.23775
-78.57368
-75.92747
-75.14782
-75.41956
-75.05128
-75.65405
-76.15596
-77.12746
-78.53735
-78.11234
-77.18745
-75.84165
-74.98279
-76.33307
-75.81207
-77.30917
-79.21828
-76.33089
-75.86784
-76.85595
-77.17209
-77.98072
-78.97824
-78.27268
-78.60735
-79.26832
-79.23706
-79.42521
-80.70075
-78.44667
-79.85210
-79.59752
-79.34183
-80.45376
-75.91670
-79.01279
-81.51133
-81.67911
-79.95993
-80.15659
-81.75483
-81.16667
-82.04412
-82.07938
-78.84685
-76.86729
-80.41096
-80.09838
-81.03259
-81.65462
-78.64526
-78.57038
-82.06768
-81.80661
-82.46934
-82.27081
-81.70465
-81.45850
-80.28983
-82.35418
-82.69767
-82.65719
-80.28258
-82.95172
-81.77048
-83.76582
-82.03662
-77.85843
-81.17972
-80.30634
-80.44647
-80.92741
-80.16002
-79.00144
-79.85641
-80.79395
-80.43975
-77.77945
-76.68696
-78.26606
-79.48345
-79.90963
-79.64825
-76.93092
-75.40065
-76.66492
-75.83949
-76.89690
-76.18230
-76.24519
-76.71052
-76.78706
-76.56844
-76.02277
-76.37858
-76.59883
-77.70798
-76.18474
-77.05569
-75.38997
-75.67408
-77.20000
-76.19283
-77.25922
-76.12026
-75.54433
-75.82024
-76.70792
-76.36659
-75.34796
-74.46551
-74.66383
-75.79814
-76.07016
-76.19646
-75.52389
-75.32784
-74.64728
-74.74230
-75.86531
-76.66125
-77.04071
-76.93145
-77.16032
-77.62598
-77.32482
-78.92075
-78.23332
-78.39068
-79.08663
-79.62745
-80.39712
-76.05810
-77.69160
-79.27049
-78.93871
-80.30276
-80.31281
-79.30373
-80.24912
-81.10086
-79.93999
-79.18526
-77.32571
-79.15481
-79.69896
-79.17521
-80.75133
-77.71553
-76.91483
-78.91814
-78.27609
-79.62053
-79.91653
-79.76378
-79.44961
-79.55688
-81.77971
-80.80618
-80.97072
-79.26502
-81.52007
-82.34056
-81.72520
-81.49455
-77.34848
-79.91439
-81.49397
-81.94821
-81.97080
-82.51223
-82.97156
-81.78069
-81.54742
-82.59300
-79.40955
-77.15168
-80.79262
-79.66201
-80.72434
-80.96956
-79.16356
-79.90639
-81.80260
-82.66386
-82.56877
-83.29240
-83.91085
-82.96980
-83.16937
-83.30541
-82.68784
-82.05874
-80.81141
-82.42674
-81.38232
-84.16738
-80.24907
-77.66971
-81.81681
-81.59962
-80.75705
-80.86010
-81.16777
-80.87790
-79.82778
-80.89755
-80.24897
-77.83811
-77.51826
-79.16757
-79.50509
-79.90284
-79.91311
-77.15466
-77.27762
-78.62378
-79.10501
-79.23460
-78.90060
-79.92522
-79.80268
-79.36306
-78.07215
-78.07680
-78.09706
-78.06334
-78.41540
-78.06829
-79.62756
-76.76665
-76.62569
-78.75660
-78.22668
-77.04165
-77.35595
-76.96823
-77.35129
-78.06284
-76.62341
-76.13989
-73.89781
-74.14366
-75.89890
-75.59081
-75.50411
-75.69587
-75.64056
-77.51248
-77.87151
-77.94921
-77.17604
-78.09069
-78.61983
-78.47125
-78.34376
-75.87995
-76.48940
-75.08179
-78.41114
-80.50336
-80.68942
-83.00253
-77.20429
-77.79905
-79.47002
-79.37504
-80.35844
-80.18818
-80.04257
-80.85208
-80.87769
-80.86931
-79.35119
-77.60359
-78.78072
-79.27030
-79.77145
-81.05688
-78.53266
-76.80651
-78.67080
-79.79644
-80.10014
-81.47772
-82.16750
-81.89184
-81.75866
-82.40990
-82.09081
-82.68560
-79.72050
-82.64070
-82.86621
-83.50664
-81.35549
-77.34667
-81.00055
-81.71739
-83.08729
-82.18448
-82.33303
-81.75387
-81.75986
-81.09141
-83.74053
-78.90929
-76.44979
-80.09487
-79.11637
-80.72274
-79.78417
-78.36604
-76.87065
-77.00694
-76.99547
-77.33141
-78.13147
-78.01708
-79.33897
-77.86754
-77.96678
-80.92183
-79.79880
-78.96321
-79.89284
-80.18786
-80.94858
-77.01155
-75.71375
-77.06923
-77.66625
-77.71485
-77.59384
-78.27230
-79.64318
-80.00461
-79.16153
-78.73408
-76.28163
-76.91133
-78.52291
-78.38620
-80.70032
-80.44153
-75.74484
-75.21511
-76.95146
-76.54477
-77.44729
-77.77355
-77.05175
-76.18997
-77.11619
-77.20982
-78.24190
-77.56481
-77.54652
-78.12138
-76.84483
-78.16854
-75.88115
-76.52590
-77.98473
-77.50061
-77.85730
-77.28971
-77.40693
-77.55436
-76.87489
-77.10076
-76.10510
-74.49464
-75.62425
-76.16611
-75.80590
-76.28495
-75.54727
-74.34675
-74.91383
-75.12934
-75.79310
-76.94415
-77.52454
-78.17223
-78.13471
-77.74654
-76.98978
-76.82702
-76.34401
-77.13848
-78.22395
-78.85844
-78.14844
-75.10015
-75.56348
-77.62316
-76.48183
-76.65380
-77.24217
-76.96773
-76.91186
-78.59362
-79.81003
-77.69395
-76.64507
-76.40750
-76.75363
-77.76707
-77.01186
-75.07106
-75.18954
-76.19434
-77.03191
-77.71411
-78.08372
-77.96379
-78.22933
-79.09204
-79.01254
-79.25235
-78.43540
-78.00311
-79.23686
-79.08830
-80.29859
-77.68676
-76.94406
-80.15260
-79.16451
-79.19329
-79.17703
-78.80213
-79.20851
-80.28724
-79.46227
-78.70211
-76.11606
-75.66329
-77.48212
-76.96451
-78.45240
-78.26991
-77.63905
-79.56083
-79.84143
-79.99807
-80.12232
-79.42048
-80.29631
-80.61220
-81.19169
-79.37454
-79.07138
-78.21857
-78.35025
-80.27339
-78.90625
-79.89693
-77.40792
-76.77427
-78.53288
-78.98068
-79.63557
-78.95155
-79.03862
-79.68025
-79.27242
-79.29912
-78.89428
-77.58862
-77.23531
-78.25276
-78.92267
-79.59548
-81.73406
-77.47673
-75.27431
-75.68531
-77.08193
-78.08677
-77.57812
-79.26759
-80.02635
-79.67317
-80.40610
-80.17798
-80.69568
-82.45482
-82.04637
-81.20260
-79.60124
-79.68659
-80.50734
-80.53933
-82.39881
-82.58932
-83.45509
-83.56142
-83.95304
-82.13908
-80.09225
-80.93055
-77.02652
-76.31205
-77.16784
-78.53405
-79.90331
-79.09631
-79.56898
-80.29596
-81.35801
-81.43850
-80.70300
-80.17955
-80.07231
-81.15166
-82.00225
-82.22763
-82.73480
-84.79228
-86.47750
-83.31691
-83.72264
-82.97311
-83.32720
-81.91402
-82.25460
-82.11008
-79.38286
-79.21438
-80.08522
-80.28292
-80.63618
-82.15559
-81.85204
-81.76898
-81.49236
-82.33978
-78.88655
-78.55464
-79.61746
-80.44177
-81.15022
-78.87609
-81.88476
-84.27322
-83.49352
-84.12964
-84.85184
-84.25519
-83.66313
-83.52113
-82.78445
-83.05525
-85.62995
-84.86911
-82.14070
-84.82835
-85.65881
-85.96877
-87.13953
-84.37939
-84.76044
-87.90139
-86.50676
-85.62419
-86.19931
-82.46697
-81.55509
-82.93528
-83.34737
-84.50919
-84.59361
-84.27327
-84.78527
-83.76612
-84.95835
-86.71297
-87.36933
-88.77328
-87.21267
-86.54497
-87.03608
-87.65013
-89.31728
-89.05486
-86.79525
-90.37505
-86.95210
-82.37660
-79.28757
-78.41050
-80.35260
-80.44670
-81.97641
-80.18628
-79.42122
-82.11319
-82.13197
-81.42341
-81.24049
-79.68780
-80.38347
-80.87002
-80.80393
-82.50162
-79.24056
-79.56695
-81.32059
-79.76825
-80.75866
-81.68037
-81.60423
-82.63893
-83.24532
-82.43983
-82.67730
-84.14371
-83.08169
-82.84020
-83.71419
-81.44480
-81.79750
-84.78273
-85.77105
-85.10394
-85.03836
-86.64385
-86.44941
-85.22477
-86.90111
-87.62045
-85.39083
-82.77040
-80.83834
-79.82250
-79.25001
-80.60489
-81.83094
-82.40068
-81.91403
-81.07204
-81.27468
-82.75427
-83.10313
-83.07486
-83.85237
-82.34302
-82.94291
-84.54857
-85.84056
-84.33786
-85.20159
-85.00466
-82.24116
-83.62085
-84.49064
-85.98427
-84.47816
-83.59866
-83.91224
-82.87086
-84.74523
-82.85856
-81.48585
-82.79899
-83.81036
-83.04934
-83.04554
-83.21903
-83.16037
-82.21846
-82.43439
-84.66599
-83.87819
-84.63451
-85.28382
-86.05789
-84.33857
-84.47924
-84.86917
-84.53194
-84.17884
-84.76471
-84.29045
-85.16274
-84.95860
-82.14487
-87.20101
-88.60697
-88.82827
-88.90018
-87.99418
-89.69176
-89.71474
-89.16406
-88.85797
-88.49947
-86.30582
-86.53837
-87.75313
-89.08684
-89.39283
-88.26481
-88.21178
-89.15318
-88.90942
-90.79428
-90.41493
-90.51017
-90.72668
-91.12563
-92.34076
-91.55258
-92.51796
-92.51511
-94.22661
-92.61482
-96.24475
-86.73859
-83.71320
-88.32083
-88.00364
-89.25306
-88.08003
-88.29971
-90.23226
-92.85382
-95.24747
-92.10380
-88.57332
-88.80977
-89.61956
-89.92517
-92.16563
-90.61757
-90.64596
-87.73984
-87.33242
-86.39950
-84.35833
-85.12537
-85.91776
-85.39005
-87.23571
-88.30339
-89.24224
-89.90946
-89.89013
-89.21554
-88.84668
-92.29374
-84.31892
-85.71625
-94.29455
-92.08291
-92.14565
-91.12101
-91.06230
-90.79847
-91.91213
-91.37310
-91.02792
-88.67100
-88.29104
-89.16089
-89.55703
-90.52285
-89.39503
-88.64382
-89.63192
-89.94178
-89.47803
-89.00722
-88.86624
-89.67396
-88.15372
-88.27756
-87.51253
-87.02982
-85.95240
-85.86800
-84.88473
-85.17524
-85.08278
-82.62420
-85.90304
-88.09917
-89.09855
-89.06438
-89.89594
-89.62368
-89.15864
-90.41986
-89.18387
-88.77316
-88.01077
-87.93505
-84.38479
-86.26882
-87.25383
-85.01615
-85.17073
-84.45696
-85.08202
-85.72014
-84.57915
-84.75336
-86.33488
-85.19886
-84.93091
-85.84008
-87.01718
-86.50172
-86.61225
-85.12781
-85.89537
-83.70101
-82.04071
-86.21397
-86.02862
-85.65913
-84.73784
-84.58404
-85.58609
-86.78070
-88.68787
-86.09096
-82.69498
-81.55289
-82.90714
-85.34803
-85.27482
-82.80599
-80.40245
-79.80870
-83.10888
-84.05256
-80.80023
-78.70592
-79.08635
-82.39892
-83.50079
-81.26789
-80.06769
-81.13779
-84.36992
-85.92856
-82.32809
-82.12948
-81.41042
-81.64662
-83.80725
-82.23427
-84.19219
-85.74311
-84.30030
-83.51105
-83.92453
-83.57392
-84.63688
-83.41234
-83.50419
-85.09185
-83.36638
-84.80492
-85.98465
-83.60836
-83.20121
-84.89607
-84.16095
-83.75882
-83.24567
-83.56483
-82.35967
-83.24177
-83.05814
-83.09302
-83.07875
-83.36427
-84.11784
-82.71594
-82.23328
-80.43850
-82.66337
-84.04388
-82.60795
-83.33220
-83.91698
-82.39392
-82.56905
-80.95754
-82.40576
-82.10450
-80.75123
-80.90825
-79.75814
-80.07975
-80.10715
-81.42601
-78.74775
-78.33429
-77.54016
-78.22867
-79.33944
-78.19641
-77.91873
-75.77208
-76.71786
-76.83803
-76.98635
-79.18453
-77.70734
-77.82508
-77.78309
-78.20406
-79.03092
-78.18684
-79.34687
-78.91987
-79.54925
-80.50636
-80.78634
-81.61837
-79.49078
-78.22092
-78.35588
-79.26147
-80.56392
-80.01080
-78.62997
-78.43941
-78.03487
-78.48516
-79.38854
-78.97436
-81.34054
-83.07238
-83.80340
-85.17033
-85.03766
-86.02606
-84.58594
-85.05842
-86.43056
-87.35099
-86.16402
-85.91470
-87.77450
-86.06418
-84.55681
-86.08548
-87.37008
-86.09373
-84.92802
-84.49223
-85.00188
-85.13392
-86.82017
-88.78236
-89.47604
-89.68514
-89.76960
-91.12454
-91.96470
-92.83866
-93.60469
-93.65763
-93.96831
-94.62441
-94.69050
-94.66119
-94.86281
-94.89199
-94.94412
-96.10696
-96.87698
-97.21416
-96.85753
-97.25124
-99.46544
-98.93904
-98.92513
-100.47166
-101.57182
-100.56016
-100.29884
-102.11380
-103.80427
-103.02446
-102.77872
-103.19734
-102.51637
-103.21135
-103.54692
-104.49822
-103.88721
-105.59797
-105.27817
-105.52220
-103.06900
-99.44701
-91.07356
-87.20220
-89.29455
-88.77945
-87.81403
-88.31391
-88.94107
-91.31127
-93.97759
-97.02791
-95.16606
-92.15630
-92.20762
-96.42398
-98.62035
-95.69312
-94.27814
-93.56551
-92.85499
-93.94960
-94.58302
-91.98127
-91.54985
-91.17352
-91.06963
-90.32157
-89.91871
-90.99001
-91.11231
-91.90959
-92.07550
-92.27145
-92.33110
-91.11130
-91.73959
-93.92017
-95.33291
-95.22284
-93.64564
-90.49984
-90.54125
-93.62449
-94.34383
-94.08212
-94.07081
-92.86205
-94.42076
-97.80422
-98.25222
-96.37637
-92.50257
-91.33691
-91.77753
-93.85770
-96.01124
-97.14686
-94.61406
-94.43941
-96.68513
-95.39175
-95.13250
-93.07404
-89.80979
-90.82179
-91.86877
-92.01853
-93.27316
-93.51120
-94.39600
-94.07121
-96.20164
-95.59461
-94.77944
-92.30651
-92.09757
-93.67840
-95.36112
-96.17685
-93.08471
-92.32389
-93.28499
-93.33513
-92.32378
-91.82419
-91.15378
-90.01958
-89.32086
-90.60027
-90.46110
-89.55499
-88.31450
-88.49557
-89.20290
-89.79134
-91.06427
-91.85754
-91.26553
-92.08950
-95.21951
-92.64662
-90.45877
-89.54968
-89.80239
-91.23912
-92.46054
-91.75964
-90.52719
-89.86572
-91.59357
-92.51620
-92.06731
-91.62450
-90.50278
-91.63460
-91.19905
-91.18276
-90.58605
-89.41953
-89.22434
-91.19309
-91.74984
-91.47660
-91.23560
-91.13445
-92.09029
-91.11945
-90.65384
-89.10818
-89.22508
-89.57577
-88.64000
-88.37177
-89.34942
-90.01168
-90.43207
-89.76930
-89.13088
-91.13147
-90.76010
-90.43956
-91.41442
-90.38955
-91.08182
-91.39732
-90.75968
-90.89690
-90.99783
-91.41347
-91.25275
-90.14248
-90.39395
-91.13702
-91.03400
-91.42933
-90.89631
-89.74941
-88.54975
-88.04505
-88.89223
-90.10138
-91.28362
-91.64599
-91.29995
-91.59645
-90.57887
-91.57907
-92.40948
-92.42867
-92.32642
-93.47682
-93.35658
-93.87544
-93.54051
-92.75391
-87.51448
-80.42698
-79.80494
-80.98478
-80.76685
-81.59035
-82.77550
-84.46240
-85.64629
-86.46888
-87.28280
-86.59615
-86.77993
-87.29436
-88.73505
-89.28168
-88.50754
-87.81107
-85.31808
-83.94284
-84.07765
-84.05373
-84.53339
-86.10074
-86.58319
-87.30251
-85.83594
-85.27725
-84.82254
-83.08259
-83.04604
-84.33851
-85.05327
-85.23061
-86.44439
-86.73903
-87.40583
-87.59623
-87.47242
-87.40945
-86.71695
-86.28659
-85.99692
-85.87042
-85.98570
-87.34005
-88.21814
-86.77539
-85.12951
-83.11661
-81.59214
-81.92253
-83.85925
-84.75131
-84.69784
-84.83738
-84.79109
-85.39251
-85.55927
-85.75302
-86.93145
-87.00679
-86.87964
-86.82259
-86.17308
-86.32470
-86.12408
-86.37505
-85.88754
-85.63536
-85.35161
-85.65096
-85.79574
-85.12664
-85.39424
-85.75431
-85.38741
-85.05688
-84.90318
-84.92555
-84.89210
-84.25973
-84.44651
-84.12596
-85.06077
-85.95648
-86.60856
-87.39928
-86.94351
-86.33766
-86.83411
-87.99654
-88.23429
-88.31805
-88.76535
-87.87149
-87.12201
-85.72989
-85.21220
-84.81590
-85.20849
-86.42211
-86.37004
-86.98050
-86.24470
-85.98338
-84.21132
-85.41883
-85.92564
-85.07170
-85.68949
-86.27191
-86.51579
-85.46601
-84.64296
-83.72964
-83.21211
-83.55408
-84.22749
-84.73200
-86.07358
-86.23302
-86.54240
-86.77961
-85.15915
-84.82258
-84.98928
-84.62457
-85.32000
-85.92374
-86.33932
-84.73379
-85.92073
-86.45555
-86.23813
-86.65714
-86.46580
-87.92116
-88.81142
-89.21395
-88.56322
-87.97702
-87.74831
-87.96592
-87.59809
-87.80279
-87.05430
-87.13769
-87.04579
-87.96097
-88.30523
-88.05497
-88.38462
-88.43277
-89.25359
-89.98884
-89.68458
-90.10877
-90.12543
-89.56216
-90.88835
-90.28714
-89.04753
-88.25038
-88.19816
-88.67133
-89.71211
-90.18188
-90.00001
-90.19767
-91.48590
-91.84437
-91.06779
-91.76916
-91.16731
-90.32812
-90.79662
-91.02544
-91.26759
-90.83183
-91.51325
-92.30356
-92.58918
-92.97458
-93.64593
-93.88404
-93.24999
-92.52779
-93.22710
-93.97275
-93.12024
-93.12380
-92.85622
-93.80050
-93.81562
-94.08644
-94.32905
-94.71442
-94.08258
-94.37693
-95.36236
-95.52923
-94.94676
-95.65228
-95.59156
-94.82314
-96.02268
-95.91707
-97.31543
-96.71084
-95.73506
-95.41119
-95.32965
-95.53583
-96.85168
-96.72249
-95.83594
-94.34854
-92.09817
-86.84193
-85.51537
-87.17856
-87.33660
-88.86694
-89.90707
-89.85218
-87.75307
-86.31543
-87.63515
-89.69400
-89.24741
-87.43828
-87.00818
-86.99738
-85.83939
-85.54373
-86.30831
-88.33649
-88.09462
-87.38608
-88.68790
-86.82772
-85.93258
-86.71547
-88.02140
-90.81032
-88.50736
-86.36535
-87.33309
-86.48783
-86.89211
-86.70783
-86.04710
-86.34787
-86.76776
-86.85579
-84.58624
-84.04246
-85.55381
-86.81455
-87.20640
-86.69916
-86.11914
-85.86857
-85.38794
-85.66555
-85.91235
-87.33134
-89.26319
-88.88791
-88.11245
-88.01099
-87.63736
-87.89818
-89.18691
-88.88198
-88.83607
-87.24180
-86.52531
-87.92838
-88.57261
-88.23128
-89.09781
-89.18961
-89.05735
-87.66915
-87.39566
-87.79243
-86.24341
-87.27301
-85.80897
-85.81242
-86.93753
-86.71998
-87.91803
-86.88451
-86.29333
-86.04792
-84.65326
-84.08851
-84.40452
-83.84662
-83.10530
-83.71924
-84.15871
-84.79266
-84.76184
-84.32065
-87.04480
-87.62206
-86.36669
-86.04962
-86.31405
-85.85844
-86.54560
-87.59919
-86.72191
-86.50122
-85.34560
-85.82269
-85.21798
-85.45057
-85.81970
-85.26530
-85.74508
-85.65169
-85.63904
-85.37668
-84.22148
-83.88353
-84.00746
-83.57580
-84.25110
-84.82435
-84.80481
-84.75971
-86.21921
-85.51916
-86.07939
-87.11931
-84.96829
-85.02520
-85.79592
-86.15534
-86.13529
-85.71334
-85.17859
-85.33714
-84.89077
-85.80517
-87.64535
-85.83740
-86.35952
-87.44744
-86.03554
-86.28270
-85.90167
-86.32358
-87.00088
-87.54887
-86.15494
-86.58407
-87.03641
-85.45241
-85.65734
-84.99329
-85.86739
-85.57080
-85.39486
-86.37085
-87.54179
-87.59452
-87.90843
-86.31622
-86.13254
-88.42419
-87.23380
-87.63160
-87.05025
-86.86639
-86.53565
-86.52192
-86.34265
-86.88717
-88.08396
-88.48459
-88.20993
-87.82803
-88.98138
-88.05628
-88.23368
-87.85483
-88.75414
-84.36681
-79.50583
-80.13003
-82.12682
-82.13854
-83.10792
-84.67555
-84.49507
-84.15154
-84.62930
-84.73980
-85.52247
-85.96147
-85.46343
-85.43104
-84.94464
-84.26565
-83.99813
-83.09404
-82.45924
-83.58703
-84.14207
-85.73289
-86.88064
-86.69584
-86.80217
-84.93232
-85.00473
-84.04204
-82.54413
-83.23465
-84.98923
-85.85860
-85.73143
-85.11572
-84.70111
-85.05880
-84.63373
-84.47878
-84.21993
-84.48782
-84.55556
-84.49460
-84.80164
-84.50001
-83.95006
-83.15461
-82.87291
-82.37420
-81.28348
-80.91871
-82.47208
-83.79719
-83.31464
-82.99415
-83.43424
-83.91736
-84.11473
-84.20805
-84.43522
-85.75548
-86.08137
-86.02772
-85.26215
-84.95193
-85.39213
-85.05932
-85.50888
-84.37660
-84.87240
-86.04542
-85.22502
-84.59765
-84.35760
-84.01666
-83.47923
-83.38484
-83.30848
-83.79468
-83.50355
-83.20605
-83.06007
-84.20007
-85.21045
-85.11724
-85.63883
-85.58507
-85.62339
-84.86201
-85.71828
-85.63981
-84.44783
-84.11515
-84.14448
-84.66630
-84.22018
-84.82797
-85.39318
-84.96242
-85.28626
-85.44258
-85.28629
-86.25894
-85.56989
-85.57742
-86.33214
-85.28627
-85.66427
-85.23203
-84.99522
-85.75824
-85.74278
-84.67456
-83.99306
-83.52195
-83.30190
-83.67448
-84.17797
-84.09846
-84.32230
-84.97933
-84.94051
-85.45108
-85.32400
-85.53073
-85.77815
-84.48326
-84.23763
-84.58903
-85.23841
-86.12553
-86.03180
-87.57956
-87.51527
-87.77685
-87.58749
-86.84748
-86.62557
-86.75067
-87.79836
-87.97796
-88.40701
-87.75774
-88.46044
-87.86216
-87.87564
-87.74307
-87.17451
-87.54166
-89.12844
-89.40942
-88.70477
-88.94192
-88.16916
-88.69357
-89.05553
-89.55976
-89.44079
-90.23583
-90.10639
-89.96445
-90.55651
-90.60905
-90.38101
-89.28554
-89.99156
-90.16932
-91.19364
-92.03678
-91.72027
-91.87251
-90.98604
-91.32133
-90.75335
-91.22091
-92.08977
-91.35670
-91.00068
-91.16821
-91.49115
-92.32516
-93.28540
-91.75582
-91.25268
-92.54724
-93.63276
-94.54950
-94.43420
-93.34243
-94.83156
-94.96513
-94.78670
-95.19976
-95.29221
-95.58140
-94.70188
-95.02323
-94.42235
-94.83722
-95.08021
-94.97214
-95.84610
-96.23986
-95.79205
-95.34306
-95.46483
-97.09918
-95.86596
-96.19994
-97.45647
-97.59589
-97.25425
-96.94115
-98.05373
-96.10937
-94.73624
-93.60038
-90.92783
-86.41575
-85.94280
-84.77679
-84.33868
-86.92150
-87.13902
-86.90983
-88.38517
-88.50605
-88.39621
-89.71608
-89.07270
-88.66396
-90.00910
-90.83270
-87.61589
-88.35558
-87.86992
-87.08007
-87.69111
-86.95123
-85.93446
-84.07201
-83.65469
-83.41727
-83.31686
-83.40737
-84.36955
-85.45590
-84.27308
-83.71921
-84.70703
-85.10823
-86.16278
-86.62671
-86.79456
-86.18814
-85.93532
-85.57169
-85.98678
-87.39688
-87.72857
-88.46009
-88.45010
-88.45575
-88.00646
-87.99896
-88.34693
-89.71404
-89.29721
-89.25912
-88.73934
-87.14162
-86.34045
-85.18896
-84.50911
-84.07126
-84.49166
-84.62520
-83.83440
-83.90905
-84.49751
-84.56750
-85.05095
-86.12649
-86.28216
-86.23375
-86.30525
-85.81571
-85.28110
-85.23999
-86.07118
-86.63706
-86.54437
-85.89307
-85.56751
-85.81414
-86.08703
-85.89606
-85.56006
-85.27719
-85.67488
-85.43946
-85.42924
-85.92197
-85.08255
-84.31881
-85.08245
-85.48319
-85.38779
-85.53020
-84.87418
-86.46012
-87.39108
-86.50056
-85.56716
-86.50748
-84.53891
-84.66806
-85.19113
-83.50447
-84.86763
-84.85022
-85.11592
-83.73707
-84.60794
-85.08803
-85.11897
-85.14900
-84.99040
-85.18609
-83.69170
-84.35564
-85.14371
-85.46161
-85.26355
-85.67979
-85.30677
-85.34126
-85.56216
-86.02532
-85.57632
-86.41711
-85.91889
-85.59800
-86.41666
-86.68541
-85.88464
-84.38787
-85.68577
-84.66244
-84.73515
-85.47900
-85.93887
-86.29481
-85.96262
-85.52967
-85.10568
-85.50403
-85.99794
-85.76157
-85.93025
-84.94176
-86.03447
-85.10357
-84.50880
-85.27107
-84.15586
-85.42943
-84.98740
-86.44941
-85.90044
-86.10628
-87.40730
-88.24556
-87.32496
-86.91552
-88.49283
-88.23155
-88.12488
-86.84554
-87.60537
-87.25019
-87.70161
-87.97773
-87.50311
-87.13688
-87.29253
-88.45450
-88.52725
-88.04877
-85.06638
-83.43715
-83.93803
-83.28265
-82.22071
-82.39975
-83.42162
-83.73781
-84.90016
-85.84310
-86.36687
-87.04109
-86.52543
-87.13781
-88.36944
-88.18241
-87.59531
-87.29327
-85.67028
-84.40246
-83.92144
-84.62801
-84.41609
-84.38539
-84.16628
-84.75628
-86.45047
-86.99761
-87.58447
-86.75025
-88.00788
-87.77049
-85.76961
-84.28684
-83.97088
-84.62899
-85.87076
-87.34136
-87.94327
-87.52408
-85.99101
-86.65425
-86.58470
-86.45931
-88.03412
-88.55195
-86.71434
-85.87903
-86.10549
-85.69691
-86.18685
-86.37359
-86.98955
-86.67173
-86.36199
-85.14695
-82.19738
-80.11139
-78.77810
-78.28184
-78.92139
-78.64522
-77.54039
-77.01918
-76.61430
-77.34274
-77.90214
-78.91174
-79.76961
-79.93315
-79.92869
-80.71312
-81.78201
-82.16412
-83.60286
-83.18431
-82.78761
-81.49762
-81.08288
-80.39456
-80.66732
-82.26280
-81.72368
-82.33594
-82.39318
-80.78931
-80.04570
-79.77215
-80.85637
-82.22188
-82.76614
-82.79745
-83.29318
-83.36495
-81.98451
-81.23715
-79.44870
-78.17291
-77.45274
-77.15945
-77.94672
-78.82613
-79.68183
-80.82866
-81.19058
-82.88917
-84.87814
-84.26779
-83.28273
-82.52614
-82.09423
-83.28625
-84.11820
-82.21237
-79.73090
-78.17956
-78.28389
-79.38222
-80.36488
-80.57903
-81.25278
-80.60226
-81.20591
-84.12062
-84.67504
-82.85164
-81.50573
-81.93768
-83.47476
-83.96565
-83.67225
-83.51474
-83.78866
-85.35292
-85.34605
-84.96218
-85.50003
-85.97982
-86.93929
-86.46418
-85.92120
-86.32934
-86.61638
-87.40338
-88.18162
-87.88099
-88.78947
-89.40088
-87.66511
-88.01926
-88.18635
-87.62317
-87.41442
-89.02259
-88.98648
-87.32778
-87.76315
-88.04000
-89.64093
-89.11064
-88.93750
-90.51890
-89.70476
-88.42916
-88.74307
-89.88092
-90.30666
-89.94045
-89.40087
-89.50326
-89.76721
-90.99856
-90.96635
-90.22881
-90.41147
-90.26473
-89.97942
-89.99675
-92.07433
-91.02938
-89.82122
-90.82923
-90.63208
-90.92114
-92.02028
-92.89632
-91.61166
-91.75136
-92.64643
-93.43866
-93.22521
-93.11021
-93.54109
-94.05541
-93.76518
-94.29218
-94.16495
-93.00620
-94.13166
-94.33665
-94.15621
-93.58953
-95.13727
-94.12413
-94.57434
-95.60703
-94.96380
-93.65432
-94.16355
-96.77615
-96.17180
-94.97793
-95.91012
-97.04331
-95.87149
-97.03471
-96.02374
-97.37782
-91.82449
-86.28667
-84.18460
-84.56685
-82.66557
-81.19193
-81.61705
-81.83589
-81.72834
-80.98847
-82.70030
-81.96288
-81.36606
-82.77802
-82.91645
-82.23310
-82.91246
-84.01120
-82.67583
-82.21265
-84.33542
-84.45860
-82.49853
-84.45587
-85.52762
-85.00682
-84.65181
-85.63229
-85.35259
-83.91411
-84.80647
-84.73953
-83.81836
-83.19320
-85.11373
-85.31578
-83.77475
-85.36103
-84.05188
-82.54052
-83.04917
-82.37268
-81.34254
-81.25798
-82.07053
-82.33284
-82.95640
-84.23190
-84.72134
-84.51983
-84.17842
-84.72463
-84.84585
-83.80783
-84.97657
-85.79301
-84.74743
-84.21371
-84.31502
-84.07927
-83.73517
-84.87187
-84.94203
-83.47521
-84.36415
-85.23568
-84.28755
-83.53300
-84.95251
-85.38674
-83.30948
-84.51901
-84.56860
-83.50262
-82.18653
-82.97717
-83.84554
-83.64391
-84.18719
-83.96631
-83.65055
-83.90460
-84.88438
-83.44381
-82.76071
-82.85700
-83.65462
-82.47173
-83.25246
-83.28532
-81.72708
-82.55515
-83.70699
-83.52521
-80.60423
-81.95983
-83.53168
-83.16857
-82.73924
-82.82195
-82.88559
-81.82300
-83.06042
-82.40767
-81.95348
-82.64112
-83.29815
-82.76337
-82.45158
-83.08604
-83.47391
-82.56190
-82.56272
-82.91354
-82.51734
-82.84587
-83.09911
-83.83664
-83.13985
-83.63019
-84.11677
-83.35074
-83.38166
-83.89151
-83.42666
-83.88044
-84.91511
-84.85454
-83.75843
-84.03389
-85.66060
-83.78885
-82.94768
-84.11164
-84.39135
-84.10708
-84.86631
-85.09638
-85.45697
-84.77619
-84.80569
-85.12516
-85.27360
-84.96261
-85.13713
-85.27752
-84.48350
-85.86760
-84.07480
-84.31601
-84.07294
-83.75629
-85.64953
-85.23218
-86.49749
-85.35957
-84.79667
-86.88369
-86.99656
-86.07700
-86.70000
-87.49848
-86.96677
-86.56650
-86.09202
-86.77856
-86.55690
-87.91704
-87.21143
-86.99973
-86.77577
-87.28676
-87.84649
-87.69923
-81.81372
-76.72561
-79.67090
-80.89590
-81.61390
-81.26564
-80.45982
-83.69303
-81.99649
-82.99834
-83.37226
-83.29054
-84.07721
-84.24459
-84.90759
-84.14202
-82.42161
-79.94935
-77.53053
-77.40499
-79.90376
-82.57646
-80.20566
-76.64248
-75.08967
-74.84970
-75.89022
-77.43614
-78.67154
-80.52462
-82.95051
-85.36394
-84.50908
-82.65381
-82.69411
-84.09558
-84.53430
-83.36984
-82.50769
-82.13583
-82.17944
-82.29626
-81.10343
-80.02606
-80.59972
-80.80437
-80.60180
-80.46475
-81.84291
-81.13977
-81.43058
-84.11973
-83.37413
-83.86604
-86.29679
-83.78837
-81.47360
-80.73164
-79.97584
-78.48075
-78.01898
-79.23801
-78.53272
-78.32958
-79.03428
-79.82067
-79.87842
-80.04543
-80.78879
-80.50800
-79.94625
-80.63962
-80.58510
-80.65561
-80.66954
-79.93855
-79.82829
-79.93397
-79.67905
-80.15546
-81.28530
-81.25223
-81.95593
-81.68017
-81.36441
-81.27709
-81.89698
-81.30860
-81.30569
-81.62965
-81.97691
-81.55045
-80.56700
-81.10088
-81.72343
-82.17601
-82.25554
-81.91320
-80.41560
-79.98375
-80.44980
-82.23074
-81.80233
-80.95969
-80.48980
-80.60901
-82.06115
-82.85284
-82.32677
-81.61893
-82.27666
-82.45192
-82.19065
-82.23623
-82.65919
-81.74561
-80.92923
-80.96461
-81.87198
-82.33252
-82.27326
-82.29065
-82.01448
-81.81979
-83.56663
-84.37444
-83.30169
-82.73310
-82.55931
-82.58403
-81.99551
-83.08983
-84.19943
-84.77972
-84.53060
-84.70390
-85.18776
-85.53407
-85.18153
-85.27064
-85.41195
-85.76875
-85.20822
-85.08107
-87.19574
-86.74712
-86.45379
-86.56530
-86.70523
-85.54799
-86.59684
-88.02684
-87.27171
-87.80265
-88.89398
-87.29619
-86.15236
-86.56180
-87.71347
-87.65718
-86.46336
-88.75834
-88.94856
-88.66300
-89.19781
-89.26995
-88.59107
-88.59124
-88.54722
-88.58789
-89.92085
-89.79562
-90.63147
-91.12379
-91.12495
-89.73223
-89.36978
-89.65069
-89.79677
-91.17135
-89.65161
-89.51576
-89.94436
-89.93798
-90.46395
-90.29740
-90.26301
-90.02255
-90.68497
-91.46294
-91.57567
-91.37946
-92.08727
-91.72276
-92.60269
-92.62782
-92.05693
-91.16792
-91.82986
-92.09159
-91.48680
-91.21785
-90.77271
-91.85490
-91.81245
-92.63879
-92.46954
-92.61597
-91.21022
-92.23981
-93.89577
-93.12126
-93.04567
-94.82084
-93.84804
-94.77227
-94.44702
-96.31421
-92.63556
-86.38816
-87.82004
-89.35937
-91.56242
-92.71901
-93.82629
-94.04738
-93.56340
-94.89724
-94.53565
-94.28511
-94.52014
-95.17966
-95.24639
-94.90510
-94.13606
-93.68376
-93.37090
-94.89295
-94.54636
-94.58102
-95.20178
-95.24178
-93.87642
-93.80833
-94.43206
-94.83755
-94.31660
-94.69717
-95.28056
-94.40493
-95.11283
-94.91858
-94.56174
-94.70186
-95.78016
-95.37743
-94.50434
-94.85761
-95.44907
-95.53017
-95.57272
-95.65098
-95.23022
-95.26511
-95.69298
-96.00433
-95.79769
-96.51336
-96.97437
-96.75488
-95.90358
-95.72686
-96.78266
-97.78428
-97.75929
-96.71449
-97.44720
-98.11245
-97.85960
-97.34093
-97.25381
-96.82445
-97.46494
-98.96687
-98.15627
-97.62869
-98.24558
-98.51980
-99.09655
-99.31769
-99.81756
-100.63437
-100.39744
-100.21529
-100.21859
-100.08467
-100.78160
-100.46144
-101.13854
-101.84403
-101.45859
-100.12935
-100.20385
-101.19713
-100.88966
-102.06850
-100.79122
-102.18735
-101.08264
-103.34131
-101.80328
-102.34064
-100.68651
-102.48243
-100.57785
-104.20481
-98.37284
-86.03203
-86.63539
-89.45866
-91.30932
-94.11411
-95.14790
-97.52331
-97.96077
-100.06897
-100.20753
-102.54485
-102.00205
-102.27921
-101.52708
-102.75972
-102.00543
-103.47452
-102.52827
-101.76202
-101.72523
-101.30046
-101.83913
-102.18771
-104.33842
-103.23553
-103.93767
-101.69571
-104.13526
-101.33486
-105.42394
-100.90998
-115.34754
-92.00981
-84.16056
-86.70971
-88.60482
-90.95139
-92.70506
-94.53038
-96.56889
-97.68996
-98.55558
-98.98724
-99.03365
-99.23743
-100.79310
-100.41382
-101.10749
-99.84804
-99.57858
-98.73607
-99.25247
-98.12584
-97.88294
-97.02034
-97.30984
-97.35460
-97.64388
-97.41286
-97.52480
-98.20241
-98.22947
-98.18516
-97.80001
-98.48041
-95.57962
-94.38591
-95.07300
-95.60239
-96.46149
-97.25746
-97.33082
-96.98861
-96.97666
-97.09409
-97.71203
-97.73000
-97.23489
-96.93142
-96.98282
-96.61820
-96.42507
-96.72466
-96.13127
-95.61111
-95.98861
-96.40433
-96.18228
-97.00360
-97.48333
-96.87867
-96.64244
-96.17202
-96.07635
-95.77070
-95.69611
-96.23739
-95.85135
-95.37111
-95.74302
-96.41718
-96.75519
-97.05089
-97.10219
-97.78281
-98.94781
-99.55877
-99.95663
-101.02850
-102.13310
-101.19991
-101.30195
-102.50130
-103.19101
-103.23055
-102.94149
-102.73305
-102.89678
-103.50677
-104.50828
-105.07894
-105.22613
-105.12464
-104.46115
-105.03171
-105.57547
-105.76938
-107.49512
-107.76341
-108.68052
-107.08793
-102.04962
-103.19272
-104.65422
-106.07878
-108.15333
-106.76470
-108.47417
-106.48923
-106.95023
-107.15019
-107.00859
-107.26179
-108.69599
-106.98500
-106.50364
-106.52383
-107.27295
-108.11487
-108.75035
-107.07518
-106.90040
-108.18528
-108.00722
-108.86297
-106.63218
-107.21063
-106.80983
-109.79874
-106.42968
-110.52262
-104.03295
-110.20867
-92.82154
-87.08491
-89.49296
-90.54307
-93.11546
-94.97614
-96.69875
-96.42573
-97.23790
-98.44546
-97.72805
-97.24331
-97.52818
-97.06293
-95.74865
-97.21869
-96.80012
-95.81142
-95.90154
-95.64006
-95.66212
-96.52874
-96.61273
-97.27548
-97.37271
-96.68816
-95.25592
-95.39569
-95.86371
-96.41861
-96.68074
-96.48902
-96.52494
-94.87517
-93.55269
-94.18684
-95.14031
-95.50339
-95.90904
-96.55012
-96.93720
-96.66149
-97.21690
-97.82888
-97.76805
-97.32607
-97.40122
-97.69877
-98.49738
-99.07903
-98.62024
-98.37085
-99.29611
-99.58742
-100.70865
-101.65817
-101.69981
-101.69001
-101.97590
-102.36575
-102.71767
-102.74126
-102.70444
-102.94372
-103.64550
-104.12416
-100.88891
-101.58865
-102.82893
-103.91152
-104.70912
-104.75075
-105.62047
-105.84145
-106.19667
-105.96285
-106.89908
-107.02303
-107.44030
-107.94870
-107.87339
-107.10188
-107.79291
-107.34044
-108.49137
-108.26016
-107.86631
-108.10433
-107.90979
-108.04772
-108.77541
-108.51884
-108.13084
-108.39118
-108.33709
-108.83618
-108.41845
-109.45318
-107.47095
-107.18525
-109.22177
-108.78161
-110.44063
-109.99863
-109.21807
-111.18637
-110.50465
-110.91658
-111.29551
-111.78623
-110.89068
-113.32794
-110.54615
-112.10977
-112.30119
-113.10894
-112.82327
-113.87231
-111.73299
-113.43505
-113.94274
-114.20997
-116.66536
-114.40547
-116.89013
-113.94202
-124.04329
-113.70895
-129.85303
-109.75818
-110.13559
-91.53671
-85.05712
-88.37009
-89.58376
-91.30160
-92.10282
-92.99228
-93.30855
-93.80723
-94.27582
-94.29320
-93.57391
-93.80110
-95.82769
-96.23249
-96.54833
-94.73231
-94.11516
-93.24774
-93.86097
-94.13851
-93.42112
-93.15216
-93.77378
-93.17309
-92.39243
-92.70573
-93.29281
-92.77032
-93.30410
-91.97606
-91.75785
-92.38913
-82.57495
-81.06516
-84.29390
-85.17135
-87.57764
-87.75877
-89.01817
-89.36078
-89.74744
-90.46525
-90.55328
-91.33543
-90.49910
-90.56563
-91.00082
-92.14371
-92.64402
-92.98889
-92.95405
-91.53325
-91.17034
-91.86863
-91.54629
-92.96756
-92.88897
-94.65627
-92.18727
-92.21497
-91.15669
-92.53907
-91.94161
-93.48304
-87.87188
-77.43781
-78.09594
-81.09745
-83.29414
-86.63904
-87.85460
-91.33390
-90.68504
-93.47080
-93.08191
-95.50605
-93.40040
-94.31652
-94.12207
-97.20343
-96.30663
-97.94712
-97.33226
-97.42225
-97.14875
-97.34113
-98.45391
-97.79988
-101.04495
-98.33514
-103.83680
-98.40903
-105.49015
-97.16426
-113.19697
-94.70786
-101.28067
-82.55920
-73.33106
-75.75011
-78.67346
-81.94319
-86.06730
-88.48307
-93.45017
-93.31245
-97.48984
-93.36625
-97.92929
-93.60146
-97.99066
-94.08270
-101.68597
-91.88444
-72.08575
-71.62638
-76.39636
-79.19979
-85.07594
-86.98878
-90.51363
-88.37913
-90.28824
-89.75845
-91.26306
-93.07916
-93.12082
-97.60752
-91.18750
-112.54970
-75.60663
-69.50893
-71.73252
-75.38293
-78.44823
-80.10388
-84.70342
-87.02831
-89.99232
-91.57133
-92.25953
-92.72448
-91.46622
-92.05076
-92.44847
-92.75786
-89.64323
-85.31043
-84.45746
-87.93029
-90.54801
-92.06123
-89.84282
-90.29038
-90.18669
-90.56028
-89.38096
-90.44150
-90.27524
-90.25714
-91.00593
-91.07559
-91.01566
-83.04607
-80.72805
-84.43960
-86.82005
-89.33394
-90.26789
-91.80679
-90.22785
-90.93697
-91.76727
-90.48695
-91.13619
-91.72572
-91.25045
-89.97211
-92.40485
-87.45021
-84.59119
-86.18647
-87.73192
-89.04521
-91.48662
-91.08166
-93.22266
-90.40618
-93.86147
-90.72648
-94.69287
-89.38091
-95.16757
-89.13089
-98.66119
-81.08998
-69.54200
-71.27589
-75.41320
-79.48126
-83.81809
-83.83721
-85.39365
-85.37963
-87.04066
-87.00948
-89.75411
-87.81607
-88.42997
-87.56883
-87.30843
-88.18375
-74.00605
-71.84574
-75.82492
-78.63747
-83.47543
-84.47378
-87.41563
-87.07203
-87.29663
-86.18149
-87.57438
-88.09253
-87.00619
-87.75359
-87.02311
-89.24519
-83.91561
-79.73045
-81.45795
-83.73313
-85.16000
-86.48925
-85.86308
-86.25722
-86.52324
-86.85836
-86.14821
-87.84993
-87.40106
-89.06096
-89.17681
-90.11099
-86.92267
-83.43151
-83.03743
-85.92079
-88.32596
-88.64962
-89.31655
-89.05752
-88.13098
-88.76669
-89.14669
-88.32088
-90.78547
-88.38120
-91.76648
-87.51631
-99.48389
-75.94202
-69.54440
-72.63138
-76.09700
-79.84284
-83.24474
-84.53254
-88.21267
-79.23279
-75.13228
-77.71660
-79.68916
-82.32419
-84.01444
-85.63282
-88.96612
-85.72997
-83.88616
-83.72911
-87.01226
-87.46742
-90.00268
-87.02363
-90.74891
-84.15620
-74.44145
-71.64625
-72.43362
-76.06688
-78.66799
-81.33305
-84.47975
-86.19746
-82.07410
-80.57915
-83.40079
-85.91125
-88.61568
-88.10698
-88.43867
-87.94117
-87.22018
-86.92883
-87.85030
-86.97076
-87.64147
-88.01308
-87.64585
-87.44466
-85.80129
-84.79105
-85.55119
-85.56591
-86.94832
-89.30812
-87.74041
-88.69689
-85.90970
-84.40358
-85.21548
-84.72815
-86.64586
-87.47798
-88.04768
-90.41313
-87.93359
-82.68578
-81.48132
-83.23982
-85.46319
-87.05895
-87.23275
-89.16114
-88.98144
-86.05299
-87.00930
-88.15506
-86.98602
-89.90484
-88.47595
-89.61600
-89.20127
-87.56307
-86.68204
-87.65747
-87.75174
-90.44941
-90.17411
-91.58487
-91.12555
-88.88573
-86.51917
-84.69460
-87.74839
-87.69178
-92.11432
-88.34366
-101.41473
-77.23291
-72.50769
-75.94714
-78.32461
-81.69914
-85.65375
-86.31387
-93.05522
-80.81748
-73.06131
-75.40922
-78.76666
-80.85207
-85.57338
-85.07402
-90.19160
-84.21070
-75.32583
-76.56075
-79.89697
-81.24595
-85.41163
-86.50307
-89.60304
-88.75159
-89.54929
-87.91744
-90.51689
-89.81014
-89.08665
-89.58800
-89.04163
-93.40826
-77.59518
-73.86511
-76.53512
-78.71241
-82.18150
-84.63114
-85.34766
-93.15723
-76.27182
-70.49025
-72.28239
-78.10105
-74.12691
-71.04974
-74.78780
-77.58428
-81.71852
-82.36823
-85.29277
-86.16401
-85.53062
-86.96116
-87.41724
-88.41248
-86.36536
-86.63982
-84.51064
-86.34359
-85.93283
-85.96133
-84.81432
-86.30311
-85.76450
-82.42161
-83.29182
-85.11083
-85.12329
-86.93907
-87.84966
-88.46633
-88.80944
-82.02578
-80.48905
-84.01791
-85.79933
-84.79299
-84.23824
-84.92381
-86.33796
-86.06579
-85.54592
-86.65539
-87.11268
-88.24042
-88.93229
-89.05437
-89.57088
-89.41279
-88.00028
-88.66012
-88.87001
-88.01903
-89.45420
-88.90962
-89.99395
-87.96649
-84.59256
-85.27034
-86.62025
-86.70140
-87.86473
-88.37340
-87.43330
-85.94331
-83.84067
-81.12788
-83.29582
-88.64718
-83.64248
-83.95828
-87.47350
-87.42557
-89.01818
-88.08106
-88.10972
-88.33137
-87.71244
-88.63265
-88.92024
-89.21722
-89.22423
-88.39282
-90.42637
-91.76326
-92.03063
-90.42424
-90.01778
-90.36578
-88.25719
-86.29140
-87.84168
-88.76865
-89.13507
-90.34123
-90.47592
-91.39519
-88.08319
-84.66197
-85.70200
-87.90985
-88.85264
-86.90178
-87.61546
-89.66687
-88.63457
-88.79115
-89.10892
-92.64820
-90.51720
-94.60814
-91.42575
-95.05198
-91.56204
-98.22031
-93.71905
-100.28479
-95.63212
-101.99326
-96.87796
-98.75196
-98.15208
-71.18255
-69.60770
-73.52125
-75.79173
-79.25007
-81.78240
-83.62844
-88.37800
-72.85567
-69.36197
-73.93600
-77.34136
-81.18627
-82.98583
-82.25764
-85.55982
-75.46133
-71.59254
-74.86985
-77.99481
-80.15275
-84.52040
-82.21056
-90.11940
-75.99437
-67.56796
-70.44191
-74.19754
-77.40502
-81.47980
-80.92485
-83.01456
-82.58634
-80.96536
-81.46638
-83.94166
-81.95460
-85.32477
-83.65316
-86.33522
-83.51500
-81.97569
-81.27806
-85.14877
-85.28599
-85.08458
-86.07256
-84.04767
-87.10464
-69.34041
-68.24942
-73.76300
-77.15788
-81.65585
-80.19827
-81.51166
-82.32624
-81.43716
-79.32102
-83.68413
-82.48061
-82.83163
-83.98255
-83.81550
-85.82757
-83.43200
-81.44572
-82.91057
-84.34507
-83.29701
-85.45500
-84.27422
-86.22096
-82.96632
-81.03788
-81.98815
-85.36523
-83.44278
-85.21984
-83.93035
-86.18855
-81.54851
-69.57561
-69.97130
-74.93252
-77.91474
-82.32423
-82.41229
-83.38434
-82.97867
-80.58089
-81.00866
-83.64152
-83.46802
-84.07531
-83.46276
-85.19138
-84.71730
-84.20628
-83.89916
-85.44026
-85.84779
-85.63188
-86.13478
-85.44115
-86.12744
-82.65895
-82.81421
-84.83431
-85.81049
-85.45687
-86.27571
-84.66684
-87.24487
-82.26388
-78.58352
-80.40107
-83.02591
-85.50153
-86.87762
-85.35750
-84.83286
-84.78698
-82.46617
-84.57852
-86.37119
-85.40284
-86.14052
-86.66859
-87.48555
-86.22385
-71.44865
-69.20740
-72.67478
-74.82801
-77.27090
-77.71150
-78.85939
-79.04723
-80.16405
-81.79465
-82.75426
-81.08123
-81.38625
-80.91768
-80.74201
-81.59166
-79.48298
-79.24960
-81.32571
-80.94421
-82.99594
-83.27775
-81.21473
-79.90830
-79.14311
-81.72687
-83.06375
-82.87229
-82.01523
-82.01474
-81.37096
-80.36516
-80.13458
-80.00479
-80.43625
-81.82115
-82.03807
-83.32011
-84.84840
-84.03234
-83.91712
-82.74351
-82.17460
-82.15179
-82.20263
-81.78080
-80.87393
-80.81716
-74.61446
-72.84250
-75.69519
-76.24107
-76.65701
-76.78045
-75.39772
-76.30870
-77.07734
-77.40105
-78.30463
-78.33337
-78.17442
-78.22329
-77.70899
-76.86140
-79.93629
-71.57845
-68.39911
-71.78667
-74.69858
-76.61553
-77.40133
-77.84444
-78.25058
-79.42969
-80.89884
-80.51557
-80.96227
-80.84889
-81.90478
-81.40034
-83.89005
-77.34327
-69.59118
-69.97484
-71.30632
-72.55645
-74.05185
-73.78973
-76.56169
-76.75505
-75.20802
-74.28417
-75.54907
-77.74689
-76.64634
-76.79826
-75.28619
-75.36117
-76.01464
-75.47306
-76.30286
-76.09416
-78.00209
-78.68762
-79.36462
-80.33012
-78.40669
-76.47465
-78.21686
-80.71383
-80.20277
-79.12921
-80.03891
-80.26987
-80.38231
-79.27942
-79.49447
-81.81415
-81.20311
-81.01336
-80.67463
-81.01871
-80.62783
-80.63809
-80.34214
-80.82532
-80.64893
-82.19603
-80.70502
-80.79062
-74.78579
-68.36124
-67.59748
-70.13026
-71.08123
-71.88349
-70.85190
-70.81617
-72.50866
-71.19125
-72.09436
-74.00377
-74.87764
-73.26704
-74.47565
-74.04809
-75.01425
-76.47745
-77.10288
-77.16270
-74.61876
-76.80854
-76.29916
-76.88740
-78.47533
-74.87477
-71.56898
-70.23987
-71.82555
-74.28863
-74.28158
-76.65113
-77.28668
-76.40875
-76.15824
-76.14268
-78.59150
-79.49009
-78.15625
-78.42732
-78.53030
-78.03058
-78.36026
-78.54737
-79.54380
-78.50111
-78.61190
-79.35899
-79.96661
-80.16486
-79.98491
-80.65695
-79.52541
-78.65252
-78.61721
-77.08543
-77.56541
-80.71022
-73.87224
-70.60820
-71.57721
-70.30027
-69.81001
-70.44413
-72.58581
-72.09651
-70.72295
-73.26944
-73.04166
-73.33228
-73.95698
-73.83380
-72.82377
-73.04324
-75.15467
-74.00744
-75.05423
-74.69535
-74.89751
-73.61418
-72.44726
-75.74736
-77.55669
-76.48299
-76.46540
-75.89036
-75.80087
-77.18476
-76.69994
-78.57183
-78.31037
-79.38530
-77.63243
-76.47243
-76.83479
-77.90029
-79.76275
-80.87108
-80.18996
-73.22602
-73.05826
-76.01624
-76.91650
-77.20359
-78.35154
-79.22961
-81.98231
-75.36757
-72.72365
-76.14800
-77.23099
-78.92075
-80.03994
-81.24241
-82.37666
-76.49461
-73.85547
-77.17771
-77.63974
-78.30143
-79.95735
-79.04652
-79.53325
-78.56225
-79.37466
-78.91900
-80.61573
-78.90306
-79.65393
-80.37628
-83.06631
-79.71707
-71.62122
-71.47115
-71.83850
-72.77234
-72.67203
-73.76802
-76.28288
-76.33503
-72.10615
-69.40764
-71.64332
-73.34715
-70.79563
-69.96234
-72.42580
-74.92175
-76.51001
-75.57575
-75.43199
-75.35890
-76.21981
-76.23612
-76.79271
-75.59729
-75.44758
-77.55538
-75.68109
-75.26420
-76.39535
-77.29111
-77.27036
-76.98606
-75.28538
-75.44419
-76.21128
-75.78562
-76.30304
-76.81624
-77.61078
-78.28987
-77.04531
-75.51956
-76.43367
-78.44658
-78.26909
-78.19435
-78.52856
-79.37733
-79.89220
-78.27682
-77.73445
-78.38464
-79.61436
-80.02806
-78.85971
-78.89783
-79.02454
-79.16976
-80.14880
-80.82807
-80.90616
-81.20509
-80.30714
-80.15192
-81.65968
-80.99540
-80.77020
-80.93606
-80.98903
-80.21953
-81.41169
-82.67400
-82.18441
-82.03270
-80.62454
-80.21977
-82.66082
-83.82506
-81.57710
-83.36687
-84.27579
-84.29446
-83.31803
-82.13532
-82.97092
-83.19673
-84.08222
-84.09365
-83.07980
-83.93033
-85.18261
-84.93400
-85.14741
-86.09131
-86.61324
-85.89640
-86.10664
-86.48870
-85.20033
-84.69580
-85.10860
-85.03484
-82.09635
-80.07513
-79.56457
-80.09847
-81.35834
-80.70493
-80.46833
-81.46754
-83.21809
-80.86146
-81.27106
-82.29612
-83.32378
-82.38229
-80.53492
-80.65710
-79.78013
-80.55584
-82.46396
-83.88985
-84.66084
-84.00484
-83.39900
-85.21947
-83.41729
-86.48902
-82.79840
-88.90956
-77.22525
-66.55042
-67.72254
-69.52998
-68.47859
-71.99994
-71.05152
-70.32743
-67.95676
-67.04134
-68.25058
-69.28641
-70.75658
-71.80405
-71.94607
-71.35098
-72.73316
-71.08768
-70.17955
-71.36864
-73.47775
-75.02431
-74.46464
-72.36731
-73.49732
-67.52564
-66.79268
-71.15352
-70.43909
-73.85038
-75.73990
-75.51060
-76.88401
-76.50585
-75.41046
-76.85168
-75.81213
-76.09287
-75.76048
-74.91709
-78.37941
-75.80359
-74.89393
-75.50314
-77.84785
-78.29779
-79.30020
-76.74862
-82.46815
-75.47873
-66.57096
-69.27298
-71.13455
-72.85772
-70.80206
-69.90133
-72.13019
-71.22191
-73.71846
-71.86508
-71.93022
-73.84221
-72.68799
-73.12604
-75.88562
-74.31578
-72.53833
-73.27364
-73.46314
-73.20934
-73.83726
-74.34973
-76.28158
-75.16698
-74.58326
-76.08352
-76.20069
-76.48489
-76.24125
-76.03450
-75.06714
-76.78903
-72.03956
-68.15079
-71.23543
-73.13725
-74.52270
-77.57398
-76.70390
-78.62591
-76.64932
-76.39566
-77.12177
-77.84935
-78.00489
-78.37480
-78.60339
-77.54781
-78.36320
-78.03733
-79.12734
-80.07930
-79.68739
-79.07980
-79.07840
-80.34988
-78.96586
-78.51608
-79.50777
-80.43860
-79.88577
-79.95631
-80.33932
-80.21865
-81.72069
-78.06010
-76.79168
-79.23664
-81.37378
-82.36341
-83.25088
-82.32577
-80.96024
-80.92142
-81.66726
-82.98461
-82.70201
-83.35677
-83.81796
-83.74642
-86.09391
-81.32870
-76.02986
-75.25685
-76.72303
-78.80149
-79.85544
-79.36969
-78.28392
-77.51739
-78.81533
-81.76422
-82.73237
-82.53192
-83.19650
-83.69969
-83.80856
-83.64454
-79.30671
-79.96054
-82.56592
-82.22279
-82.92814
-82.56099
-82.75599
-79.92823
-79.40211
-81.74368
-85.20852
-85.91979
-84.47197
-83.65957
-83.15924
-84.78398
-84.97512
-85.28370
-85.65302
-86.10207
-85.93618
-85.26487
-89.30703
-88.91512
-88.20139
-85.96298
-86.96779
-88.85114
-90.26944
-88.84845
-90.78910
-83.68043
-74.59721
-74.74204
-75.57636
-76.66132
-79.67585
-78.87137
-79.22585
-79.51257
-79.95016
-78.62001
-77.70711
-78.88193
-78.03204
-79.11074
-80.48476
-82.59434
-82.25162
-79.91557
-79.97408
-80.91257
-81.04695
-80.45919
-81.97639
-81.68780
-81.56161
-81.72821
-83.45809
-82.40902
-84.35518
-82.93034
-84.28471
-87.16071
-87.86646
-80.71963
-74.33039
-73.81975
-73.85574
-76.76443
-76.00941
-76.70577
-76.94276
-74.32288
-75.30700
-77.50307
-79.19678
-77.41494
-76.82717
-77.40391
-77.58949
-78.55547
-78.83252
-77.26093
-78.26623
-80.03622
-81.14274
-80.08109
-81.70110
-82.26468
-79.81504
-80.76086
-82.73307
-84.55107
-83.63157
-82.49605
-85.12838
-88.44642
-84.26049
-83.16976
-85.38037
-85.76357
-85.26174
-84.59099
-86.21032
-87.15991
-85.63250
-88.81483
-86.28023
-86.00992
-87.29758
-89.77773
-90.35827
-91.89923
-86.28760
-75.81369
-73.67937
-76.19295
-76.57083
-77.06963
-75.82782
-75.84043
-78.72363
-77.02707
-77.56823
-78.52393
-78.18775
-76.84547
-78.15459
-78.75292
-79.50610
-79.63919
-79.40443
-79.82298
-79.99278
-81.26339
-81.05479
-81.64973
-81.28876
-79.96496
-79.28898
-79.87326
-78.38984
-80.85335
-82.35057
-82.17405
-81.51267
-83.04704
-83.55639
-85.31910
-86.88394
-83.84854
-84.24396
-84.76226
-85.30000
-83.09496
-84.42620
-85.44078
-87.77026
-86.56809
-87.69144
-88.34607
-88.69636
-88.31252
-87.91046
-88.13935
-88.45329
-88.16553
-89.59117
-90.21779
-89.88346
-89.12091
-76.16958
-74.70640
-76.54050
-74.35544
-75.55152
-79.42262
-80.23254
-75.60940
-75.14590
-76.06527
-74.18338
-76.82030
-78.75579
-77.06600
-75.07676
-77.33820
-82.06233
-77.76132
-79.46984
-80.69002
-79.89260
-81.03300
-78.53441
-79.77438
-82.72794
-81.58162
-80.81831
-82.33597
-84.46389
-83.13719
-83.69798
-85.67747
-84.46442
-84.53981
-84.23911
-83.81337
-84.31076
-85.03780
-84.36134
-86.48360
-86.82221
-81.83236
-82.09145
-83.40302
-85.39905
-85.92731
-85.51723
-87.11500
-87.86219
-85.33920
-80.03864
-80.25182
-83.63555
-85.46046
-86.76466
-87.66897
-88.68119
-85.47647
-83.73920
-85.23151
-87.37787
-88.96208
-86.99046
-87.90563
-90.18283
-90.45885
-90.58980
-90.83460
-89.90743
-90.68197
-92.11606
-90.42032
-94.67485
-89.71675
-83.57753
-80.73543
-79.74327
-79.44526
-80.14391
-80.62803
-80.84085
-80.58429
-77.06537
-75.77045
-77.10485
-77.82984
-78.04460
-80.57762
-81.94559
-81.83223
-81.17124
-82.12460
-82.34074
-81.63254
-84.46475
-85.48007
-86.89614
-86.09935
-86.29503
-85.12213
-85.82603
-87.92979
-86.84672
-88.25169
-86.65574
-86.35894
-85.98625
-86.59167
-87.06740
-87.36270
-86.46963
-85.61997
-85.48853
-86.33431
-88.61658
-86.95486
-88.92102
-89.02357
-88.46386
-88.26833
-88.15469
-89.67853
-91.07745
-90.92620
-89.38039
-89.93726
-90.06765
-91.87047
-91.35958
-90.31144
-89.22438
-90.43010
-90.91634
-92.06221
-93.28587
-92.19229
-93.18753
-92.49502
-92.17139
-92.89564
-93.17059
-91.99077
-91.74784
-91.34383
-92.30975
-94.40725
-94.36527
-92.34342
-93.40807
-93.75328
-93.35263
-94.34878
-96.68747
-97.58501
-95.58491
-93.29448
-93.39590
-95.21707
-94.95315
-94.53944
-94.40874
-96.22388
-94.64057
-96.34874
-97.02258
-96.48438
-96.03708
-98.03208
-98.01796
-97.43794
-98.17560
-97.59301
-99.79311
-99.10323
-100.12333
-98.70884
-99.39009
-98.40383
-99.40656
-98.23036
-98.41045
-98.67815
-97.56661
-99.12365
-101.10206
-100.47625
-100.24577
-100.89074
-101.66746
-102.31463
-101.36383
-100.95275
-99.73356
-98.46300
-100.94146
-101.53779
-102.11762
-101.51753
-100.50354
-104.46919
-101.80174
-109.98781
-100.41198
-111.70671
-82.13613
-74.56415
-75.38543
-75.19130
-76.24286
-79.57197
-81.53253
-80.43525
-77.24897
-78.70164
-81.37690
-80.31613
-81.09722
-81.49034
-79.81934
-81.84415
-82.34366
-80.89234
-80.26582
-82.73743
-85.23057
-85.14302
-83.57301
-82.47289
-84.15036
-77.38245
-76.21041
-77.79798
-79.37174
-80.82543
-80.89614
-82.73377
-83.25985
-84.57179
-85.23297
-85.40457
-84.46879
-84.61875
-84.60351
-85.87934
-86.10556
-85.93703
-87.49952
-87.87159
-87.53807
-87.66484
-88.91666
-90.11368
-91.84281
-87.79687
-85.35603
-85.99209
-85.09271
-83.44260
-81.66434
-81.91523
-83.01059
-83.91081
-85.10725
-84.47321
-85.11631
-86.29513
-85.03949
-85.27823
-85.14756
-85.47942
-86.51958
-85.86981
-86.30667
-87.36820
-85.98737
-86.26754
-87.43707
-86.11134
-88.93164
-89.00196
-87.81565
-89.60326
-89.73763
-89.20129
-87.77053
-87.48495
-85.33445
-85.07094
-87.23622
-86.16435
-86.59984
-87.76764
-88.22365
-88.87944
-89.66200
-88.59743
-89.63135
-90.25851
-90.11118
-90.69932
-89.57732
-91.17147
-90.72489
-91.97026
-92.58027
-91.52154
-91.74100
-91.92227
-92.09745
-92.88365
-94.43172
-93.60809
-92.72877
-92.25645
-91.85680
-92.71567
-92.26119
-93.34963
-94.69044
-94.41003
-92.92345
-94.07844
-93.72878
-95.10495
-95.07976
-96.11567
-95.60788
-95.70854
-95.90392
-94.13810
-95.76654
-95.66342
-100.12593
-96.07098
-106.03693
-81.16718
-75.73027
-76.25754
-78.02052
-81.11487
-82.59884
-85.85617
-87.20872
-89.02510
-90.03822
-91.43498
-92.42464
-93.24593
-94.60941
-95.32008
-94.57709
-94.36936
-95.61731
-96.43351
-95.87007
-94.59194
-95.76993
-96.73184
-96.31193
-93.57443
-93.57369
-95.05767
-96.07316
-96.46044
-97.44044
-97.37435
-97.29797
-98.55254
-97.22913
-95.91743
-96.59638
-97.67043
-97.77915
-98.07373
-99.75521
-100.21737
-99.70437
-98.97084
-101.06832
-101.34977
-102.19055
-101.09464
-105.22833
-92.40056
-86.31501
-87.59781
-90.43143
-90.85735
-90.66365
-91.51334
-92.73147
-94.78186
-93.83532
-93.75524
-93.55353
-91.42361
-89.45218
-92.59299
-94.31576
-95.61968
-91.38472
-86.73392
-87.86963
-90.16914
-89.51434
-90.16293
-91.91624
-92.20223
-94.01214
-94.09927
-93.72422
-93.02341
-95.03552
-93.52430
-95.88701
-96.79920
-96.79339
-86.86442
-84.45512
-85.93485
-85.73064
-88.18949
-87.72362
-89.29610
-87.66345
-87.68498
-87.76835
-88.08258
-89.84396
-90.04299
-89.61627
-88.82374
-89.72249
-89.81694
-89.99353
-89.60958
-90.86104
-91.77723
-91.87448
-91.86535
-93.26976
-94.14525
-93.02861
-94.56901
-95.54665
-95.22546
-94.84085
-94.44275
-96.73068
-98.39083
-97.87336
-97.11483
-96.79626
-98.29442
-98.17406
-96.07961
-97.65085
-98.59661
-97.87343
-98.83141
-95.73338
-96.43116
-98.39176
-99.92175
-100.78001
-104.00991
-92.44834
-83.03804
-83.06930
-85.45423
-86.38659
-87.18970
-86.78492
-89.05140
-88.55534
-87.53662
-88.62399
-89.91423
-91.14327
-89.75137
-87.84492
-89.35387
-91.27148
-90.35413
-90.19790
-90.61137
-90.64983
-94.01357
-91.78338
-95.06792
-88.69523
-83.45958
-86.34330
-84.52521
-85.61730
-89.87659
-92.05085
-92.48551
-92.30125
-94.54261
-95.33319
-96.51470
-96.82595
-95.61272
-94.88144
-96.32456
-94.46587
-95.95990
-96.39455
-97.61812
-96.43545
-96.31412
-99.99075
-100.22532
-99.65600
-99.53816
-99.88912
-99.94219
-98.71308
-98.38745
-99.37049
-99.32666
-103.86089
-94.39434
-87.87895
-85.39772
-84.01620
-84.71155
-87.00550
-86.46563
-85.36310
-87.14804
-88.16751
-87.29508
-87.83667
-87.89865
-88.19742
-88.87078
-86.09133
-86.94652
-88.80942
-88.65692
-90.64557
-89.85855
-89.79870
-87.17788
-87.91576
-92.78286
-91.21737
-90.15343
-89.94784
-92.06839
-94.14140
-92.41409
-92.89224
-94.15243
-94.00788
-94.89360
-95.40091
-93.94419
-92.59516
-93.76553
-93.45650
-94.98522
-92.96540
-92.05538
-94.54346
-95.61956
-98.08895
-98.15182
-99.32015
-97.26320
-99.18091
-92.83744
-90.35733
-93.34958
-94.90729
-96.60397
-97.62233
-99.44692
-99.72020
-98.81619
-96.36079
-98.20936
-99.05240
-97.83441
-100.15818
-100.08062
-99.77669
-101.35173
-101.03828
-98.45683
-99.40766
-102.49156
-99.17994
-99.99783
-103.31662
-99.87823
-95.01722
-91.21672
-91.78676
-92.06129
-90.24825
-88.90542
-89.51901
-90.22115
-88.30392
-87.15632
-88.80434
-90.37410
-89.65044
-89.76410
-90.39337
-92.08567
-92.54465
-93.36355
-92.33523
-92.61521
-93.10626
-93.08159
-94.48589
-93.64534
-94.20948
-94.42831
-94.93619
-94.74012
-94.03825
-95.40116
-96.26907
-94.10347
-92.97154
-94.66741
-94.69195
-94.38429
-94.43285
-93.99131
-94.75139
-95.27938
-97.57031
-97.44488
-99.21769
-99.50694
-99.68859
-100.96358
-98.69613
-97.24676
-98.32519
-98.15931
-96.76393
-98.34579
-98.36248
-101.34035
-99.11275
-97.51861
-99.65525
-100.64049
-100.47740
-101.74919
-101.61348
-101.53265
-100.20132
-99.25288
-100.68927
-100.90109
-100.95556
-99.68061
-99.89017
-100.93848
-101.53214
-102.91131
-101.68108
-100.83464
-103.82367
-101.98960
-102.29673
-104.53072
-106.08883
-103.07144
-103.48580
-102.75071
-102.28395
-102.69165
-101.96017
-104.48477
-102.85946
-103.78848
-103.15986
-103.92601
-104.44450
-104.06238
-104.14232
-105.89993
-103.80804
-107.05194
-107.12440
-105.09579
-106.72683
-105.78337
-106.97836
-105.58283
-106.65544
-105.02728
-106.85234
-107.76551
-108.94357
-108.56850
-106.86518
-106.55983
-108.12733
-107.74737
-108.45047
-108.18944
-111.02346
-108.90024
-109.33220
-106.57344
-105.51284
-106.38372
-109.35651
-111.37084
-110.51254
-108.05769
-108.64558
-109.91720
-107.33458
-112.41152
-108.74039
-110.90462
-87.56317
-83.23785
-82.28683
-83.31089
-86.92213
-87.54939
-86.15601
-85.10534
-87.47789
-85.26261
-84.72648
-86.52145
-88.14047
-87.17446
-84.47686
-85.30999
-88.44187
-88.90398
-87.81733
-88.94042
-89.23832
-89.54784
-88.36574
-87.89359
-89.05012
-88.94419
-90.09230
-89.85294
-90.68928
-92.25969
-90.74920
-92.13232
-94.42816
-91.82630
-93.39001
-92.23525
-90.34025
-91.53983
-90.89710
-94.71008
-92.16385
-93.20580
-95.42641
-95.43889
-93.54848
-92.35101
-94.39971
-95.23941
-98.06235
-97.23767
-95.09890
-90.71998
-90.60190
-86.62798
-83.99384
-86.34052
-85.66272
-84.80307
-85.81922
-87.23985
-90.38973
-88.36830
-89.63491
-90.49217
-89.74470
-89.53932
-89.69374
-87.82741
-88.57950
-91.41865
-89.14022
-92.73978
-89.67453
-89.31179
-92.18592
-92.79255
-92.37311
-92.23118
-91.40635
-92.31532
-92.35640
-90.75542
-92.47003
-92.49232
-92.49438
-94.16336
-95.87676
-94.19335
-95.60515
-95.39320
-94.38481
-94.05000
-94.16073
-92.00643
-92.61521
-95.89784
-96.85532
-95.29840
-95.25168
-97.52823
-96.69830
-96.48472
-95.71319
-94.84143
-96.53508
-98.76051
-98.30645
-100.67655
-100.01196
-99.08851
-98.67875
-99.11669
-100.07646
-100.77971
-101.02837
-100.02702
-100.30643
-99.30754
-98.72991
-100.11129
-101.21083
-104.01334
-105.29717
-103.63684
-102.71505
-100.71874
-100.05766
-102.11881
-103.03671
-102.58066
-104.19788
-100.21164
-100.17684
-100.06334
-99.64710
-102.61389
-101.93685
-101.02171
-101.25606
-102.10976
-99.93422
-99.51829
-102.34514
-104.95366
-104.88059
-103.40155
-105.02958
-101.62941
-99.86735
-102.09950
-101.22509
-99.24605
-98.91541
-100.23864
-101.32949
-102.64099
-103.48727
-101.66276
-103.53574
-104.05509
-104.53263
-105.49655
-105.81877
-104.51136
-97.94245
-97.43208
-98.23843
-97.54864
-97.66925
-96.75906
-98.15680
-100.30912
-100.40098
-100.94897
-102.86890
-103.62628
-102.19623
-102.66326
-101.14022
-103.04864
-94.15644
-88.91567
-87.97255
-87.81550
-89.46990
-89.98297
-90.64387
-93.85617
-96.18241
-94.95066
-94.22424
-93.86596
-93.36603
-94.62792
-94.06115
-94.71908
-92.80454
-89.30447
-89.09640
-89.31304
-89.75564
-89.75362
-91.21861
-89.93926
-88.69446
-88.10731
-88.46469
-91.67870
-92.05531
-91.10427
-89.96692
-90.67285
-93.32270
-86.78616
-84.13419
-85.67704
-84.94231
-86.95708
-87.28515
-86.85598
-89.09939
-88.01725
-86.72936
-88.97709
-88.72252
-88.06021
-91.55869
-87.20914
-86.92299
-91.68987
-89.57232
-90.76774
-92.30153
-88.52814
-86.41834
-88.48015
-92.49757
-92.12086
-91.87369
-91.82714
-91.18620
-91.97586
-92.79207
-91.79565
-93.08893
-93.70749
-94.82864
-92.18175
-91.09313
-91.79621
-92.82572
-94.44110
-95.56681
-95.63693
-97.40938
-98.34058
-94.37404
-95.01532
-94.68148
-97.18372
-97.96035
-98.02525
-98.71790
-101.86857
-100.94278
-99.16980
-100.65027
-100.35882
-102.00064
-102.00254
-106.08243
-106.10339
-105.54297
-106.94553
-106.55878
-107.70667
-105.76259
-105.94622
-111.11210
-108.72549
-108.64271
-106.43044
-107.26992
-105.89825
-105.51201
-111.33521
-110.35892
-110.88497
-111.61489
-110.06874
-107.74710
-109.56310
-112.82124
-113.02895
-113.45531
-116.05818
-116.18617
-113.85282
-112.44621
-114.19001
-112.93645
-113.95202
-120.03295
-116.74553
-119.42060
-119.13515
-117.35088
-116.90528
-116.39184
-117.09247
-117.49765
-122.54121
-124.45548
-123.04093
-120.98494
-119.92620
-122.57475
-124.59768
-124.36476
-125.08781
-125.08749
-123.69278
-127.20544
-126.07919
-127.67119
-129.35002
-125.71529
-128.38188
-130.97584
-127.25147
-125.33946
-129.27755
-129.31708
-131.68196
-132.40971
-133.63496
-130.09902
-130.05913
-133.60936
-131.60222
-135.08587
-136.54995
-137.53738
-136.99209
-137.69059
-137.94379
-139.53205
-138.48053
-139.14628
-139.67558
-139.82731
-139.78324
-140.25372
-139.99971
-140.12476
-140.56034
-141.06100
-141.60760
-140.26200
-142.16877
-141.51193
-142.45299
-141.16981
