-94.64980
-76.15452
-70.60388
-72.30838
-71.97760
-73.10707
-73.51192
-74.27321
-74.75305
-75.29305
-75.87740
-76.81783
-76.91462
-77.85813
-78.49411
-78.89398
-79.79633
-80.05635
-81.14247
-80.92931
-81.74219
-81.40719
-81.85199
-75.99138
-74.35553
-74.54081
-74.17814
-73.94716
-73.54672
-73.33976
-72.51788
-76.28932
-81.54371
-81.20416
-73.10308
-71.53827
-72.55640
-72.77863
-73.63054
-73.81406
-74.91974
-74.52874
-75.68791
-75.18297
-75.71892
-75.42881
-74.92116
-75.04953
-74.78960
-74.41044
-74.44871
-74.07047
-73.90511
-76.34940
-78.33250
-77.66130
-76.23088
-77.31852
-78.06989
-79.52279
-78.89580
-79.58465
-78.87859
-77.90705
-77.15550
-77.08701
-77.00236
-71.74621
-73.04260
-76.08836
-75.32764
-76.75420
-77.31787
-77.24074
-79.06096
-78.85754
-79.72991
-82.75515
-82.39812
-83.35737
-83.05840
-82.95885
-81.39926
-81.27121
-79.31969
-79.69278
-77.94328
-80.35365
-79.29210
-75.20242
-76.87845
-77.94456
-77.25750
-77.55463
-77.40001
-76.76525
-76.75760
-75.89946
-75.46300
-69.42468
-68.99916
-69.98856
-69.93182
-71.45131
-71.69708
-73.10708
-73.36557
-74.37611
-74.54426
-75.63986
-74.52582
-74.82576
-75.63071
-75.72782
-75.72971
-75.88327
-75.85705
-75.81063
-76.19224
-76.10606
-76.65554
-73.30199
-74.40388
-75.19527
-76.61619
-78.76335
-81.62232
-83.61207
-83.47938
-82.30508
-79.59008
-78.36070
-69.55193
-68.30206
-70.49137
-72.63966
-73.81011
-74.16668
-75.66504
-75.93087
-76.55719
-76.73033
-78.44444
-80.28386
-79.82614
-79.28400
-79.69023
-77.65296
-77.29751
-76.02146
-75.56390
-74.49136
-74.53026
-73.40275
-71.38297
-71.27199
-73.64605
-76.05045
-77.33636
-79.40983
-80.43498
-82.05797
-82.07807
-81.37364
-79.24462
-70.42118
-68.62216
-70.60301
-69.61197
-70.45344
-71.40302
-71.70631
-72.15597
-72.53730
-72.29953
-73.94588
-74.98578
-76.20399
-76.36372
-78.95462
-77.53574
-79.29860
-76.87182
-78.58873
-76.33479
-77.93339
-75.41927
-73.08667
-73.23492
-73.70641
-74.50217
-75.03335
-77.70163
-74.08800
-79.06924
-71.99237
-88.25779
-60.98444
-57.17839
-63.44461
-65.63049
-69.13640
-70.43166
-71.83586
-73.61829
-72.11539
-76.09934
-72.94236
-77.24925
-71.86767
-77.48064
-71.89030
-83.35812
-67.04130
-53.87637
-56.72801
-62.91106
-66.54392
-72.06212
-72.19400
-72.62288
-74.00644
-72.28873
-87.03419
-58.97502
-54.12996
-60.55128
-64.17487
-70.43931
-76.53088
-61.03433
-58.82381
-64.96125
-65.66441
-69.72381
-68.86986
-69.65828
-71.41650
-72.88513
-74.37748
-72.13235
-75.89135
-70.30580
-78.20317
-70.07572
-92.46031
-60.80063
-53.77255
-58.37476
-63.80202
-66.94577
-72.99985
-72.92540
-74.53909
-73.22244
-74.00861
-74.36385
-55.99393
-55.46203
-63.68748
-64.92944
-73.83040
-69.15902
-58.27274
-59.29692
-65.39606
-65.50202
-69.91811
-67.61564
-70.95377
-68.70482
-71.76094
-74.72755
-75.29873
-80.21545
-76.89541
-86.34528
-74.70373
-81.52737
-57.27451
-54.92904
-62.12389
-64.22415
-68.16885
-73.38521
-75.56850
-81.54368
-75.02184
-91.95417
-68.43240
-53.44984
-56.01687
-64.21505
-65.47577
-79.09285
-65.67420
-58.40036
-61.58824
-66.86311
-68.16302
-74.34016
-70.34704
-76.00717
-71.27493
-77.56255
-73.84376
-78.45861
-72.70806
-76.43752
-73.38434
-75.66528
-73.20189
-54.06653
-55.30534
-62.91367
-64.89533
-71.48715
-73.42825
-72.38609
-76.53665
-72.53309
-143.13110
-61.58717
-53.51268
-57.99937
-63.54327
-67.92690
-80.84609
-61.89903
-57.83078
-63.73703
-65.54752
-67.41106
-68.74900
-68.28105
-70.40979
-68.52753
-71.46331
-68.26569
-72.71031
-70.25914
-82.61508
-71.62972
-94.36848
-64.54701
-53.87984
-58.17570
-63.28978
-65.37416
-73.29477
-74.33629
-75.83397
-77.16504
-74.45885
-90.29689
-57.99772
-54.55709
-61.19522
-63.76063
-71.25107
-73.40960
-60.03423
-58.98448
-65.14902
-65.70886
-70.04573
-69.17291
-71.41704
-71.13529
-71.18655
-72.52669
-70.70207
-73.44783
-68.87739
-75.79497
-69.36525
-90.12276
-58.56841
-53.93453
-59.37951
-62.01174
-68.20263
-73.20055
-72.91573
-75.11472
-73.39831
-75.55959
-72.96030
-54.99107
-55.06317
-63.06579
-64.88351
-76.30872
-67.83328
-59.03701
-60.32879
-65.97303
-66.73756
-71.22982
-68.36572
-70.11524
-67.71049
-70.05871
-69.64316
-71.77307
-72.33598
-73.31607
-74.77175
-69.64284
-80.85333
-56.45114
-54.60847
-59.95966
-63.38879
-70.96475
-75.25313
-74.15240
-77.26369
-73.86534
-94.08478
-66.07831
-54.43085
-57.28262
-63.46401
-65.32877
-79.19847
-63.44689
-57.46991
-61.90352
-64.89798
-65.64293
-68.03575
-67.10395
-70.21946
-67.71698
-71.43981
-68.04861
-72.32549
-70.40284
-74.39104
-69.87658
-73.79490
-67.41439
-53.78579
-55.42245
-61.51406
-65.55277
-73.86328
-72.85319
-70.86371
-72.99540
-70.01931
-81.84201
-59.79809
-53.59677
-59.34096
-64.19170
-68.11979
-77.14099
-60.04845
-57.45939
-63.22959
-63.48853
-65.64577
-65.70492
-66.73418
-68.54739
-67.78839
-70.14338
-67.89729
-71.34907
-67.50567
-72.16728
-66.90386
-75.95647
-60.53067
-53.09290
-56.97834
-62.15361
-67.88923
-74.95203
-71.77523
-71.80285
-71.51437
-71.27903
-74.81245
-56.90091
-54.81449
-61.31266
-63.84900
-72.12009
-71.07401
-59.30424
-59.02952
-64.35337
-64.77209
-69.05407
-67.46140
-69.62030
-69.48668
-72.20516
-72.79360
-72.17728
-72.78493
-69.39545
-74.08475
-67.84189
-81.37390
-57.30717
-53.74308
-59.90487
-63.67443
-68.83635
-73.46597
-71.95684
-73.61757
-70.99730
-76.46212
-69.03489
-54.94312
-55.98368
-63.58352
-65.51338
-79.95597
-66.53338
-57.20826
-60.15072
-63.77890
-63.53912
-66.39772
-65.00664
-67.25729
-65.45687
-68.03248
-67.59113
-69.47891
-66.91164
-67.61056
-67.29767
-67.07538
-68.73275
-55.04420
-54.76406
-61.44902
-64.24681
-67.49477
-70.32860
-70.75610
-71.90885
-68.93831
-75.90544
-62.49401
-54.11400
-57.77333
-63.38690
-65.79356
-78.59580
-61.82618
-57.28165
-61.76821
-63.52346
-65.01373
-66.73347
-65.95804
-67.82128
-66.26607
-68.65742
-66.20760
-68.59627
-66.40392
-69.51291
-66.31894
-70.71141
-63.31755
-53.82065
-57.26738
-62.07127
-64.03172
-67.88591
-67.77706
-68.25576
-70.25385
-69.81548
-77.43306
-58.73517
-54.16586
-60.50758
-64.08112
-68.55070
-72.35490
-59.63677
-57.68452
-62.19697
-61.66918
-63.54489
-64.50512
-67.43500
-70.40609
-70.28944
-72.00182
-67.40407
-68.05079
-65.22094
-67.66512
-64.42089
-73.76931
-59.52821
-53.67150
-58.54074
-62.40161
-65.67567
-67.34983
-65.81075
-66.30988
-65.26729
-66.86261
-69.87452
-55.58500
-54.81773
-62.13183
-64.66149
-73.58408
-68.35643
-58.42688
-59.52261
-64.77950
-63.27463
-66.36207
-64.90411
-67.31098
-67.27510
-70.32631
-71.28920
-72.07385
-69.74722
-66.78835
-67.38351
-64.77517
-70.20318
-56.03352
-54.58888
-59.98667
-63.57859
-69.01995
-68.99041
-68.71487
-69.46207
-67.70108
-70.80726
-65.65323
-54.71607
-56.78805
-63.76087
-65.62241
-81.11498
-65.54694
-57.21643
-60.26185
-64.05016
-64.73996
-69.23301
-67.34822
-71.34794
-68.03885
-71.34460
-67.79417
-70.48486
-68.94377
-70.88516
-69.47670
-72.03510
-71.47913
-54.71730
-55.61244
-61.59803
-64.80515
-72.69901
-71.25507
-68.06062
-72.19744
-71.10950
-86.99568
-61.90705
-53.65330
-58.98122
-64.13829
-67.67043
-78.59017
-60.85029
-57.37778
-63.30936
-64.12427
-65.96139
-67.13173
-67.00125
-69.32346
-68.23958
-72.58564
-69.64455
-72.54280
-66.97580
-73.44377
-68.54906
-90.15732
-64.11842
-53.69297
-56.81011
-61.84077
-66.33564
-70.06877
-71.99231
-74.24349
-75.37680
-72.57093
-79.06610
-58.04729
-54.49437
-60.91372
-63.92467
-70.88103
-73.80887
-58.93248
-58.19233
-63.99623
-63.63494
-67.56849
-66.74865
-68.61741
-69.71034
-70.83231
-73.13270
-71.85375
-71.53590
-69.14742
-75.29106
-68.50986
-87.34606
-58.79765
-53.75697
-59.01835
-63.63319
-68.01391
-72.52011
-72.81799
-75.62745
-72.74936
-73.73238
-70.10893
-55.23351
-55.34427
-63.01373
-63.68057
-71.40323
-68.08291
-57.44177
-58.96174
-63.88626
-63.33531
-67.15934
-65.86454
-68.53002
-67.25289
-68.16414
-66.59907
-68.57137
-68.82545
-69.69096
-72.19741
-69.98795
-77.38832
-56.01586
-54.37501
-61.15065
-64.79477
-68.75308
-70.97168
-69.19111
-71.95755
-69.63852
-75.84910
-64.16436
-54.28007
-57.58792
-63.41099
-64.36968
-70.00123
-62.30940
-57.60111
-61.16105
-64.41434
-64.23203
-65.69071
-63.93511
-65.00268
-64.12261
-67.06115
-67.07185
-70.64486
-67.74763
-72.27894
-69.44712
-72.98956
-66.14849
-54.28914
-56.57165
-61.71584
-64.54747
-69.98753
-69.30253
-67.56129
-69.03873
-67.75737
-71.95053
-58.92099
-53.81343
-59.43003
-62.79225
-64.82567
-67.49558
-59.10450
-57.56358
-61.70272
-61.23137
-62.73535
-62.95624
-63.87519
-65.02755
-64.75699
-66.04647
-64.32068
-67.15157
-64.89142
-68.84292
-65.64259
-71.42897
-58.84780
-53.04102
-57.08388
-59.22770
-59.40005
-61.51411
-62.49739
-64.73338
-67.48934
-66.15980
-69.08185
-55.98192
-54.43509
-61.18727
-62.22414
-64.26471
-62.30385
-56.57726
-56.77530
-60.52735
-60.00283
-62.02727
-62.42329
-63.35204
-62.79361
-63.59020
-63.39212
-61.10305
-61.39323
-63.51893
-66.19177
-64.79817
-74.95757
-57.32116
-54.06971
-59.99452
-62.08185
-63.96295
-63.63850
-61.27179
-63.14234
-63.27909
-66.12939
-65.86428
-54.95599
-56.04045
-62.94307
-63.73989
-70.65388
-62.56840
-56.34419
-58.49688
-60.92947
-60.35502
-61.90556
-62.51004
-63.05016
-63.23009
-63.67566
-63.17238
-64.47176
-61.66695
-62.09208
-61.29368
-61.54808
-63.88190
-54.71352
-55.16914
-61.00322
-63.27579
-66.44050
-67.14467
-66.61885
-66.41268
-65.28295
-66.92957
-60.32131
-53.87907
-57.77005
-62.86475
-63.83772
-69.23219
-61.10969
-56.68653
-58.47603
-59.50521
-60.10852
-61.03909
-60.44955
-61.57227
-61.38461
-63.86577
-63.44735
-65.27246
-63.18938
-66.46421
-64.41281
-67.64868
-62.20802
-53.78807
-56.72710
-60.65267
-64.24767
-68.01734
-66.24089
-64.29187
-64.52485
-63.58854
-66.76637
-57.35784
-54.29413
-59.62488
-62.04250
-63.63476
-65.19921
-57.93564
-56.08845
-60.62105
-60.49426
-62.11315
-61.40190
-62.25066
-61.11928
-62.34365
-64.90726
-64.66222
-66.44549
-66.34511
-66.39140
-66.40193
-67.39546
-66.61710
-68.54436
-67.66667
-69.58681
-66.62488
-68.79483
-65.41156
-64.50973
-65.27095
-66.55780
-65.49562
-66.08803
-65.05908
-65.99153
-65.98039
-69.21879
-66.30591
-52.39504
-52.09479
-54.19457
-53.90046
-55.48600
-55.62271
-56.72640
-57.00674
-57.50587
-58.59087
-59.83870
-60.26322
-61.10554
-61.90301
-61.24947
-64.51727
-54.84638
-53.59708
-59.57314
-60.02783
-63.52016
-64.25471
-62.90203
-63.73740
-62.62046
-64.31453
-60.51521
-54.57357
-56.34065
-64.01487
-63.01949
-71.78142
-63.52729
-52.24335
-53.27393
-54.11228
-54.57424
-56.84262
-56.87777
-58.60429
-58.73380
-61.09129
-59.87371
-60.37757
-59.80894
-60.90393
-60.59377
-62.47772
-62.45946
-53.42053
-55.18255
-59.86997
-61.71650
-66.28963
-65.47595
-66.77231
-67.09412
-65.22549
-68.24791
-59.67579
-53.89575
-58.23673
-62.80679
-63.90695
-70.00571
-58.94464
-52.94636
-53.57697
-54.95551
-56.21048
-56.46919
-57.36897
-58.85580
-59.15352
-61.32519
-60.70915
-61.95782
-59.93733
-63.45783
-62.56337
-68.58824
-60.43852
-52.80373
-55.78547
-57.49415
-59.52213
-60.40355
-59.81625
-60.64547
-61.15540
-61.32667
-62.32006
-56.38832
-54.10703
-58.96241
-61.30243
-63.03010
-64.84436
-54.89820
-52.03766
-54.06802
-54.58232
-56.61113
-56.51661
-57.42703
-57.80643
-58.86945
-59.61332
-59.24381
-60.21907
-60.20096
-61.86763
-60.76068
-65.43585
-56.73198
-54.08491
-57.75383
-60.17563
-62.28256
-62.94952
-62.18396
-62.71465
-62.05684
-62.74057
-61.87209
-54.55521
-55.50677
-61.87673
-62.50790
-66.22425
-63.04896
-53.48116
-53.10153
-54.31061
-55.14164
-56.03128
-55.43944
-57.70575
-57.71887
-59.50125
-59.59935
-61.05784
-60.31439
-61.25243
-62.98035
-63.71809
-66.60009
-55.91043
-54.47606
-59.18328
-62.41506
-64.49431
-65.76332
-64.52132
-66.43973
-63.85667
-65.96205
-60.91202
-53.94561
-57.48380
-63.15767
-64.12692
-73.64420
-61.80480
-54.39806
-54.53474
-55.34493
-56.28656
-57.37470
-57.71570
-58.50139
-57.88849
-59.41896
-59.18174
-60.67844
-60.87383
-62.53930
-61.96597
-63.59706
-62.51230
-53.98605
-55.58190
-60.86310
-63.72343
-66.32860
-66.42348
-66.52614
-68.26486
-66.72528
-71.71608
-58.95058
-53.87060
-59.27120
-63.53945
-68.41019
-69.34119
-58.14832
-52.36139
-53.72545
-55.34817
-55.74674
-56.53963
-57.84951
-58.71722
-57.93877
-60.04862
-58.84759
-60.67735
-59.92872
-61.99159
-61.22904
-66.25419
-58.45539
-53.22439
-57.64943
-60.71069
-63.37567
-65.68521
-65.38339
-66.27790
-66.93398
-62.77145
-63.01588
-55.68101
-54.54685
-60.00952
-61.26320
-61.16880
-61.90327
-54.87866
-52.16036
-55.99054
-55.45259
-56.60299
-57.23812
-57.21848
-58.35870
-58.35801
-59.00643
-59.31630
-60.95669
-61.49261
-62.28113
-61.41569
-64.88631
-55.94148
-53.61903
-57.80707
-59.71737
-61.98069
-63.65212
-64.09079
-64.56723
-63.32121
-65.15729
-62.82204
-54.35311
-55.65819
-60.93476
-60.87806
-64.07196
-62.13336
-53.80546
-53.14622
-55.72093
-55.41535
-56.73751
-57.50160
-58.40536
-57.63913
-59.38477
-60.26355
-62.81679
-63.33543
-64.46698
-65.53858
-63.36983
-62.88536
-54.31178
-55.12876
-60.13554
-61.25543
-63.38140
-64.93750
-65.49336
-65.86579
-63.77035
-67.51993
-60.19288
-53.96393
-58.29486
-63.46192
-64.49860
-66.77541
-60.37253
-53.68624
-55.32921
-56.43429
-55.83252
-57.74747
-58.05051
-59.74474
-59.89734
-61.50811
-60.48313
-61.84275
-60.44321
-63.06530
-62.18724
-64.62398
-61.53110
-53.74883
-56.42276
-61.62197
-63.49507
-66.39780
-66.67803
-66.89531
-67.28416
-66.62267
-71.36648
-58.25175
-54.15693
-60.30047
-63.60159
-66.64668
-67.80009
-56.09342
-52.30737
-53.85597
-55.71403
-56.36964
-56.24829
-56.25730
-57.45975
-58.51215
-59.92611
-60.73042
-63.27957
-62.20819
-63.10843
-60.87533
-65.01622
-57.81279
-53.27984
-59.23465
-61.80447
-64.73279
-66.90654
-62.94000
-64.23398
-63.99653
-64.85799
-65.94872
-55.75770
-54.89192
-62.42995
-65.13542
-72.27662
-71.48502
-53.42826
-52.65554
-56.00198
-55.13698
-57.57754
-57.31138
-59.26445
-59.12224
-60.84090
-61.38183
-61.99910
-62.20138
-62.89594
-64.98297
-63.80574
-67.90333
-55.76289
-54.50519
-58.97963
-62.82562
-66.67090
-66.61763
-64.89967
-65.51019
-63.85012
-65.49529
-62.01796
-54.02022
-56.52302
-62.85318
-63.52488
-71.38285
-64.49516
-52.62421
-52.53504
-54.43459
-54.38591
-56.10496
-55.52974
-56.66586
-57.09818
-58.45939
-56.91539
-57.87386
-58.18376
-58.71137
-58.74109
-58.80647
-58.36603
-54.45730
-55.26337
-58.20902
-59.65316
-59.89686
-61.33000
-60.82534
-61.63760
-60.29250
-62.34797
-56.83335
-53.52911
-57.24258
-59.97286
-62.55210
-66.59834
-58.28598
-52.30969
-53.92094
-54.53694
-55.12757
-56.12819
-56.43383
-57.81592
-58.20275
-59.62543
-59.33927
-60.06677
-59.11582
-60.79879
-60.24104
-62.96158
-58.95037
-53.41585
-56.20913
-59.90176
-59.85234
-61.66290
-61.93906
-61.91830
-62.08303
-61.33436
-62.44502
-55.77936
-54.19407
-58.87768
-60.68448
-61.92597
-63.44198
-55.35397
-52.66596
-55.21856
-55.82174
-57.20371
-57.41751
-58.86791
-59.36265
-60.24842
-61.03911
-60.99846
-62.24773
-61.50322
-63.97095
-61.82541
-66.14044
-56.80869
-52.66034
-56.13763
-58.11416
-58.90358
-59.57304
-59.56027
-61.20648
-59.87471
-60.03516
-59.84821
-54.41683
-55.26890
-59.42072
-59.37394
-60.86058
-59.29499
-52.45591
-52.45647
-54.20907
-54.09660
-56.46362
-56.16425
-57.84019
-58.25441
-58.96805
-58.92366
-59.70991
-59.17491
-59.69285
-60.39462
-60.27568
-62.60010
-53.51179
-54.01028
-58.96050
-61.21210
-62.22783
-59.85105
-60.24973
-59.97152
-59.67675
-60.89813
-58.84260
-53.90064
-56.64843
-60.70010
-59.84759
-63.62262
-58.67880
-52.70881
-53.62490
-54.40155
-54.83466
-56.19877
-56.15042
-57.97575
-58.08922
-59.19639
-58.80397
-60.39214
-58.95187
-60.29435
-60.00865
-61.89838
-61.15247
-53.16894
-55.32243
-59.73329
-61.58222
-64.04250
-63.27258
-63.85638
-63.93577
-61.84208
-64.39489
-57.22008
-53.76394
-58.54231
-61.81923
-63.28498
-65.28559
-57.40112
-52.97182
-55.43882
-55.82802
-55.84638
-56.66171
-57.43358
-58.29747
-58.52848
-59.79471
-60.25835
-62.96556
-61.27059
-62.85688
-61.59385
-64.66027
-58.53246
-53.26598
-56.59922
-59.93661
-61.89173
-64.63491
-63.52913
-62.71947
-61.62864
-61.46706
-63.56570
-55.59558
-54.45786
-60.39202
-60.92661
-63.82495
-63.62325
-54.73079
-52.66070
-54.14720
-54.00095
-55.67895
-56.54789
-57.89690
-58.63666
-59.08589
-59.78966
-59.75603
-60.21649
-60.41543
-61.84006
-60.56317
-63.46311
-55.54764
-53.59989
-57.74914
-60.00955
-62.24824
-62.36452
-61.64241
-63.17298
-62.31505
-61.34252
-59.97366
-54.08516
-55.45914
-60.12558
-60.97584
-64.79981
-61.34974
-53.89711
-53.66608
-54.84932
-55.00638
-57.10054
-56.94759
-58.40161
-58.44950
-59.55576
-59.96817
-60.96521
-60.20465
-61.37105
-61.60979
-62.58922
-62.75218
-53.84692
-54.77846
-59.21809
-60.12159
-62.38730
-62.41368
-61.80610
-62.45187
-62.12668
-64.69187
-58.70646
-53.64624
-57.57985
-61.52327
-61.76467
-65.10804
-59.14855
-53.13494
-53.80886
-55.02743
-55.69523
-57.09592
-56.43603
-56.51834
-56.83183
-59.75760
-60.38539
-62.42573
-61.91235
-63.80762
-61.99978
-63.53978
-60.37989
-53.39204
-56.02712
-59.25511
-60.49344
-62.15220
-61.77564
-61.77571
-62.07111
-61.80139
-64.29378
-56.89891
-53.93914
-59.03378
-61.42401
-63.61878
-65.56186
-56.80490
-52.61498
-54.04448
-54.23685
-56.08000
-57.15063
-57.51337
-59.12630
-58.85245
-59.95414
-60.40207
-61.77337
-60.89616
-62.85626
-61.19160
-65.80311
-57.69666
-53.49324
-57.60110
-60.93093
-62.99908
-64.95468
-63.76299
-63.93042
-63.71321
-63.94363
-64.21925
-55.34045
-55.17779
-61.49035
-62.72516
-66.07244
-66.14383
-54.13617
-53.60957
-55.34319
-55.01385
-57.30335
-56.07432
-57.27513
-57.37296
-58.33506
-58.38875
-59.57207
-61.09948
-61.41629
-62.62409
-61.44536
-64.85608
-55.41700
-53.62252
-60.47616
-60.91329
-63.71001
-64.65054
-61.96866
-64.03646
-63.67060
-68.00617
-62.76048
-54.29294
-56.54978
-62.71145
-63.58200
-69.08519
-63.33766
-54.63363
-52.74779
-55.35460
-56.06134
-56.78205
-57.31711
-58.39719
-58.45339
-59.70466
-60.11762
-61.87365
-62.05412
-63.83973
-63.65471
-65.43811
-64.92077
-54.13136
-56.40999
-60.74019
-62.44808
-64.57474
-61.37311
-61.52527
-61.80872
-60.51634
-61.59238
-57.62520
-53.62489
-58.04500
-63.31851
-63.14653
-69.63511
-58.39089
-52.29250
-53.25089
-54.41470
-55.75088
-55.91085
-56.89809
-57.81274
-57.72614
-59.22472
-59.51193
-60.80359
-59.09605
-60.76380
-59.64731
-62.74772
-59.06194
-53.23903
-56.16293
-59.44447
-61.19733
-62.40628
-61.76701
-61.12661
-61.30463
-61.20013
-63.53595
-56.28717
-54.24702
-60.10174
-62.59275
-65.28593
-68.73589
-56.75757
-52.46692
-54.21486
-54.57892
-55.69829
-55.74289
-57.27571
-57.73506
-58.62267
-59.33282
-59.14388
-60.07089
-59.26640
-61.30641
-60.12665
-65.42331
-56.80244
-54.10398
-58.12905
-60.19757
-63.22005
-63.90869
-62.69593
-62.47373
-62.03913
-63.02243
-63.65335
-54.72407
-55.53869
-61.31624
-62.22768
-65.20398
-63.44528
-56.14458
-53.69341
-55.47860
-55.97478
-57.72154
-57.88654
-59.04067
-58.78866
-59.72960
-59.79011
-60.73635
-62.51155
-63.06545
-65.05003
-64.49627
-68.07754
-55.47326
-54.12529
-57.54068
-59.24537
-60.69526
-60.53880
-60.79789
-61.28771
-60.74163
-62.13400
-59.12894
-53.58657
-56.65040
-60.32101
-60.95459
-63.14392
-60.33276
-53.63205
-53.34664
-55.16429
-55.22285
-56.15139
-56.30711
-57.95310
-57.70488
-58.97198
-58.00804
-59.10099
-58.95222
-60.65273
-61.47531
-63.63113
-62.24189
-54.46930
-55.59746
-59.71601
-60.46684
-61.41133
-61.63649
-61.22173
-62.58113
-61.45767
-64.49641
-56.68710
-54.06301
-59.03152
-61.49362
-63.63944
-65.47554
-57.80619
-52.66737
-54.45902
-55.23610
-55.87880
-56.81183
-57.62506
-58.19651
-58.13917
-60.20926
-60.13856
-61.26918
-60.37518
-62.56943
-60.46382
-63.75721
-59.34890
-53.84774
-56.32271
-61.28058
-62.85595
-63.45666
-66.36347
-67.26528
-67.47884
-64.90986
-66.45342
-55.24392
-54.53521
-61.59537
-62.32220
-69.05768
-70.71788
-54.98510
-52.26347
-55.53074
-56.09308
-57.59826
-57.27181
-58.71445
-58.61159
-59.45173
-59.61464
-60.10229
-60.63996
-60.46324
-62.46270
-61.27224
-65.56675
-56.37023
-54.20065
-58.40364
-61.21189
-62.59492
-64.07241
-63.88231
-67.66823
-66.40458
-69.02823
-64.89553
-54.78912
-55.93948
-62.87550
-64.10412
-72.14444
-65.16688
-51.83202
-52.54379
-55.18566
-55.49935
-57.84858
-56.96510
-58.50654
-58.40630
-60.27113
-59.28316
-60.56917
-60.42304
-61.08567
-60.84183
-60.90450
-60.72525
-53.51711
-54.35348
-58.53612
-60.93822
-63.34629
-62.73449
-63.67089
-67.67737
-64.67810
-63.72518
-58.17445
-53.66797
-57.07226
-61.08495
-61.10223
-66.20326
-56.80032
-51.13492
-53.96444
-55.39004
-56.25254
-57.10111
-56.90129
-58.50175
-57.99924
-59.61678
-59.24746
-60.64862
-60.04327
-62.09266
-61.29719
-64.57148
-60.86671
-53.32001
-56.13712
-60.34002
-61.09679
-62.47837
-61.75532
-61.67075
-62.03671
-62.14444
-65.40931
-57.18753
-53.88441
-59.06528
-61.50887
-62.30002
-67.52407
-55.05451
-51.34697
-55.18923
-56.12297
-57.55691
-57.70086
-57.74261
-58.64122
-59.56547
-61.05737
-61.09363
-63.29773
-62.57143
-66.24979
-62.63265
-65.04723
-58.12452
-53.58109
-57.61857
-61.81126
-64.31672
-66.46766
-66.50962
-68.12992
-68.28761
-69.65030
-69.00732
-55.96521
-55.05727
-61.16662
-60.84686
-64.17539
-63.23372
-53.61207
-52.78217
-55.12232
-56.22723
-57.13385
-56.57027
-58.78307
-59.16383
-60.19115
-59.93326
-61.49738
-62.28952
-62.13641
-62.60225
-62.26341
-65.34587
-55.12957
-54.09181
-59.54536
-61.73158
-63.34538
-64.93315
-65.05735
-66.15703
-64.15987
-65.73168
-61.93025
-54.06875
-56.13331
-62.08640
-63.14514
-67.23030
-61.37008
-52.46657
-53.19492
-56.68221
-56.42141
-56.65870
-55.75879
-57.03405
-57.50978
-59.17476
-59.47892
-61.95149
-61.64177
-62.87295
-62.42995
-62.41509
-62.14896
-54.18319
-54.80565
-61.01625
-62.61886
-64.05777
-63.05446
-61.89950
-64.26508
-63.73325
-70.62188
-59.64877
-53.94336
-58.31328
-62.54355
-63.07241
-74.69321
-58.52650
-52.58068
-55.51819
-55.39657
-57.04695
-58.65252
-58.50808
-60.09423
-59.91428
-61.23035
-60.15672
-61.32910
-60.16502
-62.57385
-61.02831
-64.49880
-58.84731
-53.01816
-57.00000
-59.48561
-62.20427
-65.55238
-63.38310
-64.22822
-63.50909
-63.53631
-64.82984
-56.31874
-53.93502
-59.81730
-61.34993
-62.81769
-67.11131
-54.25349
-51.70616
-54.61007
-55.19034
-56.58194
-56.28423
-56.72429
-57.87553
-58.32842
-59.04489
-59.26618
-60.47218
-60.43546
-61.21633
-60.16622
-62.95382
-56.88483
-53.33159
-57.40720
-60.45345
-61.38944
-63.34262
-62.98995
-64.45114
-63.49961
-64.17618
-62.38909
-54.43646
-55.53620
-61.21291
-62.47775
-67.16610
-63.81779
-54.24977
-53.61254
-55.05719
-54.98030
-57.22113
-57.20518
-58.60695
-58.54677
-60.29054
-60.25710
-60.45353
-60.65965
-60.89024
-61.89190
-61.37575
-63.17545
-54.38418
-53.64333
-59.31010
-59.36381
-61.03768
-62.33423
-62.88333
-63.21678
-61.37061
-64.01736
-59.35044
-53.84484
-56.95837
-60.55257
-60.75076
-63.09075
-58.93494
-53.50815
-53.32232
-55.54362
-56.06186
-57.70238
-58.06393
-59.91308
-60.19136
-62.52007
-61.59996
-63.09012
-62.59916
-64.76021
-64.82945
-66.62450
-63.69472
-53.15122
-54.82331
-58.45732
-59.12195
-60.72298
-60.61551
-61.44057
-61.98327
-61.04307
-63.16517
-57.04171
-54.05836
-57.90636
-60.77088
-61.17972
-63.98494
-56.79934
-52.58490
-54.46335
-54.57160
-56.18823
-56.43029
-57.29838
-58.73110
-59.12582
-60.05760
-60.01145
-61.47315
-60.18012
-63.04477
-61.46722
-65.99405
-58.12758
-53.38470
-57.97935
-59.76998
-61.16790
-62.78104
-61.73238
-61.78441
-62.11532
-62.52661
-63.82586
-55.53091
-55.05851
-60.33583
-61.58568
-64.73918
-64.36880
-56.19918
-53.13092
-55.12084
-54.77933
-55.93515
-56.13418
-58.30399
-59.22124
-60.15951
-60.94136
-60.48095
-60.95334
-60.67585
-63.30182
-61.51731
-65.92099
-57.05181
-54.73287
-57.71690
-61.69666
-64.61442
-64.34233
-65.31020
-66.66972
-65.94373
-65.20639
-63.29406
-53.84328
-55.95453
-63.12511
-62.95632
-72.11720
-64.53486
-55.33698
-55.24785
-55.69383
-55.24649
-57.26978
-57.31326
-58.92959
-59.47363
-61.11229
-60.83997
-61.51845
-60.87325
-61.50361
-61.98216
-63.03209
-64.43972
-55.12929
-55.02480
-60.76765
-62.88673
-64.48307
-66.65208
-66.18878
-68.78206
-66.05474
-71.72094
-60.92017
-54.04348
-58.02750
-63.71670
-66.29334
-79.71140
-62.13835
-53.60989
-55.51229
-55.86322
-55.61403
-57.03894
-57.13944
-58.90701
-58.81139
-59.84382
-59.57120
-61.18200
-58.98405
-59.42455
-59.11357
-62.09207
-58.32520
-52.96667
-55.70966
-58.85481
-60.80300
-61.26057
-60.47743
-61.14887
-62.59779
-60.83260
-62.15372
-55.70741
-53.38768
-58.13087
-60.58682
-62.34486
-64.63521
-57.30020
-53.56999
-55.21130
-54.40695
-55.29054
-55.96096
-56.88726
-57.51119
-57.90602
-59.30862
-58.65208
-60.56650
-59.97289
-62.07948
-62.14072
-66.78103
-57.56773
-52.99293
-57.87949
-60.90603
-61.30684
-62.69897
-61.46291
-62.00154
-62.42741
-63.02498
-63.98485
-54.97014
-54.87956
-60.58075
-60.52727
-62.49449
-62.93164
-55.35592
-53.24280
-54.55978
-53.74354
-55.49877
-55.98929
-58.03751
-58.86444
-59.47022
-59.61052
-59.98245
-60.89223
-60.70359
-64.13595
-62.67994
-65.66905
-55.72790
-54.16870
-59.10706
-60.96674
-63.16435
-64.59646
-65.85968
-67.48918
-66.10095
-68.31449
-63.46660
-54.36302
-56.51205
-62.46131
-63.34729
-66.29702
-61.59802
-55.32017
-55.72531
-56.51756
-55.98930
-58.40889
-58.49509
-59.58427
-58.85648
-61.31733
-60.70709
-62.48030
-61.48952
-62.73322
-63.24591
-63.45678
-63.78645
-54.23031
-55.59800
-60.40405
-62.73019
-65.97684
-67.22917
-67.35082
-67.53528
-65.04103
-69.09590
-59.23494
-54.03318
-58.59767
-64.01116
-65.17461
-75.05922
-59.14635
-53.51749
-54.71645
-53.89715
-54.99266
-55.57175
-56.72371
-57.93020
-58.75515
-60.93177
-60.81068
-62.29424
-61.18766
-61.93798
-60.63167
-63.37625
-59.94465
-53.37598
-56.47031
-62.88350
-62.83403
-65.82487
-66.04824
-68.86192
-71.23288
-68.33594
-70.20896
-56.38243
-54.63472
-60.64007
-64.55184
-68.47323
-73.38154
-56.97532
-51.63986
-54.77411
-56.12929
-56.67373
-57.90379
-59.00972
-58.87561
-60.08813
-61.10482
-62.32342
-63.57826
-63.88178
-64.75291
-65.36964
-66.06556
-64.98001
-64.71020
-64.32569
-66.44317
-65.89944
-66.00142
-63.62902
-64.52526
-63.42091
-64.41407
-64.62308
-66.82608
-66.30557
-68.98247
-67.51647
-73.23606
-69.42135
-54.93601
-55.42301
-57.31898
-57.21838
-59.17470
-58.89134
-59.71708
-60.73593
-62.03253
-61.99093
-63.46438
-64.00372
-64.69853
-64.33331
-63.20507
-65.06761
-55.04125
-54.79520
-60.18927
-62.62541
-66.78519
-68.33930
-67.64224
-68.95487
-67.49221
-73.31611
-63.90726
-54.18001
-57.26658
-63.50753
-64.78738
-72.62079
-62.02831
-53.92951
-54.32489
-55.26942
-56.07592
-58.15735
-58.80622
-60.89064
-60.57044
-62.58370
-61.77063
-63.17919
-61.76520
-63.57188
-62.72405
-65.53869
-63.62511
-53.91127
-56.05237
-61.29770
-61.85288
-65.35262
-68.18276
-67.51451
-69.77919
-68.64430
-76.73371
-59.79903
-54.11306
-59.78019
-63.66561
-67.92566
-75.83142
-59.08539
-54.84796
-56.84891
-57.04903
-58.19958
-58.85513
-59.60534
-60.38625
-60.97302
-62.58724
-61.96489
-64.38388
-62.89607
-67.02513
-64.67063
-71.38550
-60.54092
-53.79621
-57.57058
-61.91402
-65.44385
-68.81480
-68.71040
-71.39224
-71.18076
-71.60782
-76.86223
-56.79259
-54.79157
-61.61069
-64.87261
-70.54293
-72.21744
-55.77394
-53.28015
-56.37299
-56.18793
-58.31271
-58.56827
-59.87968
-60.36411
-61.90285
-62.89326
-63.79926
-65.31135
-63.80212
-66.63674
-64.24563
-69.39427
-56.73181
-54.16946
-59.72426
-62.85999
-67.54928
-68.79320
-69.53688
-70.85746
-69.70024
-74.13431
-68.64548
-55.09999
-56.12144
-63.80091
-65.32125
-77.15973
-65.40669
-55.49928
-55.19073
-57.26970
-57.25722
-58.69235
-58.94125
-60.79085
-60.34448
-62.16999
-62.04822
-63.86634
-63.71541
-65.13399
-64.74954
-65.19839
-66.96675
-54.75926
-55.08266
-60.13818
-63.13130
-65.87895
-68.34873
-72.46067
-75.75516
-71.61784
-83.07551
-62.16564
-54.05511
-57.98155
-64.28454
-66.77454
-86.04227
-61.05189
-53.11964
-55.23310
-56.20620
-56.82912
-58.94722
-58.87819
-60.62643
-60.68190
-62.71015
-62.68836
-64.92415
-63.73538
-67.75794
-65.46041
-70.38376
-63.11835
-53.68084
-56.76439
-62.05661
-65.31973
-70.35209
-70.04643
-69.85494
-70.62247
-69.31894
-74.46264
-58.23352
-54.20979
-60.36160
-65.05030
-69.35417
-79.64211
-57.97944
-53.05307
-55.19359
-55.91790
-58.01101
-58.37461
-59.41046
-60.52265
-60.80402
-62.17685
-62.17607
-64.03897
-61.17862
-61.12829
-60.20957
-64.26496
-56.42303
-53.04960
-57.64049
-60.62262
-62.98102
-62.96626
-61.27440
-60.61790
-60.95043
-61.38675
-62.40203
-55.31167
-54.80703
-60.94694
-63.82323
-69.68430
-68.89357
-55.83749
-53.04850
-55.74635
-56.40563
-58.51913
-58.29790
-58.86988
-58.34349
-60.15815
-60.78589
-61.84837
-63.32464
-62.13948
-65.27961
-64.30439
-70.68479
-55.80032
-54.19925
-59.74152
-63.32236
-67.48058
-66.34389
-65.23732
-65.52607
-64.84484
-69.63036
-64.36712
-54.16917
-56.67788
-60.91375
-61.16007
-65.88809
-62.09405
-53.52971
-53.16637
-55.25411
-55.46568
-58.83664
-58.83569
-61.08582
-60.99624
-62.64983
-62.42212
-63.78610
-63.10579
-64.48761
-64.17376
-65.16790
-65.71719
-54.23491
-55.04634
-60.29713
-63.67332
-68.17280
-70.57706
-69.82202
-69.49439
-67.09152
-72.60938
-60.09590
-54.04161
-58.55844
-61.91222
-62.66040
-67.26504
-59.26865
-53.06999
-54.72266
-56.33912
-57.89253
-59.04734
-58.75636
-60.21808
-60.49576
-62.84718
-62.47308
-64.65697
-62.84499
-66.08521
-63.18052
-68.68729
-61.64521
-53.67588
-57.23535
-61.05201
-64.75822
-69.39013
-69.34662
-70.13981
-67.76538
-66.19638
-69.91883
-57.43777
-54.28047
-60.93504
-64.23703
-70.95289
-69.74304
-56.76676
-53.51650
-55.54196
-56.98461
-57.91845
-58.47963
-59.41478
-60.17449
-61.67935
-63.04482
-62.87765
-64.94329
-63.71586
-67.38661
-64.48952
-74.63928
-57.90245
-54.35388
-59.61720
-61.25649
-70.26630
-71.37728
-70.15685
-73.44713
-72.07917
-76.94404
-73.52916
-55.44125
-55.50267
-63.05252
-64.66941
-71.42091
-68.18108
-53.95345
-52.81924
-56.30368
-56.00533
-58.23764
-58.00046
-60.28830
-60.30436
-61.93825
-61.70314
-64.33447
-64.74548
-66.08217
-66.98081
-67.02525
-70.50215
-56.22193
-54.92564
-59.50930
-66.47413
-67.47217
-70.62144
-69.97897
-70.96160
-69.88938
-78.41385
-64.42996
-54.15250
-57.62698
-63.55777
-66.07911
-79.00039
-62.28355
-53.85288
-54.36753
-56.30099
-56.82355
-58.34158
-58.88038
-60.48220
-60.51883
-62.72585
-61.85746
-63.58094
-62.90248
-64.33172
-64.03744
-67.80376
-64.04862
-54.06899
-55.85785
-61.05667
-63.35328
-67.64863
-69.86269
-68.63483
-69.10949
-67.55602
-75.56224
-59.30693
-53.92793
-59.34970
-64.23899
-66.99254
-77.95885
-58.69343
-53.54205
-55.80806
-55.96705
-57.55363
-57.88988
-58.73988
-60.59235
-60.55079
-62.29024
-62.10840
-64.82926
-64.02468
-67.43440
-64.35397
-70.96520
-60.31814
-53.77984
-58.21827
-62.42597
-64.57324
-67.16128
-68.53428
-69.83923
-69.95805
-70.27652
-73.23977
-56.42129
-54.73087
-61.49569
-63.91484
-69.89270
-70.48909
-56.86584
-53.63492
-55.93880
-55.81108
-57.78060
-58.02114
-59.49229
-60.24354
-61.77647
-63.02628
-63.43270
-64.69913
-64.35600
-66.94750
-64.24566
-71.08463
-56.68901
-54.17072
-59.68536
-62.67625
-67.73203
-72.31168
-68.54860
-72.06829
-70.79372
-75.66177
-69.02716
-55.00492
-56.12197
-63.49135
-65.11149
-77.08049
-66.32593
-54.16435
-54.59852
-57.41022
-57.00910
-58.58768
-58.76707
-60.41133
-60.85347
-62.70147
-62.26703
-63.68383
-63.00204
-65.97544
-66.08229
-67.24363
-69.26611
-54.85027
-55.25208
-61.17913
-64.82396
-70.41088
-71.33841
-71.88313
-75.22464
-70.68177
-78.64209
-63.04653
-54.12962
-58.25650
-63.81367
-66.72606
-74.97610
-61.27926
-53.89543
-54.32643
-56.27481
-56.98732
-58.52633
-59.10431
-61.20324
-60.77727
-63.66126
-63.15890
-65.05461
-63.46923
-65.78054
-64.77484
-67.88712
-62.42335
-53.68606
-56.64400
-61.83725
-65.54260
-69.74797
-69.88319
-70.03939
-70.30009
-68.08764
-77.45945
-58.34957
-54.17919
-60.34153
-64.23066
-69.16155
-75.64143
-57.97830
-52.86090
-55.76596
-56.05394
-57.25688
-58.39789
-59.08196
-60.05838
-60.38542
-62.31307
-61.86842
-63.68866
-63.20642
-66.98172
-64.48258
-71.83102
-59.61930
-53.83419
-58.48057
-63.19804
-66.79204
-71.41318
-68.41289
-68.33139
-68.40743
-69.00981
-70.31292
-55.95655
-55.18449
-62.17242
-64.47755
-70.98139
-66.25506
-55.50994
-53.29041
-56.32066
-56.57717
-57.81490
-58.67718
-59.34470
-60.44620
-61.51818
-62.33079
-62.88128
-61.00437
-58.43349
-59.17822
-60.88791
-63.27963
-54.70054
-54.05955
-59.15376
-62.30374
-64.60321
-63.76693
-61.44177
-60.54539
-60.30059
-61.35442
-60.35563
-54.25673
-56.63524
-62.68084
-64.75235
-72.48204
-63.41461
-53.32281
-53.60360
-57.06937
-56.93202
-57.67148
-57.56699
-59.04972
-58.48645
-61.09767
-60.21297
-62.82969
-61.19558
-61.72056
-62.89923
-64.44356
-66.30356
-54.43671
-55.56789
-61.59861
-64.77370
-67.10070
-66.41231
-64.64278
-66.38723
-65.93516
-73.54945
-60.35804
-53.81977
-58.66179
-62.77230
-64.39163
-72.06057
-59.36176
-52.57591
-55.28491
-56.43706
-56.34254
-57.78696
-57.76952
-59.40515
-59.00933
-61.44931
-61.64467
-63.51727
-62.22872
-64.14335
-62.31352
-66.33661
-61.24472
-53.72534
-57.15883
-62.84849
-66.28730
-69.55892
-69.55909
-66.98225
-65.87658
-65.26310
-68.63597
-57.09631
-54.58326
-61.10569
-63.50728
-66.55679
-68.74031
-56.65190
-53.37386
-56.52068
-56.63510
-57.83217
-57.98811
-59.64481
-60.36187
-61.53892
-62.24416
-62.09346
-64.34264
-63.25846
-66.26174
-63.44281
-71.09514
-57.53353
-53.89369
-58.77858
-63.02462
-66.96970
-69.70876
-69.97423
-71.28149
-68.31310
-69.98186
-68.18255
-55.25790
-55.51520
-62.90610
-64.43009
-75.07274
-65.91548
-53.89726
-54.88808
-56.39795
-56.13505
-58.73764
-58.30346
-60.64583
-60.28373
-62.95696
-62.50725
-63.75812
-64.00524
-64.72282
-65.85645
-65.31175
-71.28951
-54.88983
-54.62779
-61.18078
-62.65965
-70.83100
-72.57060
-70.96583
-74.96869
-71.00197
-81.11163
-65.01462
-54.31020
-57.36921
-64.46122
-65.84537
-79.39188
-63.29492
-54.67757
-54.63275
-56.32215
-57.69814
-58.73156
-59.12604
-60.75047
-61.02849
-62.75949
-63.00376
-64.73194
-63.91183
-66.87404
-66.37690
-68.65075
-67.64947
-56.86567
-59.54945
-65.35892
-66.62272
-74.01646
-69.75492
-73.30658
-73.03065
-76.08165
-74.45260
-75.44779
-77.21673
-76.99759
-84.67910
-74.83964
-88.37055
-60.08605
-54.50780
-55.88039
-56.36805
-58.02649
-58.18547
-59.62361
-60.67549
-61.36676
-62.40505
-63.54574
-64.13613
-64.25346
-64.78803
-64.82390
-66.57086
-66.61909
-67.24749
-67.88536
-68.54424
-68.55937
-70.64646
-70.20187
-69.70466
-69.58903
-71.66899
-73.45647
-72.73058
-70.97268
-69.79422
-72.55065
-70.42605
-75.48267
-59.82009
-54.98221
-56.61422
-56.95185
-57.80674
-58.69612
-60.44645
-60.76752
-61.79529
-63.03404
-63.53338
-64.10161
-64.50834
-65.10935
-65.28887
-65.72658
-66.41082
-68.27322
-67.81580
-67.66811
-66.83344
-68.23247
-67.89583
-69.81038
-69.13141
-70.74426
-70.42165
-72.20145
-71.73970
-71.96571
-71.80828
-75.92331
-70.84858
-56.27146
-55.27464
-56.25280
-56.73752
-57.89514
-58.72633
-60.20706
-60.82193
-62.81393
-63.15976
-64.41965
-64.70469
-66.33359
-66.62122
-66.98656
-67.23390
-68.32428
-70.13570
-70.49129
-70.88058
-72.73983
-73.76256
-72.12605
-71.65842
-70.00862
-70.84039
-70.37436
-76.37254
-75.92788
-80.40612
-74.70123
-79.08039
-64.97333
-54.83718
-55.33680
-56.90844
-57.68918
-58.49912
-59.13428
-60.31891
-60.97041
-62.21746
-62.13425
-63.41384
-64.68392
-65.67331
-65.73634
-67.79686
-67.51909
-68.82746
-69.00871
-69.23925
-70.14912
-71.58770
-70.63236
-71.90015
-73.32712
-71.73388
-71.15088
-70.37338
-69.97673
-70.58159
-78.86995
-72.06135
-88.89989
-59.73703
-54.34758
-55.82681
-56.07097
-57.68478
-58.71684
-60.28935
-60.76020
-62.00138
-62.44817
-63.46266
-64.81676
-65.35176
-66.83697
-67.49912
-68.91943
-69.58626
-71.15405
-70.56091
-72.29108
-71.72879
-74.82016
-72.16284
-71.69403
-71.39342
-71.24813
-69.76461
-69.19086
-68.79047
-67.55276
-70.45222
-78.08471
-81.24404
-56.67586
-54.17718
-55.88552
-56.24473
-57.77345
-58.36928
-59.36888
-59.84420
-61.47809
-61.98688
-63.26320
-63.21746
-64.17405
-65.22078
-66.41346
-66.90906
-67.73275
-68.51050
-68.66288
-70.77562
-73.16078
-73.02809
-69.74309
-68.87147
-68.80503
-68.70486
-68.55533
-68.47536
-68.33931
-68.84529
-68.91422
-68.04744
-65.20498
-64.32983
-65.70556
-67.10733
-67.31904
-67.68641
-66.87264
-68.06082
-69.99863
-69.79693
-69.73290
-67.81588
-65.08379
-64.16316
-65.63150
-67.85085
-67.06021
-65.96002
-66.49455
-67.70130
-67.70530
-66.98870
-65.17824
-63.58560
-63.58286
-64.17940
-66.41828
-68.58502
-69.94399
-68.68998
-68.46183
-67.00136
-66.81346
-63.20844
-61.48036
-62.89608
-64.40905
-67.30303
-67.05348
-65.92660
-65.18679
-66.66761
-66.42165
-67.17939
-67.50548
-66.60553
-67.14013
-70.02358
-72.21191
-72.12995
-71.45552
-70.95533
-71.46950
-69.07284
-68.23426
-66.01931
-66.38031
-67.15793
-68.91599
-70.33793
-70.15064
-69.48131
-68.50542
-67.31311
-67.46639
-69.48845
-65.58127
-62.76597
-62.01980
-64.55557
-66.26674
-66.68199
-68.16835
-67.79848
-69.01368
-72.51914
-73.39721
-73.65936
-73.78181
-73.05743
-76.64573
-76.07788
-77.92065
-78.12680
-78.51314
-77.88397
-75.96906
-74.87575
-70.91114
-68.99000
-70.47010
-71.61785
-72.06465
-71.97500
-72.68984
-73.27891
-72.88166
-73.36694
-67.09084
-63.10512
-62.72300
-64.13104
-65.74308
-67.93483
-70.79599
-70.75318
-70.30522
-71.13614
-72.44367
-72.98561
-72.54568
-72.14339
-73.10313
-74.05769
-74.05620
-74.42699
-74.49746
-74.93645
-74.01564
-74.39337
-73.27362
-72.65527
-72.00318
-71.83637
-73.11301
-76.66792
-76.58547
-78.73832
-79.09232
-81.05071
-80.06211
-66.51552
-64.14865
-63.15633
-63.76822
-66.21109
-67.75396
-70.43174
-70.56241
-70.54295
-71.33163
-73.70445
-73.87740
-73.44063
-73.60948
-73.90254
-75.36114
-75.55951
-76.84172
-77.18054
-78.79604
-78.53852
-81.79607
-76.76240
-73.29285
-73.63055
-74.06863
-74.69519
-75.21624
-74.99194
-75.25678
-77.35077
-76.30161
-80.28320
-66.68405
-64.07190
-62.35250
-61.38545
-64.24183
-65.81257
-67.99208
-69.19119
-69.97309
-69.91949
-72.52269
-72.05386
-72.44463
-72.81701
-73.49762
-73.98567
-74.43681
-73.88484
-74.43895
-75.43504
-76.15364
-77.56723
-72.49748
-71.29862
-71.49313
-72.22683
-73.36773
-74.28137
-75.30191
-76.51400
-77.53540
-79.50358
-80.48273
-80.16414
-77.66233
-74.85439
-74.23230
-73.51881
-73.10869
-73.46590
-72.80887
-74.20025
-80.75106
-82.51738
-78.02482
-77.37491
-77.75587
-78.18754
-78.36426
-78.56777
-78.74964
-79.01158
-79.76737
-80.89847
-81.52429
-82.14802
-81.93906
-80.76762
-81.67453
-81.84337
-82.67679
-82.50614
-82.77441
-82.47512
-83.29112
-82.94211
-81.22188
-77.23113
-74.75956
-75.32248
-75.39039
-75.96916
-76.47874
-77.97490
-79.00256
-81.01924
-82.95443
-84.09364
-84.74407
-84.82352
-85.40857
-85.26896
-85.99086
-85.38423
-85.32661
-84.23132
-84.32673
-83.82964
-82.90522
-80.87775
-80.04517
-80.64931
-81.41701
-82.38100
-83.48076
-85.20157
-86.14582
-87.88284
-89.50472
-90.67763
-90.75916
-88.44957
-86.02905
-85.12945
-84.29742
-83.52135
-83.41832
-84.72698
-87.63614
-90.68273
-90.70890
-88.02643
-87.59041
-88.17550
-88.84452
-89.27820
-89.72110
-90.68133
-90.71531
-91.27677
-91.95011
-92.10977
-94.02296
-95.86298
-94.42914
-94.14831
-93.02134
-92.71087
-92.94513
-95.45593
-96.49141
-93.38155
-92.05074
-90.62823
-88.40600
-86.38897
-86.59684
-86.82714
-87.62106
-88.36625
-89.54752
-90.32838
-92.22053
-94.91016
-96.63060
-98.36481
-97.22366
-97.83737
-96.39202
-96.84353
-96.43926
-99.80089
-97.94811
-95.67097
-94.29812
-93.62269
-92.30260
-92.04445
-92.91390
-94.08254
-95.35711
-96.79410
-98.54395
-98.53935
-100.54088
-101.10439
-93.58715
-83.60277
-75.30105
-67.37144
-62.21892
-59.58580
-59.47453
-60.53995
-61.14324
-61.99311
-63.16422
-65.03260
-68.80076
-74.50969
-77.59852
-75.39872
-71.79880
-69.24202
-66.93588
-63.36400
-60.04640
-58.56969
-58.47700
-59.05735
-59.99185
-61.10079
-62.34843
-63.82559
-65.37950
-65.70704
-65.09119
-63.79656
-63.41130
-64.10253
-64.33767
-64.76952
-64.28767
-63.43813
-63.45219
-63.02688
-61.95904
-61.25584
-61.18628
-61.28361
-61.40502
-61.57572
-61.86022
-62.10975
-62.59105
-63.27825
-63.91454
-64.88647
-66.09426
-67.83242
-69.14495
-70.33246
-74.11368
-77.16784
-73.64182
-69.27736
-66.28003
-64.22497
-62.88592
-62.13144
-61.93002
-62.21324
-62.84846
-63.28181
-64.15842
-65.53002
-66.90027
-69.30692
-73.55607
-80.01946
-76.31191
-71.47589
-68.83121
-67.13766
-66.31575
-65.40162
-64.62220
-64.01859
-63.56911
-63.14389
-63.10893
-63.70413
-65.06665
-66.94746
-69.24632
-70.51345
-70.23191
-69.57232
-69.59576
-70.05331
-70.52260
-71.37004
-72.96879
-75.05448
-75.83975
-76.36416
-76.81499
-76.30158
-75.29056
-73.60343
-72.30234
-71.68039
-71.98561
-72.95097
-74.03057
-75.15430
-75.49958
-75.74805
-75.73508
-76.18867
-75.63328
-75.97841
-75.77797
-75.26158
-75.18602
-75.91142
-77.08842
-78.50350
-79.78809
-80.06706
-79.78793
-79.42574
-77.67811
-76.98719
-77.52865
-78.18942
-77.08910
-78.10882
-76.36832
-70.05683
-67.42311
-67.91505
-70.18256
-69.51613
-68.71999
-68.89500
-69.53308
-69.66019
-72.45893
-71.74547
-73.66105
-73.36019
-71.75453
-71.99510
-70.43562
-69.24185
-67.18053
-67.47575
-66.51010
-66.57964
-66.53905
-67.72071
-68.06377
-70.58278
-71.11988
-69.66682
-68.42346
-68.45334
-67.62484
-68.19213
-69.81163
-71.22788
-73.39423
-71.73365
-72.12884
-71.29891
-70.36095
-68.26254
-69.29757
-68.72335
-69.94258
-70.80873
-70.91709
-70.24191
-69.46096
-69.50145
-70.38060
-68.95510
-67.97875
-67.88096
-68.40244
-68.32733
-67.55034
-69.61595
-69.65764
-71.02467
-69.71266
-68.21710
-66.57780
-66.69300
-66.89811
-68.10455
-68.61702
-69.86397
-71.09959
-69.23243
-69.58747
-69.70461
-70.87890
-70.50051
-70.69369
-70.48559
-69.29224
-69.79162
-71.31193
-72.47376
-73.16355
-72.91422
-72.23861
-71.86821
-72.70920
-73.14248
-72.08720
-72.24757
-76.56444
-79.31316
-75.37460
-72.26363
-71.16155
-70.55530
-68.70555
-68.08587
-67.77077
-68.20683
-68.93147
-69.57993
-72.18468
-74.54344
-75.97150
-74.62263
-74.09247
-75.00899
-74.43641
-71.18119
-70.37347
-72.94552
-72.83470
-72.42907
-72.50765
-73.00105
-74.70117
-77.05927
-79.69782
-82.11521
-77.75770
-72.98588
-72.81335
-72.61219
-73.13507
-74.11372
-75.74724
-76.22998
-76.20722
-77.77402
-78.49686
-79.15133
-75.20169
-75.48433
-73.16600
-71.45342
-69.00630
-65.78148
-61.89195
-59.41607
-59.43201
-59.71870
-60.34550
-61.71261
-62.66165
-62.84943
-63.11295
-63.02620
-62.80758
-63.07844
-63.76269
-63.89070
-63.32201
-61.55268
-59.88008
-59.25081
-59.77216
-60.11761
-61.04666
-61.00197
-60.89374
-60.75575
-60.34049
-59.84502
-59.39186
-58.43675
-57.94681
-57.93309
-57.54861
-58.75019
-58.31452
-58.94274
-60.36999
-62.25498
-64.47008
-65.04960
-65.43633
-64.63966
-64.01831
-63.94814
-64.35496
-64.04372
-63.26363
-62.53241
-61.36785
-60.50452
-60.89163
-60.95682
-60.64660
-60.19192
-59.76761
-59.98071
-59.95048
-59.59818
-60.21593
-60.77464
-61.90401
-62.75873
-63.64280
-64.93517
-66.28651
-67.66605
-66.27504
-64.61735
-64.14181
-63.71591
-63.76263
-64.08847
-63.75962
-64.39614
-64.22834
-64.43065
-64.80920
-65.02835
-65.35602
-65.69261
-66.57784
-64.92731
-63.90478
-62.83684
-61.75187
-62.41009
-63.51396
-64.45503
-66.36076
-68.65611
-70.06158
-71.52054
-71.39272
-70.12691
-69.84244
-69.49364
-69.22847
-69.00712
-70.14619
-74.05065
-75.92140
-75.11638
-72.56692
-73.69065
-70.15110
-70.17577
-72.34907
-70.73351
-70.87882
-70.02329
-70.25019
-69.46629
-70.49467
-70.04111
-69.59093
-69.39281
-70.87196
-72.38007
-73.97718
-74.14117
-72.81950
-73.43877
-72.24743
-73.01413
-72.85602
-73.57550
-73.49742
-72.48306
-67.01490
-64.00014
-64.15834
-62.86623
-61.04458
-61.26052
-62.64313
-61.56280
-61.38549
-61.21242
-61.49802
-62.94101
-63.80347
-65.51450
-65.48521
-65.06756
-64.28926
-64.56419
-63.31857
-62.61911
-63.39344
-64.93422
-66.35950
-65.51183
-64.50780
-63.72377
-62.16308
-61.22952
-61.18807
-62.16087
-64.07521
-65.60784
-66.50134
-65.03347
-64.18203
-63.28134
-63.71553
-63.71043
-64.28905
-64.12496
-66.32212
-64.09100
-61.86928
-63.53298
-63.94858
-63.39423
-63.51758
-62.91014
-63.77285
-64.01701
-63.20348
-63.29620
-61.14118
-62.10118
-62.36060
-62.56211
-61.73003
-63.57685
-65.44965
-65.20707
-64.19039
-63.98639
-63.75650
-64.59404
-63.99391
-64.27108
-64.02906
-64.89018
-64.65617
-62.04581
-63.13201
-60.63123
-63.09725
-62.57807
-62.42493
-63.36011
-64.32373
-65.18809
-64.67469
-65.65197
-66.16117
-68.38192
-70.37016
-68.81635
-68.35431
-70.62485
-67.70515
-67.02689
-66.56312
-66.46438
-65.12665
-65.30663
-65.17633
-65.55781
-65.19320
-65.61112
-64.89787
-63.53639
-64.37852
-64.70055
-63.99901
-62.21413
-62.81299
-63.65083
-64.38897
-64.77724
-65.26159
-66.32022
-66.48019
-65.84293
-65.71065
-66.05342
-65.68384
-65.67752
-62.22122
-63.82016
-66.39433
-64.02048
-65.86161
-63.61862
-64.58909
-64.18825
-65.36776
-61.88049
-54.99728
-59.01220
-62.93445
-61.24456
-67.27381
-60.07001
-54.19962
-54.69040
-56.45322
-56.53349
-57.89994
-58.34205
-59.42490
-59.66523
-61.55958
-61.04636
-61.88798
-62.50918
-65.09264
-65.30364
-66.84044
-64.46328
-57.00590
-59.81289
-61.66423
-62.28649
-62.84134
-63.02133
-63.10070
-66.05272
-64.75319
-63.28180
-60.69127
-57.79304
-61.53746
-63.14175
-61.43060
-64.70355
-59.74934
-54.17326
-55.49515
-56.08246
-57.29363
-58.29738
-58.80271
-59.13683
-59.92744
-60.65513
-60.39461
-62.23837
-62.02613
-63.64323
-62.49843
-66.78620
-61.82539
-58.07889
-60.42909
-62.22152
-63.00936
-63.10468
-64.09087
-65.98743
-66.21554
-66.57173
-65.81277
-58.72497
-58.38672
-62.68512
-64.59032
-66.01556
-68.60709
-57.40371
-54.13707
-55.98538
-56.40079
-57.96180
-57.92577
-59.06832
-60.07626
-61.21363
-62.07698
-62.95933
-63.41101
-64.63482
-65.97191
-65.49807
-68.58407
-60.32751
-58.50630
-61.21376
-65.65679
-66.19119
-66.09223
-68.79635
-70.13439
-71.17953
-73.00054
-68.35112
-58.40192
-59.94667
-66.31786
-67.00964
-72.02727
-65.04538
-55.23733
-54.71478
-56.68943
-56.94064
-58.40503
-58.58887
-60.18141
-60.20128
-62.05178
-61.85755
-63.38695
-63.83497
-65.02714
-66.42512
-67.14277
-69.21624
-56.18769
-53.78895
-56.05366
-57.26328
-58.41268
-58.85129
-59.81407
-60.89820
-61.16426
-63.36811
-61.39580
-57.80678
-60.74009
-64.80282
-64.43612
-68.74759
-59.81663
-54.06974
-55.08395
-56.61458
-57.54015
-57.90850
-59.22307
-59.91575
-60.49546
-62.24432
-61.34820
-62.72185
-61.49391
-62.88896
-62.82053
-66.58748
-64.13020
-57.52190
-59.78824
-64.61558
-68.14162
-68.03478
-68.85365
-68.63577
-67.51930
-66.40146
-68.81327
-61.46399
-58.23297
-63.62096
-67.13599
-67.98310
-73.97521
-58.88605
-53.50962
-55.23849
-55.95856
-57.04220
-57.90895
-58.81987
-59.23047
-60.22244
-61.59255
-61.52643
-63.03847
-62.98338
-64.99278
-64.44346
-69.68356
-61.54817
-57.74753
-61.81571
-65.52598
-66.34752
-66.10126
-66.98973
-68.16782
-67.65700
-67.67212
-68.54718
-59.03909
-58.85072
-64.84588
-66.45442
-70.26540
-70.04369
-56.64478
-53.98090
-56.89476
-57.16351
-58.53603
-58.93481
-59.85254
-60.06213
-61.59287
-62.08894
-63.15898
-64.06123
-65.01299
-67.19745
-66.62015
-70.80571
-59.50960
-58.25026
-63.43840
-66.49649
-68.37433
-70.12884
-70.24916
-71.33385
-69.89983
-73.33988
-67.98038
-58.38894
-60.49589
-67.85862
-68.36953
-76.62950
-66.71430
-55.43573
-55.06910
-57.21018
-57.66411
-58.96307
-59.23259
-60.73448
-61.22837
-62.80997
-62.99547
-64.66891
-64.36443
-65.78561
-65.79959
-66.68236
-67.75080
-57.69899
-56.82566
-57.97673
-57.11354
-58.06144
-59.06718
-59.90198
-60.69226
-61.24655
-62.13210
-59.96082
-57.43781
-60.34795
-65.68146
-66.20884
-72.86900
-60.86308
-53.89963
-55.75121
-56.92104
-57.29986
-58.28893
-59.31623
-60.77477
-60.99917
-61.77870
-62.44968
-64.98888
-63.88520
-66.97159
-65.23876
-68.40319
-63.02808
-57.28151
-60.60653
-64.79378
-66.55073
-68.32107
-66.98637
-66.37767
-66.60207
-66.12330
-67.59124
-59.59983
-58.18509
-63.77498
-67.43776
-69.25110
-74.77669
-58.60284
-54.19388
-55.88064
-56.07266
-57.93964
-58.24075
-59.71115
-60.88998
-61.00985
-60.66650
-60.99984
-62.03053
-63.60344
-67.56103
-65.74534
-71.05487
-60.79227
-57.31244
-60.76566
-62.37411
-64.91120
-67.03700
-66.71791
-67.83288
-67.62336
-68.26585
-66.76164
-59.27273
-59.24095
-64.14601
-64.69348
-68.13444
-66.91943
-56.37626
-55.31059
-57.31795
-57.36046
-58.74215
-58.89729
-60.30874
-60.41065
-61.96682
-62.14991
-63.45864
-63.75012
-64.25749
-64.91248
-64.44620
-66.27640
-58.72257
-58.19800
-63.00684
-65.98565
-69.08220
-71.16980
-70.69352
-72.44278
-69.88134
-74.66462
-66.42232
-58.22177
-60.67112
-67.11260
-67.66956
-75.68033
-64.04571
-55.30723
-55.40871
-56.00635
-57.02934
-58.33602
-58.80588
-60.46119
-60.31193
-62.01764
-61.96965
-63.16790
-62.67803
-64.31834
-63.97882
-65.54599
-64.54988
-57.33497
-58.88748
-62.38394
-62.20987
-63.71298
-65.97152
-67.00836
-67.88312
-65.27696
-65.41424
-60.84919
-57.86630
-62.12999
-65.87908
-65.91595
-73.32919
-59.72913
-53.93676
-55.87588
-56.49437
-57.26550
-57.75869
-58.55578
-59.25570
-60.20456
-61.65228
-61.89903
-63.42765
-62.39199
-63.76256
-63.08681
-66.89906
-61.61481
-57.35806
-61.37674
-64.93859
-66.28787
-67.31818
-66.05089
-68.52716
-68.22857
-67.73796
-70.75797
-59.87875
-58.55690
-64.51080
-65.67910
-69.50717
-69.55781
-56.70335
-53.80916
-55.62585
-56.05933
-57.39275
-58.21147
-59.56115
-60.01427
-60.94557
-60.98884
-60.95472
-62.66078
-63.33496
-65.35116
-64.31100
-67.83886
-60.08683
-57.27326
-60.97510
-62.42505
-63.56147
-64.38354
-65.11145
-66.22081
-65.91631
-68.01772
-65.32798
-58.32453
-59.68836
-63.87351
-64.74850
-65.34675
-62.90738
-56.11437
-54.99681
-56.74493
-57.04998
-58.72122
-58.63193
-60.01615
-60.24570
-61.78307
-60.93290
-61.83274
-62.47885
-62.78956
-63.63945
-65.19110
-66.47589
-58.58394
-58.80840
-62.92110
-65.37943
-66.23316
-66.69811
-65.88263
-68.36414
-65.33706
-70.95050
-64.33514
-57.82599
-61.38589
-66.26908
-65.69391
-67.49277
-65.33875
-55.31529
-54.84448
-56.42968
-56.82687
-58.24777
-58.82410
-60.28052
-60.40005
-61.09029
-61.70560
-63.25134
-64.20695
-64.68666
-64.72694
-64.80729
-66.62201
-56.32874
-54.11815
-56.23059
-56.75016
-58.07650
-58.45152
-59.74486
-59.41235
-59.62540
-61.30536
-58.83296
-57.06797
-61.05603
-61.88609
-65.22437
-59.93898
-54.29142
-54.86749
-55.73395
-56.73388
-57.02931
-57.84978
-59.61758
-59.08217
-59.03528
-59.50103
-60.80225
-60.52026
-62.44357
-62.96757
-62.91924
-62.02794
-58.19461
-59.29237
-61.10123
-64.34095
-63.41868
-61.89765
-63.09002
-69.82737
-63.18465
-60.67994
-58.43650
-57.78586
-61.42307
-61.91260
-62.79752
-61.50084
-57.26596
-53.87506
-55.32860
-56.06048
-57.23063
-57.71944
-58.51633
-59.32940
-60.19116
-61.16254
-61.52889
-62.96711
-62.83488
-63.54945
-62.71495
-67.41281
-60.62514
-57.35313
-59.64432
-61.65346
-62.81283
-63.67483
-63.97631
-66.73743
-66.03805
-66.16349
-65.08285
-57.84168
-58.87533
-62.63364
-64.16224
-65.51025
-64.02066
-56.14048
-54.32628
-56.43598
-56.62967
-58.02637
-57.82477
-59.00660
-59.63183
-60.55808
-61.07544
-63.13312
-63.01412
-63.11224
-64.14271
-63.73592
-65.45699
-57.70588
-58.32617
-63.64008
-65.01810
-65.10587
-65.33736
-65.72053
-67.23829
-68.14144
-69.39090
-64.12228
-58.02678
-61.08557
-64.64642
-67.18266
-70.36021
-63.87385
-55.53210
-55.11112
-56.82914
-57.32812
-58.94230
-58.68319
-60.41474
-60.05176
-62.46000
-61.75358
-63.72728
-63.30436
-64.92654
-63.59297
-66.11939
-64.49741
-54.47050
-54.32064
-55.83825
-57.01477
-58.04820
-58.71099
-59.35904
-60.71275
-60.92522
-62.51249
-59.99988
-57.68246
-60.85833
-63.03633
-64.26942
-67.38713
-57.76136
-53.56691
-55.11782
-56.16437
-57.10485
-56.94921
-58.13388
-58.59777
-59.92854
-60.81104
-60.62563
-61.95145
-61.34686
-63.24390
-62.64242
-65.53908
-61.45099
-57.27019
-60.27763
-63.88976
-66.75659
-66.13132
-64.17614
-64.40416
-64.09105
-64.67014
-64.32195
-59.04740
-57.68871
-61.61961
-62.87385
-63.96360
-65.66666
-56.38556
-53.92286
-55.79515
-56.01938
-57.23114
-57.74180
-58.61852
-59.15901
-60.55377
-61.14710
-61.84317
-62.41457
-62.54895
-64.68500
-64.17749
-66.10934
-59.27286
-57.57727
-61.35909
-63.08212
-63.91495
-63.36619
-62.95737
-65.32052
-64.80461
-65.28241
-64.97590
-58.34670
-59.22377
-64.24071
-64.56189
-68.89830
-64.73612
-55.10048
-54.60120
-56.66140
-57.60137
-58.56062
-58.07637
-60.24463
-60.13639
-61.56195
-61.42863
-62.70647
-62.88165
-64.44090
-65.25514
-65.49504
-66.66049
-58.29372
-58.94823
-63.97977
-66.28207
-67.94004
-69.73307
-68.97313
-68.40802
-67.69135
-72.57401
-64.62615
-58.00980
-61.51445
-67.62863
-67.23778
-72.81595
-62.16660
-54.41704
-55.47316
-57.29677
-57.57413
-58.60614
-59.04587
-60.70550
-60.81864
-62.58752
-62.56331
-64.63447
-64.52068
-65.52258
-64.34885
-66.18436
-64.93432
-54.25993
-54.81933
-56.81955
-56.80568
-59.01725
-58.61792
-60.15321
-60.36330
-60.68123
-61.74981
-58.48657
-57.67400
-60.92872
-63.56079
-64.95303
-69.28207
-56.93839
-53.18583
-55.80217
-55.60207
-57.49419
-58.00709
-58.94212
-60.17692
-59.76195
-60.71617
-62.07950
-63.73790
-63.41318
-64.58786
-63.48113
-64.75627
-59.43666
-57.16142
-59.89865
-61.70689
-62.91485
-63.81789
-62.82483
-64.10670
-65.86976
-67.51714
-67.19050
-59.08324
-59.11374
-64.77455
-65.10025
-66.67551
-65.35221
-56.32351
-54.56050
-56.63248
-56.77726
-58.03230
-58.57427
-59.22619
-60.15871
-60.45775
-59.91400
-60.45269
-60.40733
-63.00593
-65.96840
-65.85035
-69.19609
-59.42615
-57.88530
-60.72149
-61.49597
-63.63368
-64.43636
-64.63881
-65.03969
-63.65872
-64.41922
-62.98557
-58.34142
-59.36975
-63.25058
-63.05786
-66.38353
-62.05069
-54.49838
-54.96440
-56.31485
-56.60980
-58.22066
-58.51579
-60.03518
-60.43111
-62.04025
-62.44612
-64.19378
-63.66211
-64.46974
-65.02578
-65.12877
-64.44826
-57.88476
-58.98932
-64.18490
-66.45552
-67.41723
-67.14981
-67.58044
-68.99925
-68.54683
-72.50918
-63.10860
-58.22064
-62.13512
-65.85430
-66.80006
-72.34938
-62.15419
-54.69785
-55.43427
-56.71034
-57.72652
-58.95947
-59.01473
-60.06103
-60.54118
-61.79425
-61.70146
-63.62701
-63.12497
-64.28142
-63.48789
-66.43645
-62.78745
-57.29567
-59.73736
-62.13600
-62.92893
-64.54973
-64.39069
-64.65126
-65.49262
-63.69721
-63.99397
-59.31744
-58.21289
-62.98174
-65.13886
-65.93687
-69.46197
-58.09597
-53.98381
-56.31603
-56.27127
-57.56131
-58.06139
-58.46667
-59.31724
-60.30482
-61.43633
-62.24278
-63.52541
-62.74878
-63.94851
-62.37834
-65.83392
-60.43475
-57.73184
-62.25527
-65.15691
-66.57371
-67.22473
-67.21706
-70.43755
-67.66958
-68.17695
-68.14003
-58.48611
-59.60559
-63.92734
-65.26999
-68.16303
-66.25480
-56.71725
-53.89633
-55.93960
-56.33161
-57.93727
-58.21524
-59.56601
-60.12579
-61.53558
-61.15606
-61.61419
-62.67112
-63.23349
-64.84893
-64.45125
-66.78081
-58.19117
-57.85657
-61.83779
-62.60377
-63.35092
-64.18060
-65.10213
-65.09588
-65.34660
-68.58022
-63.00981
-57.77750
-59.51505
-62.42389
-64.00247
-65.61932
-60.84785
-54.71010
-55.38858
-56.16357
-56.88241
-58.66240
-58.45894
-60.27685
-60.28927
-61.29777
-60.88525
-63.23601
-62.84060
-63.41642
-63.41703
-65.52324
-63.79972
-57.40551
-59.99103
-63.88635
-64.53909
-66.58997
-66.31894
-67.41390
-67.35364
-66.13062
-69.96651
-61.09745
-57.72435
-61.96006
-66.36124
-66.37011
-68.76123
-58.91701
-54.52318
-55.72144
-56.24626
-57.30471
-57.99493
-59.19887
-59.85465
-60.93974
-61.44663
-62.09780
-63.80168
-64.31702
-65.91593
-64.74886
-67.93485
-62.57932
-55.25679
-55.72863
-56.65499
-56.94330
-58.27644
-59.07553
-59.91531
-59.88416
-61.02125
-61.19653
-58.41182
-57.69846
-61.20716
-62.57862
-64.51338
-60.93835
-55.48401
-54.45036
-55.92536
-57.20277
-57.75743
-58.22564
-58.68444
-59.20239
-60.07599
-60.80835
-61.36759
-62.21543
-63.73835
-63.40673
-66.07533
-61.90295
-58.22921
-60.57399
-63.67566
-65.81392
-66.19269
-67.18335
-67.15461
-66.20517
-65.15326
-64.39808
-57.90813
-58.36308
-61.46227
-62.27927
-65.27623
-65.31363
-60.70070
-55.33945
-55.00798
-55.91481
-56.88281
-57.60091
-58.45106
-59.30040
-60.36350
-61.32869
-61.81159
-62.65912
-63.04059
-63.88711
-63.99146
-64.97663
-59.87640
-58.04630
-62.29925
-65.22163
-65.31681
-65.41678
-63.97449
-64.59760
-63.88769
-64.73058
-63.07712
-57.83957
-59.76931
-62.18052
-62.81033
-63.53233
-61.91091
-58.44916
-55.19030
-55.89781
-56.33819
-57.21008
-57.77803
-59.02707
-59.99742
-61.32264
-62.07273
-62.74840
-63.57008
-63.80509
-64.58534
-66.01584
-66.30852
-57.60212
-58.66269
-63.73736
-64.52742
-66.05922
-68.59394
-70.03437
-73.75635
-71.06981
-75.63948
-63.51647
-58.02594
-62.89790
-65.90792
-67.76863
-67.36176
-64.40557
-56.45110
-54.56990
-55.78497
-56.81832
-57.82742
-58.22604
-59.83519
-60.60532
-61.60293
-62.39398
-63.38780
-63.72955
-65.04424
-65.90837
-67.93340
-65.28946
-56.42968
-54.40372
-56.17943
-56.65901
-57.86453
-58.59468
-59.68695
-60.58620
-61.54491
-62.59397
-58.48215
-57.70752
-62.29970
-63.54566
-66.34281
-66.65170
-63.14918
-56.71647
-54.79942
-57.48749
-57.07894
-58.21415
-59.63542
-59.80396
-61.25754
-61.73263
-62.50481
-64.28138
-63.56916
-65.85825
-65.25377
-68.70195
-61.22844
-57.88347
-62.99766
-67.35073
-70.68660
-70.60155
-73.14670
-74.23072
-74.63843
-75.85217
-73.91357
-59.03074
-59.92336
-65.79616
-66.75612
-71.06925
-67.62223
-61.78188
-55.38790
-56.06276
-57.21620
-57.09592
-58.12711
-59.64138
-60.43649
-61.33553
-62.30632
-63.44023
-64.19120
-65.25286
-66.44647
-66.23618
-68.80459
-58.84505
-58.63371
-64.50277
-68.24445
-70.83486
-71.25661
-71.94454
-71.80105
-70.62719
-74.07143
-66.70814
-58.03122
-62.04657
-66.61269
-69.58818
-73.23798
-67.35429
-59.81480
-55.62639
-56.98651
-57.32571
-58.15189
-58.88033
-60.06955
-60.74742
-61.94745
-62.73530
-63.76730
-64.30746
-65.85914
-65.86626
-67.97385
-66.13450
-57.70699
-60.13261
-65.83987
-69.28928
-71.00690
-72.85758
-74.76887
-77.76891
-73.96239
-81.80549
-63.62525
-58.03225
-64.56472
-67.50931
-75.03980
-74.78514
-66.74342
-57.45389
-55.51511
-57.31079
-57.00595
-58.12064
-59.28778
-60.57913
-61.28295
-62.52823
-63.12074
-64.54810
-64.52938
-67.07272
-66.18885
-69.87686
-63.35471
-56.29404
-55.77516
-56.26660
-57.73509
-58.27033
-59.23378
-60.55278
-61.56400
-62.35609
-63.73718
-58.73192
-58.37434
-64.18954
-64.93165
-68.70950
-67.60424
-62.31528
-55.87780
-55.07774
-56.81848
-57.54359
-58.16289
-58.48238
-59.88825
-60.69521
-61.90058
-62.81261
-64.11727
-64.24253
-66.03218
-65.46373
-69.92911
-60.14530
-57.82045
-63.09099
-65.38298
-68.44969
-67.45297
-68.40969
-69.84800
-70.41387
-70.59280
-66.34224
-58.11485
-60.14305
-64.74805
-65.33318
-68.33000
-65.93955
-59.39361
-55.10726
-56.14393
-56.71466
-57.56347
-58.54742
-59.60790
-59.99585
-60.94160
-61.46526
-61.61318
-61.95852
-62.34364
-62.36821
-62.05179
-62.74940
-57.59699
-58.90300
-64.15521
-66.60887
-69.19318
-70.05149
-71.57458
-72.91447
-71.11489
-70.44873
-63.29767
-57.70231
-61.91637
-64.78868
-67.14182
-68.94811
-65.01521
-58.64582
-54.77105
-55.85163
-56.82208
-58.12696
-58.88602
-59.61685
-60.05097
-61.07708
-61.55624
-62.92323
-63.13541
-64.51914
-63.80683
-64.73151
-61.82264
-57.21791
-59.88598
-61.99670
-64.00702
-65.49851
-66.69404
-67.51456
-69.02788
-69.02445
-70.41661
-60.62964
-57.85862
-62.60222
-63.99052
-66.23021
-67.43323
-63.19108
-56.72277
-55.83961
-56.46955
-57.38717
-58.51421
-59.04301
-60.22282
-60.67542
-61.76420
-62.23460
-62.92798
-63.32451
-65.50076
-63.46379
-65.24069
-60.77211
-57.86704
-61.81612
-63.73509
-67.18621
-69.82450
-66.15971
-67.36367
-68.93194
-68.25126
-66.68284
-59.13273
-59.23092
-65.64090
-66.09379
-70.04250
-69.04101
-61.90381
-63.66960
-69.47508
-69.43466
-72.34124
-71.02370
-73.53105
-70.99062
-70.96170
-70.72307
-72.97719
-74.34522
-72.82604
-73.58496
-70.31806
-78.14710
-59.87149
-58.60465
-63.94269
-67.27137
-70.47611
-68.87974
-68.61401
-73.43059
-72.42302
-74.09929
-65.87006
-56.99810
-61.21714
-64.74262
-65.79718
-66.84983
-67.47591
-71.61821
-74.96966
-71.90233
-67.06220
-66.57022
-66.68918
-69.94583
-69.77135
-69.62367
-68.11166
-68.07936
-66.16869
-65.61168
-67.52278
-71.30504
-67.03830
-63.30746
-62.46843
-65.72825
-69.43244
-65.84830
-64.11274
-66.54665
-67.22890
-61.53052
-58.30671
-57.97300
-60.32740
-66.74379
-69.60625
-65.48990
-66.46508
-68.97001
-68.26154
-66.02193
-65.69484
-67.08528
-70.52487
-73.43458
-73.27699
-71.85957
-73.13002
-73.30346
-72.27102
-72.07204
-73.30964
-71.69984
-71.00496
-74.89956
-72.81866
-68.79179
-69.23235
-75.53745
-73.47885
-69.60098
-72.38926
-78.41901
-75.98145
-73.60934
-76.42431
-80.69811
-78.10985
-76.00159
-76.38972
-77.20193
-78.63241
-80.19553
-80.66990
-79.78250
-80.95182
-82.93838
-81.18805
-78.72875
-79.78799
-80.97310
-82.79267
-82.94391
-82.02485
-81.11862
-82.38241
-83.77941
-81.92928
-80.55982
-82.64709
-86.92756
-84.29340
-82.51339
-84.47405
-86.97805
-85.82760
-84.10758
-84.11072
-84.22324
-85.43279
-87.55579
-87.50739
-87.21121
-88.87991
-91.86206
-88.26952
-85.56990
-81.92607
-76.94210
-71.28205
-69.28251
-66.38310
-65.14040
-66.16037
-67.15851
-69.86514
-71.93670
-72.43525
-71.29317
-72.01408
-73.55970
-78.87948
-83.62411
-86.22756
-78.81446
-76.06592
-76.02918
-71.96694
-71.18976
-69.32973
-68.59493
-67.33481
-65.98686
-65.28452
-65.27248
-66.00175
-68.08823
-69.18901
-67.38875
-67.19280
-67.52320
-69.41738
-70.82641
-72.42012
-72.63206
-70.09057
-69.45899
-67.31989
-66.99744
-68.82739
-69.92599
-70.06801
-72.10573
-74.58811
-75.72246
-80.15011
-79.47039
-72.53656
-68.43431
-67.52555
-68.01703
-70.66287
-73.75764
-76.31515
-77.47409
-75.48841
-74.74757
-74.02557
-71.41055
-68.68042
-66.79831
-66.18226
-66.72522
-67.96408
-70.53564
-73.28921
-75.24836
-77.48662
-80.30697
-77.37878
-72.20986
-70.07722
-70.41109
-72.83542
-77.50916
-80.51002
-80.92837
-81.67840
-76.36810
-71.52654
-70.11938
-69.60756
-68.59125
-67.24322
-66.73795
-66.73199
-66.91944
-66.55552
-65.02322
-64.38651
-64.74330
-66.34240
-69.23538
-72.26536
-74.64644
-76.52525
-77.56064
-74.39918
-70.47823
-68.78381
-68.50101
-68.90594
-68.97783
-68.91938
-69.53647
-70.39457
-71.54386
-72.37875
-73.04669
-73.06816
-72.77257
-72.52149
-71.83692
-70.21594
-69.22959
-70.17208
-72.41264
-73.61290
-73.76382
-73.24367
-71.54018
-71.69130
-70.75447
-69.37989
-68.20912
-66.48261
-65.67593
-65.16679
-64.91172
-65.13771
-65.43259
-66.33302
-67.69845
-68.41729
-69.21137
-69.54905
-69.66345
-69.93495
-71.39509
-72.29655
-72.82339
-74.40680
-75.64159
-75.32106
-73.61144
-71.37086
-69.35251
-69.07078
-69.68738
-71.11041
-72.65671
-74.20799
-71.29743
-66.70445
-64.47566
-63.91759
-64.42126
-66.00938
-67.88561
-69.28309
-69.33987
-69.50525
-69.46478
-70.20159
-71.98684
-72.29673
-72.31901
-73.74727
-73.15627
-73.64484
-73.85042
-73.20144
-70.11331
-62.69116
-60.28466
-57.60730
-56.10295
-56.87576
-58.07358
-60.02846
-62.14494
-64.34365
-63.48339
-62.37104
-61.85686
-63.33169
-65.84035
-67.11259
-64.91289
-62.32145
-60.81537
-58.46834
-57.44287
-57.30697
-57.04783
-57.81718
-58.82040
-58.44833
-58.44334
-58.40286
-57.40053
-55.71321
-55.15283
-55.40362
-55.56887
-56.12350
-57.24532
-58.35597
-58.81354
-59.01978
-59.21075
-59.58610
-58.58900
-57.61428
-57.53894
-58.08281
-58.60750
-60.29357
-60.72396
-59.02682
-58.12905
-56.24337
-54.94493
-55.13535
-57.06471
-57.62320
-56.83467
-57.53142
-58.10011
-58.98032
-59.25471
-59.14845
-59.09483
-58.87326
-58.25747
-57.64495
-57.68263
-57.30006
-57.55986
-57.89766
-57.94545
-58.54939
-58.20465
-58.31794
-58.00177
-57.56017
-58.00990
-57.89599
-57.22036
-56.49346
-56.53646
-56.30086
-56.34263
-55.96072
-55.65218
-55.64126
-55.96484
-56.29252
-56.58326
-57.52141
-57.69087
-58.24128
-58.60247
-60.14693
-61.18200
-61.59283
-62.68908
-62.48532
-62.09384
-60.86614
-60.52118
-60.34005
-60.58503
-60.51134
-60.36049
-60.36391
-59.51101
-59.25657
-59.17370
-58.93194
-59.24807
-60.00281
-60.00326
-61.21998
-62.46550
-61.43004
-60.23926
-59.42157
-58.85122
-58.99947
-59.98677
-60.79806
-60.99164
-61.27014
-61.53668
-61.68147
-61.88478
-60.90095
-60.09847
-59.87941
-60.21854
-61.34427
-62.15027
-61.58927
-61.16023
-61.32895
-61.61054
-61.33522
-61.43497
-61.19050
-60.70869
-60.61423
-60.20768
-60.45079
-60.31812
-60.40478
-60.71108
-60.98221
-61.38231
-61.83977
-62.34832
-63.33212
-64.25903
-64.93059
-65.58341
-66.48748
-67.53601
-67.36892
-67.15020
-66.96220
-66.40109
-65.25878
-64.45599
-63.94282
-62.95633
-62.07949
-61.72233
-61.62633
-61.82547
-61.69424
-61.82300
-62.35706
-62.82769
-63.73292
-64.58962
-65.28261
-66.74317
-67.64243
-68.44351
-68.73327
-68.16995
-67.25471
-67.35862
-67.75210
-66.75684
-66.37155
-66.08644
-66.22300
-66.20134
-66.53120
-66.65276
-66.76659
-66.64638
-66.77751
-67.20280
-67.59694
-67.71732
-68.33992
-69.09057
-69.32369
-70.09785
-70.21311
-70.85189
-70.43857
-70.84594
-70.82845
-71.68976
-73.14076
-74.09883
-74.83159
-75.70283
-76.57894
-76.61862
-77.40390
-77.02359
-77.92228
-77.64473
-77.62209
-74.75721
-73.77171
-69.67405
-65.23029
-62.84509
-61.92227
-64.63766
-67.79764
-70.11164
-70.18100
-66.72252
-64.31176
-62.92627
-63.38340
-63.14940
-62.50986
-61.63545
-60.92952
-59.77004
-59.74968
-60.58180
-60.63672
-61.68507
-63.12732
-64.48487
-63.60739
-62.36229
-62.01105
-64.54957
-66.41106
-62.83239
-59.25270
-58.16949
-58.22253
-58.75502
-59.81853
-60.09149
-59.60820
-59.23475
-59.37459
-58.01938
-57.45702
-57.54564
-58.33183
-59.00971
-58.93749
-58.81305
-58.50535
-58.47763
-58.94992
-60.63791
-62.94129
-66.01111
-66.84779
-64.88857
-63.24869
-62.78175
-64.10148
-66.61964
-68.15695
-68.01846
-67.44244
-67.72507
-69.09774
-70.39764
-68.20511
-65.24177
-63.72543
-63.09131
-62.63018
-62.46050
-61.65148
-60.41159
-59.67400
-59.15124
-59.61302
-61.50318
-65.15768
-70.35387
-68.11381
-62.74916
-59.93489
-58.31543
-57.71719
-57.50042
-57.45336
-57.23279
-57.07272
-57.72929
-59.12911
-61.06052
-63.94903
-66.85081
-68.97956
-69.84473
-69.07078
-68.53661
-69.43676
-71.24019
-70.38591
-67.80401
-65.93830
-65.45426
-64.99868
-64.65521
-64.01332
-64.08035
-64.86530
-66.80678
-67.81932
-65.47536
-61.95828
-59.48379
-58.17730
-57.29383
-56.93611
-56.96136
-57.62251
-58.69209
-60.84800
-63.51330
-66.10127
-66.71177
-65.27738
-63.99198
-63.60508
-64.66689
-66.65715
-68.70115
-67.96143
-65.98979
-64.37324
-63.34534
-63.13281
-64.11571
-65.38421
-66.19486
-66.12625
-65.99524
-65.80314
-66.82961
-69.46158
-72.72835
-76.11376
-75.16212
-72.87059
-69.67180
-67.60322
-66.11860
-64.35694
-62.86759
-62.57580
-63.67400
-65.46019
-68.10080
-70.67792
-70.36325
-69.94955
-70.41860
-72.57776
-71.14090
-66.33581
-63.36986
-61.25467
-60.18422
-59.64954
-60.42965
-62.37487
-65.19910
-67.74374
-67.97339
-66.86057
-65.97313
-65.14962
-64.62530
-63.39737
-62.95955
-61.70069
-60.92686
-60.90437
-58.94313
-59.14833
-59.71273
-60.10603
-59.51636
-58.44357
-58.04155
-58.55335
-59.29835
-59.35059
-59.02527
-58.19912
-57.38762
-56.19383
-55.76392
-55.77914
-55.85412
-56.88942
-58.51634
-60.21063
-62.25439
-61.10418
-59.77038
-58.15442
-56.94004
-56.46958
-55.73476
-56.05965
-56.99447
-56.80976
-56.08370
-55.06479
-54.93123
-54.87373
-54.88827
-55.02268
-55.17008
-56.37553
-56.13736
-55.85249
-55.71707
-55.30530
-54.31012
-53.59179
-53.31229
-53.25679
-53.06744
-53.49151
-54.82527
-56.71261
-56.87152
-56.67917
-57.42592
-57.47640
-57.15653
-57.05333
-57.30907
-57.46309
-58.30885
-58.83521
-58.53937
-58.49773
-58.83737
-57.72834
-58.44661
-56.67092
-56.97422
-57.34786
-56.74131
-57.42498
-56.62396
-56.43904
-55.72822
-56.04253
-55.42006
-55.71621
-55.56720
-55.97425
-56.45706
-56.29411
-57.33141
-57.30232
-57.62866
-57.59138
-57.79823
-57.26446
-57.23156
-56.38396
-56.11375
-55.98886
-56.57982
-57.40884
-57.04378
-57.09391
-57.13039
-58.16855
-57.79282
-59.59511
-59.93774
-61.41369
-60.57426
-60.26418
-61.02618
-60.58869
-59.05192
-57.66263
-57.40548
-56.48191
-57.17661
-56.30817
-56.00768
-55.19462
-55.54625
-55.83629
-56.51314
-57.10208
-57.46106
-58.21175
-58.61735
-59.10146
-59.55269
-59.42768
-59.09080
-57.50470
-56.66647
-56.93556
-57.30030
-59.35246
-60.64402
-63.23715
-64.22313
-64.72288
-63.41255
-62.26775
-61.16492
-60.75855
-60.20589
-59.70217
-59.51943
-59.13762
-59.13992
-58.78788
-58.42423
-58.18662
-58.21432
-58.54226
-59.62646
-60.08123
-61.17471
-61.94021
-61.99972
-62.03705
-62.36192
-62.58547
-63.01831
-63.11183
-63.40852
-63.19948
-63.02807
-63.06959
-62.53022
-62.22776
-61.61665
-60.54795
-59.85178
-59.69732
-59.07291
-58.84058
-58.48711
-58.37288
-58.58798
-59.17403
-60.60458
-62.24888
-63.53769
-64.90120
-66.75640
-67.95359
-68.74232
-68.82233
-68.96638
-70.43363
-71.73248
-72.08137
-72.04937
-71.18354
-69.57894
-69.01059
-69.16717
-68.67503
-69.03331
-69.04666
-69.32708
-69.97993
-69.92661
-70.18203
-70.51766
-71.44359
-72.27612
-73.42723
-73.61391
-73.03754
-71.74009
-72.31963
-73.34128
-74.69279
-75.21994
-74.60818
-73.81452
-73.58011
-73.52967
-72.71265
-72.43105
-72.10102
-71.04638
-65.35565
-63.29387
-63.35175
-64.87173
-67.33089
-67.71176
-68.37341
-68.34132
-67.90014
-67.83935
-68.49669
-69.97839
-70.96535
-69.65361
-68.20120
-65.98369
-65.39243
-65.36079
-64.40315
-63.90505
-63.68924
-62.35144
-59.90020
-58.70760
-58.33876
-58.79336
-60.20406
-61.68519
-62.88133
-61.54673
-60.90681
-61.73060
-62.73521
-63.99191
-65.20222
-66.01796
-64.60951
-63.93974
-63.21906
-62.10247
-61.99744
-62.58361
-63.07406
-63.88909
-64.85823
-65.17106
-65.35568
-65.60364
-66.89897
-66.89839
-66.27966
-65.43179
-63.28739
-61.72956
-60.88054
-60.40622
-60.10726
-60.09232
-59.63939
-58.85271
-58.55854
-58.73545
-59.36227
-60.63069
-61.82191
-62.92464
-64.15825
-64.33157
-63.97463
-63.33892
-62.73607
-62.83625
-63.71736
-64.27863
-64.24060
-63.90681
-63.52505
-63.32884
-62.37002
-61.15193
-60.15116
-60.30097
-62.13907
-65.32532
-66.13334
-63.37920
-61.35764
-60.66027
-61.09312
-61.59284
-62.30356
-62.96741
-63.76423
-64.84078
-65.81436
-67.04248
-67.44381
-66.88613
-67.98318
-68.71102
-67.00221
-65.56797
-64.40373
-64.06792
-63.75449
-63.54364
-64.51712
-65.99093
-66.87966
-67.75812
-67.41334
-66.41437
-65.84075
-65.86476
-66.10188
-66.72747
-66.84224
-66.12989
-65.74972
-65.15599
-65.00550
-65.08648
-65.76298
-67.23589
-68.38553
-68.88457
-68.65343
-68.53484
-69.51777
-70.26710
-69.75396
-69.76223
-70.89878
-71.64983
-70.52023
-69.06174
-68.10012
-68.34521
-69.73276
-70.95149
-72.46779
-70.82850
-70.44961
-72.19409
-72.36827
-71.87271
-71.41658
-71.24275
-70.54654
-70.82981
-72.32998
-73.95730
-74.47162
-74.14470
-72.67818
-72.27809
-73.50646
-73.21210
-72.94017
-72.45593
-71.61047
-70.53694
-69.50783
-69.91046
-69.90401
-70.18774
-70.11744
-70.45186
-70.67126
-70.57023
-70.46201
-66.34018
-62.89183
-62.11679
-60.22200
-58.86338
-59.26077
-59.57080
-61.02051
-63.83688
-68.00317
-70.08067
-69.44850
-68.82203
-69.17001
-71.23506
-73.72752
-72.44871
-66.75982
-64.12753
-61.78135
-60.18483
-60.26645
-60.13147
-60.35120
-61.10587
-62.20560
-64.03216
-67.37640
-70.33350
-69.74637
-69.03716
-66.17800
-61.51636
-59.24363
-59.27487
-60.71904
-62.99905
-66.32593
-68.79460
-66.38028
-65.63663
-67.00417
-67.28740
-69.54314
-74.14251
-71.23621
-66.92528
-63.76241
-62.87786
-62.88408
-62.79269
-65.14722
-69.53175
-68.65302
-64.62524
-61.59699
-62.03605
-59.54417
-56.12908
-56.13882
-55.51832
-54.60744
-53.33381
-52.24672
-52.41203
-53.04319
-53.68693
-54.60606
-55.19121
-55.53269
-55.79232
-56.07476
-56.87027
-57.65052
-57.92931
-58.11577
-57.48914
-55.67694
-55.07617
-54.79483
-54.70863
-55.10009
-55.55025
-55.86100
-56.51340
-56.16018
-55.10178
-55.83516
-57.09482
-57.94160
-58.55180
-59.22212
-59.15417
-57.32938
-55.51887
-54.75828
-53.80652
-52.42449
-51.70906
-51.69857
-52.48388
-53.60985
-54.96304
-56.09291
-56.68813
-57.85278
-59.93368
-60.15199
-58.12067
-57.06468
-56.89901
-57.96958
-59.67637
-57.57573
-54.05873
-52.74330
-52.90132
-53.92145
-54.84980
-55.35069
-55.61014
-55.71597
-57.38698
-61.45814
-62.84871
-60.09373
-58.34698
-58.12238
-58.08074
-58.50931
-58.73384
-58.35752
-59.64906
-61.08531
-62.32809
-62.12353
-62.62323
-64.38728
-65.40027
-63.66166
-62.28516
-63.55703
-64.85194
-65.32784
-65.36272
-66.43290
-66.32884
-66.58967
-67.45027
-66.91154
-65.02238
-64.26594
-63.85765
-64.08934
-64.52949
-64.11051
-64.18937
-65.39592
-66.88618
-67.39917
-68.35922
-69.35680
-69.32757
-66.92987
-67.03002
-68.00467
-68.92065
-67.98635
-67.07439
-66.89190
-66.04027
-65.20842
-63.85875
-63.10385
-63.04883
-63.75241
-63.13525
-63.26261
-63.61175
-63.94534
-64.27020
-65.05276
-66.68395
-67.80025
-70.56024
-72.59509
-73.15773
-74.44702
-76.13080
-76.47432
-76.03221
-75.59191
-74.20783
-72.82618
-72.39964
-72.12718
-71.45448
-71.22673
-71.90305
-72.53978
-73.28648
-72.48029
-71.81251
-71.75429
-72.22801
-73.37002
-73.82494
-74.44522
-74.65205
-76.14702
-77.24158
-78.46387
-78.83364
-77.80750
-76.25193
-75.24072
-74.25050
-73.93176
-71.86999
-68.76899
-66.19577
-63.66575
-62.61356
-61.44355
-60.31646
-60.53561
-61.38721
-61.58558
-61.69744
-60.98471
-60.99653
-61.78021
-61.74474
-61.92643
-63.06490
-63.51805
-62.66868
-62.12090
-62.23252
-62.80729
-62.66571
-63.40982
-65.85671
-67.75008
-66.79580
-65.87429
-64.45717
-64.20847
-64.25650
-64.91625
-65.31888
-65.77042
-68.07396
-68.71955
-67.86126
-66.86662
-65.84267
-65.32599
-64.59395
-61.77345
-60.15274
-60.19880
-60.73914
-61.57236
-62.94061
-64.74499
-66.35678
-65.15110
-63.58665
-63.04649
-64.22568
-64.57263
-65.24423
-68.42156
-68.40082
-66.45630
-64.71698
-63.70898
-63.34320
-63.50642
-62.83114
-62.14503
-62.52665
-63.53331
-64.62382
-65.82675
-68.30890
-68.83639
-66.36387
-66.38263
-65.55242
-63.50742
-62.26678
-62.15238
-63.14754
-64.97956
-65.71262
-65.67481
-66.18921
-66.98756
-67.80604
-65.61921
-63.36773
-62.54196
-64.12398
-65.19011
-65.40982
-64.97589
-64.11083
-64.48226
-65.00997
-64.12927
-62.51780
-62.20335
-61.89872
-62.11234
-62.89582
-63.88962
-64.38691
-64.59506
-64.80131
-64.23930
-63.77054
-63.99344
-64.20897
-63.32485
-62.66739
-62.45389
-62.36044
-62.81884
-63.31476
-63.58037
-63.30351
-63.02337
-63.56345
-63.80171
-64.57868
-66.10548
-67.01331
-67.23571
-67.54658
-67.09607
-66.25129
-66.11831
-66.29084
-67.46700
-67.53465
-67.69219
-68.10319
-68.41986
-68.85845
-69.16213
-69.07694
-68.97177
-70.35060
-71.42244
-71.03406
-70.46492
-70.74418
-70.09086
-68.98056
-69.15881
-69.89933
-68.02339
-67.60280
-68.31723
-68.40848
-69.36546
-71.95449
-73.63836
-73.86656
-73.25949
-72.13954
-71.87420
-72.10684
-72.84349
-72.11684
-72.32229
-72.02132
-71.50984
-70.23118
-69.46895
-68.41595
-68.11336
-68.60290
-69.83168
-70.47809
-71.34786
-71.52561
-70.83261
-70.05208
-69.95193
-65.21235
-60.56877
-62.10428
-62.46906
-60.77502
-60.91460
-61.81733
-63.19562
-64.50896
-65.80756
-66.49016
-68.19860
-69.15147
-69.10343
-68.91576
-67.93509
-65.03870
-60.92909
-57.92262
-57.91420
-59.82207
-61.26611
-60.60301
-57.22623
-55.23439
-55.21422
-56.24531
-57.80000
-59.17348
-61.11623
-63.32205
-67.59765
-67.66601
-64.01839
-62.56250
-62.43977
-62.78140
-61.12719
-59.57715
-59.84672
-60.01816
-59.94630
-59.69302
-59.24758
-60.44614
-60.57454
-60.62751
-60.60928
-60.52863
-60.01048
-59.80735
-61.11329
-62.75738
-65.02680
-68.82098
-66.91602
-63.73348
-63.27547
-59.19131
-57.47721
-56.90372
-55.05400
-53.47793
-52.79193
-53.47280
-53.81390
-53.52264
-54.01372
-55.10382
-56.41480
-56.92340
-58.06394
-59.10281
-58.52703
-58.42434
-58.03929
-57.29247
-56.61371
-55.10628
-54.98578
-56.45129
-56.22006
-55.54603
-54.82907
-54.18416
-53.93971
-53.95441
-53.79591
-54.04665
-54.27032
-54.23038
-54.74212
-55.22930
-55.33063
-55.48748
-56.31079
-57.66230
-58.52986
-57.37699
-56.20225
-56.12999
-58.12583
-59.07776
-57.16848
-56.41341
-56.13510
-56.55156
-56.03457
-56.12097
-56.20909
-54.84580
-55.19257
-55.65531
-55.96875
-55.95364
-55.00394
-54.08344
-54.94964
-56.08966
-56.04447
-56.37794
-56.95392
-58.24358
-59.60505
-60.30576
-60.62991
-60.23801
-58.71550
-58.14127
-57.71467
-57.16657
-58.07387
-59.89643
-58.85272
-57.90969
-58.12024
-58.51515
-58.71041
-58.72171
-59.06111
-58.59081
-58.36695
-58.52207
-59.16423
-59.02087
-58.73345
-59.05264
-59.66240
-60.96789
-62.72385
-63.41111
-64.39722
-65.21322
-65.82197
-67.53086
-67.89007
-67.56495
-67.04765
-68.31517
-67.33056
-66.16545
-66.94079
-66.89001
-66.91783
-67.18671
-67.40972
-66.18694
-65.32655
-65.63158
-65.76711
-65.73524
-66.63121
-66.09135
-65.32790
-65.59610
-66.24062
-67.43614
-67.63373
-67.28314
-67.24419
-67.47370
-67.07850
-67.27320
-67.79840
-68.33017
-68.96934
-68.84292
-68.02507
-68.77923
-69.16885
-69.25453
-69.59930
-69.82664
-69.84189
-70.21614
-70.28638
-69.95263
-69.43005
-69.89002
-69.93496
-69.97621
-69.85719
-69.08135
-69.46186
-69.22878
-70.33003
-70.84783
-71.56544
-71.63171
-71.53062
-69.97044
-72.55740
-72.26798
-75.06824
-73.26396
-76.46090
-72.57088
-76.42602
-65.72848
-56.00055
-57.84366
-60.10858
-61.73797
-64.02756
-65.78793
-64.03346
-64.47540
-70.07788
-69.57584
-71.51297
-70.55266
-70.32177
-67.72819
-66.72879
-65.46123
-64.70380
-63.77200
-63.16107
-62.76562
-62.36974
-62.17205
-62.07961
-62.13512
-62.53607
-62.87860
-63.33844
-63.85887
-64.50426
-65.62265
-66.42581
-67.50709
-67.19674
-68.55697
-69.75641
-70.29225
-71.01649
-71.47560
-72.24971
-72.47997
-73.04570
-73.42768
-72.76196
-71.50601
-70.77183
-70.13022
-70.18817
-70.24795
-69.73679
-69.11470
-69.18866
-69.35065
-69.55734
-69.93720
-70.45744
-71.15945
-71.35279
-72.69313
-73.82956
-74.56305
-74.72791
-75.04640
-75.11048
-74.62152
-74.16644
-70.81546
-68.72457
-69.20458
-69.65798
-70.28333
-70.37939
-70.76040
-70.57214
-70.77962
-70.97105
-72.08524
-72.72539
-73.12341
-74.25126
-75.18165
-76.47584
-76.32286
-76.81710
-75.37949
-76.14201
-74.49613
-74.98182
-74.19341
-75.77800
-74.52817
-75.92059
-74.71953
-76.91832
-75.44917
-78.32413
-75.83326
-80.25161
-71.46046
-56.89786
-57.30530
-60.42424
-62.13455
-65.36944
-66.65368
-69.54456
-70.09436
-73.35055
-73.09822
-74.77155
-75.47683
-76.70932
-75.23946
-78.74935
-76.01692
-77.44371
-78.66925
-77.69178
-78.23102
-77.84193
-77.61443
-77.88224
-80.78802
-77.79836
-81.06807
-78.71434
-84.59892
-78.20204
-88.60121
-77.10137
-88.38826
-64.90124
-56.29721
-58.86927
-60.76121
-62.60639
-63.17390
-64.95441
-67.28835
-68.57811
-68.98951
-67.01110
-66.94744
-68.29478
-69.48924
-69.39149
-70.13040
-68.11033
-67.13333
-66.65007
-66.23951
-64.53717
-63.86423
-63.29955
-63.57066
-63.89361
-63.79238
-63.33764
-63.10548
-63.37282
-62.73587
-62.90890
-63.31303
-62.98392
-62.50997
-62.40305
-62.26706
-62.36617
-62.58042
-62.98112
-63.02386
-62.86111
-63.10650
-62.87177
-62.89876
-62.25983
-62.11318
-61.86387
-61.85634
-61.87773
-61.57314
-62.27419
-62.41312
-62.60364
-62.88556
-63.42468
-63.41564
-63.18267
-62.74950
-62.30389
-62.29930
-61.81052
-61.32754
-60.96680
-60.94355
-60.86919
-60.22118
-60.60638
-61.06594
-61.76264
-62.06935
-62.54265
-61.93004
-61.44168
-63.85502
-63.55620
-64.44368
-66.61656
-67.50228
-68.09880
-68.32864
-69.69733
-70.05781
-70.57469
-71.10746
-71.77485
-71.77161
-72.33440
-72.29152
-72.83515
-73.61411
-73.61528
-73.77517
-73.44057
-73.05166
-73.01879
-73.26219
-73.36177
-73.94331
-73.30423
-71.50696
-72.66275
-74.22321
-73.96866
-75.19935
-75.20106
-75.95583
-75.97118
-76.49113
-76.24769
-76.57388
-76.50674
-76.90016
-76.21903
-77.13851
-77.61718
-78.05924
-78.76088
-79.25133
-78.53848
-78.40620
-78.84616
-78.22200
-80.24619
-78.30401
-79.76021
-77.93716
-81.04972
-77.52691
-83.77971
-75.19327
-83.96904
-62.32526
-55.60049
-58.21603
-59.92763
-62.55997
-65.07235
-66.15660
-67.60924
-69.51215
-70.36362
-69.66788
-68.90005
-69.28057
-69.78667
-69.42027
-69.65353
-69.07890
-68.58931
-67.35060
-67.50710
-67.05830
-67.34731
-67.57110
-67.81710
-66.78045
-66.72477
-65.65427
-64.94448
-64.38593
-64.11086
-64.32307
-64.15985
-64.37624
-63.31998
-63.03025
-62.89783
-62.90017
-62.89159
-63.40608
-64.47803
-64.47663
-64.29946
-64.61701
-65.70850
-65.77475
-65.62367
-66.45593
-66.06282
-66.31970
-66.78599
-66.75074
-66.28016
-65.89385
-65.42004
-65.50074
-66.40763
-66.24617
-66.30975
-66.17299
-66.88210
-67.30839
-66.82735
-66.44810
-67.06493
-68.47196
-68.92143
-68.90456
-69.85026
-71.44461
-72.36719
-72.83623
-72.51678
-72.36201
-72.57803
-73.65161
-74.21767
-74.63025
-74.65537
-75.75602
-76.08067
-75.89810
-75.78259
-75.75726
-76.12794
-77.13289
-77.31366
-76.61910
-76.68822
-76.47365
-76.78763
-77.48169
-77.68867
-77.27077
-77.23361
-77.09226
-77.88526
-77.74838
-78.15741
-76.75357
-76.17507
-79.97855
-81.24534
-80.32897
-78.87992
-77.91388
-79.79690
-80.57324
-81.64760
-80.92085
-81.04372
-80.27733
-83.04925
-82.45420
-84.21222
-83.10481
-83.79635
-84.06565
-86.28077
-86.02879
-86.24724
-85.97429
-85.25632
-90.12729
-87.84975
-95.90363
-86.88279
-102.90605
-84.42897
-95.43359
-80.39147
-80.33388
-62.55962
-55.73942
-58.91499
-60.03889
-61.74916
-62.27496
-63.87676
-64.25367
-65.23633
-66.28817
-66.14950
-66.20408
-66.50078
-68.97261
-70.73050
-70.84880
-69.02815
-68.17406
-66.11959
-66.65500
-67.64263
-68.06496
-67.97603
-68.45279
-66.45252
-65.83715
-65.86990
-66.62064
-65.93155
-64.39339
-63.10909
-62.78567
-62.43123
-57.11492
-56.15677
-58.10179
-57.90078
-58.11522
-58.56502
-58.60160
-57.92017
-58.08248
-58.61923
-58.91609
-59.73275
-59.48010
-59.19776
-59.34237
-60.08823
-61.07782
-61.51607
-61.83158
-61.67095
-61.71321
-62.56849
-63.40346
-63.93660
-64.42759
-64.53682
-63.13298
-63.13918
-62.82035
-63.04985
-63.22113
-63.60679
-61.91943
-58.00914
-59.10235
-61.78295
-64.18015
-65.88827
-65.53829
-65.58161
-64.80169
-64.65888
-65.81929
-67.05838
-65.97475
-65.86272
-66.24751
-67.84612
-68.59138
-69.97990
-70.19565
-69.82095
-69.92046
-70.44072
-70.63105
-71.11855
-72.65054
-72.67720
-73.64262
-73.58505
-74.57446
-72.99266
-74.58532
-73.18807
-78.54436
-68.76824
-61.68597
-64.08968
-66.39376
-68.17697
-69.71435
-69.79959
-71.29426
-71.47005
-73.87810
-73.88466
-76.38682
-74.70217
-74.78061
-73.69538
-77.98253
-75.28911
-64.53131
-64.27559
-67.97577
-67.99377
-69.69610
-69.92502
-71.94415
-72.62580
-73.53498
-74.92349
-74.56997
-79.10998
-76.10768
-86.44179
-74.55148
-81.59591
-57.30195
-51.76806
-54.79281
-56.61421
-59.39253
-60.87813
-64.13207
-65.48590
-67.00171
-67.78552
-68.29300
-68.63516
-67.70392
-66.32040
-64.95155
-63.71286
-62.54429
-62.22097
-61.11122
-60.21709
-59.85096
-59.75879
-59.42117
-59.42475
-59.17300
-59.68907
-59.90821
-60.29869
-60.59547
-61.26297
-62.13742
-62.96093
-63.12925
-63.35533
-63.36709
-64.24722
-65.59339
-66.18744
-66.83339
-67.09940
-67.72482
-67.72161
-67.84346
-67.18010
-66.36606
-65.21305
-64.45938
-64.08435
-63.45748
-62.80297
-62.66273
-62.68453
-63.38813
-63.35727
-64.24829
-62.73943
-62.32269
-66.74043
-66.25082
-67.66636
-68.61680
-66.22079
-66.97684
-66.27685
-66.60273
-64.43249
-61.07552
-61.07494
-61.74469
-62.20769
-62.72765
-62.52270
-63.43901
-64.32109
-65.35043
-65.45358
-66.61018
-66.84885
-67.55843
-68.44186
-69.07547
-70.17048
-63.69368
-62.45870
-65.02644
-66.74216
-68.16275
-68.04247
-69.21545
-70.07883
-69.62182
-69.72413
-70.08075
-71.76648
-69.77314
-71.11641
-68.96699
-75.19204
-62.75632
-55.85803
-58.44164
-60.61515
-62.97220
-64.53434
-65.75283
-67.41363
-68.20708
-70.94870
-70.88931
-71.43024
-71.06310
-72.40450
-71.83820
-73.61894
-71.30111
-71.53804
-70.69763
-71.81047
-71.26019
-72.33403
-72.49598
-72.59474
-71.32269
-71.83965
-72.31954
-71.97904
-72.88097
-71.32052
-76.85230
-71.01658
-114.72521
-57.58231
-53.58543
-57.50068
-58.85319
-60.92347
-61.18445
-63.76010
-65.55621
-62.18011
-59.13653
-61.56839
-62.68578
-64.43537
-65.34358
-67.20952
-67.28552
-65.62914
-67.56853
-64.87542
-64.68355
-63.48355
-63.64403
-62.87699
-62.58117
-62.19804
-59.22412
-57.72820
-58.82403
-59.88598
-60.59533
-61.62630
-61.91189
-62.42954
-61.27713
-61.31078
-61.74319
-61.56947
-62.64932
-62.23996
-62.05789
-61.92784
-61.87095
-61.70827
-60.85374
-60.86069
-60.38830
-60.41733
-61.04027
-61.02482
-61.70489
-61.62805
-62.11526
-62.73499
-62.76748
-63.07184
-62.59080
-62.71588
-62.36640
-62.52997
-62.22665
-61.12073
-60.73275
-60.67989
-60.71037
-60.60603
-60.48214
-60.47574
-60.70651
-61.14802
-61.36058
-61.94159
-61.55686
-61.79919
-63.58488
-62.59424
-64.21465
-65.84316
-65.89102
-67.39177
-66.74153
-68.15625
-67.73587
-68.26939
-68.97435
-70.03405
-69.92220
-69.75370
-69.68858
-70.45525
-71.36827
-71.77476
-70.34507
-69.35808
-69.67919
-69.76698
-70.91595
-69.94791
-72.73107
-64.06328
-61.17349
-64.00549
-66.44452
-67.85841
-69.35957
-69.02521
-71.69592
-65.88234
-60.73091
-63.42980
-65.37428
-66.15474
-68.38883
-67.65190
-72.09793
-66.55590
-60.14773
-61.78054
-64.40605
-65.36680
-68.37437
-68.72494
-70.87526
-70.64764
-70.75855
-69.97523
-70.93924
-71.94587
-71.45794
-72.52779
-70.76473
-73.11457
-56.24497
-53.42470
-56.66444
-58.57841
-62.17630
-62.46482
-64.55696
-68.10703
-59.85704
-56.32468
-58.60163
-61.39071
-61.30374
-59.91494
-63.15172
-64.42522
-64.97753
-64.32522
-63.85546
-65.87067
-65.89981
-66.20826
-66.45485
-66.70684
-65.43385
-65.25911
-64.92236
-64.52614
-63.12263
-63.38696
-63.02509
-63.01252
-62.64711
-62.56660
-61.71661
-61.51989
-62.04634
-62.59047
-63.20534
-63.20795
-63.97642
-62.96870
-63.27538
-64.78775
-64.89249
-64.32522
-64.53392
-64.98712
-65.40953
-64.80768
-64.70367
-64.82716
-64.79052
-64.53340
-65.11171
-65.49619
-65.42585
-65.24309
-65.61648
-66.20459
-65.98516
-65.34333
-65.56871
-66.63111
-66.98437
-67.21123
-65.36751
-67.07140
-68.28462
-68.83917
-68.69595
-69.36734
-69.42965
-68.72531
-68.41832
-66.56538
-68.23531
-70.62728
-70.19949
-69.78519
-71.00490
-69.46382
-69.79477
-69.77913
-71.11891
-70.63271
-71.02533
-71.29123
-71.09703
-71.29319
-70.79158
-71.51503
-71.68380
-73.09488
-72.47433
-73.24357
-72.50442
-73.47277
-70.63212
-69.07469
-71.81561
-72.08042
-71.82351
-72.10463
-72.92318
-73.70764
-71.95567
-69.99422
-71.26403
-72.84025
-72.58311
-72.70993
-72.54895
-73.79400
-73.71082
-72.77209
-73.70094
-75.80436
-75.38981
-79.53717
-77.21311
-79.77881
-78.32425
-81.27249
-78.20961
-80.76048
-79.79535
-80.28948
-80.56643
-78.53351
-84.63766
-55.60555
-53.75729
-56.68946
-57.59971
-60.99273
-60.62044
-62.81865
-62.68197
-60.41621
-59.25051
-60.50852
-60.41750
-59.14066
-59.44808
-59.11227
-59.43110
-59.04391
-58.22787
-59.20564
-59.86863
-59.18118
-59.81653
-59.76954
-60.25645
-58.89244
-56.79921
-58.58559
-59.20257
-60.45219
-61.91397
-61.77379
-62.43702
-61.72330
-60.35764
-60.93941
-61.85553
-61.59757
-62.69835
-62.33897
-62.24910
-62.30839
-62.08926
-61.55445
-62.18979
-61.67410
-61.14189
-61.33200
-62.31039
-63.24789
-62.35475
-62.34178
-62.86070
-62.81208
-62.48611
-62.86901
-63.30407
-63.48283
-63.13446
-62.49578
-62.91249
-63.01560
-64.04852
-65.13049
-64.10611
-64.79658
-63.52506
-62.91215
-63.81240
-64.26613
-65.37002
-67.55297
-68.24337
-68.70378
-68.04384
-66.37697
-67.14953
-67.78162
-66.41959
-66.99541
-67.59846
-67.81959
-67.01692
-62.84751
-63.58246
-65.25714
-65.31710
-65.53482
-65.53785
-66.15015
-66.47939
-66.68522
-67.59506
-68.97319
-68.26608
-68.55365
-68.38675
-68.67340
-69.28578
-69.49612
-68.15597
-69.58647
-70.27811
-70.15455
-70.61477
-70.93785
-71.88199
-70.60338
-70.03153
-71.68838
-72.87419
-73.08175
-73.56020
-72.57037
-73.28947
-71.44112
-71.55736
-71.27480
-71.64824
-71.23965
-72.87309
-71.38301
-73.96925
-73.05224
-75.24793
-75.26881
-79.11129
-76.72508
-79.55587
-78.83155
-81.34312
-75.79069
-53.43162
-52.41114
-55.51762
-55.76521
-57.18450
-57.50252
-58.45294
-58.46529
-59.70260
-60.60825
-61.02920
-58.54325
-57.79884
-58.29731
-58.30790
-58.55342
-57.35353
-57.18925
-57.32046
-56.49206
-56.60472
-56.49418
-56.13645
-55.76421
-55.94132
-56.44001
-56.58761
-56.15639
-55.86443
-56.56018
-56.61878
-56.23083
-55.63103
-55.45742
-56.27266
-57.20607
-58.15270
-59.19805
-60.25069
-60.71177
-59.99044
-59.22174
-58.55789
-57.91490
-57.41959
-56.43721
-55.90719
-56.13928
-55.84288
-55.02518
-55.17914
-55.98970
-56.43460
-56.00533
-54.86702
-56.01153
-57.92263
-58.21207
-58.25876
-59.12081
-59.27576
-58.76997
-57.32660
-57.13516
-57.69292
-56.39590
-55.35006
-54.76466
-54.75022
-54.42968
-54.04451
-53.78989
-54.11239
-54.46724
-55.15655
-54.90701
-55.09655
-55.62480
-56.88676
-58.34839
-59.74392
-58.58785
-55.54729
-55.61842
-55.38705
-56.01134
-56.89588
-57.38615
-58.28303
-58.09015
-57.36849
-56.47691
-56.82233
-57.98734
-58.15067
-59.05431
-58.45036
-58.54031
-55.38833
-55.05738
-57.14892
-57.27385
-59.24892
-58.65472
-61.26294
-61.79539
-61.08480
-60.63126
-60.14326
-60.37832
-60.67104
-60.59828
-60.97102
-62.37458
-62.30730
-63.35008
-63.65205
-66.01840
-66.02409
-64.47780
-62.88596
-61.68337
-62.41124
-64.67828
-66.56685
-66.32771
-65.42593
-68.14854
-64.80624
-64.49350
-62.65801
-54.52333
-53.80580
-54.11820
-53.45252
-54.22415
-53.52460
-53.90856
-55.19558
-56.19289
-57.64373
-59.11901
-59.95650
-60.98064
-61.15401
-61.29573
-61.41982
-61.11002
-61.04486
-59.59999
-58.31229
-58.86679
-57.92636
-58.10351
-58.84121
-57.93668
-56.55170
-55.36909
-57.27090
-58.27281
-58.29566
-58.33331
-58.74189
-58.19915
-57.87278
-58.06947
-58.39785
-58.92638
-57.99626
-58.46180
-57.78641
-57.70191
-57.59074
-57.89616
-57.47425
-56.89088
-56.95166
-56.95494
-57.47770
-57.09568
-58.05784
-58.50626
-58.29709
-58.23143
-57.44747
-56.95294
-56.86388
-57.01254
-56.36038
-56.02424
-55.55493
-54.92576
-55.02578
-54.91743
-55.21084
-55.62420
-55.26767
-55.39590
-55.44361
-55.93215
-57.24195
-57.82277
-57.80018
-57.70633
-58.00306
-57.59573
-56.89918
-56.22631
-55.29437
-54.65380
-54.56660
-54.98666
-55.35459
-55.45383
-56.59823
-56.34564
-56.96725
-57.45608
-57.36706
-59.66740
-60.44400
-59.95611
-59.01635
-59.06179
-59.32188
-59.14115
-57.71337
-57.15439
-57.12722
-56.72146
-56.09704
-56.81665
-57.13414
-56.44137
-55.56748
-55.20597
-56.47394
-56.25058
-56.02567
-56.12653
-56.31934
-56.75258
-56.48937
-56.28451
-56.79884
-56.16097
-55.55899
-56.55139
-57.33467
-57.08730
-58.14917
-58.62722
-58.51984
-58.66976
-59.19278
-59.24179
-59.33862
-59.94618
-60.47883
-61.27767
-62.05241
-59.16857
-51.89285
-52.66399
-56.06320
-55.90628
-56.17945
-55.06903
-58.12808
-56.86863
-53.66163
-53.29488
-53.93350
-55.74818
-55.47228
-54.66115
-56.87905
-57.45176
-57.54735
-57.77473
-57.67058
-58.91326
-58.65848
-58.66443
-59.53730
-59.52733
-59.11193
-60.45144
-59.94710
-58.95020
-57.93445
-56.77243
-56.60431
-56.55414
-56.47551
-57.26294
-56.83780
-55.89318
-56.27140
-55.33334
-55.26933
-55.16184
-55.91536
-56.10679
-54.78252
-56.28929
-54.77706
-54.91880
-56.56571
-56.25745
-58.14647
-57.59240
-57.04424
-57.28463
-57.29969
-57.47237
-56.95800
-56.51889
-56.15430
-55.49534
-56.03423
-55.41500
-55.02040
-54.50835
-54.38540
-55.39313
-55.89091
-57.19966
-56.60573
-56.71592
-57.22343
-56.48348
-56.78849
-57.14892
-56.68257
-57.90814
-58.36867
-59.84068
-59.38743
-59.34595
-60.13646
-59.73231
-60.49296
-60.03181
-60.67649
-61.45237
-63.32103
-63.26993
-63.35278
-61.84388
-62.32504
-61.76906
-61.98177
-62.76313
-62.70185
-64.28485
-64.51754
-64.60582
-65.91639
-65.51656
-63.80551
-64.79635
-65.19275
-64.67253
-63.14665
-61.16355
-59.47381
-59.54749
-58.90119
-59.01900
-60.03219
-61.18738
-62.23963
-62.84744
-65.09258
-66.89907
-67.26491
-67.88133
-69.18735
-67.63602
-66.78050
-66.37603
-65.46522
-66.80969
-66.57469
-67.69668
-65.70730
-63.99536
-62.83216
-65.49989
-65.44557
-75.07866
-61.19168
-52.04639
-54.63962
-55.26221
-54.71370
-55.77761
-56.17150
-54.84525
-53.74192
-54.14619
-53.78178
-54.05674
-53.34452
-53.90308
-54.01856
-54.92176
-55.36021
-54.93604
-55.18764
-55.87084
-55.63982
-55.85549
-55.89095
-55.21238
-55.95703
-54.22446
-54.27312
-55.94496
-56.25778
-56.79996
-57.36637
-57.52554
-57.13875
-56.64147
-56.54358
-56.87763
-56.47585
-56.25495
-56.48608
-56.31492
-55.81526
-56.06786
-56.04418
-56.51030
-56.99580
-57.34850
-57.55191
-57.52806
-59.12440
-59.17156
-58.37124
-58.60836
-58.02969
-57.39745
-55.83853
-54.92517
-55.41780
-55.87934
-56.67060
-56.55386
-56.90413
-56.77376
-56.48263
-56.92519
-57.59716
-56.61686
-55.90715
-56.60411
-57.62443
-57.89774
-57.38239
-57.00017
-57.27300
-57.92272
-57.94995
-58.84677
-58.84369
-59.25220
-58.33266
-58.23305
-58.61521
-58.55636
-58.09640
-57.01044
-56.98169
-56.34526
-56.02739
-56.33905
-56.03622
-55.78065
-56.11852
-56.28139
-56.68406
-57.34789
-56.95487
-56.14935
-55.72028
-56.71304
-57.43960
-56.97143
-57.59009
-57.01282
-56.96476
-57.20779
-57.43203
-57.97280
-58.36164
-58.64831
-58.59863
-58.91066
-59.52301
-59.73154
-59.38766
-58.68111
-58.70519
-59.05389
-59.37966
-61.17311
-61.93310
-61.67502
-62.21379
-63.15102
-62.77091
-63.34145
-63.66671
-63.21901
-62.71644
-62.79652
-63.26101
-63.55482
-64.43905
-64.77288
-60.79988
-59.38619
-59.42255
-59.12944
-59.51770
-58.84170
-58.24412
-57.78926
-59.92476
-60.79491
-61.62094
-60.87249
-60.60391
-60.26742
-59.72843
-59.88990
-58.45342
-58.71975
-58.46571
-58.36004
-57.98218
-57.91221
-57.49572
-57.62893
-57.56855
-58.34366
-59.39553
-59.39111
-59.51923
-59.15712
-59.90884
-60.44470
-61.14411
-61.72448
-61.43511
-61.89891
-62.02938
-62.62022
-63.97998
-64.12420
-64.64869
-64.85161
-65.01949
-64.52576
-64.61011
-63.25397
-63.64024
-61.53782
-59.02311
-59.52441
-59.49171
-60.05939
-60.53020
-60.31853
-60.24481
-60.45867
-61.83892
-62.06809
-61.98016
-62.33337
-61.33455
-62.32317
-63.21598
-63.39034
-62.37211
-61.23958
-60.22775
-59.09801
-58.25463
-57.87994
-57.75950
-57.39137
-57.43947
-58.12391
-58.64949
-58.99490
-60.34682
-60.78273
-62.29673
-64.02800
-65.86503
-63.76379
-60.82691
-60.04398
-59.98669
-61.51168
-61.78210
-62.04759
-61.24627
-60.26677
-60.03748
-60.40049
-61.43297
-61.18115
-61.61420
-62.47331
-61.94834
-62.57090
-63.10634
-63.22624
-64.28836
-64.96133
-63.50569
-62.98909
-65.75291
-65.25301
-64.80116
-64.21122
-64.62913
-64.70531
-64.15878
-65.06508
-66.32739
-68.15783
-66.85578
-67.61979
-68.64971
-69.08770
-67.63669
-67.45054
-71.02885
-71.98746
-70.64321
-71.44410
-70.59228
-70.76901
-70.43621
-72.21724
-72.54669
-74.45506
-69.81743
-62.85550
-61.51427
-62.35845
-62.23189
-61.64183
-61.97600
-62.06991
-62.65205
-62.89610
-63.88108
-63.23529
-62.90491
-62.60646
-63.86325
-64.97785
-65.45153
-65.11735
-64.52327
-64.27750
-63.46797
-63.34126
-62.64248
-63.75522
-63.47645
-63.44420
-63.42030
-63.21115
-63.18293
-63.93088
-65.17471
-65.30345
-64.88021
-65.63396
-65.42140
-64.86946
-64.78475
-64.99294
-65.20942
-64.74589
-64.82205
-64.82046
-65.53109
-65.99856
-65.97569
-65.98478
-66.10623
-65.47607
-65.75613
-65.78137
-66.36145
-66.55412
-66.44723
-66.80569
-67.50037
-67.34272
-66.73481
-66.13522
-63.34493
-62.35342
-61.97471
-61.30180
-61.71391
-62.56970
-63.84529
-63.26919
-63.10290
-63.28224
-61.60270
-62.73735
-64.08054
-64.16160
-64.99365
-65.32133
-66.33319
-65.72714
-65.80151
-66.02421
-65.23472
-65.60311
-65.91176
-66.82228
-66.77095
-67.44794
-68.02226
-68.05155
-69.65305
-69.27254
-68.93373
-69.57110
-70.00020
-69.60710
-68.09011
-67.22066
-67.90310
-68.40429
-68.62401
-67.75700
-67.83705
-67.80409
-67.61872
-68.42826
-68.75345
-68.67605
-67.66698
-67.59340
-67.93575
-68.33841
-67.96275
-67.23213
-66.87682
-66.91616
-66.92938
-66.97930
-67.11976
-67.51674
-67.87267
-67.54188
-67.68566
-68.07888
-68.55113
-68.70425
-68.67761
-69.79133
-71.00188
-70.37938
-70.59460
-71.34713
-72.20991
-71.86889
-72.62794
-70.02270
-66.14943
-64.58512
-63.35424
-63.56525
-64.04382
-64.11316
-64.80723
-66.47142
-64.60511
-64.13962
-63.69843
-61.91704
-62.03588
-62.35491
-63.59536
-62.73677
-62.58913
-63.20077
-63.45463
-64.28333
-65.16211
-67.01739
-68.17766
-68.41382
-68.64193
-68.81778
-68.44160
-68.09767
-68.01569
-67.19869
-66.68778
-67.04277
-66.78439
-66.17100
-64.97799
-65.69861
-66.55529
-66.19230
-66.19773
-66.68937
-68.55321
-69.32019
-69.19620
-69.59237
-69.54178
-70.12936
-70.04620
-70.06150
-70.73984
-70.58549
-69.02861
-67.97983
-68.66554
-68.90586
-68.77630
-68.62522
-68.45686
-68.43275
-68.85510
-69.21375
-70.07170
-69.71487
-69.85679
-70.27789
-70.64510
-71.13208
-71.59284
-71.96379
-71.29824
-70.64552
-70.27194
-71.64064
-72.15247
-72.08161
-72.98128
-74.05365
-74.02956
-73.93012
-73.84570
-74.23295
-73.56970
-72.47733
-72.57223
-74.11900
-74.83275
-74.84822
-75.07779
-75.41917
-75.40921
-75.04960
-76.34035
-75.58222
-74.48292
-76.12262
-77.01414
-76.82341
-77.55011
-77.03513
-77.94631
-76.65275
-76.12380
-76.49157
-76.07905
-76.51341
-76.68060
-77.14418
-77.88150
-77.87213
-77.77287
-78.29330
-79.24244
-80.07359
-80.58536
-81.00386
-82.70500
-82.18658
-80.39257
-79.13355
-78.30148
-77.64188
-78.25798
-78.47495
-78.27321
-79.64912
-78.85237
-80.39097
-80.96724
-83.95564
-82.71711
-87.01384
-70.54443
-64.45093
-64.59842
-64.58546
-65.92225
-67.13359
-66.98178
-66.00390
-66.35381
-66.59770
-66.41296
-66.09181
-66.00587
-67.33424
-67.47086
-67.59881
-68.19160
-67.48109
-66.67348
-67.14432
-67.64985
-67.63159
-66.94374
-67.38770
-68.90266
-69.00942
-68.94963
-69.06276
-70.05464
-69.88594
-69.44128
-70.73261
-70.51461
-70.29251
-70.14698
-70.03642
-69.90373
-70.45826
-70.01329
-69.89841
-70.64541
-70.75543
-71.50079
-71.97132
-72.63456
-72.26251
-73.43334
-74.81027
-75.46636
-75.00931
-74.47195
-71.47003
-70.40294
-70.08340
-68.04711
-67.32933
-67.92912
-69.23652
-68.78397
-69.20884
-69.35635
-70.14676
-70.46116
-70.74011
-70.21441
-69.55949
-71.27649
-73.19582
-72.15047
-70.96544
-71.41491
-70.48877
-70.34477
-69.91884
-72.31227
-73.32711
-71.86451
-71.95918
-72.36496
-73.11577
-72.03615
-71.52786
-72.24075
-72.99921
-72.47123
-71.91020
-72.86120
-73.47416
-72.91438
-73.22512
-74.08708
-74.93591
-75.88617
-76.31632
-76.32646
-75.70824
-75.06393
-76.58772
-77.12712
-77.62699
-76.51458
-76.02919
-76.91856
-76.51673
-76.98184
-76.95775
-77.24547
-77.66237
-76.78647
-75.74260
-76.40694
-76.31570
-76.92532
-77.66217
-77.24129
-77.84077
-78.07214
-78.74710
-78.28631
-77.70161
-78.63213
-79.49435
-79.48652
-80.27847
-80.64724
-79.59068
-79.65581
-80.19891
-82.76423
-83.45196
-85.57381
-79.38964
-73.83168
-73.94145
-74.14275
-74.34569
-75.36260
-75.26123
-74.15842
-74.74701
-76.88141
-77.84663
-77.31533
-77.13823
-76.72613
-75.80138
-76.52487
-77.69387
-77.89158
-79.83532
-78.77797
-76.89654
-78.25639
-79.00524
-77.99525
-76.44532
-76.15559
-77.32663
-77.82014
-77.70855
-77.83309
-78.00687
-78.76645
-79.90010
-81.82551
-81.75331
-80.29043
-80.57597
-80.60587
-80.86910
-81.54436
-82.39141
-81.90427
-82.33410
-83.14402
-84.14450
-85.73882
-84.95537
-88.64301
-75.64867
-71.40105
-73.09473
-74.74484
-75.39871
-75.63715
-76.61763
-77.65846
-79.22108
-78.66649
-77.90247
-77.58397
-75.84757
-74.60158
-76.67903
-78.76348
-79.64020
-77.35014
-76.77809
-77.85110
-78.99339
-78.92678
-79.27429
-80.94066
-80.87246
-81.14800
-79.24010
-78.60293
-78.87003
-79.91243
-78.22114
-81.00576
-83.90875
-82.45883
-75.66227
-73.53324
-74.00275
-73.72093
-76.12967
-77.11493
-78.27356
-75.12754
-74.09593
-74.10620
-75.36014
-76.77592
-76.15418
-76.40022
-76.50026
-76.85669
-76.35250
-76.43619
-76.38181
-78.17030
-78.44592
-78.40145
-78.94444
-80.57639
-81.24807
-79.73230
-80.91294
-81.41504
-82.02973
-81.18734
-81.02340
-84.87141
-84.60368
-83.51000
-83.83762
-83.69437
-84.05014
-83.07007
-81.81058
-83.24715
-83.96817
-83.29609
-84.07025
-83.18720
-82.69876
-82.31407
-85.63236
-85.95217
-89.33580
-77.25133
-71.14604
-72.30919
-72.68706
-73.20952
-73.78034
-73.83544
-75.56092
-76.86838
-77.62302
-77.03448
-76.54969
-76.23164
-76.04895
-75.25863
-75.50432
-77.28003
-76.14861
-76.31886
-77.72213
-78.44782
-77.81857
-77.52585
-78.50489
-78.01678
-78.48954
-78.52552
-78.22378
-78.93244
-80.06035
-80.43286
-81.15513
-80.84162
-80.86270
-81.77100
-81.65514
-82.11379
-82.53932
-82.28764
-80.10902
-78.91577
-80.23343
-80.57480
-80.27785
-81.08031
-81.04681
-82.47387
-83.79428
-83.55200
-83.99187
-83.82547
-82.14609
-81.75190
-82.08155
-82.95238
-82.63011
-83.46982
-78.56579
-74.34270
-74.01188
-72.93525
-72.82086
-73.52331
-74.53779
-75.38339
-76.48679
-77.45609
-77.30305
-76.93987
-76.75703
-76.27237
-76.93596
-76.20285
-76.37596
-79.07602
-77.42473
-78.25231
-77.40857
-76.02694
-76.98667
-78.05716
-78.53617
-78.07901
-77.64171
-78.57025
-81.27929
-81.07267
-79.95210
-80.55989
-83.20982
-83.83322
-82.22259
-79.61972
-80.02870
-82.21390
-81.91609
-81.48801
-79.81978
-79.41956
-80.12217
-81.31749
-83.86624
-84.04123
-83.05874
-83.71039
-84.40375
-86.23811
-86.44807
-84.85515
-82.78053
-82.08606
-84.57932
-86.05066
-87.00100
-86.42914
-87.04025
-85.67686
-84.39795
-85.64515
-86.32268
-87.63614
-86.23637
-84.43276
-85.88779
-84.93178
-82.35239
-84.55230
-86.60365
-85.37070
-85.25495
-90.39609
-81.57626
-76.29691
-74.96826
-74.81075
-75.69388
-75.33821
-75.44568
-75.89292
-77.11416
-76.32814
-74.17364
-74.05727
-74.76214
-74.66644
-74.88930
-75.75209
-77.75845
-78.58731
-78.06235
-77.21009
-77.61212
-77.14155
-78.17511
-80.73035
-79.46536
-79.40866
-78.84161
-78.57028
-78.51821
-77.14577
-77.58217
-79.52139
-79.07468
-78.10087
-76.50734
-76.23779
-77.25723
-78.94121
-79.68033
-80.16871
-80.79090
-81.76158
-81.80811
-82.32805
-82.87194
-82.50506
-83.66037
-81.89437
-81.99629
-81.30212
-79.75281
-78.84163
-79.87624
-81.07260
-81.41682
-81.92742
-81.94582
-82.79703
-83.35827
-82.55204
-84.33097
-85.84695
-85.46337
-85.52131
-83.81283
-84.36473
-83.26841
-82.31578
-81.96477
-82.12941
-83.64957
-85.33175
-85.91719
-84.28378
-83.49514
-85.25879
-85.06488
-84.51710
-85.75522
-85.89867
-86.07249
-87.65995
-87.23599
-86.16827
-85.38239
-84.79863
-85.36133
-85.28928
-86.86077
-87.21594
-87.60501
-88.00154
-85.04976
-84.44419
-86.81570
-86.38916
-89.01701
-89.69771
-88.06802
-87.07798
-86.40004
-88.96188
-88.08518
-86.15378
-85.28082
-87.43364
-88.81610
-88.83494
-88.69466
-86.36547
-85.03176
-86.52368
-87.99198
-88.62052
-89.80180
-91.35324
-89.10365
-88.13475
-86.90994
-85.72816
-86.47779
-89.95927
-90.35565
-88.95356
-88.70559
-88.03064
-87.87668
-89.03098
-91.77326
-90.00371
-88.23625
-75.06800
-71.63446
-71.30941
-70.48034
-71.12504
-71.97105
-72.90988
-72.85512
-74.86806
-75.74946
-74.98956
-75.28983
-76.50903
-75.75759
-74.70042
-75.77591
-75.81300
-77.67644
-77.02614
-75.84858
-76.66727
-76.87938
-77.22671
-77.28838
-77.68665
-77.03225
-76.95027
-78.11883
-79.90068
-79.35286
-78.54628
-78.75091
-79.37273
-78.47530
-79.67839
-79.82808
-79.40330
-81.43327
-81.01650
-82.54675
-81.05329
-81.77159
-83.01764
-82.13801
-80.51054
-80.68960
-80.81376
-82.76889
-84.73627
-85.38973
-84.66810
-76.74798
-72.55563
-71.52376
-71.54366
-72.27060
-73.25497
-73.26635
-73.89487
-75.48894
-76.15690
-74.54428
-75.70884
-76.65368
-74.90471
-74.10204
-76.80190
-76.03340
-75.61014
-76.92080
-76.82532
-78.71702
-77.05059
-78.73024
-77.81516
-76.14137
-75.57783
-76.06404
-77.61539
-80.11627
-81.71233
-80.36176
-77.85998
-75.37620
-75.32338
-77.42845
-79.67912
-79.02310
-78.95012
-77.67687
-76.85618
-75.69349
-75.64016
-75.48365
-75.86236
-79.61557
-81.57736
-79.79366
-81.63241
-84.75448
-83.19086
-81.10489
-79.99594
-78.36097
-78.08148
-79.86199
-80.62157
-81.87311
-82.03238
-81.84593
-81.28762
-81.53175
-82.06682
-83.14316
-82.63367
-82.56104
-83.05664
-80.79529
-80.01410
-81.10640
-82.98375
-85.83358
-86.19449
-85.06467
-83.98675
-80.97756
-80.93104
-82.60088
-83.99251
-85.43128
-85.81516
-80.60883
-79.00274
-78.93763
-79.07393
-80.42286
-80.36992
-80.64347
-79.89400
-80.42826
-80.15845
-80.70056
-81.24530
-81.86139
-82.59881
-82.68065
-83.49332
-80.98753
-79.21256
-79.42380
-78.38548
-77.23376
-76.28266
-76.75386
-79.32942
-81.12918
-83.15378
-82.90347
-83.78956
-83.49891
-84.06349
-83.47173
-83.31574
-82.20156
-77.41523
-76.14919
-75.89346
-75.01987
-75.02756
-75.40221
-76.02107
-78.36876
-81.04280
-82.70443
-83.35728
-83.32061
-82.20773
-81.86780
-80.62760
-81.18844
-77.89533
-74.99384
-74.45654
-73.81880
-73.87188
-74.85539
-76.44673
-77.83720
-79.14132
-78.86640
-79.22531
-77.26051
-77.58567
-78.54220
-78.66393
-79.56744
-79.03320
-77.13426
-75.10324
-75.16018
-75.13940
-74.74669
-75.11797
-76.02045
-76.10300
-76.29588
-76.76485
-77.84555
-77.51985
-77.59871
-78.03771
-77.64045
-78.92025
-77.32762
-75.68743
-73.72044
-72.32654
-73.49165
-74.84135
-75.16409
-76.49172
-76.93257
-77.30265
-78.19828
-75.74248
-76.46340
-79.71322
-78.28748
-78.39788
-81.41937
-79.65321
-79.98570
-79.77776
-76.57714
-78.00712
-81.47825
-80.49201
-79.93340
-80.30913
-80.02969
-78.62030
-79.18329
-81.32870
-81.14549
-82.91802
-82.51630
-84.55552
-83.42769
-81.10304
-81.36587
-80.41052
-82.16170
-83.34053
-84.34011
-87.94714
-85.26189
-80.97620
-81.43344
-82.82058
-84.76759
-87.12280
-88.52088
-89.96542
-90.41153
-89.35092
-88.12251
-89.12750
-88.58060
-88.99144
-89.39332
-91.94140
-93.47032
-91.90057
-91.53927
-90.60534
-92.38968
-93.06019
-93.48339
-93.73979
-93.73081
-94.69261
-93.53219
-92.01450
-92.57945
-93.40126
-95.20783
-97.47686
-97.24585
-96.88335
-96.59282
-94.82190
-95.20597
-98.03390
-99.80746
-99.84621
-101.68555
-102.54371
-100.89469
-98.42887
-95.82409
-95.52069
-95.77907
-101.27869
-105.44378
-107.33418
-104.51133
-102.10569
-102.22526
-102.23370
-104.34376
-103.84947
-106.48830
-106.44795
-107.59533
-106.03043
-103.66911
-104.55355
-107.70239
-108.07229
-110.18867
-111.27815
-109.41292
-111.09663
-110.04777
-112.99449
-112.59004
-110.43184
-112.62186
-115.67921
-113.85476
-109.98025
-112.03902
-112.34668
-113.33116
-116.30542
-118.36800
-115.82497
-114.98348
-116.75374
-115.10686
-119.72303
-122.73995
-125.01776
-126.83725
-126.76770
-126.03235
-128.16037
-127.81629
-129.67214
-134.88469
-136.96808
-139.56832
-142.03678
-142.72045
-141.43813
-146.25326
-144.96694
-150.12239
-146.15901
-154.16217
-149.40729
-155.19630
-148.44510
