-95.80753
-75.63650
-70.41403
-71.91643
-71.74906
-72.86466
-73.28309
-74.10778
-74.40890
-75.21037
-75.67941
-76.52342
-76.77320
-77.61364
-78.28058
-78.73438
-79.60944
-80.01605
-80.92041
-80.82369
-81.81800
-81.40983
-82.03598
-75.90320
-74.28577
-74.30916
-74.05081
-73.81133
-73.22936
-73.15592
-72.27083
-75.97315
-81.49238
-81.06708
-72.73634
-71.32695
-72.47081
-72.52567
-73.62013
-73.83325
-74.77535
-74.70003
-75.72327
-75.26316
-75.95800
-75.43958
-74.95355
-75.01045
-74.79039
-74.46684
-74.42245
-74.04720
-73.89123
-76.32183
-78.21995
-77.63884
-76.26725
-77.34652
-78.08770
-79.25245
-79.08439
-79.65873
-78.94363
-78.05986
-76.86241
-77.22780
-76.92792
-71.84210
-72.81080
-75.05067
-75.09955
-76.23690
-77.02708
-77.19723
-78.54767
-78.94995
-79.26080
-81.67011
-81.62298
-82.21056
-81.93962
-81.76709
-80.40808
-80.39107
-78.60997
-79.01280
-77.38478
-79.82427
-79.31730
-75.40321
-76.91235
-77.96403
-77.41681
-77.50390
-77.31469
-76.59558
-76.59730
-75.42463
-75.09883
-69.36447
-68.77101
-69.74714
-69.70939
-71.17938
-71.45498
-72.97216
-73.14291
-74.19483
-74.46862
-75.31195
-74.64357
-74.99539
-75.77762
-75.89016
-75.82990
-76.08625
-75.94306
-75.95735
-76.38343
-76.18109
-76.65055
-73.15791
-74.02247
-74.84119
-76.07838
-78.03740
-80.14649
-81.53707
-81.35377
-80.55421
-78.33144
-77.63299
-69.38807
-68.02350
-70.26065
-72.28563
-73.34236
-73.84761
-75.12966
-75.38480
-76.06745
-76.14568
-77.65529
-78.37400
-78.54530
-78.30947
-78.66126
-77.07731
-76.71416
-75.60939
-75.12234
-74.22800
-74.23036
-73.50496
-71.35576
-71.19821
-73.70779
-76.11056
-77.21491
-79.20281
-79.87101
-81.60014
-81.11913
-81.08285
-77.99523
-70.09674
-68.84469
-70.40765
-69.72714
-70.30777
-71.31884
-71.76855
-72.14612
-72.60617
-72.46975
-73.93667
-74.97841
-75.85460
-76.36783
-78.54636
-77.22544
-78.90074
-76.74690
-78.36673
-76.22320
-77.79793
-75.36732
-73.39246
-73.37074
-74.03623
-74.52648
-75.42529
-77.33473
-74.57853
-78.31956
-72.52807
-85.22150
-61.31288
-58.45452
-65.18732
-66.16688
-68.89460
-69.57099
-71.10537
-71.65773
-71.50292
-73.92853
-72.34818
-75.52652
-71.63705
-75.73218
-71.54642
-81.47800
-67.11075
-56.61091
-60.40090
-66.22451
-69.50566
-73.52635
-72.49406
-72.39057
-72.83255
-72.44542
-79.64875
-60.96363
-57.28363
-63.92311
-67.17169
-72.77019
-76.46088
-61.70921
-60.10301
-66.27451
-65.88466
-69.01133
-67.81224
-68.85995
-70.01111
-72.40943
-72.50171
-71.86230
-73.23477
-70.04593
-75.05242
-70.39931
-85.81441
-62.14328
-56.81354
-61.77231
-67.27019
-70.49803
-74.75850
-72.45305
-73.11527
-71.86305
-73.11831
-71.72681
-58.27637
-58.70369
-66.73258
-67.43884
-74.45580
-69.11072
-59.16743
-61.06000
-67.15369
-65.71248
-68.65545
-67.11616
-69.84895
-68.01655
-70.78407
-73.11901
-74.53985
-77.45682
-77.08475
-80.36803
-75.70434
-114.18988
-59.27721
-58.11247
-66.05303
-67.61736
-71.18582
-75.32821
-75.80416
-79.49321
-74.92224
-85.45260
-68.79809
-56.23238
-59.32780
-67.15650
-68.47238
-83.14547
-66.89730
-59.37994
-63.22519
-67.52415
-68.03351
-71.37959
-69.11115
-72.71761
-69.97053
-74.56027
-72.67644
-76.31547
-71.71938
-75.40484
-71.96874
-75.80091
-70.77907
-56.47253
-58.64381
-65.84008
-67.83155
-74.17276
-73.59838
-71.23304
-73.88132
-71.99258
-81.80285
-63.01621
-56.50224
-61.17276
-66.33531
-70.39408
-82.04879
-62.38027
-58.80565
-65.16945
-65.53074
-66.80009
-66.94715
-67.16797
-68.24313
-67.52018
-69.01303
-67.31815
-70.41048
-69.94373
-78.49087
-71.45148
-92.42294
-65.09087
-56.78770
-61.92408
-66.59363
-68.76946
-76.28452
-74.10973
-73.91746
-74.66206
-73.64499
-78.72583
-59.92869
-57.79441
-64.64597
-66.74493
-73.42633
-73.18999
-61.02219
-60.58747
-66.55434
-65.86991
-68.91951
-67.84376
-69.97924
-69.36329
-70.12174
-70.49709
-70.04293
-71.07988
-68.47901
-72.47177
-69.44662
-83.21572
-59.82559
-56.67084
-62.80502
-65.21882
-70.39740
-73.71376
-72.12838
-73.50879
-72.03909
-74.29057
-71.01151
-57.47534
-58.19890
-65.84823
-67.59345
-76.88078
-68.28772
-59.81300
-61.89237
-66.54951
-66.33409
-69.00517
-66.99365
-68.10169
-66.26804
-68.32814
-68.18688
-70.12890
-70.18461
-72.05634
-71.91858
-69.20197
-74.23341
-58.85595
-57.93977
-63.15484
-66.41118
-74.01484
-75.93503
-73.06333
-74.68200
-73.04755
-82.41151
-66.63439
-57.41248
-60.70179
-66.11034
-67.60897
-77.62934
-64.21655
-58.40393
-62.33506
-64.14307
-64.27889
-65.52419
-65.44938
-67.25260
-66.11382
-68.26818
-66.23337
-69.33746
-68.79920
-71.27304
-68.11363
-71.14970
-65.71691
-56.20772
-58.82471
-65.09225
-69.08344
-76.94649
-73.03544
-69.26025
-70.64975
-69.00326
-74.59655
-60.99931
-56.46511
-62.53089
-67.00369
-70.10447
-75.33044
-60.69301
-58.03041
-62.97279
-62.40319
-63.72324
-63.53467
-64.85926
-66.03176
-66.13218
-67.32090
-66.36500
-68.37558
-66.40918
-69.07666
-65.98609
-70.92996
-60.80878
-55.75376
-60.04633
-65.42806
-71.20647
-76.62443
-71.04564
-69.66745
-69.36243
-69.66903
-70.59595
-58.94873
-58.21526
-64.65846
-66.68006
-72.50724
-70.31517
-59.92170
-60.11402
-64.44662
-64.56155
-67.35665
-65.99624
-67.95866
-67.73297
-70.72575
-70.64411
-71.17754
-70.33456
-68.81005
-70.97096
-67.74375
-73.27747
-58.99257
-56.96666
-63.15579
-65.45258
-70.02725
-74.95413
-70.96148
-71.54636
-69.88182
-74.25642
-68.12167
-57.53127
-59.38759
-66.51832
-68.26253
-81.73263
-67.23024
-58.01090
-60.70340
-62.84274
-62.34431
-64.20297
-63.51173
-65.00588
-63.98017
-65.88042
-66.05959
-67.34210
-65.11046
-65.82872
-65.32981
-65.77196
-66.03561
-57.19821
-57.82090
-63.57270
-65.18373
-67.25913
-69.24471
-69.34191
-69.77636
-67.87185
-71.96349
-63.02743
-56.82957
-60.86623
-65.99298
-67.51115
-75.85360
-62.41853
-58.08963
-62.57932
-62.93274
-63.76913
-64.75745
-64.48459
-65.61408
-64.75617
-66.22831
-64.68691
-66.23678
-65.15817
-67.25374
-65.11589
-68.31512
-62.62962
-56.29397
-60.28487
-63.99741
-65.03048
-66.95809
-66.33708
-66.41904
-68.33485
-68.90884
-72.46205
-60.26684
-57.20546
-63.43694
-65.68181
-69.20611
-70.88204
-59.91447
-58.54263
-61.71910
-60.51126
-62.16029
-62.96842
-66.26565
-68.62484
-69.35413
-69.45696
-66.32286
-65.78601
-64.00000
-65.25885
-63.63817
-69.35586
-60.18878
-56.44760
-61.59091
-64.73259
-66.30837
-65.88355
-64.56747
-64.73582
-63.81488
-65.59786
-67.36342
-57.80596
-57.99303
-65.10266
-67.35274
-73.43410
-67.59827
-59.19899
-60.95629
-64.35580
-62.86597
-64.56053
-63.51369
-65.73231
-65.92007
-68.72625
-69.35533
-71.00184
-67.87333
-65.74926
-65.24299
-64.10799
-66.59793
-57.63716
-57.87664
-63.47521
-66.30420
-69.65454
-68.02126
-67.69092
-67.94764
-66.63433
-69.03642
-65.30398
-57.45821
-60.02337
-66.80846
-68.24303
-83.81145
-65.98482
-57.50163
-60.70416
-63.54948
-64.46029
-67.44399
-66.50209
-69.43415
-67.10980
-69.43953
-66.55765
-68.59711
-67.70971
-69.39203
-67.92535
-71.17298
-69.19190
-57.05932
-58.96737
-65.22858
-67.83780
-74.51025
-70.42781
-66.57400
-69.79624
-70.15998
-87.91452
-63.27261
-56.63150
-62.21144
-66.97407
-69.73038
-77.34115
-61.41529
-58.11605
-63.87257
-63.75508
-65.15434
-65.41869
-65.93241
-67.38510
-67.35462
-70.25111
-68.82894
-69.81274
-66.09816
-70.59461
-67.98767
-80.39410
-64.56837
-56.50949
-60.17644
-64.53541
-68.03142
-70.20397
-70.92119
-72.02013
-72.38984
-71.38087
-73.05236
-60.02470
-57.66889
-63.69219
-66.26998
-72.46697
-73.19773
-59.80670
-59.78909
-64.93613
-63.34590
-66.16177
-65.47897
-67.29834
-68.15988
-69.87503
-71.16310
-71.23786
-69.52190
-68.52399
-72.10536
-68.39219
-76.61692
-60.09308
-56.74487
-62.22305
-66.46215
-70.58037
-72.97013
-71.83681
-73.19755
-71.23039
-71.97162
-68.17013
-57.67780
-58.38616
-64.87416
-64.49540
-69.94176
-68.49259
-58.25694
-59.65892
-63.40175
-63.00453
-65.65263
-64.92348
-66.87095
-66.09436
-66.72557
-65.22570
-67.30927
-67.11919
-68.58963
-69.76619
-69.62691
-72.03043
-58.12105
-57.58986
-63.72363
-66.73023
-69.73940
-70.18163
-67.98157
-69.76594
-68.64673
-72.45127
-64.44877
-56.96040
-60.46047
-65.08604
-65.01082
-68.33312
-61.93694
-57.96498
-61.58572
-63.21891
-62.90161
-63.47957
-62.57545
-62.87617
-62.68430
-64.82468
-65.42057
-67.73972
-66.16055
-69.28823
-67.42853
-69.46698
-64.33797
-56.57298
-59.79857
-63.95646
-65.79209
-69.93027
-67.98236
-65.84251
-66.28637
-66.38484
-67.16157
-59.75821
-56.66594
-61.88839
-63.01285
-63.39731
-64.67459
-58.88868
-58.45601
-61.38314
-59.54645
-60.15045
-60.06546
-61.14451
-61.99334
-62.22561
-62.57731
-61.79692
-63.45033
-62.52925
-64.97549
-64.01139
-66.38393
-58.13475
-54.78391
-57.15518
-56.91579
-56.51506
-58.10016
-59.41357
-61.72513
-65.38805
-64.22806
-65.24373
-57.51798
-57.41101
-62.62148
-61.95827
-61.19747
-59.67584
-56.13243
-56.11295
-58.69734
-58.08437
-59.35884
-60.23846
-60.58543
-60.00175
-60.76130
-60.22187
-57.97484
-57.99473
-61.00391
-62.57746
-63.37423
-68.79010
-58.91435
-57.43740
-63.30008
-62.06351
-61.42237
-60.71469
-58.38570
-60.40781
-60.60143
-62.81595
-63.95434
-56.90592
-59.02491
-64.61895
-63.52680
-66.98658
-61.46909
-56.41689
-57.98944
-59.53230
-59.25352
-60.34488
-60.91896
-60.20088
-61.12450
-60.97924
-60.78568
-61.53108
-58.62851
-58.95542
-57.90820
-58.52755
-60.00733
-56.20657
-57.63387
-61.88746
-63.41608
-64.65768
-65.07480
-64.62609
-64.50319
-64.18518
-64.39581
-60.14412
-56.64140
-59.85149
-62.73851
-63.30878
-66.44264
-60.61749
-56.85476
-58.05312
-57.92229
-58.63066
-59.20187
-58.74401
-59.07812
-59.29979
-61.17624
-61.62628
-62.44799
-61.40155
-64.35052
-63.30443
-65.35656
-61.47982
-56.10605
-59.50438
-62.41273
-64.57377
-66.62505
-64.90558
-62.79774
-62.54076
-62.44716
-63.73134
-58.28939
-56.64052
-60.36023
-61.24985
-61.10600
-62.02439
-57.60922
-55.83919
-59.05459
-59.11209
-60.07883
-59.53905
-60.14318
-58.94536
-60.19316
-62.63874
-62.31618
-63.96547
-64.33301
-63.90549
-64.38631
-64.82303
-64.60338
-65.86697
-65.13916
-66.29404
-63.76674
-65.39859
-63.14365
-62.08232
-63.23255
-64.32964
-63.55929
-64.05389
-62.99705
-64.13940
-63.63770
-68.12950
-63.23172
-52.98931
-53.37017
-54.00324
-53.56151
-54.96674
-55.67211
-56.43674
-57.30654
-56.92307
-58.06131
-59.54002
-59.32763
-60.46919
-60.57306
-60.77745
-61.63011
-56.22096
-55.62935
-60.03286
-60.20698
-62.25875
-62.37958
-61.23800
-61.39979
-60.76429
-61.56459
-59.09985
-56.80500
-59.21079
-65.12041
-63.22821
-69.53813
-63.40997
-53.48862
-54.21255
-54.09828
-54.83608
-56.51917
-56.84171
-58.13934
-58.52190
-60.73794
-59.46056
-59.16167
-58.67055
-59.63429
-59.43995
-61.67121
-61.17281
-55.43028
-57.59086
-60.44124
-61.50732
-65.05313
-64.11971
-65.02182
-64.09686
-63.12543
-64.64342
-60.13507
-56.58559
-60.60005
-62.66656
-63.20882
-65.98679
-59.32932
-55.38981
-55.07211
-55.80919
-57.04701
-57.35734
-58.06365
-59.41939
-59.72948
-61.86247
-61.52726
-61.66991
-59.92488
-62.67167
-62.96063
-67.38780
-60.96934
-54.33823
-56.62424
-57.04969
-58.21935
-58.44326
-57.88756
-58.52812
-59.12184
-59.38481
-59.53659
-57.04478
-56.32701
-59.84686
-60.28611
-61.28654
-62.57971
-54.55903
-52.98221
-55.04781
-55.13291
-57.44910
-56.94785
-57.67626
-58.37247
-59.61631
-59.83854
-59.08322
-59.28612
-59.33339
-60.35087
-60.56109
-62.89751
-57.42706
-56.51911
-59.65826
-59.15011
-59.59487
-60.09628
-59.29920
-59.62083
-59.00052
-59.51464
-59.12925
-55.87563
-57.64871
-61.44660
-60.96359
-62.40409
-60.55614
-54.67952
-53.76760
-54.16211
-55.11672
-56.46571
-56.27759
-58.09260
-58.65013
-59.95193
-59.66664
-59.90121
-59.51938
-60.79590
-62.03514
-62.88738
-64.50054
-57.71458
-56.78873
-59.80318
-62.09215
-63.93999
-64.11673
-62.98101
-64.43443
-62.22639
-62.89238
-59.66090
-56.31771
-60.29273
-64.47346
-64.46226
-70.65503
-61.90838
-54.73506
-55.28540
-55.83210
-56.41347
-56.94897
-57.32885
-57.63824
-57.60189
-58.49799
-58.24901
-59.58788
-59.53559
-60.78546
-60.42768
-61.85378
-60.87253
-56.03492
-58.04449
-61.44560
-62.82837
-64.20278
-63.94628
-64.28023
-65.10498
-64.38515
-66.37503
-59.46125
-56.91278
-61.60356
-64.63874
-69.01931
-65.78652
-56.86848
-53.45433
-55.04246
-55.68595
-56.73816
-57.57551
-58.18812
-58.52495
-58.50863
-59.04135
-58.10770
-59.39024
-59.11311
-60.60397
-60.52874
-63.80050
-58.93700
-55.65362
-59.26553
-60.70993
-62.72241
-64.22877
-63.26380
-64.16951
-65.02102
-60.45565
-59.10534
-56.38124
-56.13118
-59.07726
-59.09334
-57.76959
-58.17540
-55.03883
-52.99003
-55.43896
-55.76235
-57.26661
-57.48588
-57.84633
-58.43933
-58.45167
-58.75439
-58.50221
-59.89156
-60.36115
-60.67624
-60.78266
-62.43030
-56.77378
-54.89796
-57.18888
-57.81230
-59.32255
-60.82789
-61.33016
-61.51475
-60.63650
-62.07353
-60.40387
-56.07733
-56.67665
-59.06146
-58.71195
-60.75616
-59.88596
-54.52857
-53.54543
-54.84431
-55.80877
-56.83462
-58.00930
-57.69920
-57.10326
-58.64024
-59.69447
-62.45517
-62.80876
-63.33301
-63.95743
-62.15564
-60.55044
-56.11001
-57.39605
-59.93874
-60.01710
-61.68293
-62.58629
-63.05296
-63.48961
-62.72580
-64.68431
-60.19971
-56.56561
-60.84381
-63.93865
-63.89731
-64.56401
-59.35854
-55.21316
-57.20096
-57.68980
-57.44334
-58.31139
-59.04161
-59.96497
-60.08077
-61.30477
-60.33059
-60.99853
-59.38326
-61.10877
-60.96782
-62.81422
-60.48240
-56.03448
-59.10969
-62.01885
-62.57009
-64.51729
-64.76353
-64.53067
-64.56790
-64.56612
-66.33196
-59.35501
-56.85523
-62.20049
-63.98266
-65.26567
-64.54297
-55.65071
-53.69378
-54.75432
-55.82314
-56.83312
-55.57545
-55.72848
-57.00137
-58.58628
-59.40810
-60.86344
-63.04652
-62.77275
-62.11286
-60.32780
-62.69923
-58.44921
-56.07918
-61.50937
-63.43473
-64.35835
-64.59758
-61.26614
-61.94572
-61.97085
-62.68100
-62.88212
-57.49256
-58.04053
-65.42738
-67.45833
-74.77855
-69.69615
-55.35523
-54.59220
-57.24397
-57.16546
-59.05199
-58.92178
-60.33147
-60.27523
-61.30812
-61.83061
-61.99952
-61.30933
-62.12167
-63.48404
-63.55070
-64.81618
-57.10478
-57.14120
-60.73219
-62.44582
-65.11039
-64.72324
-62.69384
-63.16274
-61.81839
-62.81018
-60.53530
-56.11038
-58.92902
-63.48191
-63.16614
-69.22207
-63.13702
-53.10622
-53.71802
-55.09976
-55.21302
-55.95365
-55.54096
-56.21149
-56.49503
-57.34541
-55.00373
-55.48968
-55.75463
-55.81646
-55.86940
-55.90109
-55.42780
-54.12308
-55.81270
-57.33920
-57.10953
-57.13730
-57.74596
-57.98513
-58.29233
-57.73159
-58.04858
-55.90237
-54.70402
-56.02676
-57.73051
-59.85322
-62.57903
-57.10011
-53.37358
-54.83987
-54.69497
-55.37070
-55.67221
-56.22288
-56.90994
-57.46009
-58.38898
-58.23754
-58.15611
-57.36276
-58.18061
-58.12514
-59.66157
-57.50913
-54.83007
-56.51706
-57.92095
-57.32246
-58.10885
-58.63880
-58.81149
-58.63695
-58.24172
-58.69855
-55.90959
-55.36053
-57.80667
-58.63984
-58.92065
-58.80941
-55.40291
-54.08899
-56.20509
-57.29804
-58.16471
-58.82667
-59.79421
-59.95618
-60.81585
-61.02809
-60.77317
-61.50401
-60.98094
-62.21355
-61.11931
-63.02392
-57.26032
-53.92984
-56.22101
-56.86903
-57.13471
-57.36104
-57.61634
-58.61956
-57.65768
-57.14032
-57.18996
-55.08902
-55.62475
-57.71901
-57.59079
-57.66854
-56.49495
-53.01950
-53.21634
-54.69835
-54.76186
-55.83101
-55.52328
-56.68848
-57.15621
-57.36341
-57.21108
-57.86801
-57.19003
-57.57683
-57.88602
-58.36788
-59.78755
-54.75165
-56.18708
-59.25332
-61.13441
-59.42673
-56.59043
-57.07325
-56.63185
-56.68734
-56.95641
-56.70763
-55.13664
-57.38094
-58.90820
-57.42788
-59.74388
-57.00356
-53.59353
-54.32362
-54.19750
-55.30524
-55.92124
-56.08793
-56.92357
-57.46421
-58.29324
-57.50672
-58.15744
-57.43947
-58.38219
-57.74886
-59.67855
-59.57837
-55.65442
-57.24795
-59.24535
-60.65896
-62.01686
-61.59860
-61.68624
-61.75524
-60.17236
-60.89081
-57.56081
-56.29262
-59.58638
-61.47406
-61.84743
-62.80024
-57.32981
-53.77941
-55.81468
-55.56465
-55.43866
-55.79863
-56.39513
-56.74416
-57.33649
-58.12485
-59.09654
-61.08971
-60.18446
-60.59354
-60.07928
-61.76133
-57.34852
-54.86742
-56.85913
-58.39203
-60.16346
-62.13838
-61.09542
-59.50865
-58.62246
-58.50417
-59.70226
-56.67030
-56.67210
-59.91251
-59.30494
-61.06342
-61.29816
-54.41850
-53.02498
-54.46553
-54.44820
-55.91354
-56.25148
-57.55610
-57.91394
-58.27040
-58.57775
-58.30205
-58.07678
-58.20536
-59.14990
-58.40207
-59.88125
-55.74944
-55.33315
-58.25762
-58.82714
-59.34540
-58.59092
-58.21811
-59.60351
-59.22756
-57.82692
-56.59498
-54.92560
-56.00266
-57.45017
-58.40930
-60.28890
-59.18105
-54.47529
-54.59475
-55.21394
-55.71360
-57.32704
-57.08663
-58.21417
-58.17370
-58.95635
-58.79161
-59.58453
-59.25099
-59.62476
-59.79853
-60.94527
-60.37279
-54.93156
-56.28715
-58.95500
-58.73067
-59.72247
-59.15779
-58.85121
-59.00654
-59.19250
-60.35937
-57.32544
-55.50143
-58.28819
-60.04428
-59.70265
-61.52819
-57.86310
-53.51833
-55.19906
-55.54365
-56.67977
-57.02943
-55.67658
-55.65317
-55.82182
-58.96743
-59.83271
-61.27115
-60.73043
-62.31828
-60.61657
-61.21715
-59.34090
-55.05180
-56.93352
-58.22131
-58.51554
-59.10138
-58.84988
-58.76237
-58.76382
-59.08069
-60.29034
-57.09766
-56.06121
-58.91736
-59.81747
-61.16372
-62.31866
-56.32552
-54.60140
-56.63245
-55.61217
-56.57153
-57.33442
-57.54679
-58.16213
-58.41176
-59.23840
-60.03379
-60.01203
-59.75827
-60.52884
-59.91455
-62.04818
-57.88959
-55.77311
-58.75371
-60.05921
-60.70712
-61.55207
-60.52536
-60.93261
-60.76667
-60.87437
-60.53493
-56.56482
-57.19607
-61.10005
-60.92825
-62.44835
-61.81517
-54.90370
-55.21442
-56.74790
-56.19598
-57.19776
-55.85862
-56.34651
-56.48499
-57.16263
-57.87973
-58.45962
-59.77425
-60.68157
-61.19631
-60.71417
-61.56466
-56.60636
-56.21953
-61.17782
-60.99257
-62.63868
-62.36510
-60.30271
-61.53042
-61.59930
-64.02906
-60.75598
-55.97302
-58.48771
-62.40442
-62.07330
-65.07979
-62.13464
-55.00899
-55.16427
-56.95415
-57.30520
-58.14480
-57.66843
-57.94651
-57.50658
-59.12189
-59.73289
-61.64245
-61.92337
-63.56342
-63.01858
-65.59857
-63.98518
-56.48798
-59.01569
-62.55795
-62.10409
-60.74860
-58.02608
-57.96392
-58.37348
-57.35521
-57.68305
-56.48482
-55.45632
-58.64536
-62.45080
-60.79336
-64.55661
-57.67919
-53.29041
-55.04723
-55.07926
-56.09011
-55.66233
-56.66333
-57.45473
-56.96639
-57.47291
-59.01148
-59.66014
-58.26241
-59.60181
-58.37562
-60.98828
-58.18878
-54.99835
-57.05861
-58.29445
-59.24748
-59.64484
-58.97750
-58.06146
-58.01551
-58.29735
-59.41864
-56.65251
-56.71095
-60.20223
-61.75108
-64.51762
-67.03045
-56.73330
-53.50412
-55.40435
-55.47428
-56.49949
-56.32029
-57.44393
-57.34784
-58.22750
-57.84202
-57.82407
-58.41312
-58.07058
-59.42947
-59.04063
-62.01519
-57.21344
-56.21478
-59.37494
-59.98594
-61.29069
-62.12899
-60.71089
-60.08057
-59.78680
-60.89164
-61.82510
-56.75355
-58.07205
-61.72732
-61.34101
-62.68180
-61.11690
-56.48129
-55.52652
-57.13463
-57.74931
-58.98346
-58.82811
-59.70186
-59.38752
-60.42676
-60.31147
-60.82766
-62.60751
-63.82349
-65.13899
-65.42091
-67.26683
-56.93919
-55.80324
-57.70465
-58.10287
-58.97238
-58.59852
-58.87120
-58.82345
-58.61695
-59.40602
-57.46384
-55.10703
-57.61337
-58.74601
-58.99422
-60.39489
-59.00137
-54.27969
-54.37985
-55.49220
-55.62598
-56.16053
-56.27200
-57.23582
-56.82853
-58.00243
-57.27117
-57.58135
-57.36157
-58.67896
-59.60728
-61.79803
-61.09295
-56.25614
-57.97463
-60.10765
-58.22239
-58.78515
-58.52977
-58.45253
-59.19332
-58.86215
-60.14887
-56.38260
-56.12846
-59.43544
-60.24356
-61.30285
-62.16892
-56.75969
-53.98344
-56.01902
-56.24530
-56.61457
-57.03142
-58.11926
-58.27652
-58.15089
-59.78136
-59.63889
-59.23310
-59.39307
-60.95215
-59.33259
-61.94273
-59.33186
-56.16408
-58.32153
-61.20494
-62.68807
-62.98481
-64.49347
-66.29239
-65.19361
-62.84718
-62.34905
-56.65347
-57.55338
-63.26865
-64.19783
-67.73393
-70.14066
-56.14010
-53.94230
-56.62176
-56.65305
-57.95751
-57.24266
-58.43575
-57.91878
-58.79503
-58.69341
-59.17293
-58.85193
-58.88496
-59.99873
-59.86600
-62.00625
-57.11763
-56.25741
-59.24702
-60.42528
-60.76720
-61.42801
-61.66243
-64.50475
-63.58018
-65.08940
-62.26236
-56.71758
-58.23406
-63.14092
-63.69038
-67.85241
-64.32057
-53.99029
-54.50199
-56.11860
-56.31958
-57.84079
-57.45543
-58.78706
-58.33852
-59.65621
-58.51455
-59.08309
-59.37638
-60.00412
-59.85745
-59.57065
-58.55286
-54.20701
-55.83746
-58.67708
-60.20054
-61.27529
-60.49367
-61.39066
-64.05593
-62.13416
-59.30167
-56.62976
-54.87660
-57.62691
-59.47753
-59.06305
-61.01271
-56.73706
-53.30018
-55.74974
-56.63863
-57.58922
-58.24477
-58.05891
-58.81991
-58.20592
-59.17518
-58.83479
-59.80199
-58.93497
-60.30752
-60.30890
-62.43966
-60.44009
-54.95344
-57.32058
-59.15859
-58.87510
-59.36805
-58.86523
-59.06031
-59.16157
-59.86722
-61.49507
-57.62560
-56.09717
-59.20530
-59.89089
-60.14489
-63.18369
-56.38336
-53.96636
-57.69146
-57.77750
-58.37574
-58.09207
-58.32862
-58.37913
-59.48706
-60.63059
-60.47944
-62.16066
-62.78054
-64.66303
-61.76759
-62.07565
-58.52914
-56.33526
-59.73660
-62.67569
-62.90738
-63.91830
-64.74573
-66.19085
-66.11900
-66.55043
-65.31852
-57.80849
-57.84915
-61.38262
-60.41568
-62.64369
-61.94994
-55.83949
-55.50804
-57.26243
-57.23820
-57.54357
-56.95528
-58.60631
-59.69728
-59.74525
-59.54341
-61.07879
-61.51711
-61.09306
-60.94137
-61.15330
-62.22083
-56.42268
-56.83473
-60.52848
-60.18074
-60.56909
-62.36741
-62.39597
-62.88338
-61.80396
-62.42005
-60.33104
-56.00853
-57.81798
-61.18045
-62.26401
-64.30312
-60.38660
-53.73111
-55.17962
-57.50533
-57.37738
-57.12997
-55.88944
-56.71089
-57.25137
-58.39615
-58.53446
-60.66094
-60.82177
-61.31156
-60.56672
-60.97074
-60.35539
-56.04622
-56.74871
-61.07408
-61.71630
-62.06744
-60.89565
-60.05310
-61.45834
-61.64972
-65.00141
-59.60583
-56.42049
-60.48961
-62.21896
-61.96826
-68.83514
-59.71313
-54.46788
-56.44860
-57.02207
-58.03475
-59.05705
-59.89643
-61.20864
-60.45323
-59.86251
-58.81101
-59.02913
-58.42354
-59.71426
-59.59463
-61.50918
-57.94654
-55.06967
-58.17643
-59.15341
-61.63265
-63.62909
-61.70531
-61.72919
-61.08385
-61.57562
-61.95896
-57.22893
-56.21503
-59.37967
-59.28425
-60.58073
-63.77890
-55.19204
-53.44710
-56.09323
-56.28634
-57.46147
-57.07241
-57.40307
-58.22853
-58.49450
-58.04016
-57.93645
-59.11298
-59.20310
-58.84567
-58.36708
-59.93291
-57.30134
-55.67270
-58.71665
-59.91464
-60.17431
-61.19546
-61.38729
-62.41093
-61.76976
-62.33348
-60.21484
-56.12380
-57.77035
-61.10100
-62.35138
-65.56032
-63.37936
-55.89624
-55.32881
-56.13727
-56.18062
-58.01408
-57.77180
-58.65596
-58.62740
-59.80005
-59.61137
-59.75228
-59.43029
-59.72937
-60.24354
-60.61850
-61.11297
-55.88933
-56.11358
-59.67729
-58.84255
-59.72257
-61.19294
-61.78261
-61.41450
-60.25095
-62.22518
-59.05582
-56.14685
-59.29957
-60.04710
-59.97527
-61.82645
-58.14618
-55.18667
-55.91145
-57.61520
-58.47845
-59.95739
-60.70476
-62.17274
-62.47919
-63.62184
-62.68250
-64.04012
-63.64503
-66.10509
-65.92210
-67.09446
-63.18905
-54.48576
-55.86134
-57.77523
-58.10965
-59.22447
-58.83462
-59.59413
-59.76999
-59.44752
-60.03372
-57.42671
-56.10621
-58.89674
-60.24696
-59.75793
-61.29915
-56.20669
-53.51899
-55.77686
-55.42306
-56.76317
-57.15418
-57.95764
-59.32088
-59.64290
-60.23630
-60.21613
-60.35941
-59.50360
-60.85410
-60.41180
-63.99212
-58.39271
-55.57155
-60.19423
-59.66806
-58.79213
-59.43734
-58.67752
-58.65670
-58.91330
-59.59354
-59.85729
-56.59033
-57.39540
-60.92795
-60.28028
-61.55466
-61.22240
-55.78202
-54.57216
-55.97945
-55.55502
-56.33356
-56.08915
-58.18556
-59.59427
-60.29412
-60.84285
-59.96368
-59.60929
-60.22491
-62.22267
-61.09347
-63.81568
-58.35139
-57.54725
-60.05620
-61.44035
-63.82748
-63.66162
-63.73312
-64.99399
-64.24682
-62.87575
-61.53248
-56.19892
-58.91551
-64.82651
-64.71859
-69.79700
-65.47361
-56.40014
-55.81534
-56.68503
-56.11813
-57.49926
-57.46888
-58.40285
-58.53045
-60.33526
-60.15622
-60.49826
-59.70642
-60.08225
-60.21092
-61.41317
-62.12004
-56.69110
-57.92080
-61.42628
-62.01970
-62.77950
-63.76241
-63.81740
-64.94896
-63.57790
-66.03946
-60.34309
-56.66849
-60.74257
-64.67099
-66.55632
-76.00177
-62.07403
-54.31147
-56.26118
-56.24591
-56.22975
-57.04534
-56.90894
-58.38070
-59.04286
-59.54166
-59.37908
-60.23110
-58.14809
-57.95151
-58.01756
-60.10020
-57.03761
-54.23891
-56.88718
-59.09844
-59.56501
-58.95878
-58.04475
-58.89989
-60.20844
-58.67267
-58.32092
-55.50748
-54.44404
-56.94341
-58.52626
-59.86996
-61.41274
-56.35288
-53.77352
-55.39855
-55.23526
-56.10795
-56.06751
-56.39597
-56.85385
-57.49383
-58.79223
-58.29280
-59.89767
-59.02343
-59.87223
-61.81894
-64.21810
-57.77853
-54.67103
-58.25119
-59.26314
-59.04212
-59.69318
-58.74331
-59.02036
-59.25822
-60.03705
-60.33973
-56.22367
-56.74280
-59.64023
-59.32145
-59.95038
-60.78331
-55.30176
-53.49247
-53.72748
-53.53217
-55.36899
-55.44392
-57.80033
-58.63629
-59.29064
-58.75442
-59.04169
-59.41382
-59.67811
-62.33534
-61.47016
-63.17467
-56.80759
-56.80193
-60.55221
-60.43668
-61.99650
-62.70073
-63.46438
-64.89892
-63.97487
-64.71850
-62.12009
-56.72612
-59.17702
-62.55643
-62.68032
-63.69252
-60.80257
-56.95351
-58.18214
-58.30287
-58.08661
-60.06262
-60.33509
-60.01324
-58.46149
-62.11362
-61.07003
-62.02042
-59.93953
-61.14235
-61.61636
-61.14160
-61.71512
-56.20063
-58.42270
-60.46450
-62.26024
-64.94227
-65.07511
-64.68701
-63.75529
-62.63878
-64.72502
-59.21170
-56.51368
-60.63195
-64.41403
-65.44926
-70.05826
-59.13525
-54.08928
-56.06831
-54.73560
-54.76149
-55.27629
-56.47503
-58.02698
-59.05692
-60.92960
-60.92251
-61.71331
-60.72981
-60.78024
-59.78882
-61.70173
-59.04746
-55.80306
-59.29840
-63.93931
-63.30844
-64.44034
-64.39469
-66.61804
-67.96709
-66.55578
-66.33512
-57.62893
-57.45414
-63.39574
-66.10268
-67.37151
-71.49145
-56.92627
-53.08468
-56.11246
-57.04228
-58.54246
-58.67353
-59.19986
-58.72258
-60.35380
-61.51151
-62.57786
-63.48605
-64.10756
-64.37673
-64.67160
-64.76883
-63.15645
-62.08904
-61.98543
-63.88540
-63.59696
-62.69890
-61.00171
-61.89635
-60.75011
-61.10591
-61.53822
-63.78315
-64.19248
-66.68702
-65.13166
-70.19255
-66.83140
-56.44188
-58.14345
-59.88025
-60.20705
-61.89980
-61.68433
-62.51575
-63.35489
-63.83387
-63.83548
-65.31498
-65.15330
-65.49979
-63.72033
-62.74269
-63.07344
-56.26130
-57.42781
-62.07373
-62.95741
-65.48545
-66.57239
-66.04256
-65.69073
-65.41000
-68.20866
-63.70773
-56.91809
-59.93475
-64.30126
-65.22915
-69.35923
-61.95554
-55.79718
-57.17973
-58.44079
-59.14393
-60.88369
-61.79663
-64.30454
-63.77675
-64.45159
-63.31906
-64.46279
-62.84888
-63.89709
-62.36908
-64.20859
-62.28126
-56.07945
-58.96249
-63.23488
-61.71520
-63.97341
-66.97343
-65.96657
-67.41509
-67.49770
-70.65450
-60.95891
-57.11661
-62.54966
-64.25021
-67.69269
-72.18973
-59.30503
-57.08027
-60.03349
-60.26827
-61.64721
-62.04091
-62.88689
-62.67522
-63.47722
-64.38804
-64.04799
-66.04450
-64.56593
-68.48280
-66.11951
-71.37224
-61.35169
-56.47997
-61.09966
-64.45028
-67.24172
-68.77716
-68.11599
-69.09439
-68.69904
-70.11815
-71.94636
-58.79017
-57.92634
-64.66702
-66.94682
-71.53282
-69.76158
-57.62546
-56.44648
-59.96404
-59.35574
-61.68211
-62.03889
-63.35153
-63.35871
-65.36530
-65.96887
-67.13189
-67.95787
-65.90884
-67.27312
-65.30571
-68.40026
-58.17330
-57.25347
-63.09181
-64.84776
-67.66247
-68.00873
-68.81344
-68.95968
-68.62793
-71.88995
-67.75071
-57.67138
-59.28241
-66.69558
-67.72331
-77.82574
-65.51228
-57.10403
-58.22491
-60.47168
-60.91420
-62.16217
-62.19210
-63.80240
-63.00243
-65.02206
-64.25860
-66.50004
-65.41270
-66.81890
-65.11383
-65.48705
-65.80765
-56.61450
-58.35013
-62.91950
-64.15292
-65.83908
-67.76490
-71.91457
-73.36973
-71.44000
-76.85000
-63.02306
-56.93448
-61.25458
-66.79069
-69.03487
-82.43909
-62.07344
-55.63769
-58.72110
-59.64300
-60.66506
-62.29908
-62.51518
-64.18094
-64.01158
-65.96729
-65.68945
-68.20991
-66.50002
-70.39696
-67.86565
-72.77047
-64.09727
-56.40371
-60.15720
-65.03070
-67.97203
-71.15884
-69.69171
-68.62369
-69.16755
-68.72707
-70.09494
-59.62596
-57.31301
-63.80970
-67.97316
-72.82770
-74.92490
-59.04126
-55.76705
-58.64112
-58.56257
-60.29894
-60.48248
-61.60456
-62.50010
-62.79599
-63.72182
-64.09270
-64.61296
-60.86241
-59.49703
-59.26370
-61.57063
-56.41778
-55.35930
-60.16455
-61.75823
-61.65680
-60.49905
-59.45769
-58.67527
-59.11987
-59.64732
-59.84035
-57.01602
-57.32317
-61.53047
-63.85300
-68.31718
-66.45165
-57.72691
-56.39891
-58.67014
-59.38346
-61.41888
-60.45585
-60.23456
-59.18139
-60.56655
-61.54009
-63.05324
-63.45401
-61.58349
-63.65627
-64.33889
-67.40844
-57.45071
-56.83240
-61.94074
-64.90906
-66.57831
-64.55516
-63.92925
-63.55901
-63.18459
-66.18102
-62.88352
-56.32345
-59.05701
-60.69046
-60.39877
-63.80843
-61.34867
-55.63253
-56.04764
-57.47279
-57.80285
-60.87185
-61.39079
-64.25694
-63.98297
-65.47432
-64.71299
-65.88420
-64.21384
-64.79747
-63.95099
-64.72245
-63.90353
-56.36919
-58.38566
-62.80668
-64.76126
-67.59618
-70.24380
-68.70973
-67.07331
-66.19489
-68.26907
-60.77348
-56.89842
-60.91957
-61.57664
-61.81037
-64.40087
-59.71126
-55.68294
-57.87871
-59.54550
-60.68610
-61.13490
-61.11416
-61.74275
-62.65095
-65.05440
-64.61489
-66.52901
-64.30962
-66.66987
-64.23876
-67.83383
-61.85413
-56.38853
-60.48274
-63.04011
-64.54143
-67.28995
-67.55352
-67.83802
-65.56028
-64.59061
-66.77503
-59.04642
-57.37876
-63.66763
-66.21179
-71.58997
-67.30827
-57.18297
-56.23215
-59.28258
-60.17624
-61.40955
-61.21210
-62.11879
-62.95325
-64.95324
-65.66177
-65.95163
-66.91318
-65.77585
-68.07314
-66.29729
-74.38266
-59.78313
-57.34765
-62.93014
-64.31539
-71.48547
-72.06884
-68.76728
-71.21053
-70.66303
-75.08455
-71.04776
-57.70856
-58.80510
-66.03611
-66.53365
-71.16947
-66.18032
-56.14996
-55.32979
-57.20632
-58.61667
-61.19168
-60.93131
-63.05483
-62.62693
-64.28491
-63.83255
-67.22840
-67.59043
-69.34929
-68.90392
-69.89391
-70.96668
-58.34499
-57.98373
-62.89357
-68.50162
-70.11015
-70.30024
-67.83833
-67.98314
-67.88131
-72.92963
-64.56020
-56.93029
-60.86630
-66.32566
-67.66323
-74.83206
-61.95630
-55.50635
-57.02823
-58.87959
-59.09798
-60.40986
-61.21448
-62.72226
-63.10801
-64.56210
-63.79058
-65.27207
-63.74267
-64.43117
-63.58615
-66.62844
-63.67722
-56.46092
-59.10637
-63.47415
-64.24504
-66.84714
-68.25710
-66.96783
-66.11151
-65.94398
-69.71994
-60.50644
-56.76077
-61.62599
-65.22824
-67.39943
-72.91836
-59.65056
-56.58045
-59.17325
-58.43395
-60.40789
-60.12514
-60.80731
-61.92741
-62.46401
-63.72691
-63.85949
-66.71633
-66.23801
-67.53278
-64.38981
-69.10227
-61.17347
-56.51018
-61.31910
-63.96883
-64.16802
-66.04065
-67.07909
-68.18674
-67.79673
-68.58944
-68.83041
-58.38586
-57.92252
-64.01832
-64.70173
-69.39810
-67.90497
-58.16222
-56.74738
-58.64011
-58.32043
-60.10899
-60.38556
-61.76595
-62.66856
-64.98358
-65.90572
-66.41587
-66.48486
-66.69980
-68.19517
-66.04239
-69.74894
-58.44175
-57.15602
-63.29893
-66.00420
-70.31957
-73.38960
-68.42094
-69.87973
-69.29420
-72.14673
-67.74208
-57.42235
-59.42703
-66.49443
-67.85446
-77.27587
-65.74572
-56.39161
-57.55650
-60.27853
-60.50725
-61.96464
-61.68450
-63.50662
-63.71303
-65.55010
-65.41538
-66.18321
-64.97360
-68.06707
-67.41198
-69.84000
-69.38773
-57.09115
-58.48771
-64.65533
-67.39164
-71.66745
-71.18237
-70.90839
-72.65326
-70.17072
-73.68068
-63.94423
-56.95204
-61.47815
-66.31439
-68.30918
-73.65174
-61.54086
-56.74480
-57.84738
-58.93705
-60.35049
-61.42730
-62.38060
-64.91458
-64.33829
-66.92458
-66.66577
-67.43299
-64.79267
-67.36832
-65.43184
-69.14308
-62.94894
-56.30025
-60.39404
-64.30310
-67.78755
-71.05336
-69.58190
-69.23054
-68.66365
-67.71723
-72.21884
-59.94772
-57.28101
-63.61636
-66.78897
-70.29130
-73.94296
-58.68226
-55.45220
-58.92863
-58.86220
-60.25979
-60.50240
-61.95980
-62.27652
-62.57522
-63.24569
-63.22662
-64.00140
-63.58703
-67.03260
-65.34033
-70.97602
-60.73686
-56.62440
-61.93470
-66.24098
-69.46030
-72.27606
-68.02460
-66.82021
-67.37736
-67.89480
-68.06159
-58.15710
-58.37928
-64.83846
-66.51726
-70.09374
-63.60057
-56.73638
-56.29420
-58.95168
-58.37283
-60.60370
-61.01190
-61.79693
-63.21810
-63.89446
-64.22421
-64.01220
-60.42827
-57.36168
-57.70052
-60.53279
-61.35048
-55.26064
-56.52894
-61.60412
-63.01669
-62.89468
-61.63535
-59.74424
-58.75625
-58.71867
-59.44383
-59.10910
-56.47695
-59.05299
-63.35229
-65.07768
-70.37331
-62.80437
-55.48744
-56.32695
-58.81909
-59.80118
-60.04451
-59.37327
-59.90107
-59.43464
-61.55661
-60.84019
-62.98264
-60.92086
-60.78955
-61.72871
-63.81784
-64.72203
-56.80502
-58.71343
-63.77150
-66.01924
-66.51669
-64.92702
-63.27522
-63.99831
-64.59869
-68.17377
-60.73702
-56.43626
-60.99060
-63.07336
-64.09674
-68.59113
-59.97987
-55.19324
-56.86785
-57.22736
-57.56833
-58.04439
-58.99305
-60.02991
-59.84790
-61.76899
-62.52841
-64.47240
-63.19304
-63.13400
-62.16691
-64.82471
-61.18428
-56.45896
-60.50005
-65.71118
-67.77285
-71.01192
-68.92001
-65.68583
-64.05285
-64.11226
-65.35115
-58.76307
-57.50901
-63.25663
-63.85331
-65.95733
-65.80097
-57.25323
-55.84132
-59.04670
-59.19570
-60.08981
-60.15843
-61.49338
-62.44217
-64.06806
-64.55039
-64.16387
-65.16062
-64.73205
-65.72634
-64.30289
-69.17504
-58.82506
-56.58468
-62.23671
-64.59033
-67.15221
-69.58049
-68.48438
-68.51246
-66.43175
-67.86702
-66.03824
-57.56786
-58.60847
-65.22873
-65.95296
-74.47236
-64.12019
-55.86494
-57.61439
-58.35442
-58.64514
-60.93439
-60.65604
-63.04539
-63.09951
-65.39548
-64.70971
-65.74296
-65.88438
-66.90962
-66.79493
-66.89953
-69.66516
-57.08340
-57.81315
-63.88916
-64.38800
-71.14155
-73.00485
-70.11304
-71.68493
-70.03202
-75.13630
-65.02123
-56.95251
-60.72237
-67.26003
-68.14521
-77.59508
-63.36072
-55.68661
-57.23413
-60.00662
-61.03464
-62.26810
-62.70912
-64.27220
-64.31550
-66.24390
-65.65594
-67.21945
-66.29239
-69.45042
-68.03549
-70.74799
-68.40070
-58.02488
-61.22014
-68.02956
-68.83221
-72.73286
-69.51261
-70.80708
-71.38254
-74.03742
-72.67616
-73.79533
-74.08196
-75.46654
-78.60607
-74.32522
-86.88889
-61.61215
-57.28335
-58.99124
-59.36748
-61.22160
-61.27479
-62.59650
-63.50710
-64.14047
-64.98351
-66.10155
-66.25669
-65.29427
-64.50306
-64.92666
-66.48553
-66.50832
-66.73534
-66.88942
-66.69356
-66.19082
-67.88516
-68.08187
-67.36135
-67.03716
-69.01685
-70.93110
-71.12540
-68.34474
-68.12543
-69.65841
-69.22166
-69.91942
-61.81451
-58.58474
-58.78274
-59.14122
-60.20081
-61.46930
-63.71849
-63.66829
-64.37577
-65.71413
-65.64169
-64.95569
-65.36380
-65.67661
-65.33649
-65.35019
-65.81110
-67.40468
-67.32471
-65.75207
-65.13487
-66.66121
-67.17422
-67.86793
-67.45594
-68.54558
-68.91725
-70.05789
-70.21419
-69.38860
-69.35520
-72.74090
-68.95158
-60.11163
-58.14889
-57.83016
-59.45696
-60.73983
-61.85786
-63.55015
-64.22700
-66.07143
-66.04516
-67.32835
-66.90806
-68.20077
-68.90141
-68.69936
-67.88250
-68.97774
-70.17206
-70.40442
-70.66119
-72.45275
-73.37813
-70.97815
-69.98606
-68.34651
-69.21118
-69.03224
-73.98157
-74.60368
-77.14622
-73.48181
-77.03486
-64.33962
-56.70884
-58.02857
-59.83601
-61.06336
-61.26249
-62.10484
-62.77121
-63.80055
-64.75987
-64.55998
-65.64061
-66.59766
-67.33951
-67.44603
-68.74361
-68.03220
-69.25995
-69.17118
-69.87686
-69.62033
-71.09978
-69.50576
-70.01946
-71.29398
-70.51641
-69.69668
-69.36772
-68.09918
-69.51586
-75.00708
-71.74305
-77.47438
-62.27579
-58.02443
-58.23593
-58.71015
-60.59555
-61.63961
-63.51699
-64.08422
-65.60802
-65.35961
-66.94676
-68.75614
-68.91331
-70.36069
-70.90396
-71.81138
-72.51656
-72.87593
-73.08050
-74.17733
-72.86670
-76.14382
-71.31983
-70.33722
-70.16359
-69.89410
-68.59300
-67.89843
-67.53630
-66.19498
-69.02473
-77.31546
-77.55826
-58.21153
-56.46093
-58.38314
-58.98202
-60.72731
-61.27569
-62.60848
-63.13755
-64.72051
-65.07086
-66.48189
-65.15587
-65.86164
-66.87203
-67.58508
-67.88460
-68.22418
-68.82724
-68.81181
-70.92780
-74.03374
-73.11969
-69.03589
-67.54223
-67.52892
-67.10994
-67.31406
-66.89943
-67.15591
-67.07854
-67.72295
-65.60367
-61.19684
-61.18275
-62.70748
-64.25379
-64.93970
-65.31765
-64.61893
-66.01540
-67.69499
-67.39447
-67.53298
-65.97779
-63.43327
-62.50545
-63.87946
-65.74512
-64.98926
-64.43266
-65.03924
-66.17210
-65.96169
-65.04353
-63.39985
-61.79042
-61.94777
-62.46036
-64.56482
-66.33854
-68.05274
-66.65826
-66.50419
-64.94889
-65.22857
-60.97142
-58.42888
-59.88773
-61.33009
-64.53162
-64.82961
-64.10791
-63.26528
-64.65113
-64.69655
-65.32742
-65.78231
-64.81448
-65.13154
-68.01139
-69.89841
-69.86785
-69.09370
-68.46849
-69.38274
-67.20549
-66.48839
-64.28117
-64.65533
-65.29154
-67.01010
-68.17688
-67.75982
-67.03649
-66.56785
-65.52887
-65.74951
-67.33509
-63.56898
-60.37228
-58.54259
-60.87667
-63.00658
-63.96853
-65.96524
-65.72819
-67.14821
-70.30430
-71.20080
-71.53206
-72.22003
-71.20145
-74.03988
-73.47689
-75.62142
-75.68955
-75.88174
-75.38924
-73.77397
-72.78070
-68.73623
-66.77217
-68.32686
-69.51614
-69.97628
-69.89412
-70.40900
-71.27336
-70.66570
-71.83631
-63.79235
-59.46023
-59.28605
-60.84055
-62.82106
-64.68916
-67.76534
-67.87393
-67.30850
-67.98765
-69.39299
-70.19163
-69.71771
-69.40964
-70.28746
-71.31684
-71.43115
-72.01646
-72.11198
-72.77724
-71.59483
-72.14025
-71.03492
-69.98243
-69.32467
-69.29263
-70.46164
-73.97092
-73.73991
-76.23962
-76.62983
-78.69954
-77.55533
-62.84850
-60.40745
-59.64744
-60.25059
-62.84270
-64.37632
-67.12269
-67.45195
-67.33346
-68.22865
-70.63893
-70.82097
-70.33049
-70.77805
-70.91172
-72.07703
-72.39119
-73.80536
-74.04764
-75.63822
-75.34729
-78.56070
-73.42520
-69.88873
-70.56652
-70.89374
-71.34555
-71.85222
-71.66329
-71.77873
-73.97362
-72.71280
-76.96362
-63.20673
-60.33862
-58.86030
-57.85366
-60.73620
-62.40517
-64.57964
-66.01661
-66.71097
-66.68338
-69.30096
-68.82956
-69.23008
-69.60338
-70.29431
-70.85001
-71.24584
-70.65512
-71.13495
-72.04801
-72.80927
-74.26814
-69.15381
-67.93016
-68.17417
-68.79637
-69.92349
-70.90043
-71.87733
-73.14888
-74.19016
-76.35798
-77.36793
-76.82400
-74.37730
-71.59939
-71.10885
-70.62373
-70.11556
-70.29243
-69.67364
-71.04275
-77.49151
-79.25327
-74.64369
-73.93682
-74.24319
-74.65632
-74.84806
-75.03363
-75.24046
-75.60349
-76.44791
-77.46651
-78.15557
-78.85094
-78.59097
-77.40667
-78.43796
-78.51440
-79.28988
-79.10281
-79.67177
-79.40059
-79.79537
-79.60629
-77.82734
-73.91924
-71.48629
-72.02761
-72.04737
-72.67353
-73.20973
-74.66273
-75.76609
-77.72224
-79.67911
-80.82491
-81.62518
-81.71600
-82.37823
-82.15702
-82.88822
-82.27553
-82.31861
-81.07643
-80.86078
-80.43786
-79.40362
-77.50249
-76.67680
-77.24271
-77.98505
-78.96167
-80.13022
-81.86127
-82.85538
-84.58117
-86.25109
-87.56864
-87.65755
-85.33761
-82.88527
-82.04447
-81.31560
-80.53828
-80.32386
-81.59230
-84.55693
-87.25506
-87.29399
-84.65528
-84.22095
-84.78004
-85.43104
-85.90494
-86.31700
-87.25916
-87.35616
-87.93381
-88.57041
-88.81157
-90.65279
-92.50508
-91.08327
-90.88335
-89.98816
-89.67990
-89.76895
-92.24394
-93.32612
-89.91147
-88.69895
-87.29005
-85.14307
-83.13313
-83.30726
-83.51608
-84.32469
-85.14273
-86.25470
-87.08133
-88.95190
-91.64964
-93.35013
-95.44877
-94.11078
-94.99401
-93.30045
-93.88609
-93.30943
-96.93107
-94.55270
-92.23573
-90.80803
-90.19269
-88.82236
-88.72734
-89.46786
-90.69536
-92.00348
-93.49752
-95.30821
-95.15148
-97.52142
-97.44100
-91.22846
-81.17805
-73.21486
-65.14380
-60.57434
-58.37727
-58.45021
-59.52586
-60.12321
-61.08871
-62.20767
-64.27951
-67.97724
-73.15832
-75.75036
-74.38572
-71.03583
-68.69191
-66.14673
-62.20864
-58.85146
-57.53313
-57.48000
-57.75639
-58.36301
-59.32858
-60.55432
-61.96860
-63.43960
-63.89150
-63.62707
-62.53280
-62.38463
-63.08818
-63.37734
-63.86134
-63.51286
-62.48458
-62.01548
-61.08071
-59.94400
-59.61255
-59.76719
-60.04174
-60.27128
-60.65072
-60.92175
-61.11417
-61.69590
-62.45522
-63.03761
-63.84741
-64.85357
-66.17876
-67.45629
-68.99582
-72.53365
-75.53692
-72.73524
-68.50196
-65.56153
-63.62327
-62.31788
-61.53953
-61.28088
-61.51602
-62.19673
-62.62522
-63.54207
-64.78658
-66.12823
-68.61924
-72.76938
-78.05542
-73.95724
-69.45588
-66.94242
-65.38908
-64.48838
-63.56673
-62.94825
-62.52702
-62.25505
-62.06812
-62.18782
-62.78674
-64.02213
-65.67289
-67.42594
-68.40455
-68.44077
-68.18909
-68.34882
-68.86306
-69.19366
-69.87745
-71.46972
-73.53462
-74.53175
-74.90059
-75.12116
-74.55128
-73.95530
-72.71330
-71.59211
-71.05221
-71.39932
-72.33085
-73.35174
-74.40392
-74.60840
-74.78182
-74.85152
-75.31596
-74.68309
-75.02587
-74.86226
-74.29827
-74.27936
-75.10476
-76.40220
-77.47355
-77.83754
-77.75983
-77.64781
-77.80988
-76.25226
-75.32337
-75.94975
-76.37589
-75.43196
-76.12375
-74.03938
-67.09142
-64.35461
-64.97678
-66.98970
-66.75832
-65.98442
-66.51063
-66.99604
-67.46502
-70.36438
-69.85790
-71.25198
-70.98403
-69.36591
-69.50706
-68.21674
-66.87414
-64.95708
-65.08461
-64.51735
-64.34213
-64.56227
-66.01190
-66.51672
-68.71480
-69.35830
-67.94412
-66.87554
-66.60872
-66.19636
-66.72780
-67.76765
-69.20948
-70.92679
-69.16350
-69.17999
-69.36755
-68.22913
-66.42347
-67.51809
-67.07418
-68.35010
-69.33908
-69.49824
-69.11103
-67.94577
-67.64970
-68.78523
-67.79941
-66.49614
-65.76910
-66.19252
-66.16628
-65.26823
-66.97019
-67.68973
-69.44158
-68.71117
-67.18308
-65.57153
-65.63063
-65.79142
-67.09867
-67.73332
-68.90963
-69.93561
-68.12817
-68.21144
-67.78891
-68.68578
-68.98823
-69.57429
-69.38612
-68.25386
-68.68025
-70.13100
-71.05779
-71.54469
-71.30691
-70.52251
-70.16706
-70.75766
-70.83005
-69.76611
-70.20575
-74.35915
-76.80440
-73.34967
-70.55009
-69.52701
-69.27059
-67.81592
-67.25206
-66.97077
-67.40022
-68.12457
-68.66718
-71.04884
-72.92218
-73.71161
-72.42679
-72.22582
-73.21873
-72.92922
-69.93236
-69.00530
-71.44570
-71.31926
-70.72340
-70.78373
-71.35873
-72.86149
-74.91243
-77.07792
-79.41164
-76.35892
-71.88150
-71.61890
-71.60659
-71.85276
-72.39394
-73.73938
-74.01757
-73.82939
-74.90583
-75.49588
-76.43771
-72.95909
-72.42349
-70.34888
-68.46524
-66.39265
-63.34992
-60.27755
-58.39901
-58.50957
-58.73179
-59.04916
-60.42893
-61.45500
-61.60707
-61.42331
-61.24575
-60.84757
-61.05704
-61.76045
-62.05123
-61.30704
-59.27347
-58.39871
-58.33873
-59.14520
-59.44601
-60.03855
-59.81957
-59.75328
-59.55080
-59.32943
-59.08295
-58.77656
-57.74377
-57.04408
-56.76409
-56.49460
-57.65785
-56.92944
-57.82406
-59.25218
-61.14117
-62.91721
-63.29595
-64.02282
-63.36270
-62.73203
-62.65401
-63.24490
-63.20492
-62.66443
-61.98753
-60.66957
-59.67734
-60.21003
-60.44161
-59.81697
-58.96412
-58.42508
-58.60920
-59.02524
-58.52294
-59.02357
-59.51677
-60.26866
-60.99981
-61.43055
-62.83277
-64.60349
-66.29023
-65.14900
-63.72548
-63.42802
-63.05874
-63.23275
-62.97690
-62.44853
-63.21018
-63.00521
-63.19497
-63.32775
-63.61023
-63.45299
-63.98811
-65.32182
-63.76215
-63.03401
-61.62470
-60.51962
-61.35005
-62.47854
-63.38106
-65.10449
-67.09741
-68.70924
-70.13619
-69.79346
-68.47915
-68.04792
-67.74568
-67.55476
-67.21826
-68.31951
-71.71349
-73.55800
-72.98256
-70.25511
-71.48254
-67.83651
-67.67217
-69.67505
-68.18596
-68.23871
-67.33600
-67.39377
-66.86943
-67.88655
-67.58375
-66.84642
-66.37104
-67.75905
-69.16654
-71.19895
-72.12465
-70.87287
-70.82338
-69.43158
-70.67196
-70.50293
-71.27682
-70.97648
-69.97365
-66.06681
-63.25440
-63.07835
-61.39165
-59.52145
-59.85767
-61.37081
-60.16084
-59.91670
-59.87715
-60.15226
-61.66267
-62.36538
-63.65986
-63.68256
-63.24846
-62.59286
-62.85176
-61.67093
-61.08966
-61.69418
-62.86691
-63.79679
-63.08918
-62.40832
-61.63596
-60.61408
-59.79243
-59.73568
-60.72828
-62.00305
-63.28627
-63.55354
-62.01605
-61.38405
-60.42031
-60.72822
-60.80725
-61.18530
-61.35978
-63.35377
-61.84735
-59.98980
-61.42921
-61.71838
-61.37058
-61.55118
-61.08465
-62.11828
-62.80666
-62.26779
-61.69303
-59.33249
-59.99914
-59.96359
-60.13653
-59.81812
-61.22405
-63.38520
-63.66801
-62.89214
-62.85551
-62.60939
-63.36736
-62.88187
-63.01322
-62.69566
-63.31118
-63.37172
-61.21664
-61.81026
-59.72841
-61.89641
-61.56482
-61.37794
-62.00643
-63.08312
-63.90584
-63.52715
-64.49659
-65.03887
-66.72097
-67.95550
-66.66335
-66.48026
-69.07944
-66.70391
-66.09393
-65.18201
-64.51003
-63.35510
-63.59536
-63.53419
-64.00594
-63.89226
-64.55188
-63.83740
-61.77415
-62.58152
-62.93084
-62.03217
-60.46139
-60.89679
-61.89612
-62.39560
-62.87669
-63.69614
-64.92270
-65.37888
-64.86489
-64.55593
-64.76036
-64.31906
-64.09596
-62.04266
-63.56755
-64.91985
-63.04140
-64.18034
-62.50991
-62.63090
-62.48107
-62.94208
-59.97782
-55.47312
-58.92724
-61.90779
-60.84525
-64.92072
-60.01162
-56.26729
-57.25010
-58.64488
-58.90147
-59.28065
-59.64937
-59.99308
-59.66704
-60.57496
-60.30666
-61.22288
-61.85940
-63.75494
-64.21305
-65.33960
-62.62620
-58.31318
-60.89455
-60.67825
-60.13611
-60.19877
-60.69330
-60.74455
-63.91258
-62.17424
-58.96438
-59.60272
-59.24843
-60.54679
-59.25010
-57.61950
-59.66952
-59.81949
-57.31812
-58.43757
-58.63144
-58.89620
-59.08581
-60.14358
-59.69871
-60.41258
-60.27598
-59.89164
-62.28414
-62.04447
-62.21114
-60.94459
-65.41678
-62.16593
-59.47939
-60.87894
-60.02002
-59.16960
-59.19963
-60.60054
-62.57241
-62.82647
-63.12681
-61.58373
-58.13788
-58.77616
-59.98119
-61.75325
-62.42747
-63.99489
-59.43569
-57.22775
-58.47618
-58.57708
-60.32252
-60.29330
-61.39377
-61.65610
-61.63039
-62.08194
-63.38061
-63.26810
-65.43737
-65.04394
-64.66775
-67.05032
-60.37837
-60.19267
-62.46431
-64.93214
-63.96598
-63.32727
-65.91236
-66.57798
-68.23307
-68.87927
-66.15715
-60.20716
-61.96246
-66.54101
-66.20128
-67.95425
-62.69760
-57.44305
-58.26015
-59.87780
-59.94303
-61.46111
-61.51248
-62.43534
-61.60428
-63.09758
-62.71718
-64.13076
-64.70001
-64.59925
-66.32275
-67.78943
-68.65455
-57.71848
-56.49823
-58.75195
-59.42481
-59.79491
-60.36524
-61.30140
-62.17206
-61.97108
-62.53241
-61.79421
-59.49050
-62.42516
-64.30797
-64.69529
-65.57710
-60.31152
-55.89816
-57.15532
-58.07433
-58.90878
-59.87758
-59.66466
-60.68441
-62.07347
-63.72125
-61.93307
-61.80445
-59.99671
-60.55489
-60.74397
-64.47445
-62.96854
-59.02811
-60.91497
-63.71025
-66.92378
-65.03786
-66.28074
-65.55317
-63.95626
-62.64317
-63.16674
-61.23486
-60.44275
-64.86685
-65.38889
-64.94946
-67.85243
-60.11970
-55.99489
-57.41263
-57.25746
-58.52241
-59.41911
-59.82090
-60.71047
-61.45544
-61.91746
-61.94287
-62.76319
-62.80736
-63.86785
-64.26351
-68.39552
-62.25738
-60.51714
-63.87485
-65.31718
-64.38706
-63.59960
-64.93491
-65.60588
-65.47339
-65.35857
-65.49268
-60.07821
-60.65183
-64.67191
-65.36218
-67.66476
-67.03247
-59.23654
-58.04726
-60.85986
-60.89568
-62.26741
-62.58054
-63.33213
-63.02588
-63.75050
-63.34603
-64.74502
-65.21898
-66.45289
-68.80063
-67.88070
-69.24159
-61.29448
-61.10281
-65.35460
-65.97046
-66.86670
-68.22821
-67.80708
-67.75063
-67.47516
-69.52152
-66.24284
-60.58825
-63.36584
-68.87131
-68.53838
-72.72473
-66.37621
-58.71037
-59.40051
-61.17046
-61.36355
-62.60296
-63.06958
-64.11830
-64.58146
-66.80543
-66.55316
-67.93830
-66.43831
-67.45139
-66.70874
-68.16453
-67.85720
-59.21150
-59.50525
-60.70671
-59.65922
-60.10889
-60.59023
-61.38901
-61.72093
-61.52654
-61.23404
-59.70331
-59.14357
-61.63960
-65.69566
-67.89961
-71.61074
-62.23907
-57.07529
-58.56399
-58.92946
-59.80250
-59.94842
-61.16459
-62.99444
-62.30900
-61.61836
-63.44190
-66.25095
-65.34109
-66.27221
-64.52856
-66.56303
-62.18123
-59.11964
-61.75188
-63.93356
-64.89040
-66.05782
-64.46816
-63.59828
-63.49393
-63.27288
-62.92200
-59.38428
-59.40559
-63.47980
-66.27551
-67.92917
-70.02771
-60.69737
-58.18866
-59.70040
-59.86466
-61.49520
-61.85228
-63.19783
-64.27380
-62.75460
-59.26029
-59.01244
-60.14814
-63.25541
-68.80656
-67.83911
-73.18653
-61.73932
-58.41295
-61.07782
-61.47297
-63.83968
-64.77327
-64.80530
-64.88086
-65.05886
-65.17290
-63.62690
-60.36986
-60.36426
-63.13402
-63.01653
-65.68886
-64.17988
-58.20847
-58.42302
-60.32149
-60.52457
-61.62307
-61.89014
-62.79133
-62.59889
-63.46181
-64.48776
-66.32101
-64.89648
-64.63509
-64.89533
-63.77650
-64.59225
-59.87008
-60.38492
-64.38419
-66.01193
-68.68883
-69.37902
-69.46368
-68.77177
-67.56436
-70.52665
-66.10450
-60.60262
-62.87380
-66.43171
-66.33662
-70.42789
-64.31164
-57.96780
-58.30547
-58.29128
-58.97804
-60.13596
-60.78909
-62.42665
-62.26123
-63.02343
-62.32934
-63.04837
-62.48465
-62.76522
-62.20762
-63.52341
-62.28263
-57.91441
-58.66614
-59.98740
-58.57633
-59.33018
-62.15709
-63.42768
-63.93180
-61.84698
-60.60375
-59.33024
-58.70617
-61.60516
-63.65587
-63.46978
-67.17337
-59.82870
-55.88970
-57.46672
-57.86805
-58.17990
-58.16594
-57.66046
-58.71610
-60.57043
-61.39348
-62.45057
-62.81250
-61.05991
-60.06953
-60.99403
-63.49923
-60.94873
-59.22343
-62.93015
-63.75362
-64.00631
-63.45376
-61.95795
-64.66875
-64.38732
-64.52594
-65.83871
-60.78466
-60.99754
-63.78993
-63.32084
-66.80905
-64.79557
-57.90789
-56.02899
-57.18989
-57.02941
-58.10577
-60.32161
-61.33408
-60.83095
-61.64264
-60.53641
-58.92688
-60.81280
-62.40605
-63.97438
-62.90783
-64.44167
-60.01671
-57.37890
-59.70672
-60.19916
-60.24678
-60.18204
-61.36374
-62.37918
-62.21405
-64.55306
-61.90757
-58.67798
-60.28260
-61.61321
-62.59842
-60.93482
-59.18681
-57.44691
-57.81060
-59.12647
-59.82539
-61.59949
-61.44817
-61.50714
-61.69552
-62.41913
-60.41108
-60.69117
-60.68204
-60.74687
-60.90202
-63.86078
-63.70121
-59.83564
-60.34304
-61.31236
-62.60167
-62.70906
-62.29782
-62.13339
-63.97645
-62.09093
-65.55516
-63.29908
-59.73431
-61.75621
-64.50167
-63.02308
-63.20439
-63.53195
-57.76524
-57.91495
-59.08135
-60.16197
-60.48164
-60.90780
-62.61674
-61.84393
-60.19435
-60.71321
-62.85059
-63.71533
-64.04420
-62.91772
-62.69617
-63.89048
-57.97677
-56.85465
-58.94124
-58.56978
-58.86004
-58.96956
-59.88058
-59.22734
-59.33836
-60.23111
-59.33013
-58.21683
-60.11841
-61.02021
-62.56846
-59.63824
-55.85372
-55.73471
-56.21152
-56.76797
-56.33294
-57.20588
-58.85291
-57.59478
-56.97892
-57.04562
-58.14841
-57.43194
-59.34815
-60.32757
-59.11944
-59.32244
-58.75709
-59.48077
-58.15135
-61.26997
-59.71337
-57.79807
-59.13441
-65.94705
-59.27219
-55.85630
-57.49092
-57.49333
-58.30618
-58.10694
-58.49082
-56.78571
-57.16224
-56.38231
-57.29988
-57.77720
-58.78497
-58.90622
-58.69658
-59.84697
-59.78474
-59.81846
-60.86297
-61.91868
-61.88239
-61.16891
-60.78322
-64.44766
-60.44517
-58.63973
-58.34789
-58.15711
-59.36802
-59.59847
-60.25987
-62.80362
-62.62071
-61.94785
-60.86538
-57.94707
-58.31534
-59.54221
-61.50102
-61.72136
-60.54126
-57.60831
-57.00116
-58.44289
-59.28662
-59.91939
-58.55110
-59.79268
-60.66209
-60.74025
-61.39037
-63.76295
-62.45209
-61.82877
-61.82174
-61.85951
-62.49797
-58.16912
-60.16012
-62.94727
-63.35385
-62.07176
-61.94389
-63.04171
-63.71987
-65.82814
-65.12771
-62.16458
-59.62927
-62.37835
-62.58623
-64.77183
-66.14645
-62.02670
-57.61596
-58.64739
-59.78764
-59.31881
-61.31951
-60.45676
-61.04569
-60.24984
-63.67691
-62.91681
-63.82861
-63.80374
-63.48580
-62.16877
-63.79480
-64.08838
-56.03534
-55.98999
-57.12459
-58.25110
-59.42346
-59.53915
-59.76383
-61.13381
-61.68871
-62.43882
-61.24512
-59.37339
-61.00909
-62.00628
-63.43265
-64.93321
-58.11022
-55.50827
-56.80621
-56.58555
-57.88247
-57.52867
-57.78304
-58.39692
-59.82852
-60.10019
-59.67884
-61.08092
-60.07428
-61.21963
-61.62630
-63.20172
-60.56372
-58.77776
-61.16663
-62.83719
-64.94666
-63.61540
-62.28326
-61.83710
-61.88213
-61.55938
-60.06723
-59.16588
-58.58980
-60.15402
-60.91175
-61.27909
-62.37594
-57.78296
-56.38721
-57.29581
-57.30063
-58.46169
-58.58021
-58.96625
-59.80552
-60.89302
-61.32634
-61.85786
-62.12848
-62.08208
-63.08566
-63.92692
-64.39330
-59.99775
-59.23267
-61.78280
-61.95067
-61.89930
-61.24068
-60.89748
-62.82500
-62.57817
-62.10803
-62.59361
-59.88199
-60.22466
-62.63323
-63.46084
-66.27322
-63.42057
-57.80013
-58.48927
-60.18864
-60.97965
-61.34111
-60.65915
-62.34900
-62.08092
-63.14481
-62.54209
-63.72447
-63.42344
-64.88650
-65.46210
-65.38409
-65.68741
-60.05703
-61.24896
-64.53316
-65.23870
-65.79331
-67.82466
-67.65038
-66.02767
-65.56507
-67.58233
-63.55274
-60.02516
-63.43862
-67.51249
-66.73388
-68.70517
-63.34921
-58.12350
-59.70488
-61.09033
-61.58854
-62.46044
-62.70702
-64.13506
-64.24506
-65.56926
-65.47937
-66.96982
-66.49210
-66.38374
-64.37654
-66.62947
-64.18943
-57.06620
-58.15525
-59.75733
-59.82415
-60.75963
-60.77926
-61.75808
-61.14108
-61.22793
-60.62552
-58.45420
-58.30983
-60.14888
-62.97286
-64.37665
-66.72379
-58.37116
-55.99594
-58.39520
-58.29711
-59.97629
-59.59793
-60.41530
-60.89835
-60.16605
-60.29984
-62.34811
-63.69914
-64.26089
-63.23075
-62.06686
-62.13620
-58.58977
-57.50525
-58.28550
-59.20118
-60.38047
-60.99856
-59.92015
-61.04948
-62.73882
-64.29801
-63.62444
-59.71620
-60.39614
-63.57278
-63.49225
-63.67788
-62.58018
-57.91272
-57.58286
-59.54353
-60.05557
-60.29595
-60.42467
-60.55677
-61.82555
-60.57992
-58.32347
-58.36473
-57.60956
-61.62590
-66.13660
-66.22959
-69.48858
-59.98382
-58.10164
-59.62161
-59.46048
-61.37498
-61.68626
-62.00408
-62.05856
-61.42990
-61.54959
-61.13633
-59.24079
-59.47914
-61.46646
-60.93057
-62.83847
-60.71178
-57.11667
-58.23504
-59.24076
-59.79189
-60.75029
-61.48764
-62.77085
-62.94258
-63.54964
-64.13246
-65.16951
-63.00265
-64.36548
-64.75516
-64.11716
-62.93196
-59.28868
-60.81300
-63.87164
-65.97937
-65.42711
-64.65737
-65.27948
-66.23355
-66.24021
-68.03939
-63.24743
-60.21351
-63.21166
-64.03130
-64.67606
-68.04697
-62.46623
-57.46021
-58.06325
-58.95421
-59.87712
-60.41769
-60.41962
-61.69704
-61.84731
-62.17717
-62.57972
-63.22334
-62.52084
-62.27160
-61.90085
-63.62503
-61.44580
-57.92946
-59.14337
-59.78171
-59.64046
-61.37491
-61.31577
-61.52091
-62.31081
-60.54705
-59.89221
-59.02027
-59.23974
-61.74079
-63.00383
-63.44180
-66.03962
-58.19111
-55.33013
-57.73347
-57.41461
-58.45928
-58.73675
-58.22542
-58.19473
-59.55579
-60.71661
-62.54063
-63.27130
-61.71786
-61.08390
-60.07732
-62.26417
-59.97672
-59.65925
-62.70360
-63.66808
-64.14273
-63.39303
-63.78423
-66.88127
-64.31798
-64.83566
-64.68846
-59.54305
-60.90492
-61.85272
-63.00866
-64.77513
-62.82816
-57.30015
-55.37927
-57.17601
-57.64036
-58.84312
-60.22107
-61.19138
-61.10305
-62.50600
-60.62007
-59.96339
-61.04697
-61.63504
-63.40956
-62.95205
-64.03268
-59.08545
-57.90610
-60.13685
-59.74340
-59.93291
-60.54525
-61.32098
-61.29565
-62.21236
-64.08752
-60.80884
-58.50944
-58.53978
-59.69094
-61.39870
-60.91238
-58.04033
-56.16209
-57.39583
-58.29737
-59.59314
-60.39990
-60.67490
-61.37856
-62.29541
-61.48600
-60.20668
-62.21569
-61.82987
-61.07971
-61.40462
-63.55219
-61.55876
-58.85462
-61.32128
-62.81266
-62.43034
-63.03363
-62.41176
-63.74108
-63.14525
-63.11297
-64.01453
-60.75328
-58.94764
-61.00573
-64.30894
-63.58926
-64.08304
-59.12408
-56.99132
-58.40709
-59.43696
-59.94235
-59.72516
-60.82490
-61.55838
-61.75580
-60.91243
-61.61449
-63.43138
-64.12833
-65.06962
-63.68842
-65.77593
-62.53725
-57.24446
-58.01189
-58.62450
-59.21996
-60.02908
-61.04705
-61.30223
-60.57089
-60.94263
-60.27507
-58.83535
-57.74873
-59.77837
-61.04169
-62.09656
-60.86458
-57.24400
-56.32066
-57.46332
-59.32719
-58.99949
-58.52991
-58.97213
-59.02196
-59.33626
-60.42172
-60.89722
-61.52301
-62.51932
-61.85529
-63.71114
-62.00764
-60.05577
-61.52348
-62.17893
-63.62303
-64.32015
-64.18590
-64.56814
-63.09559
-62.31674
-60.71870
-58.48013
-58.55935
-59.09088
-60.13366
-61.35465
-62.28327
-60.31529
-57.33926
-57.55586
-58.22398
-58.77458
-59.19257
-59.44180
-60.19537
-61.15339
-62.65990
-62.96782
-63.45381
-64.15449
-64.51331
-64.50308
-64.01394
-60.89488
-60.17070
-62.82644
-63.69465
-63.41108
-62.39507
-60.86710
-61.31295
-61.06191
-61.36274
-61.03561
-59.03924
-60.23980
-60.82600
-60.92855
-60.46173
-60.20774
-58.93769
-58.24596
-59.10447
-59.00331
-60.34459
-60.95646
-61.98021
-62.17992
-63.07444
-63.71644
-64.92401
-64.88180
-63.88770
-63.40813
-65.76918
-65.11246
-59.65421
-61.08086
-63.56359
-64.33004
-64.80665
-66.69508
-68.36283
-70.29683
-69.32319
-70.70587
-63.65158
-60.59179
-63.93472
-65.51544
-66.04019
-65.35759
-63.28280
-58.51032
-58.46554
-59.33266
-60.18857
-61.28919
-61.94882
-63.43636
-63.94543
-64.37954
-64.83529
-65.51647
-65.76816
-66.85045
-67.36788
-69.88866
-66.67607
-59.26696
-57.10477
-58.51786
-58.99588
-59.99797
-60.93332
-61.82832
-62.52376
-63.39881
-64.11293
-60.44017
-60.32230
-63.27251
-62.64165
-65.33374
-66.42302
-63.19114
-59.66739
-58.79111
-60.90408
-60.67816
-61.87393
-62.99540
-62.83410
-63.95303
-64.34389
-65.06287
-66.15872
-65.60087
-67.08990
-66.67177
-68.06529
-62.42161
-60.70546
-65.74892
-68.87194
-70.72095
-70.24117
-71.97571
-72.69275
-71.55830
-73.84176
-70.93305
-61.39262
-62.19880
-64.94427
-64.67565
-65.86493
-65.02704
-62.56404
-59.24819
-59.87998
-60.85916
-60.60863
-61.70970
-63.08882
-63.38319
-64.79207
-64.47369
-66.10417
-67.09857
-68.54922
-67.97221
-68.33899
-69.11858
-61.09352
-61.81692
-66.84969
-69.27501
-70.23436
-70.70664
-69.51331
-68.35408
-68.14540
-70.00545
-65.57742
-60.59748
-64.41851
-66.85058
-68.19754
-70.25911
-65.76353
-61.72224
-59.85421
-60.88943
-61.37495
-62.24446
-63.00254
-63.81109
-64.10717
-65.74390
-66.03505
-66.73677
-66.71555
-68.62717
-67.83755
-69.89740
-67.86163
-60.45337
-63.71794
-68.52177
-70.16214
-71.40876
-72.58578
-74.76527
-75.44154
-73.02045
-76.71803
-65.07241
-61.12281
-67.26510
-69.40851
-74.63028
-74.32728
-66.38431
-60.52533
-59.97878
-61.36819
-61.58771
-62.51744
-63.84055
-64.99625
-65.74052
-66.88776
-67.27754
-68.58801
-68.37150
-71.05878
-69.60283
-74.10852
-65.34809
-59.51066
-60.18575
-61.04087
-62.64703
-63.09797
-63.85775
-65.50597
-66.49087
-67.56750
-68.10860
-61.76301
-61.66423
-66.57100
-67.62721
-72.42770
-70.29426
-63.93128
-59.79753
-59.76762
-61.03912
-61.15955
-60.34967
-60.32277
-61.77223
-63.02971
-63.80335
-64.84870
-65.89287
-66.00161
-66.74080
-66.16145
-69.37757
-62.10480
-60.94899
-66.38134
-68.02254
-68.87385
-66.68966
-66.66849
-67.66704
-68.04843
-67.77955
-64.77246
-60.02107
-61.90262
-64.15083
-63.85442
-65.69395
-64.15799
-60.18129
-58.61588
-60.03247
-60.40207
-60.71881
-61.45308
-62.24318
-61.78934
-62.33514
-61.93104
-61.44198
-60.93655
-60.68315
-60.19795
-59.81998
-60.45316
-58.71247
-60.53850
-64.47072
-65.86555
-67.94044
-68.43116
-69.03205
-70.16829
-69.42235
-68.10046
-63.02670
-59.97484
-63.02131
-64.15526
-65.36499
-66.56953
-63.44023
-60.40574
-58.98056
-59.82314
-60.61077
-61.82589
-62.17870
-62.34927
-61.65653
-61.65295
-62.30568
-63.44386
-63.62074
-63.66447
-62.63304
-63.04718
-60.76591
-58.22918
-60.33876
-61.47096
-62.29243
-63.06137
-63.82780
-64.64996
-65.74422
-66.59633
-65.69707
-60.54188
-59.00193
-61.25047
-62.11957
-63.25618
-64.81843
-62.63058
-59.55791
-59.94223
-60.40385
-61.13912
-61.84204
-61.94689
-62.64760
-63.11549
-63.17240
-63.45676
-62.96240
-63.99660
-66.06319
-62.51830
-62.43805
-61.02128
-60.14652
-61.78934
-61.39719
-65.59575
-67.34415
-62.78531
-63.62437
-66.09444
-65.33051
-63.13731
-60.30188
-61.77269
-65.88817
-64.15246
-66.32838
-66.70830
-62.11439
-63.79477
-68.02414
-67.76985
-67.88885
-67.59458
-69.25227
-67.49952
-67.07338
-67.11034
-69.20672
-69.77176
-69.63037
-68.93424
-67.56305
-70.44969
-61.27517
-61.42922
-65.66881
-68.73632
-68.61367
-65.40415
-65.32858
-69.23191
-69.20104
-68.70454
-64.74365
-59.56621
-63.33913
-63.94710
-63.27091
-63.17348
-64.23249
-67.21807
-71.35299
-67.58577
-63.56244
-62.70669
-63.24967
-65.69271
-65.77502
-65.51918
-64.53944
-64.22218
-62.68803
-61.97501
-64.08368
-67.34804
-63.31409
-59.73337
-58.91274
-62.24081
-65.43882
-62.20821
-60.83358
-63.15872
-63.54753
-58.25766
-55.02351
-54.59081
-56.92514
-63.43231
-65.79957
-61.98916
-62.92815
-65.43004
-64.69269
-62.54255
-62.15889
-63.60656
-66.69422
-69.24602
-69.44643
-67.92881
-69.13889
-69.22169
-68.17337
-68.14412
-69.59536
-67.72753
-66.85874
-70.78983
-68.77564
-64.65116
-65.14844
-71.43709
-69.46324
-65.52673
-68.37770
-74.17483
-71.67268
-69.45531
-72.42366
-76.63082
-74.06686
-72.07244
-72.74632
-73.57664
-74.50760
-75.97249
-76.95379
-76.01612
-77.07247
-78.99505
-77.18232
-74.95509
-76.04742
-76.96438
-78.38090
-79.10747
-78.26413
-77.18556
-78.17481
-79.79378
-78.25444
-76.80981
-78.98402
-82.97044
-80.17515
-78.56121
-80.69947
-83.21854
-81.74466
-80.35185
-80.60667
-80.44063
-81.30201
-83.52631
-83.64137
-83.41800
-84.89408
-87.80469
-84.45299
-81.85849
-78.26925
-73.67781
-68.78693
-66.83895
-63.92630
-62.70803
-63.70386
-64.73250
-67.39392
-69.42846
-70.05366
-68.81879
-69.54345
-71.11859
-76.20938
-80.33554
-82.12635
-76.13067
-73.43711
-73.22413
-69.45507
-68.65323
-66.87774
-66.19090
-64.85780
-63.61610
-62.83795
-62.79287
-63.52200
-65.55252
-66.69008
-64.90132
-64.73088
-64.96556
-66.87404
-68.16986
-69.79144
-70.20613
-67.57589
-67.02864
-64.96689
-64.58521
-66.26308
-67.40555
-67.48927
-69.37699
-71.82908
-72.96391
-77.00281
-76.45525
-70.10188
-65.99614
-65.13507
-65.57335
-68.12661
-71.17431
-73.67138
-74.89358
-72.95732
-72.29264
-71.62226
-68.98904
-66.15624
-64.40375
-63.76929
-64.29908
-65.58284
-67.97130
-70.73868
-72.69225
-74.78163
-77.32415
-74.83326
-69.73786
-67.50828
-67.93707
-70.26735
-74.67071
-77.78360
-78.23391
-78.54532
-73.85320
-69.02958
-67.56937
-67.11204
-66.09415
-64.84876
-64.40579
-64.41168
-64.57281
-64.24959
-62.66659
-61.97657
-62.30678
-63.93797
-66.83863
-69.85563
-72.06223
-73.78924
-74.94988
-71.92585
-68.15179
-66.35804
-66.09692
-66.53306
-66.54834
-66.47090
-67.16222
-67.94786
-68.98137
-69.86782
-70.53410
-70.48579
-70.22441
-70.01225
-69.40036
-67.81456
-66.73574
-67.62594
-69.63115
-70.96136
-71.14587
-70.54936
-68.97279
-69.07464
-68.25046
-66.89475
-65.84003
-64.15813
-63.27101
-62.75300
-62.50508
-62.75467
-63.07842
-63.93998
-65.24476
-66.00775
-66.80592
-67.08431
-67.15468
-67.43036
-68.76066
-69.50977
-70.06279
-71.42698
-72.36413
-72.21290
-70.89522
-68.80015
-66.88628
-66.52214
-67.13992
-68.75372
-70.23442
-71.68012
-68.87714
-64.31903
-62.08604
-61.48238
-61.98417
-63.57257
-65.36040
-66.86064
-66.82844
-66.88862
-66.98513
-67.78130
-69.62935
-69.88465
-69.84852
-71.77687
-71.26516
-71.57539
-71.72098
-70.71740
-67.59650
-60.37617
-58.06704
-55.38300
-53.98488
-54.84906
-56.18888
-58.76538
-61.32410
-63.52314
-61.68794
-59.98359
-59.62727
-61.25022
-64.73637
-66.95655
-63.73567
-60.73241
-59.25601
-56.83976
-55.98343
-56.33172
-56.66721
-57.81529
-58.83994
-58.48933
-58.18314
-57.45199
-56.12993
-54.32612
-53.92990
-54.83950
-55.39498
-55.87929
-56.81525
-57.96866
-58.63809
-58.72818
-58.65582
-59.08576
-58.29891
-57.23131
-56.91364
-57.48365
-58.14485
-59.91233
-60.19595
-58.16481
-56.91835
-54.54120
-53.00430
-53.37222
-55.70455
-56.53628
-56.08622
-56.49254
-56.77363
-57.57011
-57.73543
-57.93330
-58.23088
-58.39312
-58.04238
-57.82661
-57.71299
-57.60952
-57.80763
-58.09002
-57.52501
-57.75104
-57.55405
-57.36174
-57.32017
-56.73423
-57.04404
-57.40672
-56.94527
-56.31891
-56.74706
-56.54760
-56.73919
-56.11865
-56.08664
-56.06145
-56.54124
-57.39585
-57.82766
-58.70512
-58.81814
-59.17127
-59.61953
-61.63570
-62.64965
-63.52213
-63.74472
-63.50904
-62.44461
-60.60013
-59.74218
-59.50233
-60.11057
-60.52083
-60.86708
-61.24806
-60.74225
-61.22810
-61.00704
-60.40650
-60.52003
-60.58355
-60.92837
-62.66428
-63.16128
-60.57817
-58.78357
-57.56358
-56.95676
-56.97465
-58.23258
-60.18862
-61.16838
-61.62130
-61.90636
-62.09233
-62.56978
-60.47617
-59.03397
-58.39678
-58.54618
-60.51463
-61.36480
-60.73011
-60.60423
-61.37245
-62.44306
-62.96070
-63.07741
-63.00374
-62.64352
-62.85767
-62.89985
-62.84890
-62.29286
-62.05887
-61.94383
-61.57527
-61.71398
-61.76995
-61.92418
-63.35797
-63.92955
-64.15171
-64.28840
-65.08461
-66.37947
-65.84100
-66.19918
-67.45856
-67.75445
-67.13044
-67.03445
-65.70466
-64.22898
-62.75957
-62.04952
-62.36032
-63.11868
-63.64482
-63.88787
-64.64699
-65.48769
-66.70292
-67.53202
-67.13045
-67.13193
-66.60842
-66.82135
-67.04600
-66.36512
-65.72544
-65.94096
-67.29355
-67.99378
-68.07345
-68.39233
-68.72120
-68.07209
-68.93115
-69.09214
-68.99698
-68.63760
-68.76026
-69.11895
-69.23049
-69.35547
-69.74880
-70.70061
-70.80021
-70.81255
-71.00736
-72.61415
-72.54922
-72.36287
-71.64107
-72.28502
-73.74381
-74.87402
-75.21980
-76.72090
-77.29793
-76.03727
-76.63623
-75.34815
-75.49785
-75.20274
-75.75277
-73.47340
-72.39203
-68.82947
-64.17755
-61.86634
-60.95154
-63.62860
-66.68373
-68.32143
-68.59131
-65.40540
-63.04371
-61.78241
-62.34711
-62.18373
-61.66774
-60.70996
-60.02990
-58.81466
-58.73027
-59.66660
-59.63190
-60.51003
-61.72809
-62.91304
-62.17636
-61.08415
-60.93714
-63.81806
-65.21959
-61.54705
-58.30680
-57.39282
-57.51124
-57.88258
-58.76987
-58.95874
-58.44490
-58.22151
-58.38705
-56.84860
-56.38744
-56.67950
-57.51291
-58.06672
-57.90676
-57.94264
-57.68325
-57.55450
-57.98937
-59.68506
-62.33007
-65.25479
-65.33480
-63.41166
-61.77339
-61.32434
-62.39752
-64.48852
-65.65074
-65.50939
-64.89303
-64.97857
-66.09043
-67.58122
-66.47647
-64.10698
-62.90711
-62.13057
-61.59114
-61.45929
-60.63739
-59.35406
-58.51735
-58.03770
-58.65212
-60.69082
-64.22918
-68.35916
-66.46760
-61.65777
-59.03662
-57.43443
-56.89094
-56.76135
-56.46692
-56.19852
-55.95089
-56.48372
-57.78164
-59.61113
-62.26053
-64.81117
-66.77627
-67.36505
-66.66728
-66.06261
-66.43567
-68.20106
-67.86404
-65.74627
-64.32716
-63.77801
-63.35150
-62.90725
-62.56788
-62.58297
-62.96506
-64.70097
-65.62840
-64.28059
-60.95369
-58.36453
-57.21879
-56.36490
-56.11485
-56.12250
-56.76337
-57.83320
-59.79072
-62.25933
-64.62900
-65.49427
-63.99030
-62.68474
-62.50409
-63.58375
-65.01480
-66.37170
-66.03132
-64.42345
-63.13800
-62.40608
-62.31306
-63.20603
-64.27293
-64.68565
-64.39949
-64.44486
-64.47284
-65.68660
-67.78045
-70.32853
-72.92855
-72.20790
-70.79998
-67.81311
-65.90879
-64.78911
-63.16816
-61.78770
-61.47780
-62.21356
-64.18647
-66.85129
-68.98079
-68.71393
-68.22540
-68.59337
-70.16604
-69.32458
-65.13851
-62.24162
-60.32467
-59.28750
-58.83278
-59.63888
-61.44378
-64.32803
-66.28705
-66.60640
-65.43469
-64.76678
-63.96368
-63.51233
-62.47908
-61.99512
-60.53838
-59.16639
-58.98800
-56.80151
-57.06489
-58.04872
-58.80372
-58.28368
-57.42057
-57.03955
-57.48497
-58.33048
-58.34583
-58.09551
-57.11641
-56.37880
-55.18840
-54.80675
-54.67587
-54.60574
-55.54602
-57.34111
-59.15194
-61.39586
-60.96612
-59.42827
-57.50241
-56.45491
-55.43876
-54.10332
-54.76142
-56.50441
-57.22429
-56.67801
-55.36108
-55.16030
-55.02321
-54.65001
-54.53530
-54.56956
-55.68992
-55.36793
-55.20868
-55.23604
-54.99415
-54.13990
-53.18901
-52.81600
-52.55395
-52.03286
-52.08792
-53.62314
-56.27204
-56.31727
-56.01913
-56.87479
-56.65610
-56.24834
-56.03895
-56.38423
-56.91964
-57.86010
-58.44848
-58.09102
-57.78323
-58.05964
-57.26428
-57.55074
-56.25603
-57.15932
-57.56647
-57.28170
-57.68170
-56.78611
-55.99692
-54.67466
-55.05732
-54.35665
-54.75918
-54.61483
-54.91800
-55.42288
-55.37709
-56.57582
-57.11830
-58.20297
-58.44134
-58.72023
-58.01607
-58.50354
-57.19070
-56.61792
-56.33474
-56.92453
-57.86931
-57.30259
-57.49115
-57.21840
-58.50984
-57.80471
-59.44088
-59.59057
-60.76238
-59.68517
-59.45928
-60.66144
-60.67336
-59.43373
-57.67307
-57.77658
-56.99146
-57.97780
-56.63641
-55.81937
-54.79662
-55.01379
-55.55027
-56.21608
-56.95242
-57.46877
-57.78182
-57.91348
-58.29252
-58.85548
-59.00631
-58.52780
-57.01793
-55.96642
-56.22272
-56.81590
-58.93007
-60.38395
-62.80472
-63.88592
-65.25584
-64.01383
-62.95175
-61.52603
-60.97808
-60.97790
-60.48845
-60.49903
-60.53824
-60.82147
-60.51083
-60.10124
-59.20968
-59.08359
-59.37780
-61.08574
-62.67762
-63.91660
-64.17686
-63.80596
-63.48576
-62.84866
-62.93468
-63.42624
-63.35679
-63.55845
-63.47057
-63.59378
-63.54375
-63.12577
-63.30614
-63.56495
-63.51484
-63.31539
-63.39417
-62.80575
-62.55088
-62.13310
-61.83049
-61.87043
-62.37220
-63.58385
-64.05588
-64.01272
-64.88525
-66.24702
-67.04993
-67.33256
-67.45387
-67.80575
-69.77598
-71.60986
-72.17119
-72.09780
-71.24592
-70.08285
-69.42571
-69.86609
-69.60325
-70.21844
-70.51433
-70.74619
-71.85169
-71.33376
-70.72590
-71.12552
-72.06525
-73.27007
-74.59908
-74.45380
-72.96213
-71.17374
-71.72959
-73.44429
-75.21226
-76.06235
-74.92212
-73.68792
-73.90831
-73.76516
-72.84257
-71.71605
-71.28900
-68.93234
-62.45483
-60.45161
-60.91751
-62.48300
-64.41780
-64.48413
-65.49061
-65.93938
-65.83990
-66.16247
-66.66293
-68.08215
-68.87607
-67.58892
-66.37476
-64.24670
-63.91179
-63.80596
-62.36049
-61.62681
-61.45336
-60.14044
-57.92170
-57.03015
-56.52981
-56.63290
-57.53129
-58.76624
-59.88607
-58.47671
-57.85209
-58.70363
-59.75608
-60.96720
-61.93222
-62.58138
-61.28248
-60.81029
-60.69604
-60.28863
-60.78625
-61.65536
-61.87626
-62.32746
-63.29248
-63.33715
-63.45904
-63.83598
-65.19217
-65.47000
-64.74935
-64.10012
-61.98109
-60.18667
-58.98137
-58.20715
-57.85406
-57.89370
-57.79143
-57.19605
-57.04423
-57.15674
-57.87559
-58.95768
-59.87269
-60.90372
-61.54527
-61.50502
-60.91348
-60.71754
-60.54152
-61.02442
-62.05587
-62.76025
-62.70754
-62.11776
-61.89198
-62.13995
-61.42914
-60.18575
-59.13725
-59.12214
-60.92976
-63.61193
-64.23988
-62.07777
-60.58352
-59.60453
-59.91659
-60.63869
-61.35394
-61.90296
-62.68629
-63.62183
-64.20821
-65.32068
-64.96763
-64.25082
-65.39178
-66.35007
-64.79514
-63.26945
-62.28435
-61.89404
-61.69995
-61.78637
-62.58196
-64.04177
-64.62441
-65.44213
-64.70919
-63.71673
-63.26231
-63.11537
-64.09807
-65.26907
-65.47871
-64.54232
-64.15478
-63.74328
-63.82210
-63.46899
-64.22344
-65.68952
-66.59984
-67.33110
-67.03775
-67.04443
-67.64652
-67.65453
-66.92427
-66.78755
-68.03915
-69.60544
-68.49324
-66.88929
-65.94818
-66.51261
-68.20543
-69.59275
-71.01513
-68.50941
-67.97873
-69.78816
-69.31976
-68.77912
-68.69865
-68.67371
-67.52079
-67.39220
-68.73288
-70.70060
-71.74431
-71.06790
-69.59487
-69.04547
-70.69410
-71.13183
-70.76676
-70.00535
-68.71430
-67.61731
-66.69185
-67.05686
-67.16087
-67.38437
-67.61157
-68.08402
-68.32240
-68.41338
-68.34970
-63.32530
-60.06319
-59.60074
-57.70711
-56.45103
-56.83489
-57.14756
-58.45981
-61.21823
-65.02385
-66.99240
-66.51592
-66.00292
-66.28932
-68.22459
-70.97830
-69.54565
-64.33494
-61.57535
-59.19198
-57.67940
-57.74030
-57.63482
-57.85835
-58.56618
-59.73661
-61.48696
-64.51927
-67.21009
-66.35613
-65.82536
-63.56833
-59.03299
-56.86888
-56.88251
-58.15938
-60.40136
-63.60296
-66.38455
-63.89629
-62.86808
-63.82390
-64.04549
-66.43326
-71.18645
-68.54528
-64.30429
-61.28548
-60.45050
-60.49610
-60.27857
-62.60304
-66.61665
-65.72422
-62.06157
-59.13994
-59.57821
-57.23007
-53.69644
-53.48103
-52.79266
-52.04045
-50.82255
-49.58862
-49.76077
-50.50423
-51.22210
-52.27366
-52.94503
-53.45272
-53.89630
-54.23864
-55.60557
-57.90893
-59.68490
-60.29229
-58.90497
-55.72234
-54.80760
-54.69693
-55.21822
-55.93372
-56.15943
-55.79993
-55.94211
-54.81963
-52.95570
-53.61620
-55.05677
-56.48444
-57.67085
-58.97497
-59.33886
-57.22589
-55.41450
-54.20685
-52.36802
-50.83008
-49.93744
-49.76353
-50.72619
-51.94255
-52.88975
-53.98521
-54.96155
-57.33095
-61.26114
-60.23715
-57.38459
-55.88127
-55.59434
-56.90187
-59.24059
-56.42850
-52.45270
-50.95580
-50.97111
-52.35890
-53.51170
-54.18354
-54.33863
-53.83816
-55.33361
-59.83779
-60.92908
-57.74692
-56.06514
-56.54619
-56.83959
-57.47723
-57.62741
-57.05178
-58.54309
-59.93993
-61.01203
-60.37862
-60.81368
-62.40448
-63.67357
-62.11290
-60.66109
-61.64838
-63.25253
-64.37753
-63.82114
-64.76532
-65.77401
-66.44250
-66.89633
-65.96092
-63.69319
-63.01625
-63.15933
-64.24537
-65.85464
-64.95554
-64.39958
-66.24900
-67.37565
-66.27114
-66.76246
-67.91643
-67.41147
-64.55510
-64.51343
-66.57980
-68.17030
-67.72621
-66.57751
-66.98411
-66.65808
-65.86448
-64.97553
-64.20317
-64.10743
-64.70754
-64.63739
-65.28994
-65.88636
-65.19756
-64.23111
-64.75720
-65.68401
-66.57393
-69.40912
-70.76988
-70.92499
-72.16393
-74.15982
-74.30267
-73.71060
-74.60982
-74.05976
-72.08148
-71.81991
-71.32101
-70.11716
-69.72850
-70.50968
-71.68779
-73.00932
-72.36091
-71.66953
-71.91688
-72.65165
-74.25264
-73.40528
-72.74328
-73.57145
-75.08763
-75.45568
-76.33660
-76.68550
-76.11975
-74.48298
-74.21035
-73.86934
-73.44462
-70.64760
-66.67420
-63.69916
-61.67884
-60.14709
-58.48682
-57.51795
-57.59544
-58.18533
-58.21298
-58.48676
-57.92026
-57.95760
-58.90604
-58.91268
-58.94242
-59.83098
-60.33530
-59.83700
-59.26285
-60.02415
-60.96668
-60.72184
-61.94676
-64.13844
-65.19180
-64.08612
-63.61954
-62.45837
-61.95724
-62.61195
-63.12362
-62.86859
-63.27985
-65.18409
-65.93723
-64.51944
-64.34834
-63.06888
-61.89586
-61.24397
-58.42292
-56.78493
-56.84422
-57.44611
-58.30389
-59.91572
-61.76325
-63.73746
-63.07212
-61.54070
-61.08162
-62.40548
-62.39123
-63.07560
-65.94257
-65.10370
-63.30591
-61.84826
-61.00847
-60.86072
-61.44418
-61.14247
-60.39464
-60.60131
-61.95026
-62.97288
-63.60815
-65.99459
-65.78262
-63.03890
-63.58219
-62.72924
-60.56006
-59.40126
-59.69848
-61.24764
-62.89373
-63.65226
-63.05144
-63.26729
-64.38906
-65.87441
-63.53753
-60.58385
-59.77747
-61.63067
-63.24916
-63.48778
-63.02102
-61.90904
-62.53993
-63.65054
-62.15926
-60.22852
-60.40486
-60.40990
-60.36439
-61.13626
-62.09083
-62.05760
-62.17112
-62.18991
-61.29944
-60.95504
-61.55766
-62.26891
-61.72981
-61.29943
-61.04669
-60.87498
-61.32593
-61.84139
-62.03338
-61.51079
-61.12161
-61.74420
-62.04953
-62.65157
-64.06145
-65.32434
-64.81794
-65.04772
-65.01528
-63.88181
-63.92473
-64.47705
-65.83084
-65.32643
-65.46445
-65.71453
-65.38662
-65.64992
-66.24896
-66.08956
-65.88630
-67.74429
-69.21568
-68.73862
-68.17570
-68.39758
-67.79495
-66.74084
-67.30556
-68.86621
-66.78375
-66.32630
-66.95310
-66.49345
-67.03414
-68.93591
-69.82817
-69.91987
-69.58528
-68.80244
-68.74479
-68.81394
-69.27376
-68.70743
-68.98041
-69.56400
-69.55829
-67.85881
-66.41618
-65.65189
-65.72459
-66.00370
-67.28679
-67.69380
-68.34752
-68.61645
-68.62042
-67.83098
-67.65599
-61.71214
-56.69122
-58.63516
-59.83125
-58.33558
-58.52715
-59.31728
-60.68091
-61.74002
-62.73408
-63.22661
-64.56145
-65.78399
-65.91526
-65.69648
-64.45555
-61.18739
-56.99039
-53.96872
-53.96263
-56.50451
-58.81226
-57.18759
-53.26437
-51.23834
-51.17190
-52.23570
-53.79894
-55.21739
-57.35187
-60.18234
-64.62380
-63.98189
-60.46822
-59.57561
-59.77630
-60.40395
-58.62537
-57.15977
-57.38785
-57.51493
-57.44595
-56.77407
-56.14238
-56.94259
-57.00103
-57.05186
-57.41151
-57.45422
-57.03174
-57.08567
-58.62264
-59.94245
-62.05458
-66.01617
-63.45147
-60.26255
-60.42640
-57.26604
-55.59668
-55.59728
-54.36524
-53.08018
-52.44297
-53.05817
-53.29842
-53.21193
-53.54971
-54.22677
-55.45764
-55.60509
-55.92952
-56.71737
-56.17222
-56.33178
-56.48732
-55.55129
-54.80865
-53.63780
-53.90493
-55.05984
-55.42612
-55.42282
-55.07908
-55.00525
-55.27505
-55.28733
-54.97570
-55.68565
-55.83461
-55.66742
-55.22842
-55.17711
-55.14189
-54.85348
-55.60247
-57.01859
-57.13105
-55.11725
-54.06157
-54.55326
-57.02199
-57.67371
-55.69252
-55.05119
-55.42588
-56.75605
-56.86606
-56.91134
-56.72605
-55.60306
-56.08393
-56.59913
-56.69054
-56.07137
-54.85705
-53.64580
-54.17741
-55.45205
-55.82314
-56.04920
-56.19343
-56.78331
-57.42961
-58.74259
-60.15144
-59.71564
-57.58912
-57.10235
-56.65105
-56.15884
-57.61340
-60.19465
-59.87308
-58.82443
-59.62955
-60.11045
-60.34279
-60.79433
-61.03350
-60.06845
-59.51488
-60.08326
-60.90103
-60.92696
-60.26591
-60.38758
-61.32348
-62.70173
-64.26547
-64.19539
-64.77751
-64.83554
-65.03939
-66.85568
-66.52058
-65.19905
-64.97620
-66.74399
-65.94844
-65.29992
-67.09302
-67.59112
-67.17180
-68.28430
-69.24034
-67.26695
-66.12696
-66.30345
-67.09637
-67.18095
-67.89265
-67.76912
-67.45266
-67.99466
-67.93278
-67.89164
-67.75376
-67.18105
-67.08982
-66.96699
-66.15919
-66.16687
-66.87128
-68.08991
-68.73612
-68.47028
-68.20475
-69.71056
-70.88713
-71.48602
-71.39484
-72.41187
-72.02847
-71.56370
-70.87962
-70.23823
-69.42066
-69.63900
-69.79130
-69.64795
-69.28570
-68.69961
-69.29943
-69.08477
-70.58533
-70.86407
-71.31562
-70.77904
-71.30345
-70.35080
-71.94087
-71.34710
-74.38592
-72.40274
-74.91741
-71.34609
-75.76303
-65.43578
-55.74732
-57.64374
-60.03455
-61.96296
-64.50849
-66.54553
-66.50485
-66.63255
-70.59956
-70.40874
-72.29611
-72.04091
-72.44920
-70.42608
-70.00918
-68.66401
-67.81339
-67.11574
-67.00920
-66.56851
-66.56634
-66.56486
-66.47119
-66.50426
-66.94719
-67.08107
-67.45714
-68.11920
-68.69866
-69.76667
-70.20414
-71.88030
-70.56472
-70.19793
-71.30347
-71.53320
-72.16392
-72.98167
-73.97964
-74.60426
-75.41546
-75.69966
-74.70772
-73.45395
-73.12570
-73.09933
-73.17324
-73.06438
-72.55083
-72.57556
-72.56302
-72.00258
-71.34684
-71.62693
-72.66832
-73.37503
-73.59039
-74.29238
-74.69526
-75.26781
-75.31759
-75.53866
-75.37946
-75.48157
-76.23358
-72.05643
-69.63227
-70.52816
-71.31551
-72.57682
-72.76896
-73.37457
-73.50683
-74.03151
-74.23592
-75.11949
-74.91091
-74.72222
-74.86646
-75.57227
-76.83132
-76.26517
-76.46993
-75.22774
-76.21122
-74.69787
-75.62032
-74.55357
-76.47487
-74.96636
-77.00704
-75.30258
-77.93668
-75.57709
-78.52298
-75.63328
-80.96577
-70.85473
-55.95660
-56.31590
-59.42681
-61.17377
-64.40466
-65.77358
-68.60254
-69.46852
-72.56160
-72.50767
-75.18027
-74.65440
-76.15748
-75.06070
-77.94004
-76.48672
-77.80790
-78.02149
-78.00876
-78.17921
-77.68486
-78.28498
-78.28089
-81.59923
-78.84859
-82.97511
-79.04159
-86.91905
-77.80763
-91.57072
-76.60242
-84.93642
-63.62677
-54.80131
-57.40317
-59.43834
-61.73423
-63.48129
-65.44622
-68.11064
-70.06699
-70.77129
-69.76736
-69.59701
-70.66493
-72.18183
-71.48220
-72.29623
-69.89532
-69.51561
-69.03240
-68.84719
-67.74505
-66.92981
-66.01403
-66.60230
-66.93305
-67.05185
-66.38558
-66.50004
-67.07085
-66.54039
-66.76992
-66.94083
-66.66654
-65.56580
-64.98107
-64.59001
-64.82824
-65.23193
-66.01084
-66.38449
-66.21130
-66.40807
-66.39575
-66.49876
-65.74204
-65.69462
-65.36430
-65.31592
-65.20999
-64.75304
-65.43969
-65.47915
-65.22491
-65.41105
-66.03413
-66.09619
-66.51869
-66.44476
-65.77362
-65.30486
-64.92674
-64.78310
-64.54485
-64.31747
-64.18156
-63.49633
-63.55480
-64.35527
-65.31142
-65.45923
-65.42462
-65.19842
-65.45069
-67.56165
-67.67162
-68.66578
-70.41405
-71.69912
-71.62450
-71.76472
-73.56656
-73.77941
-73.94743
-73.71180
-73.48204
-73.44310
-74.41388
-75.03786
-76.01262
-76.38539
-76.35105
-76.55486
-76.48134
-76.20148
-76.16161
-76.92282
-76.76309
-77.42802
-75.97498
-72.07614
-73.29049
-75.81224
-76.24688
-77.64958
-77.37426
-78.90715
-78.37409
-79.34125
-78.70962
-79.13998
-78.86302
-79.87341
-78.74372
-79.46604
-79.66279
-80.34117
-80.56681
-80.70445
-79.60003
-79.15227
-80.29498
-79.34138
-81.05278
-78.29015
-79.72948
-77.91726
-81.09672
-76.93219
-82.96482
-74.17706
-85.28337
-62.74761
-55.77434
-58.33012
-59.97222
-62.58928
-65.02400
-66.68500
-67.62100
-69.44081
-70.56442
-69.92436
-69.25645
-69.39511
-69.66984
-69.07892
-69.54287
-69.04536
-68.50356
-67.22813
-67.16200
-66.86696
-67.81456
-68.91524
-70.12624
-69.29227
-69.25059
-68.08740
-67.17449
-66.73068
-66.69497
-66.84645
-66.58536
-67.07987
-65.60006
-64.72881
-65.07437
-65.72696
-65.92711
-66.06453
-67.26148
-67.88875
-67.62178
-67.41121
-68.28641
-68.29981
-67.94227
-68.20447
-67.85551
-68.46679
-68.76322
-68.75781
-68.43924
-68.96430
-68.92090
-69.41403
-70.50491
-70.41934
-70.50281
-70.21934
-70.37418
-70.65835
-70.13559
-69.83869
-70.50956
-71.83043
-72.64167
-70.45122
-71.07961
-73.17839
-74.05687
-74.38899
-74.28385
-74.77241
-74.84301
-75.40570
-75.73750
-76.34327
-76.30719
-77.34169
-77.50046
-77.08850
-76.59200
-76.72092
-76.77350
-77.72785
-77.64989
-76.86379
-76.97977
-76.79292
-76.88557
-77.61239
-77.60055
-77.22743
-77.33582
-77.12692
-77.83556
-77.61440
-78.25811
-76.73724
-76.27482
-79.81042
-80.45702
-80.21265
-78.95407
-78.07538
-80.14508
-80.58542
-81.33925
-80.78876
-81.23151
-80.36823
-83.17300
-81.81785
-83.62723
-83.04553
-83.71361
-83.82237
-85.53364
-84.50347
-85.92337
-86.25807
-85.64115
-90.08751
-86.73833
-92.79277
-86.30289
-102.33812
-84.13436
-93.99398
-79.83217
-79.37484
-61.63991
-54.80591
-58.06517
-59.45601
-61.73477
-62.56740
-64.00484
-64.89904
-65.82397
-66.17281
-65.71989
-65.58990
-65.86087
-68.53647
-70.12223
-71.05770
-68.75613
-67.44725
-65.28744
-66.17702
-68.05700
-68.76995
-68.56733
-69.62029
-67.08319
-65.79613
-65.92319
-66.90796
-66.28643
-65.35940
-64.07860
-63.74939
-64.07464
-55.65445
-54.30267
-57.18430
-57.77921
-58.77563
-59.06019
-59.68710
-59.30141
-59.82000
-60.64744
-61.14936
-61.83519
-60.97327
-60.55993
-60.97317
-62.18908
-63.17660
-63.50070
-63.39945
-62.99417
-63.35088
-64.34481
-64.82778
-65.86209
-66.34340
-67.09476
-64.58117
-64.47184
-63.50014
-63.66881
-63.66937
-64.12232
-61.13753
-54.69802
-55.91704
-58.85711
-60.98571
-63.45712
-63.81517
-65.13808
-64.50819
-64.98860
-65.61650
-66.74541
-65.13411
-65.45483
-65.98659
-67.91179
-68.44436
-69.73954
-69.93884
-69.45491
-69.31702
-69.51965
-69.64575
-70.08475
-72.22164
-72.21842
-73.55446
-72.53596
-74.61227
-72.30955
-75.03391
-71.72891
-82.00880
-64.98310
-56.79678
-59.29560
-62.15796
-64.74366
-66.99176
-67.46956
-69.77688
-69.93695
-72.97207
-72.47003
-76.24494
-73.76723
-74.34616
-72.59622
-78.07218
-73.66677
-59.36736
-59.03447
-63.28186
-64.36301
-66.99524
-67.16903
-69.57454
-69.86527
-71.11581
-72.25269
-72.23227
-76.39243
-73.95044
-84.54534
-72.40582
-79.20921
-54.68070
-48.94666
-51.78127
-54.10615
-57.40355
-59.18288
-62.30084
-63.74389
-65.95893
-67.10740
-67.90793
-68.71782
-68.47871
-68.09829
-67.46002
-67.20130
-65.75714
-65.25123
-64.68930
-64.52504
-64.18684
-64.26174
-63.53636
-63.71028
-63.32878
-63.90438
-63.70708
-64.03445
-64.18076
-64.59949
-65.19201
-65.71565
-66.11648
-63.50761
-62.02291
-63.58387
-65.49531
-66.39132
-66.87284
-68.35434
-68.03395
-67.99830
-68.61281
-67.97797
-67.86234
-67.38678
-66.78070
-66.86884
-66.57668
-65.76446
-65.25237
-65.39183
-66.13481
-66.07723
-66.58822
-65.76058
-66.04169
-68.07399
-68.53254
-68.64560
-69.48834
-67.69104
-69.50827
-67.93492
-69.82920
-64.82566
-58.18996
-58.64734
-60.31856
-61.87363
-62.49435
-62.20628
-64.11610
-65.83324
-66.60373
-66.73086
-68.02573
-67.35628
-67.67171
-67.58702
-67.76505
-68.81456
-59.20790
-57.54326
-60.70681
-62.98391
-65.42394
-65.27352
-67.30600
-68.74543
-68.11209
-67.59110
-68.51357
-70.09766
-68.28524
-69.21644
-66.69405
-72.55492
-61.16310
-54.75085
-57.40606
-59.20904
-61.53114
-62.97717
-63.65476
-64.96491
-67.00685
-69.02223
-68.62510
-69.39961
-68.12445
-69.71554
-69.22607
-70.42617
-68.40639
-67.87779
-67.01136
-68.53804
-68.26837
-69.62355
-69.52157
-70.27696
-68.54129
-69.24702
-69.25333
-69.37976
-70.06144
-68.44832
-73.44979
-68.46538
-88.48888
-55.22837
-50.88758
-54.55602
-56.49886
-59.11282
-60.61727
-62.23686
-65.82524
-59.54844
-55.16225
-57.87966
-59.70405
-62.09680
-63.78476
-66.17184
-67.44050
-65.81760
-67.15861
-65.56409
-66.36291
-64.86016
-66.31646
-64.63118
-65.26933
-62.67804
-56.05366
-54.09408
-55.22449
-58.34153
-59.97739
-61.17222
-63.10604
-64.05126
-61.99145
-61.83264
-63.11705
-63.31470
-65.15907
-64.84407
-64.30934
-64.00018
-63.79859
-63.45538
-63.59599
-63.07274
-62.79621
-62.71056
-63.27261
-63.22269
-63.40722
-63.62841
-64.24558
-64.28256
-64.10167
-65.24268
-64.15460
-64.92535
-63.53994
-63.12979
-64.49901
-62.81316
-62.81237
-63.22309
-63.28618
-63.82606
-63.23243
-62.18062
-61.62679
-62.53928
-63.24764
-64.20352
-64.58938
-64.41122
-65.50554
-63.84692
-65.41250
-66.34710
-66.32254
-68.61438
-67.21703
-68.47627
-67.39396
-67.73863
-68.02074
-69.30303
-68.49454
-69.22983
-68.76682
-69.71726
-70.05569
-69.49448
-67.89694
-66.49253
-67.96451
-67.83431
-69.97332
-68.16801
-73.40143
-60.37552
-56.47607
-59.61417
-62.22447
-64.38427
-66.80200
-66.39002
-70.71728
-62.38801
-56.19233
-58.85093
-61.22953
-62.41542
-65.51222
-64.57199
-69.57054
-63.79624
-55.82033
-57.27144
-60.32481
-61.61614
-65.38483
-65.72679
-68.55755
-68.08956
-68.85812
-67.92960
-69.12402
-69.31932
-68.69531
-69.77606
-68.05173
-72.20959
-53.95265
-50.98983
-54.14111
-55.96175
-59.66463
-60.53366
-62.66441
-67.09780
-56.35671
-52.09296
-54.30185
-57.86332
-57.42851
-55.87398
-59.72386
-61.68883
-63.14753
-62.30735
-62.30414
-64.35687
-64.87168
-65.85401
-66.07609
-67.20278
-65.43742
-65.48209
-64.39808
-64.69830
-63.58488
-63.59151
-63.77547
-64.07823
-63.55411
-62.18939
-61.53004
-62.32135
-62.97622
-64.15078
-64.79811
-65.02412
-65.55575
-62.52410
-62.10327
-64.09293
-65.48708
-64.90807
-64.31350
-65.27330
-65.53012
-64.27292
-63.95856
-64.92388
-64.96901
-65.41012
-66.95615
-66.97078
-67.01695
-67.35364
-66.72595
-66.50428
-67.24871
-66.11660
-66.32467
-66.93560
-67.78629
-66.41970
-63.23869
-65.21782
-66.52976
-66.94300
-67.30804
-67.87360
-67.86933
-66.47078
-65.35775
-62.93981
-64.74707
-68.88175
-67.00514
-67.00320
-68.81903
-67.14770
-67.56325
-67.52312
-68.34820
-68.16294
-68.24413
-68.76590
-68.70176
-68.77830
-68.25831
-68.55102
-69.09529
-70.87635
-70.27570
-70.24890
-69.68067
-70.73778
-67.81245
-65.93854
-68.97205
-68.79177
-69.21701
-70.02296
-70.33305
-70.89123
-68.59851
-66.08832
-67.40466
-69.59969
-69.45427
-69.21677
-69.16422
-70.31426
-70.20110
-68.98314
-70.12048
-72.73548
-71.72922
-76.95310
-74.32418
-77.17542
-74.95267
-79.42104
-75.13243
-78.83280
-77.04162
-79.33182
-77.83047
-77.78194
-81.58777
-53.18044
-51.33806
-54.01559
-55.22837
-58.47078
-58.94194
-61.64370
-62.50513
-58.78129
-57.35134
-59.72869
-60.74864
-60.62264
-61.13283
-60.43576
-61.03747
-58.50753
-56.53671
-58.73343
-60.43364
-60.23413
-60.80468
-60.00435
-62.15588
-58.08256
-53.87645
-56.35901
-58.26755
-59.95831
-62.07162
-62.40384
-62.80597
-62.17942
-60.01993
-61.00821
-62.10226
-61.41179
-63.19927
-62.90027
-63.11184
-62.63324
-62.31511
-61.53260
-63.03044
-63.46180
-62.61846
-62.52895
-63.04196
-63.90631
-60.16349
-59.48247
-62.07821
-62.47774
-62.38719
-62.56848
-63.04821
-63.43545
-62.84011
-61.42115
-62.34994
-62.61667
-62.97889
-64.44927
-63.77599
-65.19126
-63.88250
-62.35808
-63.58486
-63.40955
-63.57041
-65.86781
-65.96831
-66.81119
-66.21212
-64.28786
-65.01807
-66.78527
-65.25766
-66.56027
-66.12654
-67.16783
-66.20672
-58.83929
-59.63644
-62.19361
-62.21872
-63.61379
-64.14753
-65.11046
-65.97814
-65.10097
-65.91585
-67.33568
-66.08812
-66.79878
-66.62627
-66.71358
-67.27813
-67.54288
-66.01175
-67.34536
-68.21306
-67.73144
-68.10591
-68.35100
-69.02772
-67.38158
-66.64970
-68.24960
-69.54935
-69.47334
-69.53883
-68.56895
-69.83425
-67.67617
-67.05269
-67.20366
-67.92676
-67.76125
-69.17618
-68.02017
-70.26832
-69.39954
-70.70090
-71.58845
-74.19567
-72.82431
-75.14510
-75.90170
-76.82921
-72.96763
-50.55188
-49.47775
-52.79085
-53.07138
-55.17508
-55.47151
-56.24242
-55.91053
-57.30216
-59.05126
-59.56439
-56.54374
-56.44881
-57.55043
-57.32502
-58.69554
-58.00596
-57.67846
-58.19811
-57.01956
-58.60334
-58.80266
-57.37895
-56.61225
-56.92951
-58.66244
-58.19396
-57.47898
-56.32189
-56.51326
-56.06286
-54.76387
-53.99665
-53.97836
-54.91666
-55.75743
-56.44341
-57.92929
-59.02592
-58.81637
-58.03169
-57.33118
-56.95321
-56.36962
-55.83679
-54.65142
-54.04038
-54.17749
-53.54046
-52.48166
-53.32132
-54.62535
-55.43956
-54.24264
-52.66542
-54.12756
-55.56465
-56.08070
-56.02370
-57.04717
-56.96038
-56.43149
-55.21947
-54.98754
-55.69727
-54.36513
-53.61639
-54.09532
-55.02799
-54.95439
-54.87317
-54.49025
-55.12256
-55.64085
-56.86003
-56.87857
-56.76419
-55.97565
-56.56520
-57.27111
-58.45696
-56.16157
-51.90342
-51.98229
-51.73138
-53.09785
-54.52635
-55.77547
-58.17047
-57.91026
-56.84248
-55.22300
-55.72415
-57.75482
-58.27647
-59.39266
-58.11014
-57.10376
-54.15418
-53.59600
-55.33197
-55.39782
-57.71498
-58.79858
-61.00233
-61.66843
-60.09192
-58.03480
-58.87152
-60.56101
-60.64568
-60.10273
-60.24525
-61.30662
-61.70038
-60.76446
-60.53636
-62.83381
-62.85897
-61.33794
-59.96384
-59.28925
-59.69324
-62.09279
-63.93819
-63.50648
-63.10940
-66.01118
-62.65286
-62.04605
-59.36993
-52.19150
-51.08079
-51.33306
-50.56824
-51.76184
-51.14275
-51.82190
-53.08994
-52.81530
-53.85867
-55.70042
-57.96427
-58.12384
-58.54582
-58.53627
-59.58008
-60.09932
-59.67135
-57.99978
-56.68827
-57.43466
-56.68955
-57.21643
-58.36422
-56.08428
-53.95568
-52.33680
-54.72503
-56.96504
-56.80716
-58.36959
-58.78644
-58.26071
-57.11967
-57.74958
-58.77613
-59.58746
-58.32231
-57.96495
-56.84073
-56.76387
-57.28841
-58.15308
-57.99029
-57.11035
-56.92719
-56.78690
-57.23194
-56.65336
-58.33470
-59.19134
-58.46278
-58.00895
-57.03415
-56.26471
-55.84710
-56.58587
-54.57546
-53.86676
-53.99807
-52.85320
-52.83550
-52.67123
-54.32481
-54.77164
-54.24723
-54.64274
-54.23849
-55.37311
-56.77175
-57.52012
-57.58907
-57.38091
-57.78258
-56.55184
-55.65215
-54.78522
-53.25983
-52.82406
-52.86760
-53.35515
-53.96573
-53.80809
-54.76821
-54.76799
-55.98842
-56.56157
-55.99106
-58.58125
-59.53029
-59.43029
-57.58423
-57.14505
-57.80305
-58.24299
-56.88470
-56.59329
-56.29787
-55.15609
-54.50541
-55.69013
-56.55816
-55.88769
-54.89848
-54.48430
-56.52656
-55.18830
-54.58604
-55.79840
-56.86648
-57.30484
-57.70901
-57.83934
-58.62350
-56.27559
-53.92286
-56.12445
-57.53674
-58.03754
-60.01739
-60.04768
-60.17720
-59.67415
-60.82527
-59.77249
-60.61587
-60.29646
-60.81085
-60.78726
-61.79912
-58.69606
-49.41560
-50.42855
-53.48570
-54.16521
-54.55695
-53.69524
-56.40655
-55.10537
-51.41142
-50.22827
-51.62738
-53.31334
-53.00786
-51.99722
-53.99496
-55.23999
-55.60689
-55.50163
-55.31044
-55.99944
-56.43498
-56.27087
-57.36632
-57.01851
-56.34681
-58.59603
-57.49518
-56.84309
-56.51159
-55.45831
-55.19477
-55.47970
-55.45017
-56.03056
-56.06503
-55.17924
-55.45342
-55.27575
-55.00254
-54.66088
-55.44515
-55.11725
-54.03474
-55.72083
-54.43777
-54.34896
-55.94824
-55.86859
-58.04744
-57.24561
-56.47524
-57.36596
-57.54206
-58.41438
-57.39622
-57.02999
-57.20327
-56.87051
-57.47218
-57.25981
-57.44064
-56.84867
-56.81695
-57.87992
-57.93795
-58.41394
-57.28913
-57.09875
-57.74564
-56.41317
-57.08187
-57.82338
-57.72015
-59.16505
-58.99535
-60.33727
-61.21470
-60.88673
-60.98215
-62.27046
-62.53290
-61.62587
-61.77083
-61.03016
-61.84929
-62.39127
-62.32690
-60.60284
-61.24251
-61.32252
-61.59258
-62.03546
-61.61294
-63.55341
-64.12968
-63.68849
-65.35365
-65.41062
-63.48355
-63.71990
-64.86512
-65.04866
-62.48446
-59.64890
-57.83213
-57.93317
-57.48299
-57.26212
-58.37627
-59.74484
-60.70289
-61.07045
-63.03836
-64.55850
-64.83318
-65.88402
-66.57081
-64.45345
-64.07963
-63.68013
-63.68488
-65.05041
-64.10563
-64.95550
-63.24050
-62.17142
-60.76204
-64.03037
-63.02074
-73.86473
-58.09852
-48.74833
-51.52352
-52.19359
-51.39695
-53.04199
-53.29965
-51.81342
-50.74382
-51.56484
-51.47659
-52.41350
-51.88967
-52.56922
-52.91183
-54.31847
-55.20770
-53.93860
-54.02204
-54.81890
-54.88838
-55.22105
-55.45821
-54.05095
-55.25282
-51.63828
-51.64338
-55.15507
-55.09229
-55.77444
-56.76497
-57.03179
-56.78718
-56.09376
-55.05947
-56.09948
-55.88782
-55.62847
-55.99479
-55.45368
-55.24498
-54.91649
-54.83094
-55.39239
-55.91708
-57.22682
-57.19702
-57.17564
-58.94857
-58.60436
-56.30577
-56.46383
-55.75200
-54.93504
-52.97537
-51.60192
-52.35737
-53.11025
-54.54662
-54.23792
-54.50384
-54.81983
-54.29498
-54.82160
-56.50609
-55.35717
-54.51327
-55.16636
-55.51996
-55.01548
-54.70235
-54.95747
-55.12648
-55.60810
-55.50510
-57.03849
-57.43712
-57.42152
-56.98159
-56.74809
-57.17776
-57.33002
-56.72199
-55.60047
-56.07326
-55.39001
-55.23772
-55.81968
-55.01794
-55.35909
-55.87622
-56.45500
-57.23389
-57.58908
-57.39481
-57.04061
-55.94823
-56.58579
-57.95248
-57.04405
-57.60001
-57.27060
-57.02441
-57.23864
-57.29885
-57.49180
-57.72854
-57.94616
-58.41192
-58.32753
-58.58794
-59.06161
-59.25499
-58.69666
-58.53277
-58.95383
-58.98167
-60.22011
-60.76414
-61.09040
-61.14497
-62.33853
-61.47355
-61.85943
-63.17589
-62.02609
-61.55757
-61.75507
-62.88754
-63.30246
-64.40057
-63.73163
-58.79564
-56.79926
-57.28411
-57.64099
-57.68580
-56.60349
-55.09330
-54.65728
-56.59765
-59.16989
-59.57877
-59.29652
-59.64757
-58.99473
-59.53679
-60.58272
-59.38572
-59.65790
-60.09206
-59.20802
-58.89239
-59.23766
-58.74093
-57.32535
-57.23305
-59.41402
-61.50901
-60.98497
-59.84417
-59.46715
-59.72380
-60.57157
-60.74556
-60.93030
-60.55250
-60.61990
-60.93256
-61.49817
-63.28309
-63.68835
-64.02732
-63.51952
-63.98212
-64.73238
-65.21483
-63.74223
-65.75454
-61.25608
-56.21083
-57.05287
-57.54016
-58.16950
-59.88564
-59.20403
-58.80528
-58.81148
-59.91583
-59.86146
-58.99339
-59.41666
-58.07631
-59.46566
-60.80300
-62.58566
-62.11270
-60.65825
-60.42213
-59.72670
-59.53733
-59.29265
-60.25623
-59.80843
-60.19118
-60.65672
-61.67870
-60.98090
-62.47000
-61.76728
-62.77587
-65.23326
-66.28857
-62.09478
-57.24258
-56.90318
-56.49398
-58.74398
-59.56774
-60.75133
-59.95209
-58.06360
-58.10268
-58.77211
-60.66492
-59.70423
-59.53362
-60.45258
-59.70322
-59.72615
-59.79143
-59.43068
-61.53854
-62.06476
-61.76431
-60.89859
-62.88819
-63.45375
-61.22777
-62.05086
-63.40934
-64.42778
-64.32365
-63.51483
-65.42939
-69.20724
-65.82559
-65.10361
-66.34292
-66.08512
-65.05998
-64.73976
-67.83537
-68.81051
-67.45940
-69.16599
-67.66300
-67.40148
-67.42391
-69.51297
-70.08904
-72.17181
-66.83704
-59.26322
-58.16670
-59.77966
-59.72543
-59.22937
-58.85908
-58.80095
-59.98794
-60.02804
-61.11991
-60.44869
-59.78088
-59.72418
-60.93222
-61.68342
-62.55792
-62.69223
-61.49322
-62.16215
-61.66182
-61.18974
-60.83939
-62.24504
-62.06289
-61.55475
-62.24261
-62.26209
-62.20701
-62.99158
-64.70517
-64.61266
-64.03935
-65.12504
-64.87860
-64.97690
-64.54172
-64.36394
-64.13087
-63.88582
-63.65016
-63.61362
-65.33511
-65.76791
-66.54509
-66.61285
-66.87102
-66.28542
-66.55468
-66.74503
-66.97964
-66.47005
-65.99790
-66.56461
-67.48282
-67.45037
-67.39562
-66.30476
-60.69708
-59.69750
-59.35341
-57.87936
-58.80189
-61.29241
-62.77287
-60.74834
-60.78946
-60.76454
-58.46256
-60.34106
-62.20067
-61.60378
-62.43634
-63.08961
-65.59161
-63.28526
-63.64887
-64.02499
-62.23286
-63.31643
-63.18669
-64.34645
-64.35750
-65.08934
-65.11471
-65.76322
-68.13267
-67.13465
-66.78413
-67.75825
-68.43402
-67.50339
-65.79935
-64.37706
-65.65342
-66.86064
-66.87812
-66.18208
-66.69560
-66.69844
-66.67283
-68.07922
-68.93045
-68.48730
-67.26679
-67.94285
-68.20948
-69.08114
-68.92258
-67.80397
-67.15648
-67.91509
-68.36042
-67.93179
-68.02207
-68.43697
-68.62405
-67.47335
-67.67358
-68.82741
-68.81462
-68.99017
-68.95913
-69.42103
-71.39547
-70.17085
-69.84589
-70.70589
-71.21169
-69.99030
-72.08841
-69.51164
-63.75818
-61.42569
-60.18076
-60.46190
-60.51371
-60.82101
-61.49103
-63.40476
-62.52606
-61.92155
-61.99787
-60.38457
-60.64073
-61.66669
-63.13754
-61.47726
-60.73399
-61.16613
-61.13406
-61.62922
-63.34350
-65.47970
-66.40350
-66.37485
-66.56569
-66.67802
-66.39812
-67.39203
-66.82845
-66.70525
-66.40003
-66.19486
-65.83373
-64.48151
-63.75333
-64.60019
-64.86892
-64.46897
-64.24511
-64.91678
-67.04079
-67.10841
-67.29535
-66.78014
-66.48782
-66.97983
-66.90107
-67.72003
-69.21212
-69.27578
-67.57385
-67.31769
-67.73942
-68.65497
-68.58715
-68.06875
-67.16062
-67.55622
-67.84282
-68.40921
-70.70424
-70.13229
-70.89153
-70.29511
-69.77284
-70.30231
-70.90042
-70.94345
-70.35494
-69.40997
-69.53180
-71.12795
-71.80883
-71.30567
-71.69430
-72.93425
-72.57546
-72.45578
-73.31962
-74.14580
-72.98384
-71.64527
-71.49704
-72.77010
-73.09698
-73.46719
-73.04823
-73.31687
-73.14204
-73.31081
-74.82296
-73.46289
-71.87930
-74.08349
-75.33758
-75.17055
-75.44935
-75.45627
-76.74056
-75.36937
-75.90899
-75.64830
-75.75771
-75.49239
-76.49299
-76.70304
-77.11356
-76.43221
-75.46588
-76.30388
-77.24408
-78.11046
-77.64696
-78.68690
-81.54977
-81.17500
-79.16817
-78.34927
-77.20574
-75.64094
-76.60199
-77.82529
-77.05347
-78.37934
-76.76556
-78.71971
-79.02311
-82.90440
-80.40648
-85.96663
-67.30237
-60.76104
-61.17562
-61.08186
-62.27115
-63.39759
-63.68090
-62.51363
-62.27986
-63.84064
-63.98557
-62.70028
-62.88500
-63.87238
-63.88406
-64.81236
-65.42146
-65.41296
-64.82235
-65.28903
-66.06710
-65.84405
-65.16009
-65.65162
-67.20262
-67.07280
-66.18436
-66.31008
-67.49092
-66.82561
-66.92324
-69.27370
-69.34711
-68.72387
-68.77178
-68.62508
-68.64728
-68.60734
-67.24811
-67.63898
-68.16963
-67.93962
-68.61752
-69.17429
-69.77662
-69.15181
-70.77226
-72.53608
-73.41920
-72.77121
-72.33385
-69.60801
-68.01386
-67.29829
-64.83434
-63.72396
-64.48378
-66.49355
-66.24621
-66.39212
-66.96390
-67.70264
-67.35067
-67.59833
-66.61337
-65.80792
-67.33793
-69.38841
-68.79518
-67.87648
-68.18206
-67.38157
-67.55428
-66.84036
-69.66935
-70.13815
-68.65706
-68.99012
-69.90754
-70.54792
-69.10168
-69.25584
-70.15027
-70.95569
-70.27411
-69.26193
-70.14976
-70.82499
-69.59907
-70.22309
-70.98674
-71.31687
-73.23569
-73.64768
-73.67212
-73.14157
-71.67715
-74.20426
-74.41441
-74.31741
-73.79370
-73.54840
-74.67638
-73.79650
-74.54567
-74.83640
-75.81249
-75.46458
-74.12728
-73.11688
-73.57044
-73.43766
-73.92641
-74.62040
-74.91583
-75.66431
-75.38422
-76.70659
-75.59583
-75.11732
-76.00467
-77.20864
-77.13244
-77.99569
-78.13955
-76.11396
-76.44753
-77.06848
-80.05724
-80.53857
-82.41422
-76.19126
-71.01429
-71.45035
-71.60910
-71.73477
-72.64549
-72.02528
-70.55805
-71.07582
-73.51664
-74.70933
-74.16644
-73.83115
-73.60584
-72.48303
-73.02169
-74.42803
-74.49166
-76.59994
-75.24388
-73.52791
-74.83267
-75.93329
-74.85186
-72.75121
-72.59004
-73.78825
-74.41851
-74.48346
-74.84198
-74.90287
-75.56120
-76.91192
-78.83623
-78.91389
-77.28156
-77.61799
-77.39718
-78.02767
-78.86568
-79.30451
-78.79517
-78.63685
-79.70321
-80.85658
-82.77297
-81.40585
-85.44051
-72.10828
-67.55921
-69.30976
-71.14240
-71.84128
-71.96511
-73.20012
-74.63975
-76.26534
-75.03454
-74.31068
-74.16931
-72.08304
-70.82998
-73.18707
-75.24090
-75.90350
-73.77596
-72.88573
-73.92040
-75.56772
-74.95328
-75.38795
-77.40572
-77.00326
-77.79106
-75.96051
-74.81417
-74.67351
-76.47741
-74.35581
-77.40398
-80.14210
-78.39938
-71.69582
-69.70990
-70.42514
-69.89589
-72.42468
-72.87564
-74.57173
-71.07262
-69.87193
-69.72843
-71.21784
-73.01506
-72.17041
-72.45691
-72.46761
-73.47945
-72.80876
-72.69085
-72.37129
-74.71256
-75.45561
-74.83665
-74.85844
-76.35050
-77.00734
-75.02696
-76.74680
-77.68507
-78.17228
-77.29233
-76.55065
-80.47220
-80.20931
-79.26379
-79.54576
-79.25878
-80.13647
-78.90024
-77.72109
-79.28806
-79.88315
-79.29665
-79.92175
-78.84103
-78.50826
-78.54190
-81.50557
-81.70881
-85.52447
-73.53957
-67.45107
-68.62889
-69.59679
-70.29501
-70.89783
-71.02165
-72.63340
-73.72608
-74.52066
-74.34495
-73.59944
-72.77534
-72.39048
-71.42592
-71.55923
-73.82197
-72.61487
-72.74451
-74.06422
-74.98442
-74.54135
-73.89756
-74.96340
-74.54594
-74.63097
-74.82148
-74.66997
-75.13957
-76.72148
-77.12296
-77.77452
-77.26198
-77.43828
-78.75067
-78.54253
-78.81264
-79.23301
-78.90504
-76.46770
-75.14666
-76.65874
-77.01881
-76.70842
-77.25449
-77.15254
-78.71778
-80.16097
-80.25718
-80.30037
-80.05966
-78.50615
-78.10496
-78.53266
-79.78371
-79.29998
-80.21826
-74.68133
-70.58270
-70.27233
-68.87898
-68.64444
-69.43787
-70.23369
-70.81953
-72.09533
-73.19435
-72.94893
-72.32065
-72.39057
-71.69008
-72.51895
-71.79145
-72.13348
-75.08950
-73.41054
-75.01895
-73.43786
-71.67357
-72.46967
-73.60382
-74.27992
-73.86937
-73.46119
-73.88683
-76.77351
-76.91753
-75.87551
-76.57005
-79.12010
-79.61177
-78.37673
-75.75256
-75.72253
-77.81471
-77.35509
-76.98050
-75.90724
-75.60583
-76.09440
-77.21340
-80.12880
-80.97149
-80.06285
-80.55546
-80.63258
-82.48943
-82.26480
-81.28026
-79.49788
-78.32804
-80.60793
-82.23036
-82.94188
-82.66700
-83.66692
-82.21596
-81.18617
-82.06550
-82.13786
-83.90941
-82.72152
-80.60438
-82.27471
-80.89070
-78.58301
-80.82272
-82.97676
-81.05368
-81.59615
-85.40737
-79.83559
-74.29721
-71.68762
-71.74406
-72.23605
-71.59035
-71.19990
-71.60297
-72.96303
-73.04625
-71.07538
-70.89521
-71.67935
-71.19969
-71.41456
-71.99649
-73.94137
-75.50329
-74.98375
-73.59491
-74.15059
-73.76343
-74.53455
-76.80020
-75.20813
-75.14978
-74.85635
-74.64275
-75.06907
-73.70172
-74.43581
-76.42619
-75.49393
-74.15965
-72.67681
-72.65760
-73.70118
-74.98077
-75.43622
-76.13798
-76.67238
-78.12163
-78.10973
-79.07115
-79.63470
-79.01977
-80.54204
-78.46857
-78.06311
-77.88874
-76.35349
-75.26138
-76.41781
-77.54037
-78.27809
-78.40661
-78.08036
-79.22753
-79.68531
-78.64663
-80.83869
-82.09010
-81.81798
-81.55182
-79.68657
-80.62540
-79.99695
-79.15118
-78.58515
-78.82942
-80.45570
-82.07159
-82.81452
-81.02511
-80.16943
-82.33608
-81.52906
-80.86756
-82.63704
-83.39664
-82.62862
-83.95351
-83.54256
-82.37045
-81.65874
-81.20877
-82.47511
-81.92861
-83.32586
-83.40321
-83.92808
-84.68828
-81.69954
-81.35821
-84.45482
-83.19124
-85.99539
-87.00817
-84.76494
-84.09189
-83.08523
-85.58789
-84.55735
-83.06640
-82.02665
-84.20142
-85.54885
-85.63436
-85.48930
-83.49390
-82.33709
-83.80805
-85.00104
-85.01891
-86.58371
-88.52452
-86.48365
-85.65814
-83.69533
-82.27946
-83.00387
-86.63848
-87.79501
-86.02701
-85.60625
-84.70397
-85.05635
-85.42607
-89.26611
-86.46357
-86.39133
-71.26522
-67.31209
-67.22855
-66.66182
-67.62302
-68.39212
-69.02589
-68.57453
-70.95069
-71.59481
-70.58692
-70.89931
-72.01728
-71.13448
-70.01630
-71.37627
-71.57411
-74.08490
-73.15025
-71.80336
-72.52913
-72.76007
-73.09060
-73.09039
-73.58382
-72.79517
-72.89889
-74.01895
-75.56979
-75.28449
-74.63522
-74.99416
-75.80087
-74.13105
-75.24821
-75.39836
-75.02386
-76.98498
-76.33831
-78.61588
-76.53356
-77.36154
-79.01655
-78.34773
-76.47034
-76.29190
-76.38461
-78.63924
-80.61838
-81.48129
-79.97323
-72.67646
-69.23855
-67.60734
-67.56628
-68.58647
-69.39217
-69.03009
-69.72952
-71.56706
-72.85956
-71.04907
-72.13748
-73.34840
-70.95143
-70.02826
-73.13869
-71.93511
-71.37443
-73.27437
-73.19152
-75.34342
-72.67157
-74.30081
-73.83625
-72.49489
-71.92504
-72.20498
-73.65435
-76.69019
-78.02272
-76.24437
-73.98571
-71.36963
-71.42904
-73.45191
-76.23574
-75.38765
-75.42119
-74.17076
-73.30646
-72.10498
-72.10979
-72.00385
-72.78358
-76.35861
-77.45748
-75.61570
-77.42303
-80.73119
-79.61247
-78.34912
-77.03586
-75.22215
-74.55522
-76.53798
-77.36478
-78.89353
-79.09897
-79.04025
-78.45676
-78.56064
-79.05042
-79.56515
-79.86298
-79.78596
-80.48588
-77.47794
-76.49051
-78.18300
-80.02658
-83.28259
-84.23347
-82.72128
-80.82380
-77.30115
-77.14373
-79.14399
-80.42629
-82.22466
-82.43391
-78.38839
-77.46829
-76.63711
-76.75869
-78.81280
-78.33401
-78.01834
-77.28185
-77.91660
-77.63601
-78.17765
-79.35170
-80.21606
-80.34080
-79.85708
-81.11532
-78.66930
-76.75931
-77.16679
-75.98100
-74.61058
-73.68152
-74.14392
-76.54481
-78.38738
-80.51710
-79.80532
-81.12276
-80.99228
-81.47715
-80.99157
-80.93278
-79.71608
-74.56832
-73.48916
-73.01893
-72.23792
-72.27083
-72.59039
-73.31823
-75.52213
-77.95557
-79.47662
-80.33714
-80.60633
-79.39316
-78.97045
-77.73909
-78.57704
-74.40587
-70.97208
-70.16491
-69.50965
-69.86552
-70.81478
-72.52359
-74.30276
-75.92546
-75.43129
-75.64361
-73.30686
-73.94665
-75.70189
-75.37794
-76.07480
-75.13945
-73.34143
-71.57148
-71.50782
-71.62915
-71.69193
-72.16485
-72.73521
-72.39019
-72.36468
-72.61831
-73.84131
-73.65529
-73.44014
-73.56988
-73.22849
-74.66797
-72.58811
-70.96923
-69.16195
-67.70414
-68.87005
-70.26136
-70.74450
-72.26834
-72.62978
-72.76652
-73.69565
-71.05560
-71.56068
-75.10480
-73.76164
-73.88463
-77.43006
-75.26105
-75.60622
-75.22290
-71.65270
-72.94833
-76.63299
-76.07137
-75.43608
-75.62047
-75.22856
-74.03416
-74.63503
-77.14186
-76.93090
-78.57355
-78.32258
-80.08233
-78.45546
-76.60391
-76.96718
-76.08985
-78.20774
-78.94116
-79.44386
-83.57656
-81.19441
-76.24930
-76.70787
-78.07692
-80.28799
-82.73507
-84.09496
-85.02295
-85.78096
-84.81030
-83.44872
-85.15154
-84.38036
-84.70587
-85.07421
-87.82720
-89.02294
-87.23962
-87.10351
-86.39791
-88.28425
-88.32548
-88.97644
-90.43932
-89.92086
-90.79665
-89.60375
-88.27515
-88.29848
-88.76137
-90.93561
-93.34885
-93.51860
-93.29265
-92.57286
-90.35133
-91.08556
-93.89482
-95.76222
-95.43003
-97.90007
-98.51247
-96.58195
-94.52977
-92.52717
-92.51596
-92.42747
-97.85239
-100.71770
-102.88419
-100.26363
-98.09374
-98.01445
-97.81860
-99.41727
-99.34514
-103.06926
-102.71653
-104.22872
-101.74565
-99.41852
-100.59144
-103.93616
-104.15835
-106.17356
-107.72835
-104.93048
-107.18179
-105.93060
-108.72220
-108.50334
-106.14470
-108.74274
-111.95183
-109.32428
-105.55559
-108.34275
-109.28209
-110.26822
-112.43448
-114.42569
-111.46248
-110.92277
-112.94209
-110.77116
-115.64921
-118.50477
-120.75292
-122.87008
-122.57499
-122.10937
-124.45505
-123.99124
-125.49976
-130.86280
-132.90221
-135.04001
-137.67311
-138.33307
-137.37241
-142.91741
-140.59949
-145.38868
-142.08150
-148.67476
-144.05084
-149.74078
-143.82393
