-111.81316
-85.59627
-81.58432
-82.78075
-83.01432
-84.64726
-84.79161
-86.00851
-86.46721
-87.48152
-87.81763
-88.46672
-88.72907
-89.57076
-90.26175
-91.20796
-91.72877
-92.74627
-93.72202
-93.98706
-95.18745
-95.27730
-95.30959
-89.28994
-88.58160
-88.81042
-88.55483
-88.40660
-87.38916
-86.86471
-85.72734
-88.42221
-96.41448
-92.56925
-82.86754
-81.44825
-82.73527
-83.06021
-84.34158
-85.10108
-86.03054
-86.75129
-87.19285
-87.32148
-87.74286
-86.68126
-87.13628
-87.37625
-87.77408
-87.24908
-88.11793
-87.73992
-87.83699
-89.46162
-90.36598
-90.48614
-87.02041
-88.03263
-88.12194
-88.82192
-88.46111
-88.64434
-87.01592
-87.49053
-84.91674
-87.49126
-87.39668
-80.75851
-81.48667
-81.22685
-82.89711
-83.70189
-84.35275
-85.43393
-85.69200
-86.37082
-86.57171
-86.96067
-87.14855
-88.38511
-88.34968
-88.90815
-88.54207
-89.38344
-88.45587
-88.37776
-88.04415
-90.38741
-90.55802
-88.41303
-88.79035
-88.55235
-88.97482
-88.84603
-87.57314
-87.04123
-86.47499
-85.37097
-85.20947
-80.78166
-79.78365
-81.23088
-80.85794
-82.21052
-83.02439
-83.61215
-84.47378
-85.44041
-85.74056
-86.66994
-87.88023
-88.17128
-88.24364
-88.28800
-88.85795
-88.76871
-89.63509
-89.30453
-89.43780
-89.33203
-88.83423
-85.83086
-85.78631
-86.94074
-86.75875
-87.44189
-87.75231
-87.63225
-87.40058
-87.26478
-86.15873
-85.10737
-79.11718
-77.52678
-79.89186
-81.58530
-82.16729
-83.09622
-84.16672
-83.80400
-84.61859
-84.87624
-85.79468
-85.36883
-85.88548
-86.07357
-86.45149
-86.69051
-86.31124
-86.70110
-86.88288
-87.52698
-87.47993
-87.07206
-84.06620
-84.14423
-86.01736
-88.08817
-88.61697
-89.81517
-89.24553
-89.01579
-88.35544
-88.37721
-85.67216
-79.56091
-79.18552
-78.70402
-80.01352
-81.69007
-81.91949
-83.10417
-83.22344
-84.00569
-84.67111
-85.26276
-84.56819
-85.04694
-86.09406
-87.50934
-86.90004
-88.21162
-87.90908
-89.38066
-88.30631
-90.60877
-87.69021
-85.49941
-85.51026
-85.49446
-86.97664
-88.00045
-87.96913
-88.80880
-89.33890
-87.23581
-90.38931
-78.33396
-76.24195
-78.70044
-78.22268
-79.50347
-80.11053
-82.11446
-83.48928
-83.06499
-84.85719
-84.77606
-87.07833
-84.55390
-87.45371
-84.14337
-93.12672
-80.15720
-72.91384
-81.06226
-86.30035
-88.07337
-90.77647
-85.98481
-84.60055
-84.10452
-84.82244
-85.75587
-79.48532
-78.89438
-85.26409
-85.51798
-87.58016
-86.71217
-78.62955
-77.15456
-79.39074
-78.44476
-80.60005
-80.57751
-80.94436
-81.41147
-84.13878
-84.72967
-85.65655
-85.40002
-84.03202
-87.61895
-84.55687
-94.62828
-76.46116
-74.17134
-83.76128
-85.79209
-89.26491
-89.52494
-86.42799
-85.66447
-84.80004
-86.10104
-84.19398
-78.09395
-80.40257
-86.12834
-85.51408
-89.78680
-84.05563
-76.92870
-77.58364
-79.32057
-78.73484
-80.06471
-79.76287
-81.47954
-80.29599
-82.29879
-83.28530
-85.68916
-85.20970
-85.55654
-85.80065
-85.55180
-88.47104
-74.13944
-76.20145
-86.75179
-85.56746
-90.18263
-87.04502
-84.91965
-84.50151
-84.10187
-85.70045
-82.28619
-76.83493
-80.74295
-84.71679
-85.06835
-90.30855
-81.66922
-75.85868
-77.50235
-78.45381
-79.06941
-80.30579
-79.76336
-80.82539
-80.07660
-81.89758
-80.93289
-83.94874
-81.88830
-84.88044
-82.86357
-86.34970
-81.30159
-72.46076
-78.24820
-84.18068
-85.00574
-89.70722
-85.42725
-84.23194
-84.00749
-85.36571
-86.97974
-80.36897
-77.40340
-82.31225
-84.52714
-86.01961
-88.19325
-77.93310
-75.08583
-78.08827
-77.84676
-78.87197
-79.23835
-79.63742
-79.73100
-79.76440
-80.51373
-80.26772
-82.40077
-82.88174
-87.86175
-83.55493
-95.18632
-77.30445
-72.57268
-81.48705
-83.61237
-86.24390
-88.70295
-85.18332
-83.50868
-83.70809
-84.78428
-84.59184
-78.09670
-78.22024
-83.55510
-83.49174
-86.27793
-84.63472
-76.42474
-75.23219
-77.87035
-77.11371
-79.10518
-78.93830
-79.42665
-78.51032
-79.34200
-79.25531
-80.06033
-80.50131
-79.14506
-81.81927
-82.70623
-88.19622
-74.11409
-73.88085
-83.28996
-82.93684
-87.18589
-86.73778
-83.92586
-82.99834
-83.27885
-84.09406
-82.19416
-76.66012
-78.98795
-83.35282
-82.96230
-86.36411
-80.93534
-75.56579
-75.45644
-77.21086
-78.05281
-78.77792
-78.30003
-79.27433
-78.85364
-80.49307
-79.48180
-80.96264
-80.56642
-81.57280
-81.06369
-81.95199
-84.52458
-73.46054
-76.09803
-83.49228
-83.73761
-88.73596
-86.00215
-83.89371
-82.52176
-83.69111
-86.19887
-80.80248
-77.05262
-80.65633
-82.99644
-83.84381
-87.11771
-79.12747
-74.62698
-76.77895
-77.18147
-77.91235
-78.89163
-79.63320
-80.39711
-79.60209
-81.18121
-80.31194
-82.72288
-80.66777
-83.01478
-81.10106
-84.50380
-78.73707
-72.36864
-78.92766
-84.27992
-85.77666
-90.83403
-85.44229
-83.36021
-83.41493
-83.93926
-85.30648
-78.84287
-77.34827
-83.12244
-84.66695
-86.33906
-87.01375
-76.66378
-73.77412
-76.27055
-76.38135
-77.61689
-77.32158
-78.98751
-79.46593
-79.64206
-80.34620
-80.62126
-81.86560
-80.86015
-82.73226
-80.36577
-85.20071
-75.49651
-72.74263
-79.90257
-83.65433
-88.39534
-89.35472
-83.56810
-82.20145
-82.49728
-83.53683
-83.03784
-77.91896
-79.30282
-84.36898
-84.29709
-87.41865
-84.78214
-75.73539
-75.08208
-76.99353
-76.70689
-78.49098
-78.57142
-80.51742
-80.47700
-82.22272
-82.22593
-83.50450
-83.06393
-83.15258
-83.85118
-82.77112
-85.98290
-73.83573
-74.37294
-83.19240
-81.16251
-85.30104
-88.95492
-83.25190
-82.86933
-83.09602
-84.67477
-81.94366
-77.67634
-81.15608
-85.50039
-85.99554
-91.39171
-82.85533
-74.84096
-75.82068
-76.51733
-76.51225
-77.88398
-78.00122
-79.18407
-78.65949
-80.27631
-80.09853
-81.09869
-79.20825
-80.69871
-79.77580
-81.10272
-79.84171
-73.05044
-76.48953
-81.22836
-80.48262
-82.00565
-81.62197
-82.67027
-82.88356
-82.91608
-84.50563
-80.05818
-77.51301
-81.70399
-84.45093
-84.76550
-89.28239
-78.15218
-73.41778
-75.44060
-75.88166
-76.50613
-76.82599
-77.52184
-78.18813
-78.12817
-79.36833
-78.57333
-80.17225
-79.87715
-81.92762
-79.96516
-84.33912
-76.88473
-71.94724
-78.40300
-80.46001
-80.78747
-81.53853
-79.70990
-79.28420
-80.96284
-83.18179
-83.18070
-78.25009
-77.88066
-82.77062
-82.38032
-84.87092
-83.83727
-75.85775
-73.93672
-75.61218
-74.85251
-76.60767
-77.30433
-78.23786
-78.78994
-79.43371
-79.95345
-79.50304
-79.26927
-78.29309
-80.22316
-78.51285
-82.31069
-73.89833
-72.26994
-79.30174
-79.48948
-80.82244
-79.45671
-78.48877
-77.77157
-77.01305
-79.02252
-80.38056
-76.81861
-77.97489
-81.66982
-81.60374
-85.04242
-80.46202
-74.00170
-74.15028
-75.48162
-75.74985
-76.82190
-76.49295
-77.84180
-77.48183
-79.37151
-79.64492
-80.53319
-78.70228
-78.54481
-79.00936
-79.17220
-81.19920
-72.76931
-74.80984
-82.06339
-81.34357
-83.18164
-80.09736
-77.93783
-77.32665
-77.42641
-76.96780
-76.68658
-76.73833
-80.18276
-82.99010
-82.60539
-86.48807
-79.06882
-72.94511
-74.17491
-75.56695
-76.88073
-77.63480
-77.13077
-78.60458
-78.64291
-80.09896
-78.64752
-79.44700
-79.22883
-81.08284
-79.27532
-80.13641
-78.40916
-72.36937
-77.28687
-83.07812
-82.10748
-83.98499
-79.94933
-78.59774
-78.57303
-79.38949
-79.64569
-76.04822
-74.87887
-80.20272
-83.76006
-83.02411
-84.69654
-76.10334
-72.72159
-74.29554
-74.83575
-76.45494
-76.88838
-77.78827
-77.87714
-78.56180
-80.46451
-79.98381
-80.95322
-79.90128
-82.25959
-80.57823
-86.17118
-76.37979
-72.32356
-80.02486
-82.57793
-84.00715
-85.77413
-81.44749
-79.65589
-79.33734
-79.59465
-79.54069
-76.41801
-76.77800
-78.40056
-79.78030
-85.47428
-84.36657
-75.51253
-73.33965
-74.49685
-74.12954
-76.04313
-76.67954
-77.60298
-77.27833
-78.62027
-79.30990
-80.86462
-80.25335
-79.38749
-81.27449
-79.89875
-84.09858
-73.64310
-73.38705
-81.37614
-81.54850
-83.94033
-82.99513
-80.95523
-80.13566
-79.97767
-80.63362
-79.35579
-76.49380
-77.12571
-78.45265
-77.02620
-79.70100
-81.55809
-73.75957
-73.65543
-74.88029
-74.83009
-76.65890
-76.98325
-77.96679
-77.79388
-78.87475
-78.50980
-80.39358
-79.39636
-80.86142
-80.62777
-82.01593
-81.50092
-73.02657
-76.01919
-81.40615
-80.56744
-83.49731
-81.86031
-79.98767
-79.63304
-79.53189
-80.53575
-78.20241
-76.38441
-78.57353
-78.52699
-77.99155
-78.86755
-75.02984
-72.22850
-73.45749
-73.82601
-74.71106
-75.11493
-75.10078
-75.58046
-75.72178
-76.17027
-76.18108
-75.53299
-75.08892
-75.61900
-73.68303
-74.38850
-72.05446
-69.68642
-72.14575
-73.46932
-73.53730
-72.85117
-72.08354
-71.54953
-72.35672
-72.98801
-71.80775
-70.52817
-69.72667
-70.76873
-71.95945
-72.16870
-71.46651
-68.81407
-66.65133
-68.44109
-68.95280
-68.95790
-69.29201
-69.98200
-72.13281
-71.65672
-70.27306
-70.57251
-71.25370
-69.54179
-71.07270
-71.16872
-72.53015
-70.52902
-68.57486
-70.41682
-70.35703
-69.77606
-70.87823
-70.57106
-71.23654
-74.02550
-73.53667
-74.86465
-71.41069
-72.09758
-74.01626
-72.91059
-72.35840
-71.60176
-69.21877
-68.99454
-69.50229
-69.25196
-71.81207
-70.99061
-71.53739
-72.07986
-72.20710
-72.07950
-70.96368
-70.32520
-72.48227
-72.37466
-72.62507
-75.61967
-71.14069
-72.19015
-76.84694
-74.99908
-73.47259
-72.80282
-71.13344
-72.37533
-73.24289
-73.84971
-74.86276
-73.71135
-74.58250
-74.96106
-73.37091
-74.69983
-72.58291
-68.58538
-70.55581
-71.20847
-71.14463
-71.79401
-71.75977
-72.32123
-72.62695
-72.63826
-73.27612
-73.55190
-71.86628
-72.58249
-71.36709
-72.26360
-72.36127
-70.16977
-72.35772
-75.22417
-74.79208
-75.26628
-73.25515
-74.12251
-74.30338
-73.40178
-74.54218
-73.07515
-74.62714
-75.38713
-74.57967
-74.91948
-76.64588
-72.33104
-70.53000
-71.05555
-70.09054
-70.95854
-71.54671
-71.56241
-72.29523
-73.86056
-74.06607
-75.16439
-75.00973
-74.95578
-76.32155
-75.84466
-78.43673
-73.38958
-70.99896
-75.52981
-76.94303
-78.53685
-77.54959
-75.90841
-75.36893
-74.44936
-75.93120
-75.65211
-74.26888
-74.20921
-75.04210
-75.01611
-74.71676
-75.51100
-71.70601
-69.50134
-70.55709
-71.13596
-72.21810
-71.46439
-71.73588
-71.27243
-73.04444
-76.11852
-75.21064
-75.95790
-76.54061
-76.61201
-77.12095
-77.58422
-78.25557
-79.43806
-78.57502
-79.02752
-77.57220
-78.91497
-76.66015
-75.65218
-76.12429
-76.97986
-77.36199
-77.90118
-77.28296
-79.02764
-78.92495
-83.07169
-77.08463
-65.89633
-67.34558
-68.75031
-67.89005
-70.05432
-70.56872
-70.79618
-70.77865
-71.33936
-70.66484
-72.65536
-72.17486
-72.66772
-72.44394
-73.13717
-73.27225
-68.98453
-69.75144
-71.92615
-71.74935
-72.58464
-72.73201
-71.35536
-71.02233
-71.74766
-72.13333
-70.37968
-70.66374
-71.60408
-72.98704
-72.62812
-74.73508
-70.32980
-64.82385
-66.11031
-66.06237
-66.62213
-67.67078
-67.45920
-68.76012
-69.04346
-69.31695
-69.42070
-69.83780
-70.09186
-69.87152
-70.76055
-72.74320
-71.56294
-68.83811
-69.47486
-71.17119
-71.61805
-73.87127
-72.77278
-72.81482
-72.72954
-72.52458
-73.35847
-73.08778
-73.28694
-74.67660
-74.19313
-74.07344
-75.76297
-69.72692
-67.97892
-69.30112
-68.84976
-69.29260
-69.90903
-70.72331
-71.55708
-71.75997
-73.40849
-73.87222
-74.13188
-72.64692
-72.84578
-74.44416
-76.78211
-73.36823
-68.99488
-70.30675
-70.80905
-71.97998
-72.63092
-71.56767
-71.99777
-72.42757
-73.17904
-72.62958
-72.28541
-73.11912
-75.14695
-74.72040
-75.37687
-75.78180
-66.63240
-65.17121
-67.09886
-67.89610
-68.61724
-68.11843
-69.45103
-69.40465
-70.85892
-70.74831
-70.40129
-71.02191
-71.00473
-70.79028
-71.62607
-72.94807
-69.71754
-69.73928
-72.12212
-68.05163
-66.97310
-68.05815
-66.89811
-67.74618
-68.12766
-68.50177
-69.26929
-70.34011
-71.65732
-73.07611
-71.92181
-73.46747
-71.47938
-66.30533
-66.90526
-66.74666
-67.48686
-69.01914
-69.39265
-70.33775
-70.30446
-71.86181
-71.61463
-70.85918
-71.08160
-72.77893
-72.67789
-73.08834
-73.43734
-70.40583
-70.81117
-73.35638
-73.87391
-75.51382
-75.23141
-74.92652
-75.30440
-74.30730
-75.08885
-73.11873
-73.95212
-76.06783
-78.49979
-76.78157
-82.34860
-71.84865
-65.22944
-66.88368
-66.64433
-67.07088
-67.71735
-68.35802
-68.93870
-69.44834
-70.75500
-70.59054
-71.34349
-71.32785
-72.23739
-71.93467
-72.72299
-72.03162
-69.57114
-71.76663
-73.10850
-73.55560
-74.33226
-73.38082
-74.38738
-75.14342
-75.81738
-75.74533
-73.90239
-74.54542
-77.27773
-78.10562
-84.12078
-74.98900
-66.26829
-64.99561
-66.56702
-67.30227
-68.67494
-69.08861
-69.39017
-70.14010
-70.63029
-69.87692
-69.63279
-70.60922
-70.24860
-71.36873
-71.85883
-72.73533
-69.85245
-69.05278
-70.81843
-70.55690
-72.02922
-72.68113
-72.01720
-73.21682
-74.73636
-69.96378
-67.28149
-67.43198
-67.33360
-67.99936
-68.29807
-68.96566
-69.43490
-65.35327
-64.44942
-66.50375
-67.84447
-68.76261
-68.64760
-69.79860
-69.98180
-69.95223
-70.28027
-70.92653
-71.07626
-70.47134
-70.84580
-71.84924
-72.80210
-68.42088
-65.76225
-66.68412
-67.05792
-67.33940
-68.19717
-69.47854
-69.84960
-69.87148
-71.17623
-71.25433
-71.03122
-70.59249
-70.91057
-70.62629
-72.06058
-69.65437
-66.27392
-65.63697
-65.24894
-66.33940
-68.13890
-68.85020
-67.98501
-67.75631
-68.48549
-69.20588
-70.43454
-70.45545
-70.78960
-71.33647
-70.60060
-69.68672
-68.31887
-69.54955
-71.15847
-70.74433
-71.78352
-71.22628
-70.43643
-72.03249
-73.50151
-74.03024
-72.97037
-71.96485
-73.73849
-74.49135
-74.78182
-77.53958
-69.58719
-68.39954
-69.46261
-67.50990
-69.01761
-68.91086
-69.56853
-70.25061
-71.37148
-72.26537
-72.57007
-72.57172
-71.03815
-70.91348
-71.29944
-72.78738
-71.78448
-69.54378
-71.83971
-72.64658
-72.29213
-73.75667
-73.04376
-73.77797
-73.28611
-74.76889
-75.03725
-73.90365
-74.30193
-77.24492
-77.34322
-77.62862
-75.97849
-68.34043
-67.74923
-69.29241
-69.98313
-70.83203
-69.83946
-70.91480
-71.79168
-73.25138
-73.33732
-74.46833
-74.76862
-74.90931
-76.07544
-74.91316
-77.46929
-72.07515
-70.75918
-74.45659
-74.67532
-75.03056
-75.25652
-73.76863
-73.69905
-73.64023
-73.39096
-73.52590
-74.42244
-76.63921
-83.58130
-81.51360
-87.36355
-79.54009
-67.47633
-67.69891
-68.80701
-69.74157
-71.61386
-71.42385
-72.54866
-73.15938
-74.31596
-74.14746
-74.33045
-73.39036
-74.44569
-74.54142
-75.00831
-75.24520
-70.97510
-70.95918
-73.24999
-73.49812
-75.01812
-75.36571
-74.40891
-74.84187
-74.38632
-74.93673
-73.40240
-72.56091
-75.65120
-78.62850
-77.19938
-84.54324
-74.97374
-66.65390
-67.29813
-68.61921
-68.68486
-68.49542
-68.83875
-68.02244
-69.03955
-69.91909
-67.41052
-67.84421
-67.73687
-67.57708
-67.26165
-67.62030
-67.40864
-66.74663
-68.29911
-69.11850
-68.16167
-68.28646
-68.37949
-68.52408
-68.62099
-68.82225
-68.96965
-67.48631
-67.62332
-67.84603
-68.83602
-70.46509
-73.12538
-67.58185
-65.20577
-66.50156
-66.41348
-66.50428
-65.27299
-65.89855
-66.04926
-66.72398
-66.54836
-66.10353
-65.89581
-65.78723
-65.87660
-65.67692
-65.87614
-65.10064
-64.50814
-64.72070
-64.88223
-64.51020
-64.92934
-65.30693
-65.67010
-65.84366
-65.91700
-65.62435
-65.85816
-65.55494
-65.55753
-65.14497
-64.34993
-63.94695
-63.36746
-63.61142
-64.56768
-67.04737
-68.48563
-70.49867
-71.81202
-70.81468
-72.35536
-72.36631
-71.89369
-72.82313
-72.32304
-72.58347
-72.74837
-73.07289
-69.70049
-67.53821
-69.90384
-69.88655
-68.88640
-67.77599
-68.15463
-69.00931
-67.81303
-67.50995
-67.64700
-67.23676
-66.05659
-65.82195
-65.34802
-65.20317
-64.39486
-63.10994
-63.19991
-63.63717
-64.08540
-64.36028
-64.27180
-64.33898
-64.69310
-65.06604
-65.73523
-66.02319
-65.39772
-65.94150
-66.10954
-66.97785
-68.88643
-67.72144
-68.98128
-70.85034
-72.07779
-68.37631
-65.29203
-65.14581
-64.96635
-65.69413
-65.41258
-65.43822
-66.46871
-67.49927
-67.49745
-66.17564
-66.12916
-65.34384
-63.82049
-64.75915
-64.85741
-64.98852
-65.59399
-65.41253
-65.25245
-65.88943
-66.78861
-66.02057
-66.54351
-66.84009
-66.95042
-66.12554
-67.34305
-69.16129
-68.66898
-70.03625
-71.43912
-72.39167
-72.88064
-72.24391
-72.23367
-72.86775
-72.21290
-72.10611
-71.08633
-72.10822
-73.64166
-74.95505
-73.44769
-74.14836
-68.24342
-65.11129
-66.60602
-66.05684
-67.04365
-66.76609
-67.71205
-67.99809
-68.32424
-68.95780
-69.48125
-70.82213
-70.93393
-70.98647
-70.87285
-71.41394
-68.12605
-67.76737
-69.28706
-69.60247
-70.06493
-70.83118
-70.32916
-69.67530
-69.70812
-69.30806
-69.48316
-69.43167
-69.57846
-70.66106
-70.08157
-71.65429
-72.30554
-66.27278
-65.26918
-66.31773
-65.65378
-66.29218
-66.81748
-67.22010
-66.96262
-67.04526
-67.85704
-67.70091
-66.32801
-67.23089
-68.19771
-67.20366
-68.09684
-67.16564
-66.43995
-67.81319
-68.33753
-66.92482
-66.15578
-65.88297
-67.04613
-67.22546
-65.53853
-64.66301
-64.76968
-64.84821
-65.62511
-66.25114
-68.04445
-67.70663
-65.57103
-66.36387
-65.45521
-66.41683
-67.02499
-66.23028
-65.78373
-66.72084
-67.16483
-67.47968
-69.75942
-69.80736
-69.58656
-69.23610
-69.27038
-68.82371
-65.38491
-65.28474
-66.89191
-66.43506
-67.35404
-67.15759
-68.01597
-67.73958
-67.82704
-67.13974
-66.48286
-66.22620
-67.77698
-70.73129
-69.89223
-72.37770
-68.55864
-65.85054
-67.17928
-66.16573
-66.61388
-67.37928
-66.33315
-66.28260
-66.46027
-67.44176
-68.33819
-68.59478
-68.75148
-70.94202
-69.67973
-69.55609
-68.91578
-66.04283
-66.15928
-66.20281
-66.50625
-67.46758
-67.81806
-68.42405
-68.05075
-68.50556
-69.40929
-68.20048
-68.79753
-69.46262
-69.19447
-69.06114
-69.99900
-66.48285
-67.36086
-69.03325
-66.74938
-67.94996
-67.94714
-68.77198
-68.86733
-69.15640
-69.61097
-70.03698
-69.44241
-68.91060
-68.94490
-68.61751
-69.52912
-67.95996
-67.06829
-68.78229
-68.50958
-68.47920
-68.73661
-68.31258
-68.42156
-68.41225
-68.63448
-68.21544
-68.41219
-68.71355
-69.26845
-68.81456
-69.18373
-68.34224
-65.84806
-67.53713
-69.11771
-69.10137
-69.41805
-68.80416
-69.52337
-69.58262
-70.56431
-70.77741
-71.44760
-71.66404
-73.08984
-74.51431
-74.17938
-73.92818
-69.71244
-70.21980
-72.67805
-72.53595
-73.12119
-73.11509
-72.57934
-72.53951
-72.31354
-72.94214
-71.57489
-70.89768
-72.25581
-73.54458
-72.46232
-75.20788
-70.97045
-65.56433
-67.51071
-67.71552
-68.24404
-69.14917
-69.06483
-69.54670
-69.34843
-70.50961
-71.17243
-72.19904
-71.50123
-73.47207
-73.93082
-76.14441
-74.24738
-69.90448
-71.82028
-73.85966
-72.48871
-71.77004
-70.43111
-70.43841
-70.78949
-70.06355
-70.20633
-69.75495
-70.55829
-72.66459
-74.96018
-73.20274
-76.60625
-68.82143
-65.67778
-68.35732
-67.61788
-68.17564
-68.12030
-69.82466
-69.94404
-69.42666
-70.37451
-72.26670
-72.10970
-71.11449
-72.18244
-71.75834
-74.35677
-71.09699
-68.75611
-70.16043
-70.63414
-71.04570
-71.36085
-70.73896
-70.27697
-70.02668
-70.50994
-70.99286
-70.98020
-71.95536
-72.91112
-73.81599
-76.31868
-77.74315
-66.53996
-64.52827
-66.61416
-67.22870
-68.44216
-67.64442
-67.32749
-66.72069
-67.75282
-67.82765
-68.94326
-68.71508
-68.32650
-67.87171
-67.24035
-68.53693
-66.81807
-66.89818
-67.80360
-67.62111
-67.91031
-68.38183
-68.41269
-68.44748
-68.55088
-69.65646
-69.59345
-68.85522
-69.41272
-69.31980
-68.31880
-68.82842
-67.59371
-65.30234
-66.00472
-67.20412
-69.41175
-71.23521
-71.81974
-72.61615
-73.35701
-73.77064
-72.94291
-74.29154
-74.73414
-75.48985
-75.60423
-77.02372
-77.07681
-70.16130
-69.72205
-71.85619
-71.06489
-70.91177
-70.26447
-70.67367
-70.53356
-70.41403
-70.83774
-69.46241
-69.59120
-69.61448
-68.81108
-68.50729
-69.03503
-67.30887
-64.24671
-64.87593
-65.05177
-65.16649
-66.27648
-66.65926
-67.73002
-67.24885
-68.04409
-67.50683
-66.94336
-67.80919
-68.68227
-69.18804
-70.48809
-70.75681
-68.64392
-71.34200
-69.43337
-66.89945
-67.38783
-66.43599
-66.83446
-67.36161
-68.23608
-68.24185
-67.87240
-68.49274
-69.75030
-70.22660
-69.97532
-70.62290
-65.92440
-64.69982
-66.04267
-66.04281
-67.47024
-67.99404
-69.10647
-68.28992
-68.17204
-69.23842
-68.87294
-68.30781
-69.32974
-70.66827
-68.83435
-70.65285
-70.57742
-69.67635
-71.65051
-72.62174
-73.47918
-74.29467
-74.66335
-76.20301
-75.09569
-74.74168
-74.27456
-73.00064
-75.75472
-77.60944
-78.05404
-80.34205
-80.18710
-67.17641
-65.57829
-66.85185
-66.09496
-67.55215
-67.72109
-69.24976
-68.87410
-69.89000
-69.96280
-70.64821
-71.14288
-71.17103
-71.76103
-71.39912
-71.96901
-69.40124
-69.99758
-71.72989
-71.33798
-71.76386
-72.21558
-72.28050
-73.03599
-72.83705
-73.51342
-72.30690
-71.59441
-72.50489
-74.69723
-73.91746
-77.26887
-73.58330
-65.58565
-65.94168
-66.70893
-67.70029
-68.77509
-68.46727
-69.22168
-69.12207
-69.51483
-68.05640
-68.58070
-70.30619
-70.20528
-70.02467
-69.68668
-68.23879
-66.45583
-67.49640
-67.68015
-68.27064
-69.32044
-68.70457
-69.78591
-70.27943
-69.56988
-66.56403
-65.92933
-66.52462
-66.69928
-67.75747
-67.85542
-69.58322
-68.02848
-65.86960
-67.07642
-67.30088
-67.93307
-68.54216
-67.56245
-67.75429
-68.03544
-68.72770
-69.36747
-70.22232
-70.42864
-70.27482
-70.31913
-70.55237
-70.08532
-66.04158
-66.45060
-67.16643
-66.56160
-67.76441
-67.71707
-68.50818
-68.95154
-68.79455
-68.81060
-68.21636
-68.38840
-70.85615
-70.64537
-70.72107
-72.51036
-67.21026
-65.37367
-66.67573
-66.32621
-67.36647
-67.88640
-68.64687
-67.64711
-67.60554
-68.00779
-68.89021
-69.98404
-70.42472
-71.98849
-69.87421
-69.93270
-68.69371
-68.86401
-70.30089
-70.95836
-71.27700
-71.26839
-70.37890
-71.04462
-71.55780
-71.79526
-71.64830
-70.57623
-71.00005
-71.53894
-71.40631
-73.48447
-71.85541
-66.82064
-68.74642
-68.64879
-67.20836
-67.92438
-68.36634
-69.19819
-69.56185
-69.92278
-69.90284
-71.28878
-70.86803
-70.03284
-69.90125
-69.94042
-70.28432
-68.40632
-68.57138
-70.40799
-69.56847
-69.85522
-70.11975
-70.48237
-70.73666
-70.51170
-70.35683
-70.33512
-70.07800
-70.06834
-71.04522
-71.08804
-72.63088
-69.22260
-66.60524
-68.61572
-69.42981
-70.24331
-70.61330
-70.85950
-71.34671
-71.81253
-71.99069
-71.71260
-72.48268
-71.64064
-73.05515
-72.57537
-74.39873
-73.69670
-69.86904
-71.45008
-72.87980
-72.54765
-73.16496
-72.98127
-72.99564
-73.10134
-73.29475
-73.47832
-72.28397
-72.48016
-73.56913
-74.26666
-73.55608
-78.37935
-70.12245
-66.56353
-68.94002
-68.46543
-69.88448
-70.35202
-71.61029
-72.21096
-72.14059
-71.82830
-71.20447
-71.22414
-70.71549
-71.64291
-71.96887
-73.06210
-70.84044
-69.20340
-70.97845
-71.40439
-72.83178
-74.95316
-73.42920
-73.31502
-72.89056
-74.41430
-74.17077
-73.03378
-72.90361
-72.76962
-72.30671
-72.98609
-74.59268
-68.63619
-68.44540
-69.82798
-69.65680
-70.16155
-69.70467
-71.11191
-70.69460
-71.29237
-71.22336
-69.78183
-70.04104
-70.64075
-70.11430
-69.73267
-70.19824
-68.21355
-68.68497
-70.35387
-69.23330
-70.23442
-70.54564
-71.29710
-71.41065
-70.90089
-69.90542
-69.92024
-70.69686
-69.83676
-70.68331
-70.45742
-73.00781
-71.33080
-65.97649
-66.24660
-66.65987
-66.61383
-67.62862
-68.27764
-68.05312
-68.09998
-69.55642
-69.43774
-69.10355
-68.82922
-69.81214
-70.02917
-69.68300
-69.07692
-67.77064
-67.64257
-69.47505
-68.52878
-68.11079
-69.28389
-69.23251
-69.45635
-69.36191
-70.33680
-68.75964
-68.48161
-71.66015
-70.13412
-68.28951
-70.44461
-67.89252
-66.70499
-67.09956
-68.40597
-70.53041
-71.08153
-72.15632
-72.49840
-74.56174
-73.47700
-73.35206
-74.49730
-74.06507
-75.67108
-75.54379
-76.50166
-74.38038
-68.80023
-69.57627
-71.14555
-71.39307
-72.27656
-71.40343
-71.26695
-71.29650
-70.65258
-71.38553
-70.82631
-70.62852
-71.80832
-72.29764
-72.44312
-71.31917
-67.31569
-65.42104
-66.92497
-66.83439
-67.56766
-67.55304
-67.94867
-69.58080
-69.37646
-69.49666
-69.20916
-69.11147
-70.48396
-70.20177
-69.86758
-72.50174
-70.49803
-68.88095
-72.35817
-68.82814
-65.86971
-66.97202
-67.13994
-67.04636
-67.27470
-68.68198
-68.57213
-68.78976
-69.78777
-71.24123
-70.32489
-71.01923
-70.88034
-66.23117
-66.14986
-67.36197
-67.51084
-67.83138
-68.47569
-69.24892
-69.92180
-71.46899
-70.86772
-70.15788
-69.84601
-71.01156
-72.23850
-71.29665
-73.56758
-71.08416
-70.15914
-72.63821
-73.15698
-74.58363
-74.65734
-74.64151
-75.22391
-74.24321
-74.50786
-73.50677
-73.24956
-75.76659
-77.78480
-77.25238
-80.92631
-75.92891
-66.80856
-66.23347
-67.34402
-67.80452
-68.31842
-67.96902
-68.69197
-69.90307
-70.58760
-70.87881
-72.23899
-71.79490
-71.92186
-71.87560
-72.63978
-72.38967
-69.92337
-71.16738
-73.04738
-72.47391
-73.71913
-73.22161
-73.48876
-74.50296
-74.46597
-74.80000
-72.89115
-73.26456
-74.64436
-76.42623
-77.21443
-82.73494
-71.44177
-65.61353
-67.38355
-66.45841
-66.87526
-67.41296
-67.27703
-69.06510
-69.63406
-70.61400
-70.72782
-70.07884
-68.89764
-68.48106
-68.64978
-69.85371
-68.24797
-67.37592
-68.44804
-68.90851
-68.94513
-68.56154
-67.93112
-68.99094
-70.28939
-68.20371
-66.40017
-66.09443
-65.95764
-66.10911
-66.35950
-67.19251
-68.64753
-66.03667
-65.14141
-66.01308
-66.50759
-67.33460
-66.89627
-67.53594
-68.36669
-68.21021
-68.74070
-68.41416
-69.66820
-69.61573
-69.61632
-70.12807
-70.27031
-68.15312
-65.16139
-66.73935
-66.80532
-66.73067
-67.85712
-68.07043
-67.68296
-67.46010
-68.80142
-68.10102
-67.79454
-69.45402
-70.59519
-70.03307
-70.42973
-69.48185
-65.18571
-65.40328
-66.06706
-66.45239
-67.07399
-65.37365
-67.35773
-68.06658
-68.14134
-67.86334
-69.28439
-70.06489
-70.12442
-69.41553
-68.93566
-70.69068
-68.20124
-69.25447
-71.04185
-70.76630
-71.62479
-71.73098
-70.89813
-71.30863
-72.11138
-72.29848
-72.12711
-71.71565
-71.17301
-72.54176
-72.54961
-74.59462
-70.28431
-67.30682
-70.21689
-68.62779
-68.24649
-68.42422
-69.24416
-69.01375
-68.72570
-71.36284
-70.83481
-71.31683
-70.36413
-70.02106
-70.13442
-70.79894
-71.12258
-68.56606
-70.29433
-70.69178
-70.81034
-72.19476
-71.81574
-72.25809
-72.21071
-72.05861
-71.44656
-71.57206
-72.05228
-73.61737
-73.92389
-73.83760
-75.01387
-69.16702
-67.33474
-69.66869
-68.93653
-69.09549
-69.02609
-69.96251
-71.26968
-72.52129
-73.60957
-73.87030
-73.37411
-72.79895
-75.00322
-73.82634
-75.33855
-72.00260
-70.02065
-73.28948
-74.47453
-74.81457
-76.03998
-75.26670
-75.64584
-76.15431
-76.99307
-76.30524
-73.58294
-74.89024
-78.48608
-78.87557
-78.57950
-80.01504
-68.37181
-67.03862
-68.86037
-68.95338
-70.95714
-70.59370
-71.77702
-71.75487
-73.34696
-73.96555
-75.01774
-74.51741
-75.19203
-75.11537
-75.78137
-75.97804
-75.15531
-73.99324
-74.33971
-75.44208
-75.11357
-74.86239
-73.75337
-74.62053
-73.46529
-73.80995
-73.73925
-76.52625
-76.73184
-80.03785
-77.12425
-83.61670
-73.85692
-66.53840
-69.65031
-70.53116
-70.93316
-70.69599
-71.43993
-72.50052
-73.07521
-73.12406
-72.21455
-72.72303
-71.18284
-72.59381
-71.42496
-71.42817
-71.44986
-66.05548
-69.61708
-72.47143
-70.06178
-73.04368
-71.63991
-72.93193
-72.92488
-72.16770
-71.71890
-70.37468
-69.58112
-72.22466
-71.93586
-71.89002
-74.79028
-69.27571
-69.25001
-71.16891
-70.40581
-71.69981
-71.98133
-73.37347
-73.46513
-72.60600
-71.57695
-72.23177
-72.90127
-71.08938
-74.44539
-72.45028
-73.39195
-69.94366
-66.18485
-71.84306
-74.03936
-72.39363
-73.90086
-73.99557
-74.63938
-74.38117
-73.92365
-73.58706
-70.09865
-70.94929
-75.46882
-72.42038
-74.13042
-74.27023
-67.99414
-70.24097
-73.40618
-72.11057
-74.00791
-72.99768
-73.41953
-72.64602
-74.45785
-74.24820
-76.50465
-75.18875
-73.20650
-75.95631
-74.32621
-81.10808
-70.18194
-68.61952
-76.54878
-75.83748
-76.79930
-76.95601
-74.63362
-75.98685
-76.98393
-77.93114
-76.96487
-70.93447
-74.61726
-80.30173
-76.40628
-81.60075
-73.54299
-67.77217
-71.99080
-74.96159
-73.96830
-75.75052
-76.04993
-78.11975
-75.48516
-77.54955
-77.45944
-79.15297
-75.37515
-76.35140
-77.72903
-76.15020
-79.38923
-67.63011
-70.13960
-79.04098
-75.85651
-79.00516
-76.64334
-76.96964
-76.09751
-75.86854
-80.19161
-75.32520
-70.70251
-77.00368
-79.58965
-78.35392
-84.49528
-72.08001
-69.21652
-73.95025
-72.78624
-74.16876
-75.16227
-75.28966
-77.01868
-75.39565
-76.89743
-76.51318
-79.79996
-74.82308
-78.77735
-76.98599
-80.17592
-76.65298
-68.13073
-73.72017
-78.56617
-78.32889
-80.23006
-78.18422
-78.00439
-77.81904
-77.64541
-80.23638
-73.29293
-72.18982
-81.48450
-80.26758
-81.57882
-84.13475
-70.86583
-70.15518
-75.62947
-74.42920
-77.22638
-76.43019
-77.72970
-78.34281
-79.21126
-79.07299
-79.65449
-79.86414
-75.30876
-81.76385
-78.07568
-86.42387
-73.58900
-68.46041
-78.21405
-80.58784
-81.62711
-82.92479
-80.30771
-81.04248
-79.53641
-80.23401
-78.28113
-71.51859
-73.89411
-85.58364
-80.25959
-88.13503
-78.56447
-68.57691
-70.60513
-72.54816
-70.83984
-72.80431
-71.17821
-72.29545
-72.91714
-73.86716
-74.03837
-75.43289
-73.50967
-71.48520
-71.65074
-71.05565
-72.19688
-66.63441
-67.04557
-71.53946
-71.34172
-72.41168
-71.41661
-71.20260
-71.59866
-70.79034
-71.33927
-69.90893
-68.36080
-69.79145
-72.87876
-71.56362
-73.23825
-69.83756
-66.53414
-70.40649
-70.55412
-71.37619
-71.89534
-70.68757
-71.76194
-70.73168
-72.03488
-71.77027
-72.15031
-72.35149
-72.37289
-73.19034
-72.65045
-72.59838
-67.10666
-69.54079
-74.40004
-73.28068
-74.26034
-74.07222
-75.27203
-73.00700
-71.79919
-72.86026
-70.06310
-68.24628
-73.80771
-72.61185
-72.57156
-74.53829
-68.45640
-67.33191
-69.93497
-69.20063
-72.00887
-70.93969
-70.50257
-74.07891
-73.44838
-76.06781
-74.20498
-75.96908
-73.60269
-76.34293
-73.63003
-75.35562
-72.74401
-67.22420
-73.66624
-75.32880
-75.08332
-78.42452
-77.20776
-77.43977
-76.21534
-75.96823
-76.16550
-70.76634
-70.64079
-75.49619
-73.18659
-74.87314
-76.04157
-68.97735
-69.78020
-73.07216
-72.80107
-74.58191
-73.06923
-74.79181
-73.88392
-75.68792
-76.51121
-76.91903
-76.49004
-74.74038
-78.30332
-75.14787
-80.58280
-71.16140
-68.71129
-76.50246
-76.20601
-76.21916
-76.58035
-75.85401
-76.24772
-75.96110
-77.29917
-75.98132
-71.69942
-73.58833
-78.69266
-76.09358
-79.84059
-74.65452
-67.60272
-71.41939
-74.13014
-73.83806
-76.41645
-74.80008
-77.73046
-75.95317
-78.99736
-78.32124
-80.13909
-75.80308
-76.30105
-81.18759
-78.05160
-85.69942
-69.47032
-70.47923
-81.17731
-78.71437
-83.24425
-80.98991
-79.40243
-80.72386
-80.22226
-84.75327
-77.36245
-70.97870
-77.52197
-82.88968
-79.35399
-85.44008
-73.29783
-68.55613
-70.95357
-71.28064
-73.87984
-75.15056
-75.83205
-78.38868
-77.38862
-80.12143
-77.97942
-83.05881
-76.78730
-81.22274
-81.52302
-83.59656
-81.12844
-68.61552
-73.82162
-82.63567
-80.50668
-84.98852
-81.02632
-79.33162
-78.97092
-79.95585
-84.67917
-74.82450
-71.71125
-81.46821
-81.24008
-81.54245
-86.34365
-70.35117
-68.43142
-72.81569
-71.10160
-72.12100
-72.37048
-72.93874
-74.02936
-73.94367
-74.98571
-72.93653
-73.05968
-71.80121
-74.37518
-71.69025
-74.38209
-70.67984
-66.69255
-73.37103
-72.82213
-72.27360
-73.94764
-73.73780
-75.03151
-73.99768
-72.48017
-72.49281
-69.73967
-70.43443
-74.21471
-72.23719
-74.93099
-75.09394
-68.18585
-70.28859
-72.83875
-70.42171
-73.09555
-72.64385
-74.50377
-73.96748
-73.61339
-72.64848
-73.81230
-73.83200
-73.22036
-76.25454
-73.22551
-76.57669
-69.40536
-67.98639
-75.60870
-74.17946
-74.24258
-75.70173
-74.32392
-74.90164
-75.19688
-75.60239
-73.85635
-70.02709
-73.35828
-76.91010
-73.62994
-77.07973
-72.26724
-67.97741
-70.81089
-70.97740
-71.30558
-72.99938
-72.51569
-74.25350
-73.21127
-75.58396
-75.14998
-78.60279
-75.35804
-75.82025
-78.18530
-77.90124
-81.13433
-68.41571
-70.82662
-78.57284
-77.50008
-80.09225
-78.70609
-77.56645
-78.32274
-76.62975
-78.41905
-74.35963
-69.95501
-77.10639
-79.40475
-78.26364
-83.98681
-71.69665
-68.18494
-72.96026
-72.64313
-73.41783
-73.85767
-73.66767
-76.02463
-74.30040
-76.44018
-77.84282
-79.24358
-74.84539
-78.52022
-76.92663
-79.60429
-76.03230
-67.66045
-73.44650
-80.14939
-78.73336
-81.79970
-78.67377
-78.33769
-76.92313
-77.81632
-79.98317
-72.94293
-71.35766
-78.95918
-77.92478
-79.20964
-81.98778
-70.24302
-70.48683
-75.00305
-73.06904
-75.42830
-75.01290
-76.84674
-76.81383
-76.99932
-78.50453
-78.40342
-79.53726
-75.60355
-82.70445
-78.39260
-87.88041
-73.65725
-68.25163
-78.28795
-79.84478
-81.05895
-83.70248
-80.77610
-81.60126
-80.44365
-81.08967
-81.55411
-71.97278
-73.74853
-84.46632
-79.32490
-84.81384
-80.13446
-69.79380
-71.27510
-75.06903
-74.01290
-76.41898
-75.22025
-77.37754
-76.09482
-78.42038
-77.09140
-78.47537
-76.57880
-76.52581
-83.39771
-78.91485
-91.29106
-70.44708
-69.91053
-83.21238
-81.20484
-85.28040
-84.15762
-80.97437
-80.78847
-80.87233
-84.27639
-79.15087
-71.48984
-76.84117
-83.77104
-80.05570
-88.63634
-70.84551
-67.10361
-71.87866
-72.29594
-72.64311
-73.89273
-73.53146
-74.28616
-73.66411
-74.75018
-74.69371
-76.17597
-72.25946
-71.85423
-72.15168
-73.41313
-72.74715
-67.13595
-69.33115
-73.93392
-73.68237
-73.70201
-72.59614
-72.57004
-72.81059
-72.56214
-73.18650
-69.95685
-68.84391
-72.57962
-73.68901
-73.04368
-75.11614
-68.83474
-67.02893
-70.04111
-69.73960
-73.73409
-72.06639
-71.37168
-73.23243
-71.57275
-72.68120
-72.19178
-73.90409
-71.67370
-74.02749
-73.03642
-74.28984
-72.56780
-67.03531
-72.76780
-75.63000
-74.60474
-75.04800
-74.98682
-75.44389
-73.83347
-73.61014
-73.96159
-69.97008
-70.29243
-76.59017
-73.81868
-75.63665
-74.72468
-68.38755
-69.31043
-70.37771
-69.33443
-71.53296
-69.89392
-72.22252
-73.41481
-73.63469
-74.50862
-75.63423
-76.48477
-73.58537
-75.81854
-73.62028
-77.13947
-69.92691
-68.66597
-77.47731
-76.18708
-77.58700
-79.58148
-77.96352
-77.75972
-76.46723
-76.78574
-76.26096
-70.45110
-72.52968
-78.08861
-75.03145
-79.93905
-74.00104
-67.39682
-70.29082
-72.72928
-72.66952
-74.55086
-73.74695
-75.51621
-74.03461
-77.17597
-76.24628
-77.54823
-75.10629
-75.53755
-77.96847
-75.82269
-79.26276
-68.58253
-69.79432
-77.54745
-76.74461
-78.48151
-78.25912
-77.75746
-78.19448
-77.88024
-80.25050
-75.69925
-70.77874
-76.05041
-79.37337
-78.05670
-85.31210
-72.41765
-68.20248
-73.27416
-73.12465
-74.12186
-76.07955
-75.53664
-78.26303
-77.52422
-79.84586
-78.00052
-81.31212
-75.36459
-80.14808
-79.55924
-80.94079
-79.43711
-67.74956
-72.79834
-79.95513
-77.87002
-82.88799
-83.04492
-80.84980
-81.85260
-80.66649
-85.82800
-74.53156
-71.66769
-82.02507
-82.79599
-82.10188
-89.23416
-70.94125
-67.90232
-73.44475
-73.62837
-76.10162
-76.81956
-78.39113
-78.63041
-79.70950
-80.65996
-80.43082
-81.22892
-80.08339
-82.27961
-80.71364
-82.46682
-80.24323
-76.87699
-80.03888
-82.51718
-81.77794
-83.74328
-81.56360
-82.22921
-82.63410
-84.63483
-82.78051
-84.19018
-83.94552
-84.76144
-86.09979
-85.74529
-87.70896
-75.82954
-71.83793
-72.95417
-73.72020
-74.20075
-74.78730
-74.37204
-74.39513
-76.66254
-75.85144
-73.63664
-75.65482
-75.18404
-74.12556
-73.84817
-74.82133
-74.45300
-74.47001
-76.02425
-73.87959
-74.36646
-75.10675
-73.90210
-74.61058
-75.13871
-74.22256
-75.88576
-77.37567
-75.43603
-75.40444
-75.31790
-75.72838
-76.85340
-73.05336
-72.91331
-71.97966
-71.60869
-73.77462
-74.40152
-75.50291
-74.20911
-73.92103
-74.44838
-75.13636
-75.16353
-75.67898
-76.31749
-75.66475
-75.38316
-76.83219
-76.11516
-76.52522
-75.49121
-75.38114
-76.27430
-75.43865
-76.24249
-75.36177
-75.45510
-75.76866
-76.93133
-77.43308
-77.18508
-76.44030
-77.77381
-77.20064
-75.25208
-72.64640
-70.72394
-72.66678
-74.38580
-75.29075
-75.35907
-75.95359
-77.19077
-77.40362
-78.63281
-78.42650
-78.80929
-78.29872
-79.28335
-79.98107
-79.00898
-79.18550
-79.68583
-80.57165
-80.81684
-79.55706
-78.36997
-78.52763
-77.54449
-78.07295
-78.84079
-80.64986
-81.29505
-82.33641
-81.21729
-81.05021
-76.27328
-72.10182
-72.38953
-72.89955
-74.51841
-75.44932
-75.83118
-76.69819
-76.73453
-77.45021
-78.94446
-77.74665
-78.39235
-78.49628
-79.51101
-79.49570
-78.80999
-81.02657
-80.88273
-80.20002
-79.73211
-80.79961
-78.59000
-77.72568
-78.08772
-77.84368
-77.03372
-77.84241
-77.43355
-79.26504
-81.58353
-82.18083
-83.79194
-76.58870
-74.16845
-73.18794
-73.23960
-74.37407
-75.21808
-76.60858
-77.64553
-79.04605
-79.29102
-80.16738
-81.46005
-81.10944
-81.03994
-81.71993
-82.58952
-83.06720
-82.77250
-82.99227
-83.39855
-83.53828
-84.54812
-81.76305
-80.99800
-80.17851
-80.26836
-79.81621
-79.58001
-79.72375
-78.57497
-79.88930
-85.86066
-84.58661
-73.24089
-71.84613
-73.19288
-74.44127
-75.95900
-76.43978
-77.20722
-78.50130
-79.96813
-79.81444
-80.94346
-80.79383
-81.25477
-81.70896
-82.52968
-83.14488
-83.20316
-83.23296
-83.55506
-84.42016
-87.20442
-85.26837
-82.11197
-80.86950
-81.61803
-80.88425
-81.39510
-80.56841
-80.02833
-78.35138
-79.18662
-75.51911
-69.60667
-69.90769
-71.52685
-72.51024
-73.93945
-75.81737
-76.32541
-77.22258
-77.97444
-76.80187
-77.92471
-78.28372
-76.45575
-75.86559
-76.38692
-76.26667
-76.51326
-77.15381
-77.11689
-77.62670
-77.19535
-77.09939
-75.59390
-74.71479
-76.15748
-76.51370
-76.66107
-76.56202
-77.51628
-76.94879
-77.42735
-75.96241
-77.66783
-73.46070
-68.47087
-68.87337
-70.55681
-73.14720
-74.82744
-75.81081
-74.94289
-76.41676
-76.97610
-76.51968
-77.44886
-77.34095
-78.03829
-78.78624
-79.05513
-78.88708
-79.84328
-79.39984
-79.05422
-79.04128
-79.19297
-78.37092
-78.59133
-78.19060
-78.45600
-78.17096
-78.67537
-78.87899
-79.83040
-78.57945
-78.84433
-77.91556
-74.31352
-71.67038
-67.76868
-69.11272
-71.83439
-72.74738
-75.76651
-77.33131
-78.27783
-79.84691
-80.80066
-80.57303
-80.88796
-80.47536
-80.79431
-81.70184
-83.62718
-83.12341
-83.20279
-82.37854
-83.15079
-82.71888
-80.00193
-79.23562
-80.55199
-81.35665
-81.51149
-81.80357
-81.77586
-82.73539
-81.88145
-83.09120
-75.29654
-70.38975
-70.83553
-71.65624
-73.37299
-76.11528
-77.86069
-79.24526
-79.18840
-80.01737
-81.39151
-81.67291
-81.36338
-81.83736
-82.45384
-83.52929
-83.67971
-84.33631
-84.61017
-84.90127
-84.25920
-85.29585
-83.10063
-81.06895
-81.42527
-81.24063
-82.16673
-84.48221
-84.47245
-85.51764
-85.84451
-85.95469
-87.27873
-73.29408
-70.22323
-71.15588
-72.00882
-73.93342
-75.36599
-78.07130
-78.96641
-80.08882
-80.66422
-82.55842
-82.65110
-81.90853
-82.56868
-82.77528
-83.63183
-83.88468
-85.31323
-85.07242
-87.16658
-86.50840
-88.50674
-83.58554
-81.02038
-81.95734
-82.10619
-82.71174
-82.91442
-84.48064
-84.67142
-87.15298
-85.34005
-90.85900
-74.61478
-70.08401
-70.16213
-70.43104
-72.79420
-73.81202
-75.34226
-77.19051
-79.38639
-79.46061
-81.80001
-81.61511
-81.91817
-82.53441
-82.97563
-83.64266
-83.88987
-83.83836
-84.33617
-85.25255
-85.72613
-87.39700
-81.83865
-80.22081
-80.32556
-80.98686
-81.79315
-82.36281
-83.01675
-84.72186
-86.34969
-87.62009
-87.60499
-87.61099
-85.72136
-83.00360
-82.48220
-82.22825
-81.44465
-81.24915
-81.28861
-82.86860
-90.44322
-91.71766
-87.14171
-86.37008
-86.47018
-86.90192
-87.05551
-87.07026
-87.47129
-88.55106
-89.25915
-90.16165
-90.23079
-90.35267
-89.47982
-88.25312
-88.45659
-88.24654
-88.74818
-88.46206
-88.62933
-90.27445
-92.85270
-92.52243
-90.39755
-86.80992
-84.28950
-84.49456
-84.96298
-85.24733
-85.57394
-87.03330
-88.23455
-90.59630
-92.31118
-93.51880
-93.56762
-93.72847
-94.03544
-93.39457
-93.98503
-93.43559
-93.77383
-93.50605
-94.08016
-93.51287
-92.40909
-90.32498
-89.62385
-90.15880
-90.82409
-91.76257
-92.51961
-93.98045
-95.36007
-97.48164
-98.88104
-99.79843
-100.19345
-97.67810
-95.03388
-94.36038
-93.52988
-92.76019
-92.99234
-93.62850
-96.29357
-100.30773
-100.01938
-97.80739
-97.23702
-97.42586
-98.07330
-98.52159
-98.71999
-99.69387
-100.21177
-101.25949
-101.86423
-101.70864
-102.35690
-102.44767
-100.80106
-100.79120
-100.31556
-100.30701
-100.48595
-101.33395
-103.34552
-103.17578
-101.87908
-100.74996
-98.16701
-96.08735
-96.30866
-96.57488
-97.32620
-97.64195
-98.87209
-99.71598
-102.31458
-104.28263
-106.06837
-106.35942
-105.97020
-106.34945
-105.47891
-105.71846
-105.84589
-107.23222
-107.09778
-105.13113
-103.97094
-103.37497
-101.96938
-102.02453
-102.04506
-103.67800
-103.85242
-106.11855
-106.13990
-109.11885
-108.00277
-110.33612
-101.53519
-96.04060
-84.20012
-76.99904
-75.21297
-75.28586
-75.77606
-76.69858
-76.88608
-77.20026
-79.04546
-81.22426
-83.20347
-83.56456
-83.90173
-83.87768
-83.40707
-83.95730
-82.67534
-78.58992
-75.79103
-74.70387
-74.54645
-74.56567
-74.48288
-75.28644
-76.78133
-77.72004
-78.24855
-79.66032
-80.07652
-78.98309
-78.72607
-79.89678
-80.23966
-80.79706
-80.60869
-79.24985
-77.52642
-76.20320
-75.62249
-75.42129
-76.20523
-76.89369
-77.64113
-78.16233
-78.36192
-78.68637
-79.53266
-80.75120
-81.00210
-81.39002
-81.90279
-82.25669
-83.45147
-85.16084
-87.84013
-88.90300
-88.55192
-86.62946
-84.17391
-82.65171
-81.42149
-80.69430
-80.20463
-80.45760
-81.01200
-81.48922
-82.48007
-83.47251
-84.54150
-86.69869
-90.32598
-93.05874
-89.10588
-85.45639
-82.92026
-81.55034
-80.85961
-79.95762
-79.38312
-79.20527
-79.58159
-80.04428
-80.49374
-81.08960
-81.65007
-82.77556
-83.97678
-84.58589
-85.25534
-85.71499
-86.10150
-86.49498
-86.81037
-87.08254
-88.90913
-91.04154
-92.47604
-92.63082
-92.25735
-91.58655
-91.23201
-91.00946
-90.35648
-90.09175
-90.41909
-91.23422
-91.95326
-92.89767
-92.50903
-92.69988
-93.09324
-93.40017
-92.12819
-92.46027
-92.41553
-91.89665
-91.26998
-92.25276
-94.00345
-94.49705
-93.35193
-93.25966
-92.94642
-94.12718
-93.15492
-92.05450
-92.35944
-92.22585
-91.35403
-89.78781
-87.01237
-78.10011
-75.96123
-76.46328
-76.11461
-76.64472
-77.69595
-78.85246
-79.85584
-81.04639
-81.21002
-80.75328
-81.87946
-82.96678
-81.92445
-81.97628
-80.85697
-79.86034
-79.39070
-79.45198
-78.88695
-78.33868
-78.68790
-80.00497
-80.54526
-80.66435
-81.63259
-82.11791
-81.17318
-80.49667
-80.03499
-79.89710
-80.58180
-80.79001
-82.19386
-81.22082
-80.11935
-80.21499
-80.62601
-80.90081
-81.39503
-82.25165
-82.94247
-83.56859
-83.50153
-82.91008
-82.05894
-82.75463
-84.20748
-83.74106
-82.16584
-80.61587
-80.91584
-80.64753
-79.72034
-80.97648
-82.37308
-84.22863
-84.94856
-83.68942
-82.51832
-82.37315
-82.66927
-83.93188
-84.18538
-85.14465
-85.09567
-84.01574
-83.63251
-82.67422
-83.41981
-83.89587
-84.60861
-84.35407
-83.69517
-83.44218
-84.70005
-83.78406
-83.85185
-83.88345
-82.99731
-82.65989
-82.97900
-83.11406
-82.54392
-83.59183
-82.91214
-84.74029
-84.38241
-83.48697
-83.40619
-83.41550
-82.86538
-81.32777
-82.26504
-83.37627
-82.68057
-83.47749
-81.85157
-80.24102
-81.17512
-80.15508
-80.15618
-81.76678
-81.41475
-79.51382
-80.29846
-78.53723
-78.97367
-81.12659
-79.84903
-81.37980
-82.80481
-82.94433
-82.94154
-83.74313
-81.46486
-80.96381
-82.42767
-82.69021
-83.68921
-82.07597
-81.61297
-81.47024
-80.32319
-79.79786
-80.04313
-81.45383
-81.70781
-81.36806
-82.37628
-81.38293
-78.87773
-76.54280
-74.27912
-73.50828
-74.05808
-74.07477
-74.07972
-75.17630
-76.07421
-75.82354
-74.39525
-74.40611
-74.24719
-73.92300
-74.36573
-75.18170
-75.13385
-74.19338
-72.84861
-72.55481
-74.36608
-73.97311
-74.24469
-73.98744
-73.50016
-73.63618
-73.60591
-74.16031
-74.33302
-73.21882
-71.99103
-71.43848
-72.00324
-73.02789
-72.31032
-73.30452
-74.65482
-75.37241
-76.01134
-76.29671
-76.74097
-76.93503
-76.80883
-76.27584
-77.81717
-77.62415
-76.93661
-77.83846
-76.73017
-76.05366
-75.00865
-75.06934
-75.05210
-73.48286
-72.74279
-73.96841
-74.64588
-73.35620
-73.70403
-74.79024
-75.86550
-75.87295
-75.83141
-76.56126
-77.30100
-78.87186
-79.26675
-77.55583
-78.50218
-78.70266
-78.50707
-78.32949
-77.45519
-77.99109
-77.82561
-78.35481
-78.51385
-79.15486
-77.80765
-77.76788
-79.06461
-78.77616
-79.34802
-77.32216
-76.75208
-77.42942
-78.01194
-78.88373
-78.81720
-79.76278
-80.17459
-79.68684
-80.43505
-80.71157
-79.95555
-79.91655
-79.85958
-80.20584
-80.80708
-81.27327
-81.15584
-81.05513
-80.54891
-81.20533
-80.34837
-78.91350
-78.88229
-77.78097
-76.84045
-75.84136
-75.32062
-75.34399
-75.94358
-75.95919
-75.20421
-74.54005
-75.18364
-76.49708
-77.92989
-79.38776
-79.62500
-78.76593
-77.60510
-78.88481
-78.89465
-79.16718
-78.29889
-77.78723
-77.74910
-77.11464
-77.00502
-74.12427
-72.62215
-72.69762
-73.19916
-72.86663
-72.44454
-72.41939
-73.03657
-72.96737
-72.39534
-72.33416
-72.54394
-71.40226
-70.96399
-71.35299
-71.17022
-72.30775
-71.03781
-71.03454
-71.02739
-70.86933
-71.43992
-71.25242
-71.24552
-70.27852
-70.34280
-70.93260
-71.27800
-71.01231
-71.15365
-70.29462
-69.37784
-69.91790
-70.17936
-70.57181
-70.39339
-70.66696
-71.76397
-71.50287
-71.43309
-71.48691
-70.93325
-70.76889
-71.51097
-71.53180
-72.29000
-73.19664
-73.54209
-73.28986
-72.68273
-72.51978
-72.07137
-73.03995
-73.02395
-73.71963
-74.31787
-74.18287
-74.18400
-74.26709
-74.79749
-74.92116
-74.97703
-74.90171
-74.58201
-74.69879
-74.80558
-74.05048
-73.82773
-73.52818
-74.08603
-73.63667
-73.14907
-74.15897
-73.61870
-74.62408
-75.04440
-75.15235
-75.25623
-74.84674
-75.52482
-74.79429
-76.70560
-76.03943
-77.46598
-76.10316
-75.21807
-74.70102
-73.81584
-75.29698
-74.60213
-73.86039
-73.95154
-75.13367
-73.71572
-73.78795
-72.53952
-72.60772
-73.29353
-73.78293
-73.98193
-74.30829
-73.43841
-72.70707
-71.37985
-72.14714
-72.87228
-70.30489
-73.06603
-73.56178
-72.35499
-73.85515
-74.09862
-74.09969
-73.17564
-72.04588
-73.52561
-73.94402
-72.77971
-72.08247
-70.98043
-70.18343
-70.40542
-73.32250
-73.90917
-73.07191
-75.41105
-69.71152
-66.48525
-67.03767
-67.11356
-67.80600
-67.10933
-67.47573
-68.43300
-66.75239
-66.84469
-67.63001
-69.78162
-69.12164
-69.07704
-70.61454
-71.47746
-69.40106
-66.25845
-70.00304
-69.46239
-69.36585
-72.12380
-72.03405
-72.72902
-74.64949
-70.62374
-65.95855
-66.47742
-67.21629
-68.48940
-66.61067
-64.80613
-66.64857
-68.48608
-70.68768
-71.54063
-70.62443
-70.01475
-68.13198
-69.44076
-70.94131
-70.61053
-70.81983
-71.13588
-71.61727
-72.66024
-72.30898
-70.75606
-75.77688
-70.40559
-68.45179
-69.46809
-66.03281
-66.07432
-67.03637
-69.43345
-71.06898
-70.61118
-71.51514
-70.12224
-67.17965
-67.53834
-67.40666
-68.46945
-70.88060
-70.31692
-69.47384
-69.50508
-69.52587
-69.86050
-72.49104
-72.23674
-73.51197
-72.21488
-70.46872
-71.25850
-74.41693
-72.73247
-73.72567
-73.77676
-72.21533
-74.29687
-69.43994
-71.33716
-74.67527
-75.02455
-73.38329
-72.76097
-74.53424
-73.99797
-75.57378
-75.87368
-73.79129
-70.97437
-73.63448
-74.94146
-75.26055
-75.64315
-71.04763
-70.53769
-73.56439
-75.16569
-75.87022
-76.79770
-74.95904
-73.47762
-72.18794
-74.12337
-74.69996
-76.72393
-74.82309
-73.16049
-75.36938
-78.93933
-76.17346
-69.69009
-71.80321
-73.67292
-72.86706
-73.26421
-73.42231
-73.50364
-74.38356
-73.35518
-73.29467
-72.42421
-71.53109
-73.66743
-73.96393
-75.33471
-76.29687
-69.84314
-65.48803
-66.78966
-67.56346
-68.02291
-68.68761
-68.00777
-68.39288
-70.65583
-71.49097
-71.13289
-70.93009
-70.10648
-71.45306
-70.28966
-72.13189
-68.98242
-67.89944
-70.64317
-71.96622
-73.43479
-72.22864
-73.45183
-72.68009
-72.39043
-70.52474
-70.24419
-70.18274
-71.07260
-73.72065
-71.81529
-71.60989
-71.66290
-69.38424
-70.72948
-72.30934
-71.04028
-71.94655
-71.06914
-72.53248
-73.46782
-74.15091
-73.19770
-73.61273
-74.71272
-73.47676
-74.16857
-75.71448
-79.46268
-71.82270
-72.29587
-77.28822
-75.53559
-75.09683
-73.84955
-74.67798
-76.04356
-75.96782
-75.45775
-74.99062
-72.14481
-72.91598
-74.27471
-74.51554
-78.43502
-73.18748
-70.30420
-73.41348
-74.64455
-75.12371
-75.84616
-76.49592
-76.53447
-75.63560
-77.46182
-75.96756
-76.44811
-75.41848
-77.52836
-77.00354
-77.32257
-78.08359
-70.75620
-74.09599
-78.59663
-76.85250
-77.17313
-77.56176
-77.94262
-77.40402
-78.57958
-79.79887
-75.62703
-72.06273
-75.45719
-76.20039
-76.25314
-78.77787
-73.78404
-73.13324
-77.78534
-77.05240
-78.60282
-79.06101
-79.53575
-80.21188
-78.67685
-80.27029
-80.46492
-81.34349
-76.99428
-80.11734
-78.92448
-81.48488
-77.25045
-69.77003
-71.83278
-73.65062
-72.47297
-73.01822
-73.50186
-73.26440
-73.15757
-73.76414
-73.27920
-71.34482
-70.73179
-71.88125
-73.24281
-74.32833
-77.11836
-71.37630
-70.45142
-71.82832
-71.08746
-72.36925
-70.93503
-72.74319
-73.61034
-73.74989
-73.38662
-74.04277
-75.51438
-74.58668
-74.96818
-74.39551
-77.06309
-71.86581
-70.24633
-74.49288
-74.91531
-75.11599
-75.15596
-75.41538
-75.08803
-74.62673
-74.99582
-74.11632
-69.82832
-70.04688
-73.50241
-73.42586
-75.24631
-73.07010
-70.43636
-73.83625
-74.86016
-74.59581
-75.68838
-75.68506
-76.05958
-76.69869
-73.34084
-66.50588
-66.04751
-66.81711
-70.87676
-76.80003
-76.86195
-80.79339
-71.08345
-70.50089
-73.34555
-73.26839
-74.72750
-73.15094
-73.12587
-73.54032
-73.92624
-75.33722
-72.31286
-70.62399
-71.45935
-72.59012
-72.68992
-75.36513
-71.56779
-68.91358
-72.17633
-72.68511
-73.10248
-74.10939
-73.97983
-73.25713
-73.39678
-73.71701
-75.14445
-77.55094
-74.94227
-75.28248
-74.65471
-75.25171
-75.60679
-70.33690
-73.30751
-76.53072
-75.66020
-77.91899
-75.22503
-76.31885
-75.20766
-73.66460
-77.12740
-73.31419
-70.70623
-74.00855
-73.42496
-73.87413
-74.64048
-71.72411
-68.07426
-67.53508
-67.12194
-67.17754
-67.96820
-68.60671
-70.28810
-70.28676
-69.93304
-69.15816
-72.93757
-72.20375
-71.34898
-70.86034
-71.12133
-70.02080
-66.56131
-67.08714
-67.47012
-66.08739
-65.96684
-68.48260
-70.84689
-71.12926
-69.76447
-68.23730
-67.03412
-68.02940
-68.74048
-69.04447
-71.15334
-73.03128
-67.63907
-64.91092
-65.25689
-65.49468
-66.17722
-66.02132
-65.33780
-66.22692
-68.74877
-69.85535
-70.39507
-70.35089
-68.88223
-67.60754
-68.50799
-71.00568
-69.29518
-67.81050
-71.24945
-70.82147
-71.29431
-70.21657
-69.03324
-72.16112
-71.59864
-71.71312
-72.06824
-69.53463
-69.83824
-71.25312
-70.74456
-71.49329
-69.56970
-66.79950
-65.59932
-66.31006
-66.33613
-67.10205
-69.37893
-69.52011
-68.99180
-69.89724
-68.51790
-65.75469
-66.81832
-67.97949
-68.05749
-70.06240
-71.01993
-67.04641
-66.03006
-68.22961
-67.35455
-66.68880
-66.66811
-67.50199
-68.57388
-68.76397
-70.55981
-68.78679
-67.66881
-68.58119
-67.75323
-68.79651
-67.31536
-65.51898
-66.98972
-68.98494
-69.08396
-69.81805
-70.47170
-69.65991
-68.62749
-69.20607
-70.69473
-69.96712
-69.64871
-68.94410
-69.36605
-68.95121
-71.12324
-69.65738
-69.55942
-70.20199
-68.64665
-69.74343
-69.09353
-68.07676
-67.98170
-70.23174
-68.90197
-70.28381
-69.75702
-67.86508
-68.98327
-69.17404
-69.48798
-70.51629
-68.03972
-68.89903
-71.36417
-69.41961
-70.33206
-70.65807
-70.77786
-70.61529
-72.31181
-68.62183
-67.73055
-68.99555
-69.06573
-70.61404
-68.26914
-68.84375
-68.67540
-67.06747
-67.81467
-68.37982
-68.77625
-67.71025
-68.00643
-68.99758
-68.83582
-68.31064
-68.95742
-68.68654
-68.83576
-69.92222
-69.54728
-70.79023
-67.05148
-64.05049
-64.63522
-64.40198
-64.33990
-65.16804
-65.80438
-66.27029
-64.83342
-63.96718
-64.31424
-66.31694
-66.61923
-66.95556
-65.94102
-66.33665
-66.32506
-66.73234
-68.40856
-66.38658
-67.58205
-67.27310
-67.29611
-67.58308
-70.03447
-66.02107
-63.37320
-63.93251
-64.27734
-65.30005
-65.09699
-64.38111
-63.26259
-64.42552
-66.43397
-66.97584
-66.88807
-68.03579
-67.46679
-67.42564
-68.28140
-67.26617
-66.83792
-68.30740
-68.02977
-68.74732
-68.73217
-68.14779
-69.56838
-67.51026
-66.11111
-65.14009
-64.55342
-65.25359
-65.96339
-66.96550
-68.77390
-68.29655
-67.28928
-66.00492
-65.51058
-66.43941
-66.04068
-67.79889
-69.38534
-66.52548
-66.03263
-66.96231
-67.47169
-68.39010
-69.09628
-68.21178
-68.50122
-69.27487
-69.08577
-69.74207
-71.10402
-70.05515
-70.60341
-69.24296
-69.39710
-70.35317
-67.03454
-70.14755
-72.05558
-72.16237
-69.87720
-69.86271
-71.95570
-71.38870
-72.75909
-72.37197
-69.14832
-68.07610
-71.28048
-70.67274
-71.80015
-72.39646
-69.16778
-68.56813
-72.39381
-72.20345
-72.53584
-73.07570
-71.72610
-71.16709
-69.69547
-72.56673
-72.90944
-73.42062
-72.59851
-72.87349
-71.55459
-73.08053
-72.43531
-68.86897
-70.81325
-69.86095
-70.07909
-70.63736
-69.83124
-68.62478
-69.64270
-70.97366
-70.26587
-68.69614
-67.55436
-68.13180
-69.83989
-70.17307
-70.29033
-66.71037
-64.79500
-66.19480
-65.41042
-66.78412
-66.03700
-66.04419
-66.68530
-67.69525
-67.74093
-66.56614
-67.73111
-68.04375
-68.79145
-68.55642
-69.10425
-66.97496
-67.78717
-68.76027
-68.00313
-70.08854
-69.46717
-68.86773
-68.90240
-69.85897
-68.10636
-66.85062
-66.92126
-66.84583
-68.50011
-68.64760
-68.10343
-67.61985
-67.48291
-67.39929
-67.43842
-67.86997
-68.54218
-68.70120
-68.38527
-68.88879
-69.77600
-69.01760
-70.28122
-71.41909
-70.37031
-70.35435
-72.59614
-72.53282
-68.36602
-69.98520
-70.88497
-70.48128
-71.47977
-71.09346
-69.62536
-70.73477
-72.45613
-70.64321
-69.93950
-69.04968
-70.03204
-70.55225
-69.99959
-71.40879
-68.13686
-67.55117
-69.77416
-68.71456
-70.83856
-70.85030
-70.95682
-70.13579
-70.13735
-73.20496
-71.91576
-72.30350
-71.52572
-74.01438
-73.43610
-73.25876
-73.03462
-69.05712
-71.61643
-73.11197
-73.31039
-72.33121
-73.35444
-74.18890
-72.42251
-73.41222
-74.58629
-70.82409
-69.02086
-71.86594
-71.07819
-71.46714
-71.74050
-69.94766
-70.61477
-73.09444
-73.66386
-73.71521
-74.16630
-74.83681
-74.07373
-74.07136
-74.09735
-73.94137
-73.74538
-74.07332
-73.67342
-72.50294
-75.50582
-71.62306
-69.17564
-72.44012
-72.20064
-71.11569
-71.27961
-71.59040
-71.61609
-69.81841
-71.13640
-69.88360
-68.55958
-68.25751
-68.88552
-69.85220
-70.14899
-70.52722
-67.81523
-67.21314
-68.51392
-69.39062
-69.65325
-69.17996
-70.09728
-70.56468
-69.86388
-69.90660
-70.33608
-71.16923
-70.65952
-70.05306
-70.10354
-71.80810
-68.40108
-68.53532
-70.94168
-70.61166
-70.34117
-70.44788
-70.09118
-70.14187
-71.28834
-71.19592
-70.66847
-67.20466
-67.86916
-69.48702
-69.49618
-69.78066
-68.53967
-67.94872
-70.40860
-70.51163
-71.03027
-69.93148
-70.79152
-72.02241
-71.94709
-70.04945
-66.19114
-66.50457
-65.39471
-70.23143
-73.40298
-73.54219
-76.05848
-69.17647
-69.32790
-70.75147
-70.34711
-70.99716
-70.78888
-70.46869
-71.09130
-71.46093
-71.17874
-70.17418
-69.26811
-69.33693
-69.51254
-69.97233
-71.62443
-68.86998
-67.05572
-69.06816
-70.08627
-70.08628
-71.84372
-72.39419
-72.06369
-71.71977
-72.75923
-72.76284
-73.15034
-71.64473
-73.11850
-73.33199
-73.90434
-72.04070
-68.70601
-71.75684
-72.38102
-73.73772
-72.94467
-73.43030
-72.96556
-72.37919
-71.46263
-74.09076
-70.47831
-67.91683
-70.96364
-69.99708
-71.42509
-70.79493
-68.95322
-66.90058
-66.88172
-66.79817
-67.15085
-67.91577
-67.52860
-69.14211
-67.61904
-67.82624
-70.92910
-70.48092
-70.31727
-69.58469
-70.26862
-70.57445
-67.36353
-66.03129
-66.30797
-66.92213
-66.93988
-67.19001
-67.79352
-69.37546
-69.85294
-68.86262
-67.92745
-66.55089
-67.39085
-68.16154
-68.56632
-71.07055
-71.20737
-65.70568
-64.74728
-66.39643
-66.02368
-67.43216
-67.93053
-66.80340
-66.04372
-66.89006
-67.53315
-69.22122
-69.28428
-69.03697
-68.61549
-67.51127
-68.98057
-67.60588
-68.04459
-69.55414
-69.88780
-69.95157
-68.64336
-69.23422
-70.89734
-69.81998
-70.51856
-70.07549
-66.97859
-67.60960
-68.07944
-68.01330
-69.16904
-67.14054
-65.40035
-65.46863
-65.62901
-66.67782
-67.91091
-68.66484
-69.15466
-69.16228
-69.11399
-67.72251
-66.86336
-67.63558
-68.20784
-69.20671
-69.92361
-68.68757
-66.30639
-65.86693
-67.67049
-66.50321
-66.50913
-67.31463
-67.09888
-67.05089
-68.93907
-70.15947
-68.36219
-68.24939
-66.46662
-66.80976
-68.15842
-66.78172
-64.79522
-65.45933
-66.52652
-67.32502
-68.37855
-68.50081
-68.39776
-68.61701
-69.68622
-69.32415
-69.64167
-68.78399
-69.38976
-69.23426
-69.07386
-70.09958
-68.07803
-68.55680
-70.67023
-69.27514
-69.40200
-69.33129
-68.47408
-69.71875
-70.88477
-70.24586
-68.68010
-67.19000
-66.95760
-67.94202
-67.73136
-69.37659
-69.09640
-68.01780
-70.39336
-70.69585
-71.17089
-70.79056
-70.39997
-71.31506
-71.98046
-71.43012
-69.13744
-68.94262
-69.26397
-70.30876
-70.82656
-69.80018
-70.21650
-68.70423
-67.77787
-68.70339
-69.65239
-69.99205
-69.15840
-69.71231
-70.24334
-69.69575
-69.76946
-68.94859
-68.80537
-68.02421
-68.57399
-69.73398
-70.27430
-72.42260
-67.44423
-64.47855
-65.07251
-67.11532
-67.82468
-67.30100
-68.82699
-69.27251
-68.95728
-69.64916
-70.02584
-70.54898
-71.88289
-71.92242
-71.10244
-70.23408
-69.73977
-70.26405
-69.97689
-72.11787
-72.49515
-72.83509
-73.84716
-73.20539
-71.33218
-68.84789
-69.90229
-66.94287
-66.10376
-66.82313
-68.38308
-70.06968
-69.30105
-69.35415
-70.17453
-71.23000
-70.50171
-69.70538
-69.24890
-69.45369
-70.14874
-71.82818
-71.37331
-72.08315
-74.82512
-76.01575
-73.45788
-72.76555
-74.14690
-74.00005
-71.36115
-71.96717
-71.55957
-68.69939
-68.21011
-68.88791
-69.15709
-69.62176
-71.16013
-70.78770
-71.21649
-71.58966
-72.06858
-68.39712
-67.51016
-69.07685
-70.40756
-71.00361
-68.49528
-71.27672
-74.10373
-73.31681
-73.60661
-74.09443
-73.71008
-73.35597
-73.22803
-71.75372
-72.51430
-74.71881
-74.66019
-73.77026
-74.84185
-75.08175
-75.50723
-76.20589
-73.62616
-73.99640
-77.19041
-75.95259
-75.49311
-74.89612
-72.47997
-72.09130
-73.60760
-73.88323
-75.08956
-74.80808
-74.16881
-75.07485
-73.58492
-74.74747
-76.62958
-77.56108
-78.86800
-77.34071
-76.15088
-76.73874
-77.43779
-79.37290
-78.56722
-77.57953
-80.18751
-78.03996
-73.87264
-68.16570
-67.33299
-69.32396
-69.49929
-71.01758
-69.06921
-68.41851
-71.17548
-71.45902
-70.61154
-70.38934
-68.85166
-69.44214
-70.07174
-70.45481
-71.76485
-68.76025
-69.19711
-70.72901
-68.92960
-70.16366
-71.25170
-70.85023
-72.11717
-72.70211
-71.89899
-72.11554
-73.91489
-72.63952
-72.52579
-72.81751
-72.07048
-72.47317
-74.19504
-75.90418
-74.46289
-75.04577
-76.41238
-76.40812
-74.87274
-76.95445
-77.66143
-75.12820
-72.60636
-70.54929
-69.36574
-68.44828
-70.10705
-71.33860
-71.95776
-71.50838
-70.57081
-70.30475
-72.04572
-72.70223
-72.85475
-73.40553
-71.60124
-72.30215
-74.19130
-76.11433
-74.33649
-75.02587
-74.83123
-73.62610
-74.13659
-74.10683
-76.35034
-74.47036
-73.63207
-73.70493
-72.65824
-74.62729
-72.70191
-70.83625
-72.06516
-73.79481
-73.56868
-73.18753
-73.15778
-73.11896
-72.44728
-72.84947
-75.13436
-74.09614
-75.15884
-76.34170
-76.72298
-74.38616
-74.89954
-75.70745
-74.80814
-74.51689
-75.57048
-75.07329
-75.40390
-76.82183
-74.16935
-78.16559
-79.48827
-79.78915
-79.31579
-78.80924
-81.28724
-80.65405
-80.07850
-80.38776
-78.77841
-76.49578
-76.62985
-77.97480
-79.81794
-80.14452
-78.90117
-78.71325
-79.07346
-78.94307
-80.71926
-80.14655
-80.34457
-80.23372
-81.04792
-82.07147
-81.69134
-81.88846
-82.61931
-84.15444
-82.93550
-85.63829
-78.44133
-75.53992
-77.53688
-77.21822
-77.95912
-76.78683
-77.02683
-79.18151
-82.31990
-84.81967
-81.32578
-77.28028
-77.59590
-78.74175
-79.27610
-81.53030
-80.14473
-79.62623
-77.02772
-76.30945
-75.60716
-73.79254
-74.30307
-74.55253
-74.13986
-76.03832
-77.15166
-78.06392
-78.76160
-78.89536
-77.90254
-77.69769
-80.36175
-75.83900
-76.96190
-82.43018
-81.47259
-80.67016
-80.18130
-79.56540
-79.71619
-80.53288
-80.15945
-79.53611
-77.37209
-77.55833
-78.47697
-78.67681
-79.57741
-78.48067
-77.39397
-78.34217
-78.59897
-78.29013
-77.52449
-77.50206
-78.12719
-76.77490
-76.66790
-76.05247
-75.29788
-74.40447
-74.07379
-73.32387
-73.34433
-73.76081
-73.64047
-75.80498
-77.04891
-78.24420
-77.90054
-79.23291
-78.67817
-78.58541
-79.78943
-78.77065
-77.86963
-77.07469
-76.88262
-73.57430
-75.55896
-76.48874
-74.05733
-74.22843
-73.57731
-74.35137
-75.07604
-73.89841
-74.17393
-75.53351
-74.26848
-73.80110
-74.80946
-75.77833
-75.61571
-75.46841
-74.35969
-74.65026
-73.53893
-72.86333
-75.16952
-74.87228
-74.64025
-73.96291
-74.02440
-74.95928
-76.24940
-77.86815
-75.57979
-72.19666
-71.07573
-72.30170
-74.75701
-74.83304
-72.73867
-70.35124
-69.77370
-72.93769
-73.80394
-70.77771
-68.76181
-69.03926
-72.24517
-73.20482
-71.08320
-70.03335
-70.77124
-74.05192
-75.52774
-71.87330
-71.24657
-71.96947
-72.45345
-72.85497
-71.59013
-73.50112
-75.39010
-73.26047
-72.74079
-73.43352
-72.87727
-73.94299
-72.66534
-73.13724
-75.06939
-73.07316
-74.50074
-76.27129
-73.48747
-73.27743
-75.07355
-74.62186
-74.07918
-73.40870
-74.04503
-72.95736
-73.76188
-73.61350
-73.70821
-73.79589
-74.06077
-74.44790
-73.34114
-73.04502
-71.99668
-73.59429
-74.46461
-73.71512
-74.29135
-74.24217
-72.63392
-73.77802
-72.05044
-73.42787
-72.99409
-72.27985
-71.94277
-70.76493
-71.05827
-70.34595
-72.14342
-69.59417
-69.91684
-68.77216
-69.09468
-70.04166
-68.87927
-69.05919
-66.59859
-67.93830
-67.74026
-67.63241
-70.27373
-68.48259
-69.12229
-68.94103
-68.98517
-69.58029
-68.30616
-70.27560
-70.00821
-70.26974
-71.16839
-71.40406
-72.11996
-69.33874
-67.58668
-67.54976
-68.83263
-70.91099
-71.19416
-69.52190
-69.53582
-69.27236
-69.40804
-70.11598
-69.19730
-71.93010
-73.65070
-74.16741
-75.91536
-75.32702
-76.47019
-75.05769
-75.29979
-76.42507
-77.35260
-75.68849
-75.30212
-77.73649
-75.49966
-73.51432
-75.14155
-77.06838
-75.70519
-74.38674
-74.28029
-75.02687
-75.07487
-76.44427
-78.51085
-79.45172
-79.46111
-79.36725
-80.84363
-81.73224
-82.37562
-83.27912
-83.35793
-83.51012
-84.27243
-84.40514
-84.09121
-84.12841
-84.23340
-84.25712
-85.50361
-86.29725
-86.54898
-85.98952
-86.43507
-88.77082
-88.10188
-87.87517
-89.55167
-91.03914
-89.69156
-89.13998
-91.07273
-92.91650
-91.93484
-91.59511
-92.16721
-91.43736
-91.96958
-92.55063
-93.47167
-92.93213
-94.48212
-94.57689
-94.39881
-92.11275
-88.61111
-80.58189
-76.64362
-78.37589
-77.82097
-76.76249
-77.16994
-77.77061
-80.22744
-83.01874
-85.55509
-83.82090
-81.27278
-81.40960
-85.58281
-88.13240
-85.30946
-83.52654
-82.58658
-82.15930
-83.06462
-83.23486
-80.83812
-80.30419
-79.77569
-79.47157
-78.72083
-78.43374
-79.43124
-79.81282
-80.60884
-80.48371
-80.61842
-80.74859
-79.95201
-80.54642
-82.94575
-84.41138
-83.63744
-82.26263
-79.33787
-79.30084
-82.03955
-83.01014
-82.74912
-82.88249
-81.85713
-83.50771
-87.28839
-87.61795
-85.02173
-81.08199
-80.03271
-80.45513
-82.81536
-85.13231
-86.41549
-83.76555
-83.48562
-85.82204
-84.57488
-83.82204
-81.59427
-78.62533
-79.36290
-80.27012
-80.86801
-82.35609
-82.56602
-83.50183
-83.31701
-85.80718
-84.92779
-83.66610
-81.32991
-81.15837
-82.82313
-84.69416
-85.89666
-82.60908
-81.58164
-82.68230
-82.67295
-81.52712
-80.86151
-80.03968
-78.89758
-78.19525
-79.22535
-79.20910
-78.47057
-77.03827
-77.08239
-77.75544
-78.62565
-80.19156
-81.14765
-80.63816
-81.58846
-84.78580
-82.08367
-79.67721
-78.59250
-78.86714
-80.28331
-81.32108
-80.55524
-79.64057
-79.12445
-80.79111
-81.77650
-81.58285
-81.09509
-79.64403
-80.71456
-80.58544
-80.46158
-79.66080
-78.56844
-78.66478
-80.69875
-81.32369
-80.92872
-80.50605
-80.41752
-81.24459
-80.36047
-79.73797
-78.18246
-78.05356
-78.30356
-77.46200
-77.28547
-78.13835
-78.83902
-79.39770
-78.88287
-78.55252
-80.40080
-79.94291
-79.77455
-80.88897
-79.82130
-80.58570
-80.80504
-80.16669
-80.39876
-80.59490
-80.76674
-80.42125
-79.47989
-79.80174
-80.59281
-80.51228
-81.12908
-80.38717
-78.72022
-77.32348
-76.84597
-77.62041
-78.87078
-80.16496
-80.79109
-80.32108
-80.51168
-79.78483
-80.68857
-81.68011
-81.88495
-81.65694
-83.13737
-82.98100
-83.37229
-83.17860
-82.25264
-77.13411
-69.87496
-69.01948
-69.73574
-69.44259
-70.36061
-71.41690
-73.21621
-74.96570
-75.97392
-76.21381
-75.21322
-75.26041
-76.03576
-77.79890
-78.49573
-77.65899
-76.56832
-74.20814
-72.62811
-72.46170
-72.58389
-73.25189
-74.84547
-75.34892
-75.98554
-74.58061
-73.80997
-73.13191
-71.39587
-71.33042
-72.66220
-73.43600
-73.80708
-74.90991
-75.30219
-75.99047
-76.22405
-76.13377
-76.23574
-75.55819
-74.74620
-74.47997
-74.49818
-74.66815
-76.15204
-77.02226
-75.39546
-73.63317
-71.39645
-69.80975
-70.17530
-72.25508
-73.11917
-73.04386
-73.15237
-73.12917
-73.78277
-73.97239
-74.21399
-75.28323
-75.45505
-75.28352
-75.31833
-74.70650
-74.80772
-74.57755
-74.85302
-74.30414
-74.06433
-73.84627
-74.09415
-74.34618
-73.62931
-73.89499
-74.31892
-73.87687
-73.43904
-73.42477
-73.46762
-73.36940
-72.63586
-72.88763
-72.64980
-73.52882
-74.53407
-75.27580
-76.10725
-75.59931
-75.21411
-75.70721
-77.03671
-77.54649
-77.72120
-78.16891
-77.19059
-76.19194
-74.72060
-74.05800
-73.65260
-74.20418
-75.49486
-75.66666
-76.24339
-75.42767
-75.23721
-73.57859
-74.61646
-75.02917
-74.27481
-74.96129
-75.73780
-76.04847
-74.62398
-73.48941
-72.47445
-71.94727
-72.24299
-73.02808
-73.79422
-75.37266
-75.58526
-75.68624
-75.86888
-74.51471
-74.02379
-73.89944
-73.43734
-73.97604
-74.91947
-75.41662
-73.91543
-74.91970
-75.33400
-75.41385
-75.90746
-75.79738
-77.25138
-77.99018
-78.47477
-77.76538
-77.18649
-76.88533
-76.98013
-76.64157
-76.64883
-75.90878
-76.02958
-76.14913
-77.03130
-77.43937
-77.34220
-77.70383
-77.67794
-78.56915
-79.24553
-79.04991
-79.68095
-79.58561
-78.97460
-80.08976
-79.50380
-78.14444
-76.98539
-76.98234
-77.52401
-78.58983
-79.30461
-79.03886
-79.44226
-80.58302
-81.04993
-80.57963
-81.02979
-80.33455
-79.53212
-80.02541
-80.11401
-80.30627
-79.83277
-80.38854
-81.34279
-81.93517
-82.25719
-82.88441
-83.17253
-82.57174
-82.09671
-82.76480
-83.31269
-82.29408
-82.18145
-81.98999
-83.13522
-83.17871
-83.25371
-83.68396
-84.14007
-83.40400
-83.82964
-85.03456
-85.21410
-84.51674
-84.95447
-84.88800
-84.30523
-85.59399
-85.41615
-87.08263
-86.62714
-85.34936
-84.91866
-84.73884
-84.80030
-86.06778
-86.29735
-85.30438
-83.62799
-81.19446
-75.96183
-74.41696
-75.89462
-76.41586
-77.88080
-78.74327
-78.78092
-76.78791
-75.35033
-76.50793
-78.48041
-78.08210
-76.28781
-75.80600
-75.68935
-74.49603
-74.14080
-74.92142
-76.83987
-76.80955
-76.17744
-77.30401
-75.69753
-74.72760
-75.35856
-76.95128
-79.75987
-77.38374
-75.14069
-75.78747
-74.97210
-75.35226
-75.31654
-74.72061
-74.91420
-75.28679
-75.39788
-73.13384
-72.57591
-74.05802
-75.35842
-75.61640
-75.16515
-74.71629
-74.35625
-73.97110
-74.21128
-74.61220
-76.16209
-78.11462
-77.82666
-76.94218
-76.71029
-76.42383
-76.65776
-77.99612
-77.90212
-77.72588
-76.17422
-75.31938
-76.73334
-77.73080
-77.45333
-78.21498
-78.37239
-78.21198
-76.59723
-76.23981
-76.67491
-75.00228
-75.83676
-74.62534
-74.65789
-75.84175
-75.76856
-77.15565
-76.03622
-75.35550
-75.06049
-73.45379
-72.87431
-73.27379
-72.85809
-72.02047
-72.43021
-72.96811
-73.71914
-73.75607
-73.57642
-76.38792
-77.19954
-75.94832
-75.39828
-75.76124
-75.44781
-76.26458
-77.35761
-76.45742
-75.90826
-74.64854
-75.05930
-74.31527
-74.61772
-75.06063
-74.59950
-75.23263
-75.35874
-75.08540
-74.57781
-73.39709
-72.91891
-72.82663
-72.31522
-73.10432
-73.69158
-73.96390
-74.15496
-75.62810
-75.17325
-75.87223
-76.67040
-74.22036
-74.23364
-75.13365
-75.77211
-75.79718
-75.52044
-74.85795
-74.99819
-74.73040
-75.51942
-77.21169
-75.51077
-75.92161
-77.14693
-75.88178
-76.03314
-75.75814
-76.14946
-77.10995
-77.49816
-75.96015
-76.44233
-76.79372
-75.18647
-75.20430
-74.45172
-75.35650
-74.98892
-74.88988
-76.08724
-77.26684
-77.64635
-77.85764
-76.06702
-75.89756
-78.29625
-77.25098
-77.22552
-76.28023
-75.95754
-75.55792
-75.44487
-75.50269
-76.36259
-77.54576
-78.02916
-77.84840
-77.42432
-78.65823
-77.64373
-77.65230
-77.27544
-78.02281
-73.72155
-68.95820
-69.35981
-70.96701
-71.17959
-72.17247
-73.60930
-73.52284
-73.14990
-73.50223
-73.55168
-74.27942
-74.80275
-74.39728
-74.16555
-73.68235
-72.87581
-72.53536
-71.70577
-71.07125
-72.12025
-72.80414
-74.57611
-75.88757
-75.60501
-75.57160
-73.69037
-73.45355
-72.39473
-70.87914
-71.61079
-73.54143
-74.55184
-74.57356
-73.70956
-73.26832
-73.54157
-73.09926
-72.95704
-72.72667
-73.15444
-72.99223
-73.00881
-73.35201
-73.08584
-72.53689
-71.61734
-71.21998
-70.70462
-69.58343
-69.17468
-70.82220
-72.37654
-72.15351
-71.76167
-72.06566
-72.44313
-72.61120
-72.72390
-72.95873
-74.30570
-74.65941
-74.69763
-74.05130
-73.64257
-73.95097
-73.66648
-74.07840
-72.94877
-73.60488
-74.65681
-73.97501
-73.41324
-72.98884
-72.61900
-71.91741
-71.90368
-71.80071
-72.23103
-71.93337
-71.73845
-71.74444
-72.76261
-73.83598
-73.85781
-74.44181
-74.52402
-74.64573
-73.86651
-74.68585
-74.38056
-73.19041
-72.87856
-72.91412
-73.46727
-73.21466
-73.75043
-74.14074
-73.98053
-74.30004
-74.53486
-74.41540
-75.35720
-74.65608
-74.78338
-75.46431
-74.62679
-74.72718
-74.02664
-73.95899
-74.54612
-74.74097
-73.58963
-72.74889
-72.13513
-71.92326
-72.30332
-72.87455
-72.91758
-73.28264
-73.94443
-73.79393
-74.40692
-74.38154
-74.53980
-74.76142
-73.35663
-72.99668
-73.41825
-73.98183
-75.02225
-75.11746
-76.82094
-76.77738
-77.17321
-77.06712
-76.17106
-75.80895
-75.75745
-76.98541
-77.08527
-77.43295
-76.87006
-77.55208
-77.15047
-77.03521
-76.58689
-76.06901
-76.51137
-78.12773
-78.76257
-78.19516
-78.21074
-77.32509
-77.90083
-78.14635
-78.60175
-78.60359
-79.43135
-79.30369
-79.09228
-79.73718
-79.79735
-79.55713
-78.51359
-79.13700
-79.30893
-80.39255
-81.27997
-80.75203
-80.77440
-79.98924
-80.22331
-79.85824
-80.28067
-81.12399
-80.29590
-79.79190
-80.23893
-80.80743
-81.78308
-82.43853
-80.97785
-80.64723
-82.02241
-83.25575
-84.09268
-83.96623
-83.02248
-84.28946
-84.30604
-84.16561
-84.44803
-84.45074
-84.79573
-84.18156
-84.40595
-83.80680
-84.32082
-84.58675
-84.59844
-85.75453
-85.98475
-85.63438
-84.85185
-84.89355
-86.55113
-85.30979
-85.82514
-87.10530
-86.89414
-86.48734
-86.23559
-87.37693
-85.44631
-84.01162
-82.95146
-80.13671
-75.51131
-74.53620
-74.16668
-74.31651
-76.40926
-76.62311
-76.82280
-77.83322
-78.00357
-78.32013
-79.20913
-78.73605
-78.44484
-79.53513
-80.16160
-77.12624
-77.73367
-77.55618
-76.26195
-76.22535
-75.67179
-74.57153
-72.65953
-72.19638
-71.80056
-71.62027
-71.89065
-72.91417
-73.98332
-72.69532
-72.08393
-73.04381
-73.67362
-74.83168
-75.35921
-75.63323
-74.88011
-74.56606
-74.24556
-74.66369
-76.30768
-76.85329
-77.37734
-77.36568
-77.51757
-77.02620
-77.03222
-77.52777
-79.00755
-78.59504
-78.56370
-77.98069
-76.07179
-74.96203
-73.68160
-72.95172
-72.54105
-73.00880
-73.14422
-72.35474
-72.45102
-73.01112
-73.30108
-73.82494
-74.75134
-75.09302
-75.05884
-75.16283
-74.64456
-74.14387
-74.02419
-75.05336
-75.82181
-75.68721
-75.38565
-75.03299
-75.00330
-75.21896
-75.45766
-74.98123
-74.49749
-74.73651
-74.60498
-74.91028
-75.35504
-74.53864
-73.72936
-74.37941
-74.68069
-74.85539
-75.05998
-74.51427
-76.24683
-77.04585
-76.10481
-75.27441
-76.18817
-74.08189
-74.36517
-74.81805
-72.96449
-74.12188
-74.13273
-74.46870
-73.05935
-73.96981
-74.48626
-74.78372
-74.77779
-74.59352
-74.75164
-73.16586
-73.89258
-74.40614
-74.95411
-74.97509
-75.56049
-75.00889
-74.94883
-75.36630
-75.83962
-75.10540
-75.80882
-75.51262
-74.95810
-76.09212
-76.59415
-75.73291
-74.02877
-75.43624
-74.35156
-74.14770
-75.22827
-75.92242
-75.95516
-75.55867
-75.23174
-74.58486
-75.16033
-75.92836
-75.76395
-75.52593
-74.56339
-75.78696
-74.57831
-74.08563
-74.81763
-73.71968
-74.90481
-74.38494
-76.06593
-75.73962
-75.64024
-77.04522
-77.97539
-76.72373
-76.64039
-78.47347
-78.03937
-77.78005
-76.44556
-77.04468
-76.52785
-76.95362
-77.45980
-76.94529
-76.60027
-76.92489
-77.90649
-78.04340
-77.62234
-74.54579
-72.71212
-72.90397
-72.17356
-71.15875
-71.24150
-72.17182
-72.70839
-73.96886
-75.21047
-75.95825
-76.54451
-75.98863
-76.44438
-77.80348
-77.71636
-77.20081
-76.64098
-74.73575
-73.24086
-72.52086
-73.24307
-72.99921
-73.11348
-73.06643
-73.67771
-75.35943
-76.16463
-77.17375
-76.02421
-77.28334
-76.83323
-74.48408
-72.80975
-72.42306
-73.28833
-74.61935
-76.54775
-77.50252
-76.77695
-75.14764
-75.80647
-75.70681
-76.02256
-77.97889
-78.20117
-76.07432
-74.93228
-75.18100
-74.76857
-75.07285
-75.68215
-76.53088
-75.96989
-75.34937
-74.05444
-71.40597
-69.16259
-67.57117
-67.11471
-67.56595
-67.01303
-65.90226
-65.33736
-64.98728
-65.65752
-66.33073
-67.33194
-68.17503
-68.43698
-68.52348
-69.20199
-70.33719
-71.24386
-72.75482
-72.60354
-72.06936
-70.50297
-69.79836
-69.36423
-69.79412
-71.17959
-70.76066
-71.25476
-71.41729
-69.62876
-68.44375
-68.27381
-69.51069
-70.97350
-71.77563
-72.08265
-72.64036
-72.34320
-70.97172
-69.98320
-67.99579
-66.54625
-65.74131
-65.50113
-66.32070
-67.21753
-68.11736
-69.32630
-69.76683
-71.75310
-74.19097
-73.72016
-72.23033
-71.30833
-70.94514
-72.11557
-73.28943
-71.13915
-68.18047
-66.54862
-66.63727
-67.81438
-68.85561
-69.16190
-69.83645
-69.10946
-69.93317
-73.20137
-73.90447
-71.73791
-70.21591
-70.94068
-72.63899
-73.05181
-72.62187
-72.33422
-72.76182
-74.34853
-74.43738
-73.90074
-74.34745
-75.11777
-76.32867
-75.66490
-74.92480
-75.36478
-75.81337
-76.88487
-77.30368
-77.13888
-78.13408
-78.98503
-77.28408
-77.22526
-77.29223
-76.69922
-76.46055
-78.03173
-78.29236
-76.54527
-76.80810
-77.25689
-78.97847
-78.08938
-78.11139
-80.18186
-79.06765
-77.43064
-77.73837
-79.02806
-79.57791
-79.34638
-78.75138
-78.67086
-78.92496
-80.18508
-80.08783
-79.12963
-79.28312
-79.23835
-78.88519
-79.14958
-81.25747
-79.98781
-78.58470
-79.72952
-79.68822
-80.01213
-81.32515
-82.12886
-80.83435
-81.14912
-82.19320
-82.96576
-82.61000
-82.68954
-83.26889
-83.46010
-83.11807
-83.75750
-83.40739
-81.98575
-83.29105
-83.69976
-83.49489
-82.98956
-84.62515
-83.52720
-84.09910
-85.38019
-84.47725
-82.89610
-83.42694
-86.41000
-85.67306
-84.39145
-85.49991
-86.38186
-85.16832
-86.27624
-85.43975
-86.67060
-81.03988
-75.43177
-73.15780
-73.62669
-71.80599
-70.12098
-70.55238
-70.79650
-70.53547
-69.87018
-71.45766
-70.69258
-70.24036
-71.79132
-71.82280
-71.07076
-71.79951
-73.03331
-71.66610
-71.16891
-73.47802
-73.63156
-71.61120
-73.82499
-75.30768
-74.55451
-74.02604
-75.19052
-74.70109
-73.06188
-74.40338
-74.33985
-73.09464
-72.48541
-74.85668
-75.05901
-73.23012
-75.03930
-73.55680
-71.77084
-72.28855
-71.41515
-70.11392
-70.05295
-70.85174
-71.16292
-71.86062
-73.58535
-74.44416
-74.13909
-73.66918
-74.47969
-74.45278
-73.15584
-74.75424
-75.85230
-74.25310
-73.53045
-73.74090
-73.33605
-73.07352
-74.39872
-74.56463
-72.77474
-73.67024
-75.01353
-74.03647
-73.09697
-74.93638
-75.17300
-72.69345
-74.35321
-74.30297
-72.77566
-71.40001
-72.33381
-73.43760
-73.29218
-73.90709
-73.84424
-73.37426
-73.53088
-75.27623
-73.56527
-72.15354
-72.17677
-73.31946
-72.12027
-72.92290
-73.02064
-71.14348
-72.32800
-73.77537
-73.35718
-70.13920
-71.63455
-73.28605
-72.65671
-72.34595
-72.76272
-72.78485
-71.47603
-72.83132
-72.06221
-71.33603
-72.21436
-73.33462
-72.59799
-72.30621
-72.81959
-73.21592
-72.29227
-72.22448
-72.73704
-72.22344
-72.48399
-72.91335
-73.70737
-72.91612
-73.51045
-74.40406
-73.17482
-73.13133
-74.08272
-73.22791
-73.54182
-74.68377
-74.73378
-73.14982
-73.54962
-75.38973
-73.37678
-72.38092
-73.76535
-74.02400
-73.45263
-74.52335
-74.93458
-75.04880
-74.32058
-74.63592
-74.86499
-74.95272
-74.60187
-75.02105
-74.70446
-74.02799
-75.52813
-73.60390
-73.85713
-73.65046
-73.37973
-75.08288
-74.75836
-76.09837
-75.17552
-74.17947
-76.40152
-76.61291
-75.63840
-76.50063
-77.36296
-76.61974
-75.91132
-75.46246
-75.98348
-76.00787
-77.30680
-76.84503
-76.25180
-76.35946
-76.78648
-77.34423
-77.08442
-71.77348
-66.95705
-69.21613
-70.79751
-71.20918
-70.68009
-70.12693
-72.98693
-71.75722
-72.51955
-72.89877
-72.81399
-73.51881
-73.76018
-74.48690
-73.61446
-71.65960
-68.57840
-65.99584
-65.90505
-68.70182
-71.93749
-69.13408
-65.11371
-63.39840
-63.17837
-64.25043
-65.82686
-67.13085
-69.13940
-71.77911
-74.93004
-73.96909
-71.61445
-71.66133
-73.10212
-73.60249
-72.37916
-71.43399
-70.99379
-71.15765
-71.17008
-69.75096
-68.63871
-69.20438
-69.36084
-69.22927
-69.24420
-70.39617
-69.82814
-70.10648
-73.03319
-72.49829
-72.99949
-75.87142
-72.91610
-70.39773
-69.95566
-69.18469
-67.42406
-67.08703
-68.16343
-67.34593
-67.16491
-67.79758
-68.42232
-68.51384
-68.78995
-69.37732
-69.34977
-68.94466
-69.28061
-69.44468
-69.66345
-69.44690
-68.82400
-68.63761
-68.68384
-68.42006
-68.90118
-70.09524
-70.14445
-70.79285
-70.52024
-70.24820
-70.34430
-70.88881
-70.19145
-70.28112
-70.47503
-70.75514
-70.40590
-69.60880
-69.93284
-70.40152
-71.08730
-71.32544
-70.85557
-69.03213
-68.59011
-69.23144
-71.09491
-70.63112
-69.71657
-69.29977
-69.42687
-71.02874
-71.93447
-71.33789
-70.62773
-71.34264
-71.41265
-71.09805
-71.25455
-71.54675
-70.55707
-69.67417
-69.76740
-70.76843
-71.23679
-71.22111
-71.13857
-70.87906
-70.80456
-72.64954
-73.64987
-72.55481
-71.78843
-71.65697
-71.68333
-70.93532
-72.15039
-73.36736
-73.97970
-73.68566
-73.87980
-74.21264
-74.69146
-74.46274
-74.37224
-74.63562
-74.90807
-74.23070
-74.35756
-76.68990
-75.73020
-75.47326
-75.60735
-75.94946
-74.77829
-75.68868
-77.45342
-76.62020
-77.12643
-78.30781
-76.55554
-75.26507
-75.54855
-76.87465
-76.81254
-75.36704
-78.05069
-78.45533
-78.13608
-78.59369
-78.86523
-78.06732
-77.64397
-77.88436
-78.15451
-79.28183
-79.11790
-80.27664
-80.62014
-80.55938
-79.17387
-78.55653
-78.74947
-79.05627
-80.47719
-78.80991
-78.64529
-79.16023
-79.19340
-79.74499
-79.61857
-79.50917
-79.13896
-79.96262
-80.85304
-80.84980
-80.73396
-81.79657
-81.31072
-81.96298
-82.05844
-81.25528
-80.10732
-80.78761
-81.12567
-80.55909
-80.23332
-79.81725
-80.96868
-80.99117
-81.94106
-81.94701
-81.87688
-80.11950
-81.25988
-82.94584
-82.23164
-82.09831
-84.22713
-83.20805
-84.21798
-83.75570
-85.94751
-81.47534
-74.68667
-76.15459
-77.78726
-80.05901
-81.36389
-82.60996
-82.85879
-82.47528
-83.99816
-83.67907
-83.40584
-83.57367
-84.32669
-84.41862
-84.08461
-83.27676
-82.74313
-82.45407
-84.03622
-83.50225
-83.64812
-84.23481
-84.20880
-82.82195
-82.75028
-83.33580
-83.80680
-83.29527
-83.64440
-84.24272
-83.31310
-84.16240
-83.85650
-83.50701
-83.61766
-84.73478
-84.38069
-83.56533
-84.05121
-84.65887
-84.73372
-84.78018
-85.07730
-84.61751
-84.69550
-85.01823
-85.10793
-84.94491
-85.52729
-86.00633
-85.97454
-84.94278
-84.66052
-85.78929
-87.02577
-87.03821
-85.95921
-86.63638
-87.11282
-86.92462
-86.47598
-86.47544
-86.07415
-86.78770
-88.28965
-87.19094
-86.52733
-87.24592
-87.56379
-88.26809
-88.39036
-88.90897
-89.68101
-89.52347
-89.38483
-89.28951
-89.19091
-89.97599
-89.69443
-90.32802
-91.12990
-90.63263
-89.25321
-89.21092
-90.24170
-89.87697
-91.22245
-89.88186
-91.47095
-90.18277
-92.42263
-90.72642
-91.46072
-89.63839
-91.50859
-89.45832
-93.40708
-87.04640
-74.22512
-74.78541
-77.63790
-79.51626
-82.40062
-83.47980
-85.93491
-86.40326
-88.74921
-88.91708
-91.42361
-90.69288
-91.08440
-90.25318
-91.55612
-90.97204
-92.37500
-91.33422
-90.59495
-90.57177
-90.20028
-90.74075
-91.05094
-93.38824
-92.04962
-92.97607
-90.72947
-93.48674
-90.14859
-94.58756
-89.57236
-106.21171
-80.33954
-72.33043
-74.87680
-76.79271
-79.16983
-80.95879
-82.79473
-84.93118
-86.12870
-87.02948
-87.36530
-87.48839
-87.78450
-89.35786
-88.95484
-89.65190
-88.25665
-87.97854
-87.13848
-87.65971
-86.55278
-86.26496
-85.39928
-85.73623
-85.72798
-86.05153
-85.80166
-85.92322
-86.62857
-86.60301
-86.56746
-86.17258
-86.83104
-83.86164
-82.64106
-83.32413
-83.86807
-84.77779
-85.62539
-85.67797
-85.31409
-85.31163
-85.48515
-86.06336
-86.00764
-85.56199
-85.22802
-85.31482
-84.93995
-84.72028
-85.03438
-84.45177
-83.90609
-84.24749
-84.70177
-84.47898
-85.34086
-85.85781
-85.23109
-84.89875
-84.43568
-84.38076
-84.07984
-84.00257
-84.52051
-84.09122
-83.58555
-83.99281
-84.67601
-85.01262
-85.26873
-85.34310
-86.06303
-87.23524
-87.87986
-88.29237
-89.35315
-90.51299
-89.57330
-89.64004
-90.84411
-91.52200
-91.56977
-91.24613
-91.00711
-91.17245
-91.83846
-92.81807
-93.49045
-93.75244
-93.62533
-92.90078
-93.41380
-93.98440
-94.15816
-95.92101
-96.15358
-97.03412
-95.35477
-90.25317
-91.41042
-92.91539
-94.37638
-96.52079
-95.12543
-96.88229
-94.81972
-95.26300
-95.46513
-95.31817
-95.55380
-97.02395
-95.26015
-94.77782
-94.81691
-95.58197
-96.44025
-97.03852
-95.34056
-95.13736
-96.44207
-96.25724
-97.13770
-94.84583
-95.45462
-95.00538
-98.05569
-94.62447
-98.76559
-92.17919
-98.67728
-81.06355
-75.24424
-77.66837
-78.77541
-81.40288
-83.31076
-85.04083
-84.77862
-85.71186
-87.04885
-86.34533
-85.78926
-86.06710
-85.67207
-84.33196
-85.75347
-85.35362
-84.32906
-84.34435
-84.12454
-84.15742
-85.10399
-85.24224
-85.94607
-86.10932
-85.40755
-83.84810
-83.96814
-84.41406
-84.98434
-85.23886
-85.01263
-85.09201
-83.40261
-81.95795
-82.57396
-83.55491
-83.94458
-84.34289
-85.00415
-85.45879
-85.15606
-85.71312
-86.31552
-86.22406
-85.73118
-85.80320
-86.02282
-86.83727
-87.41897
-86.98945
-86.78585
-87.69953
-88.00760
-89.10351
-90.06311
-90.11423
-90.09570
-90.36314
-90.74271
-91.08798
-91.11970
-91.02311
-91.27033
-92.03983
-92.52501
-89.15855
-89.86478
-91.20325
-92.27874
-93.05375
-93.07380
-93.90637
-94.11835
-94.52773
-94.30147
-95.27744
-95.35179
-95.79180
-96.28042
-96.16029
-95.40657
-96.08195
-95.63625
-96.79508
-96.51592
-96.07688
-96.33049
-96.15455
-96.29084
-96.99832
-96.75548
-96.34940
-96.59055
-96.52689
-97.03459
-96.61279
-97.64968
-95.67494
-95.38504
-97.46145
-97.01534
-98.64053
-98.19918
-97.40959
-99.41841
-98.72905
-99.13019
-99.50224
-100.01485
-99.11250
-101.58172
-98.76244
-100.34142
-100.57823
-101.34942
-101.10039
-102.10283
-99.97346
-101.68968
-102.24399
-102.50373
-105.10770
-102.69842
-105.35335
-102.31296
-112.94365
-102.02721
-116.84908
-97.97961
-98.22235
-79.72750
-73.21230
-76.52871
-77.76982
-79.59839
-80.44096
-81.38341
-81.71679
-82.21393
-82.75002
-82.70988
-82.03968
-82.20402
-84.34183
-84.85001
-85.20051
-83.34695
-82.61528
-81.72950
-82.37746
-82.75338
-82.09302
-81.81355
-82.51230
-81.88159
-81.01561
-81.31084
-81.95366
-81.44147
-81.90857
-80.53616
-80.28193
-80.91329
-70.85021
-69.29334
-72.55282
-73.45991
-75.85236
-76.04674
-77.40909
-77.70707
-78.16135
-78.92765
-79.02995
-79.82235
-78.94998
-79.00715
-79.42967
-80.58865
-81.12594
-81.48415
-81.41727
-80.10508
-79.71086
-80.46178
-80.14096
-81.61471
-81.53785
-83.37195
-80.77958
-80.85532
-79.66113
-81.03741
-80.41220
-81.90381
-76.31243
-65.79948
-66.45051
-69.45527
-71.64106
-75.00159
-76.24700
-79.73203
-79.12654
-81.92199
-81.66193
-84.05583
-81.84231
-82.79401
-82.63803
-85.66112
-84.83278
-86.44533
-85.85887
-85.91121
-85.58664
-85.78136
-86.86646
-86.25971
-89.57841
-86.94686
-92.25870
-86.90400
-94.16290
-85.72319
-101.11410
-83.29065
-90.10330
-71.23081
-61.95332
-64.36163
-67.27916
-70.53363
-74.62396
-77.01258
-82.19929
-82.26908
-86.70928
-82.45020
-87.16052
-82.64141
-87.16713
-83.10345
-90.87777
-80.88467
-60.97442
-60.50330
-65.30456
-68.13124
-73.90020
-75.98844
-80.51163
-78.21128
-80.17362
-79.49644
-81.01666
-82.92290
-82.50877
-86.85519
-79.86806
-103.28782
-64.17498
-58.05271
-60.26427
-63.91795
-66.99442
-68.65812
-73.24144
-75.65834
-78.89755
-80.59508
-81.28764
-81.78734
-80.46367
-80.94470
-81.33767
-81.53249
-78.46788
-74.24315
-73.29770
-76.68814
-79.20837
-80.69733
-78.45314
-78.86871
-78.87842
-79.17526
-77.95317
-79.04791
-78.85290
-78.80278
-79.53363
-79.58133
-79.61335
-71.61851
-69.27430
-72.97681
-75.44101
-77.88843
-78.87512
-80.57665
-78.90836
-79.52672
-80.42511
-79.06840
-79.71207
-80.41029
-79.83506
-78.64621
-81.07614
-76.31479
-73.47571
-75.02027
-76.56501
-77.83424
-80.20217
-79.87260
-81.94224
-79.34390
-82.69085
-79.53739
-83.30246
-78.16620
-83.69223
-77.99738
-86.67650
-70.16441
-58.71678
-60.43728
-64.53226
-68.49904
-72.90583
-73.19421
-75.32603
-75.27238
-76.72070
-76.56215
-79.17046
-77.01647
-77.38464
-76.63555
-76.29401
-77.35395
-62.82465
-60.61407
-64.57919
-67.39491
-72.26467
-73.29087
-76.55996
-76.37566
-76.67346
-75.41627
-76.69427
-77.36767
-76.20989
-76.81160
-76.03324
-78.38202
-72.75964
-68.45589
-70.15547
-72.40577
-73.98479
-75.25767
-74.71655
-75.27815
-75.67659
-76.05400
-75.28548
-77.06992
-76.45918
-78.22479
-78.15421
-79.25069
-76.09798
-72.44397
-72.01527
-74.90459
-77.43207
-77.72656
-78.38345
-78.14597
-77.20077
-77.94571
-78.29751
-77.49134
-79.84437
-77.51785
-81.09295
-76.63805
-89.67796
-64.75802
-58.37059
-61.47657
-64.97838
-68.61024
-72.10599
-73.48936
-77.75729
-68.00576
-63.61817
-66.25133
-68.22513
-70.91588
-72.61084
-74.27707
-77.70719
-74.53568
-72.70780
-72.57012
-75.82601
-76.21180
-78.86020
-75.81151
-79.41126
-73.01878
-63.16539
-60.28272
-61.14122
-64.89673
-67.44461
-70.05217
-73.38312
-75.15150
-71.01241
-69.46474
-72.20767
-74.77556
-77.56295
-77.03446
-77.33916
-76.76959
-75.90933
-75.57549
-76.65045
-75.64625
-76.25665
-76.63619
-76.29653
-76.14743
-74.54668
-73.54408
-74.31182
-74.29415
-75.52069
-78.08639
-76.37798
-77.39082
-74.56240
-73.02721
-74.01580
-73.37081
-75.27516
-76.13802
-76.76013
-79.10473
-76.65764
-71.57576
-70.28768
-71.94978
-74.10639
-75.67354
-75.93990
-77.83912
-77.66162
-74.62248
-75.69333
-76.83924
-75.71146
-78.94865
-77.33399
-78.49902
-78.05120
-76.40289
-75.46269
-76.42806
-76.46551
-79.17610
-78.82874
-80.24817
-79.80050
-77.53039
-75.24039
-73.31780
-76.43794
-76.28680
-80.68686
-76.96910
-90.03676
-65.94395
-61.18627
-64.62108
-67.02540
-70.36438
-74.37545
-75.08398
-82.31208
-69.59662
-61.69182
-64.05399
-67.36925
-69.48433
-74.18539
-73.82430
-78.99826
-73.12514
-64.09909
-65.17169
-68.63363
-70.18856
-74.31160
-75.13028
-78.35000
-77.52116
-78.24701
-76.61258
-79.20625
-78.51948
-77.73666
-78.26071
-77.70731
-82.30924
-66.07793
-62.30472
-65.01470
-67.20506
-70.63607
-73.06158
-73.93865
-81.85580
-64.96643
-59.15576
-60.92509
-66.77371
-62.91077
-59.83259
-63.57963
-66.38105
-70.53676
-71.08675
-74.06145
-75.25138
-74.53737
-76.08079
-76.45342
-77.49670
-75.22099
-75.33136
-73.28020
-75.02951
-74.52256
-74.56364
-73.43210
-74.91741
-74.46148
-71.09022
-71.89333
-73.77905
-73.83690
-75.57748
-76.55067
-77.17635
-77.59140
-70.67023
-69.10387
-72.67549
-74.54523
-73.64217
-73.02375
-73.67274
-75.10042
-74.71482
-74.14890
-75.25860
-75.67874
-76.88461
-77.63996
-77.83437
-78.35246
-78.24311
-76.85334
-77.40840
-77.66727
-76.75092
-78.21317
-77.73282
-78.76309
-76.66888
-73.21192
-73.97516
-75.39176
-75.40416
-76.56672
-77.12606
-76.14786
-74.62797
-72.53673
-69.69574
-71.88159
-77.56435
-72.40460
-72.75906
-76.42888
-76.23712
-77.84088
-76.85015
-76.90154
-77.14223
-76.48619
-77.39168
-77.75407
-78.00013
-77.97824
-77.16821
-79.14379
-80.60231
-80.81730
-79.16617
-78.70524
-79.20264
-77.01929
-75.00581
-76.63864
-77.52742
-77.91423
-79.18936
-79.22717
-80.12378
-76.75290
-73.30759
-74.30858
-76.55561
-77.62584
-75.68526
-76.37063
-78.46103
-77.44881
-77.47220
-77.87343
-81.50688
-79.35803
-83.52701
-80.32933
-83.84838
-80.44485
-86.91822
-82.48476
-88.64946
-84.39879
-90.24428
-85.64210
-87.18579
-87.37846
-60.11299
-58.46454
-62.32827
-64.59732
-67.96402
-70.43005
-72.48738
-77.50215
-62.05625
-58.53363
-63.12638
-66.48870
-70.26168
-72.31696
-71.63379
-75.23626
-64.44488
-60.37735
-63.66582
-66.75231
-68.92103
-73.20923
-71.13062
-78.61501
-65.26957
-56.94485
-59.74307
-63.38456
-66.47305
-70.88190
-70.51112
-72.64209
-72.29569
-69.97068
-70.51308
-72.94155
-70.90429
-74.30692
-72.84836
-75.37244
-72.65848
-71.07584
-70.33280
-74.07305
-74.51654
-74.20705
-75.27004
-73.35545
-76.05675
-59.07008
-57.96537
-63.32004
-66.73349
-71.55471
-70.28588
-71.85849
-72.36078
-70.99364
-68.56212
-72.97392
-71.78874
-72.01684
-73.44755
-73.06569
-75.19484
-72.48350
-70.33776
-72.01921
-73.60741
-72.45978
-74.70017
-73.47846
-75.34856
-72.24939
-70.20392
-71.19023
-74.91584
-72.62853
-74.37129
-73.13874
-75.65965
-71.12522
-58.80549
-59.18330
-64.14872
-67.05128
-71.74264
-72.26216
-73.24981
-72.91438
-70.04190
-70.39159
-73.08878
-72.64602
-73.29358
-72.69993
-74.39008
-74.13890
-73.41384
-73.00577
-74.71206
-75.11505
-74.82727
-75.25360
-74.82263
-75.50078
-72.04570
-72.07742
-74.07834
-75.04509
-74.64468
-75.37920
-73.85088
-76.61059
-71.60348
-67.99914
-69.80628
-72.38284
-74.90556
-76.34623
-75.03870
-74.78213
-74.42327
-72.13031
-74.17410
-75.93370
-75.06330
-76.10617
-76.71866
-77.35799
-76.34486
-60.23023
-57.90195
-61.42530
-63.57437
-66.12201
-66.62402
-67.70309
-67.77744
-68.95389
-70.76239
-71.61635
-69.71020
-70.00336
-69.49970
-69.30187
-70.23914
-68.33180
-68.25678
-70.05846
-69.45418
-71.50182
-71.76599
-69.73143
-68.34163
-67.67365
-70.42980
-71.70908
-71.41007
-70.47967
-70.47756
-69.80631
-68.69838
-68.47306
-68.40392
-68.84024
-70.23811
-70.57973
-71.78912
-73.34581
-72.57121
-72.35260
-71.25103
-70.62320
-70.54898
-70.58847
-70.12050
-69.19668
-69.22297
-63.35283
-61.58322
-64.43941
-65.06400
-65.42716
-65.39447
-63.99646
-64.98931
-65.70360
-65.93508
-66.95480
-67.22439
-66.89483
-66.91130
-66.67690
-65.74257
-68.59529
-60.63231
-57.51108
-60.84475
-63.66082
-65.43247
-66.18638
-66.62069
-67.02183
-68.28521
-69.73873
-69.19616
-69.60809
-69.38955
-70.47362
-70.03352
-72.48716
-65.99687
-58.38634
-58.83772
-60.06914
-61.35746
-62.89838
-62.73901
-65.66259
-65.73988
-64.06747
-63.01823
-64.33533
-66.62979
-65.66228
-65.84427
-64.11338
-64.20447
-64.88050
-64.26561
-65.14505
-64.92742
-66.90878
-67.71918
-68.35229
-69.53518
-67.35954
-65.16492
-66.90694
-70.07444
-69.67760
-68.22915
-69.07761
-69.18182
-69.59700
-68.24294
-68.49706
-71.06133
-70.70221
-70.49165
-69.94084
-70.53286
-69.94709
-70.39267
-70.55955
-70.60044
-70.19633
-72.78293
-70.68252
-70.69376
-65.02774
-57.89328
-56.86320
-59.45273
-60.43814
-61.31554
-59.95866
-59.81684
-61.58091
-60.27347
-61.11562
-63.09595
-64.30018
-62.54458
-63.78050
-63.17692
-64.22280
-65.75963
-66.29207
-66.35650
-63.77901
-65.98681
-65.36024
-65.99451
-67.48846
-63.91422
-60.49157
-59.02223
-60.74684
-63.49393
-63.39230
-66.01038
-66.86703
-66.08113
-65.61723
-65.26834
-68.07640
-68.84793
-67.36698
-67.65605
-67.71319
-66.99991
-67.29141
-67.70982
-69.01848
-67.75275
-67.68040
-68.52654
-69.44033
-69.75407
-69.40409
-69.84331
-68.75960
-68.04916
-67.95913
-66.52704
-66.82031
-70.24721
-62.86547
-59.72364
-60.67929
-59.22748
-58.63903
-59.20118
-61.55535
-61.12208
-59.81580
-62.15738
-61.96987
-62.31193
-62.99938
-62.78717
-61.75379
-62.22936
-64.43421
-63.15280
-63.99801
-63.59122
-63.67445
-62.49734
-61.51220
-64.75142
-66.52768
-65.41436
-65.37159
-64.66255
-64.85805
-66.21942
-65.62579
-67.71713
-67.20975
-68.37027
-66.45492
-65.24530
-65.76989
-67.00689
-68.80001
-70.05428
-69.20014
-62.01620
-61.85736
-64.88380
-65.92474
-66.87884
-68.10378
-68.63524
-71.49355
-64.22321
-61.48139
-64.96634
-66.16844
-68.02785
-69.50569
-70.85397
-72.66665
-65.92739
-62.99838
-66.30192
-67.27519
-68.08819
-70.04882
-69.96684
-70.63686
-69.51661
-71.01467
-69.16591
-70.79009
-68.72733
-68.71995
-69.83408
-72.47457
-69.68104
-60.59046
-60.38804
-61.05167
-61.87422
-61.85593
-62.88125
-65.54259
-65.60076
-61.01379
-58.25949
-60.64751
-62.35794
-59.65891
-58.78820
-61.26625
-63.84558
-65.53500
-64.50979
-64.28377
-64.20720
-65.24507
-65.22361
-65.68051
-64.69631
-64.61990
-66.90858
-64.72260
-64.20622
-65.39784
-66.13494
-66.22820
-65.85703
-64.15394
-64.32431
-64.92365
-64.56432
-65.11352
-65.65200
-66.57170
-67.14804
-66.07555
-64.36964
-65.07460
-67.41349
-67.21299
-67.10184
-67.50370
-68.31205
-69.22669
-67.65030
-66.75940
-67.50217
-68.85484
-69.62371
-68.15553
-67.91089
-68.12689
-68.38232
-69.42459
-69.89657
-70.20247
-70.49482
-69.55237
-69.29031
-70.89644
-70.30325
-69.78113
-69.95673
-70.03205
-68.96972
-70.16315
-71.65253
-71.03724
-70.85403
-69.53276
-69.04989
-71.60146
-72.77919
-70.40667
-72.30513
-73.18047
-73.19044
-72.15984
-70.82376
-71.59876
-72.11278
-72.93747
-72.81293
-71.74300
-72.54218
-73.96714
-73.65563
-73.85103
-74.78924
-75.48458
-74.75059
-74.92810
-75.42290
-74.12343
-73.67229
-74.21176
-74.26289
-71.77308
-69.53030
-68.67765
-69.25085
-70.11402
-69.58203
-69.63599
-70.64596
-72.12815
-70.04463
-70.63557
-71.67462
-72.69619
-71.74306
-70.35851
-70.22283
-69.48783
-70.04731
-71.70963
-73.44255
-74.12582
-73.65315
-73.06297
-74.95809
-73.11641
-76.69708
-72.41243
-80.03650
-66.50104
-55.49055
-56.71876
-58.56638
-57.40301
-60.98208
-60.10702
-59.19460
-56.80021
-56.19224
-57.41129
-58.33125
-59.78394
-60.69106
-60.75677
-60.34664
-61.94106
-59.97848
-59.12850
-60.27159
-62.40769
-63.85986
-63.40015
-61.34486
-62.40055
-56.67451
-56.01104
-60.33107
-59.52876
-62.92045
-64.80882
-64.63881
-65.96189
-65.52946
-64.20708
-65.80148
-64.75128
-64.96340
-64.64480
-63.81047
-67.19845
-64.65832
-63.71414
-64.33836
-66.55426
-67.28119
-68.17714
-65.83698
-71.23598
-64.85903
-56.21486
-58.88076
-60.46920
-62.07899
-59.88189
-58.90312
-61.03597
-60.24410
-62.94022
-60.82215
-60.86869
-62.82798
-61.56073
-62.23239
-65.21332
-63.42773
-61.62874
-62.41065
-62.50337
-62.14187
-62.91039
-63.39269
-65.25212
-64.20052
-63.53408
-65.06555
-65.22198
-65.55072
-65.26093
-65.02351
-64.06975
-65.73603
-61.12662
-57.36272
-60.40004
-62.27029
-63.59462
-66.60313
-65.73265
-67.61420
-65.66415
-65.43919
-66.29161
-67.12777
-67.15946
-67.46954
-67.49313
-66.50767
-67.67975
-67.02802
-68.29093
-69.30098
-68.70934
-68.18279
-68.37565
-69.37440
-67.88587
-67.48936
-68.66064
-69.49264
-68.76995
-69.02056
-69.19153
-69.00861
-70.59676
-67.23037
-65.96464
-68.38750
-70.40288
-71.48439
-72.31597
-71.65734
-70.10727
-70.03094
-71.03686
-72.07572
-71.74603
-72.58541
-73.11393
-73.02441
-75.10967
-71.48088
-67.08832
-66.25209
-67.62538
-69.40424
-69.73802
-68.62812
-66.95699
-66.04238
-67.42650
-70.56112
-71.38189
-71.09540
-71.68598
-72.15544
-72.33548
-72.24727
-68.30879
-68.93922
-71.20754
-70.80375
-71.35212
-71.03870
-71.16237
-68.33341
-67.91549
-70.33219
-73.81092
-74.42082
-72.84423
-72.11204
-71.55575
-73.17669
-73.42831
-73.83731
-74.15031
-74.56330
-74.40022
-73.74603
-77.84793
-77.35540
-76.83558
-74.53455
-75.37402
-77.31452
-78.84043
-77.29874
-79.26586
-72.38212
-63.40731
-63.55275
-64.40455
-65.49098
-68.51308
-67.69174
-67.94561
-68.13723
-68.56699
-67.23428
-66.32692
-67.47858
-66.52378
-67.66485
-69.09330
-71.23563
-70.83765
-68.91250
-68.96501
-69.67072
-69.81455
-69.04415
-70.57303
-70.26455
-70.12828
-70.31385
-72.07900
-70.90341
-72.89442
-71.51886
-72.74644
-75.90532
-76.31762
-69.77962
-63.56279
-62.87469
-62.77040
-65.76702
-65.03612
-65.74584
-65.87536
-63.16130
-64.08045
-66.19498
-67.96411
-66.19579
-65.52981
-66.16166
-66.33206
-67.33533
-67.53785
-65.92892
-67.13550
-68.83590
-69.88687
-68.76318
-70.38859
-70.95284
-68.34030
-69.33062
-71.44683
-73.37562
-72.39027
-71.06349
-73.77590
-77.33520
-73.05894
-71.87965
-74.01276
-74.38804
-73.84739
-73.12155
-74.84490
-75.91495
-74.29584
-77.52408
-74.91902
-74.67879
-75.85381
-78.48210
-78.88019
-80.64972
-74.95059
-65.21612
-63.22691
-65.67477
-66.11388
-66.32950
-64.85372
-64.69998
-67.79418
-66.43525
-67.33826
-67.95586
-67.34352
-66.03174
-67.28585
-67.60976
-68.47482
-68.77056
-68.34891
-68.83029
-68.96004
-70.20688
-69.82863
-70.63349
-70.14237
-69.95388
-70.02128
-71.61084
-70.63193
-72.83622
-73.11195
-71.90291
-70.86195
-72.33923
-72.77146
-74.49009
-75.73927
-72.68401
-73.12336
-73.52997
-74.06694
-71.92497
-73.23335
-74.20923
-76.53148
-75.50992
-76.46602
-77.09029
-77.44299
-76.98385
-76.75489
-76.82381
-77.16687
-76.84139
-78.19349
-78.92350
-78.42744
-77.85155
-65.09692
-63.74492
-65.47598
-63.17338
-64.37865
-68.25772
-69.23470
-64.75068
-64.24339
-64.97326
-62.98672
-65.66741
-67.74094
-65.91341
-64.19517
-66.44443
-71.08335
-66.72580
-68.31487
-69.68233
-68.69952
-69.90704
-67.56194
-68.87956
-71.57288
-70.54000
-69.72905
-71.08706
-73.39408
-72.19476
-72.69753
-74.47259
-73.34177
-73.46374
-73.15845
-72.39259
-73.09773
-73.67994
-73.18569
-74.96746
-76.53828
-73.41439
-74.24742
-75.99972
-77.56146
-77.58237
-76.21871
-77.50810
-77.55228
-76.83499
-74.61160
-74.26058
-76.40138
-77.42625
-76.86948
-77.01440
-77.82523
-76.96834
-76.05345
-76.49018
-77.59510
-78.22211
-77.10076
-77.76102
-79.12153
-79.52743
-79.84377
-80.07354
-78.65468
-79.59343
-80.55547
-79.22059
-82.73093
-79.47539
-74.42583
-70.68005
-68.81781
-68.41664
-68.82648
-69.97130
-69.63365
-70.56934
-69.44601
-68.03266
-68.87453
-68.21903
-68.49704
-71.13350
-71.85530
-70.98136
-70.19779
-71.10574
-71.05907
-70.46640
-73.19056
-74.39768
-75.62030
-74.87758
-74.95137
-73.89693
-74.48109
-76.69558
-75.44053
-76.85161
-75.25719
-74.95100
-74.64589
-75.18838
-75.60942
-75.94097
-75.01494
-74.09315
-74.02910
-74.81114
-77.30730
-75.81118
-77.97563
-77.78578
-76.98807
-76.82854
-76.66596
-78.16576
-79.65781
-79.59153
-77.91329
-78.44184
-78.59385
-80.43713
-79.92830
-78.80265
-77.65553
-78.87609
-79.38996
-80.47591
-81.83134
-80.67955
-81.80348
-80.97508
-80.59799
-81.44357
-81.75039
-80.54941
-80.22924
-79.81664
-80.81058
-82.96003
-82.84772
-81.34789
-82.84357
-83.15805
-82.35466
-83.17819
-85.66755
-86.39000
-84.25688
-81.82835
-81.94331
-83.71016
-83.48879
-83.06081
-82.93475
-84.66729
-83.13270
-84.80373
-85.57050
-84.92833
-84.44567
-86.44446
-86.51129
-85.89682
-86.63205
-86.06357
-88.45941
-87.68649
-88.68004
-87.28336
-87.89355
-87.01359
-87.76394
-86.85183
-87.18692
-87.75132
-86.06296
-87.90318
-89.51316
-89.27106
-88.53157
-89.60874
-90.26454
-91.37392
-89.79542
-89.61744
-88.09349
-86.88914
-89.30859
-89.88277
-90.72235
-89.69599
-89.29085
-92.05957
-91.13813
-95.79363
-90.68367
-110.80419
-74.22089
-66.36265
-66.96045
-66.02004
-66.43171
-69.65694
-71.31128
-69.57027
-66.41287
-68.35613
-70.85059
-69.42954
-70.29841
-70.46645
-68.75681
-70.79421
-71.55817
-71.06444
-70.35415
-72.14224
-74.88940
-74.33835
-72.82516
-71.40036
-73.80825
-70.64821
-68.89626
-69.51748
-71.96893
-72.08232
-71.42968
-73.05888
-73.68654
-74.47213
-75.01510
-75.06345
-73.97509
-74.08159
-73.73164
-74.99758
-75.22012
-74.97922
-76.60245
-77.14537
-76.61084
-76.82850
-77.95300
-79.81453
-80.71455
-79.38166
-77.66395
-76.43307
-75.08252
-72.84171
-70.87016
-70.86063
-71.94754
-73.03268
-74.28726
-73.76926
-74.32207
-75.68233
-74.24738
-74.50801
-74.19818
-74.53777
-75.54763
-74.91784
-75.24581
-76.32747
-74.92588
-75.12770
-76.41856
-75.03439
-77.93604
-77.80397
-76.62328
-78.45113
-78.63501
-78.02599
-76.60669
-76.20924
-76.55599
-77.33060
-77.73997
-76.19339
-76.70421
-77.63443
-77.67303
-78.40736
-79.15574
-78.06823
-79.07505
-79.73056
-79.38253
-79.83383
-78.46006
-80.25313
-79.83467
-81.00189
-81.61734
-80.38264
-80.75304
-80.86333
-80.99438
-81.63753
-83.38085
-82.37089
-81.63541
-80.87039
-80.61401
-81.35674
-81.06609
-81.97115
-83.55359
-83.29709
-81.83409
-82.93398
-82.86282
-83.99811
-84.18404
-85.14619
-84.50946
-84.86548
-85.06069
-83.14032
-84.39300
-84.89798
-88.43668
-86.03729
-90.66666
-74.85954
-70.29421
-71.26361
-72.79006
-75.34218
-76.55984
-78.83429
-78.61817
-79.79691
-80.91000
-82.04620
-82.45357
-82.79648
-83.79627
-84.13104
-83.29096
-83.15278
-84.39853
-85.37907
-84.51973
-83.31777
-84.37767
-85.52387
-84.82382
-82.15317
-82.15252
-83.94659
-84.78081
-85.28112
-86.09342
-86.20298
-85.86714
-87.44991
-88.06944
-87.00065
-86.92129
-87.39084
-86.87567
-87.13351
-88.73912
-89.05973
-88.41068
-87.62135
-89.77458
-90.08518
-90.95048
-89.80604
-94.09297
-81.15452
-75.07547
-76.38235
-79.13991
-79.55924
-79.39349
-80.35729
-81.84429
-83.68195
-82.67517
-82.40010
-82.34670
-79.88986
-78.08143
-81.05342
-83.16910
-83.77030
-81.08559
-78.96068
-79.52803
-80.91864
-80.17552
-80.29117
-81.98416
-81.86896
-83.91587
-83.66295
-82.90582
-81.93467
-84.10082
-82.29288
-84.76476
-86.08883
-85.51289
-77.66134
-75.66260
-76.27426
-75.22324
-77.77236
-77.15314
-78.63163
-76.75556
-76.52443
-76.50644
-76.91042
-78.74729
-78.75128
-78.45282
-77.64427
-78.56815
-78.69645
-78.80131
-78.37340
-79.79462
-80.72315
-80.69139
-80.64947
-82.11039
-82.88276
-81.61371
-83.26629
-84.34692
-84.02979
-83.57808
-82.99990
-85.56328
-87.06467
-86.64189
-85.81861
-85.49864
-87.01039
-86.79443
-84.71447
-86.35149
-87.31407
-86.53833
-87.40478
-84.43230
-85.12353
-86.91918
-88.69342
-89.14498
-92.96580
-81.52752
-73.74394
-74.16999
-76.91610
-77.94969
-77.49413
-76.38626
-78.42392
-78.44515
-78.10844
-79.17201
-79.32344
-80.42710
-78.87194
-76.93659
-78.03832
-80.62003
-79.11529
-79.45184
-79.45921
-80.18771
-82.51500
-81.26354
-82.74357
-80.16387
-77.42838
-79.37582
-78.40047
-78.52477
-82.73812
-83.64967
-82.86167
-82.18176
-83.87999
-85.06401
-85.37933
-86.17268
-84.50589
-84.23526
-84.94966
-83.35278
-84.54455
-85.30223
-86.17504
-85.43299
-85.13971
-88.81891
-88.89059
-88.40165
-88.21751
-88.65415
-88.61745
-87.39460
-87.09213
-88.01835
-88.14946
-92.20574
-83.32465
-76.89875
-74.42736
-72.93353
-73.50508
-75.74603
-75.33229
-74.23834
-76.09021
-77.23646
-76.40863
-76.78026
-76.95113
-77.03679
-77.62138
-75.18499
-76.00603
-77.97657
-77.64100
-79.66577
-78.84727
-78.36316
-76.13659
-77.01014
-81.54966
-80.10301
-79.13599
-78.74062
-80.91735
-82.92455
-81.34484
-81.89980
-83.01850
-82.93190
-83.91050
-84.08413
-82.75784
-81.74219
-82.45779
-82.27307
-83.49138
-83.00695
-82.34230
-84.57335
-85.89503
-87.86912
-87.89543
-88.64536
-86.34058
-88.73081
-86.33917
-84.30011
-85.73276
-85.35182
-87.05657
-87.59221
-88.61936
-89.31398
-89.84796
-87.09523
-87.88130
-88.32469
-86.69831
-89.38548
-89.15563
-88.52913
-90.23650
-89.68711
-87.13919
-88.18734
-91.21302
-87.80861
-88.75128
-91.88280
-89.55059
-84.73638
-80.26432
-80.63291
-80.88700
-78.90406
-77.72126
-78.18021
-79.72495
-79.01341
-77.28070
-78.52882
-79.86317
-78.75996
-78.66286
-79.33057
-81.00146
-81.50004
-82.31797
-81.12400
-81.48540
-81.87335
-81.83178
-83.27688
-82.26238
-82.86289
-83.12266
-83.44309
-83.44757
-82.58855
-83.94128
-84.87635
-82.67647
-81.57494
-83.15548
-83.18181
-82.89898
-82.97312
-82.52985
-83.27612
-83.84645
-86.31800
-86.13863
-87.95374
-88.20795
-88.32143
-89.62656
-87.23631
-85.75706
-86.83321
-86.70294
-85.31368
-86.87800
-86.95322
-89.87627
-87.62445
-86.03522
-88.17831
-89.20654
-88.92346
-90.28544
-90.19024
-90.13729
-88.80087
-87.73621
-89.17820
-89.39829
-89.44425
-88.16642
-88.34663
-89.47005
-90.09811
-91.45076
-90.18710
-89.39050
-92.58508
-90.62789
-90.80407
-93.08229
-94.63318
-91.51996
-91.99160
-91.29229
-90.74716
-91.15245
-90.42969
-92.99253
-91.33010
-92.29411
-91.65904
-92.39613
-92.95114
-92.42842
-92.54188
-94.34149
-92.30237
-95.55914
-95.62342
-93.53838
-95.15510
-94.17546
-95.46610
-94.02781
-95.07344
-93.38817
-95.26023
-96.14721
-97.42414
-96.98951
-95.27416
-94.95875
-96.50740
-96.15583
-96.73371
-96.63972
-99.40735
-97.39540
-97.62054
-95.02186
-93.78266
-94.81173
-97.57068
-100.01591
-98.66269
-96.61523
-96.77478
-98.50540
-95.48325
-101.32809
-96.69848
-101.08349
-76.96774
-72.19225
-71.19124
-72.31056
-75.86857
-76.33983
-75.02701
-73.92071
-76.46598
-74.40489
-73.78178
-75.39987
-77.02053
-75.93452
-73.35438
-74.44880
-77.36513
-78.03484
-76.85998
-77.89338
-78.17105
-78.37714
-77.36459
-76.88450
-78.06876
-78.07529
-79.10358
-78.84076
-79.74071
-81.24877
-79.79067
-80.99172
-83.18558
-80.54062
-82.04028
-80.93305
-79.17121
-80.43405
-79.68957
-83.51272
-80.96062
-82.00023
-84.33388
-84.21269
-82.37904
-81.19048
-83.08670
-84.11660
-86.75791
-86.01716
-83.84186
-79.49078
-79.35518
-75.44486
-72.82321
-75.10948
-74.45733
-73.59924
-74.69199
-76.17898
-79.53611
-77.36494
-78.57972
-79.46765
-78.54743
-78.33011
-78.79952
-76.66454
-77.32064
-80.35887
-78.11546
-81.84036
-78.54134
-78.33730
-81.00547
-81.43666
-81.03156
-80.95282
-80.22344
-81.26234
-81.42463
-79.78388
-81.34129
-81.09868
-81.25891
-82.91094
-84.66979
-83.07098
-84.38388
-83.96260
-82.98010
-82.62460
-82.70196
-80.68353
-81.34616
-84.72965
-85.47831
-83.98728
-84.19099
-86.45875
-85.63358
-85.37511
-84.63370
-83.62320
-85.05232
-87.19460
-86.82373
-89.33798
-88.60028
-87.71144
-87.33394
-87.75140
-88.60509
-89.30379
-89.65717
-88.57649
-88.94532
-87.88001
-87.26738
-88.69763
-89.79086
-92.64524
-94.02240
-92.23123
-91.20259
-89.12041
-88.45759
-90.56991
-91.53119
-91.21625
-92.83391
-88.78438
-88.72739
-88.53509
-88.13679
-91.12622
-90.36620
-89.44493
-89.63969
-90.48592
-88.35610
-87.97102
-90.78968
-93.43110
-93.34601
-91.80870
-93.39188
-90.26088
-88.56072
-90.65355
-89.74955
-87.71913
-87.30662
-88.56063
-89.70263
-91.10210
-91.98409
-90.09566
-91.96236
-92.51530
-92.95917
-93.94688
-94.17156
-92.93139
-86.52140
-85.95549
-86.60991
-85.91916
-86.01206
-85.14142
-86.48680
-88.64039
-88.88778
-89.47454
-91.33544
-92.08318
-90.69125
-91.07046
-89.56784
-91.35527
-82.90269
-77.70100
-76.77230
-76.58129
-78.15851
-78.77445
-79.46682
-82.63160
-85.03679
-83.73793
-83.01010
-82.41694
-82.08731
-83.48170
-82.73899
-83.41035
-81.75583
-78.47665
-78.07209
-78.35788
-78.80019
-78.55823
-80.00456
-78.79100
-77.53089
-76.92942
-77.25133
-80.42605
-80.79693
-79.84086
-78.71679
-79.39254
-82.10346
-75.68450
-73.03665
-74.46157
-73.66530
-75.57453
-76.05242
-75.68659
-78.06335
-77.14725
-75.86258
-78.01769
-77.48117
-76.93951
-80.43308
-76.34988
-76.06505
-80.86827
-78.72132
-79.68591
-81.07362
-77.14346
-75.40685
-77.68565
-81.48026
-81.08128
-80.73393
-80.59603
-79.93297
-80.83691
-81.77532
-80.88469
-82.06739
-82.54294
-83.77564
-80.97273
-79.94774
-80.74526
-81.59405
-83.27082
-84.26526
-84.46105
-86.44320
-87.10567
-83.02506
-83.57995
-83.41475
-85.96733
-86.86542
-86.89319
-87.59468
-90.74420
-89.76070
-87.95784
-89.48091
-89.19769
-90.72732
-90.72969
-94.83144
-94.82326
-94.22035
-95.62059
-95.11552
-96.37587
-94.53350
-94.65230
-99.85900
-97.51882
-97.34879
-95.24353
-95.97199
-94.58785
-94.21551
-99.87823
-99.09883
-99.68017
-100.50135
-98.85104
-96.44352
-98.31395
-101.45344
-101.76952
-102.13881
-104.77640
-104.92397
-102.56648
-101.17441
-102.86279
-101.64681
-102.49174
-108.62640
-105.48532
-108.26374
-107.74936
-105.99760
-105.62684
-105.02837
-105.62881
-106.11568
-111.30555
-113.12556
-111.90461
-109.56638
-108.40134
-110.99241
-113.22682
-112.94405
-113.81956
-113.94593
-112.31034
-115.95814
-114.76875
-116.55167
-118.17752
-114.43703
-117.33853
-120.22143
-116.03985
-113.90548
-118.06976
-118.31901
-120.86620
-121.51782
-123.18625
-119.01078
-118.95576
-123.02933
-120.56067
-125.27097
-127.53948
-128.96696
-128.45838
-129.47424
-130.40536
-133.38713
-132.04936
-132.84367
-134.94842
-136.03168
-135.77256
-136.90971
-136.49280
-136.95091
-137.66268
-138.14392
-138.65621
-137.50093
-139.33983
-138.30749
-140.00632
-138.17457
