-95.83837
-77.67320
-71.97160
-73.76355
-73.37958
-74.50508
-74.98401
-75.66807
-76.21164
-76.70992
-77.29422
-78.26401
-78.29610
-79.27100
-79.91991
-80.25959
-81.20502
-81.45036
-82.51426
-82.31519
-83.08007
-82.76364
-83.19583
-77.40936
-75.88822
-76.07651
-75.69712
-75.47789
-75.04740
-74.83678
-74.06011
-77.78284
-83.06341
-82.64386
-74.44844
-72.91569
-73.90729
-74.14263
-74.96767
-75.19866
-76.21366
-75.84880
-77.03983
-76.44766
-77.02589
-76.72963
-76.24255
-76.36110
-76.14237
-75.73950
-75.77173
-75.43941
-75.24015
-77.68893
-79.68685
-79.03289
-77.61316
-78.67092
-79.55261
-80.98052
-80.21870
-80.93143
-80.07276
-79.15218
-78.40123
-78.39044
-78.36042
-73.03564
-74.39760
-77.46399
-76.58985
-78.08081
-78.57491
-78.53722
-80.47640
-80.14534
-81.12858
-84.28203
-83.97151
-85.09575
-84.84477
-84.71020
-83.06632
-82.99710
-80.95301
-81.28534
-79.47088
-81.77860
-80.64391
-76.52947
-78.24265
-79.29215
-78.55179
-78.83516
-78.75174
-78.08848
-78.08232
-77.41453
-76.87048
-70.77509
-70.37300
-71.35931
-71.27790
-72.82771
-73.07488
-74.39431
-74.67368
-75.72101
-75.86147
-77.02669
-75.82659
-76.09693
-76.95912
-77.03492
-77.08497
-77.19265
-77.14540
-77.16842
-77.54685
-77.44800
-78.09027
-74.69151
-75.88803
-76.69676
-78.08767
-80.42331
-83.60378
-85.60742
-85.11793
-83.79224
-81.04457
-79.74160
-70.98756
-69.85559
-71.93647
-74.05303
-75.29384
-75.51409
-77.03789
-77.28507
-77.88279
-78.10626
-79.84869
-81.89147
-81.26675
-80.69317
-81.13540
-79.09018
-78.85033
-77.48718
-77.04317
-75.95281
-76.00213
-74.76787
-72.89288
-72.75922
-75.17550
-77.63198
-78.95468
-81.03106
-82.00598
-83.62356
-83.67242
-82.65564
-80.99289
-71.82430
-69.90712
-72.09217
-70.88695
-71.81741
-72.66041
-73.03803
-73.39711
-73.79108
-73.52431
-75.27388
-76.26862
-77.61857
-77.69400
-80.35822
-78.82039
-80.60201
-78.30896
-79.93990
-77.69775
-79.31164
-76.84378
-74.36104
-74.67131
-74.92455
-75.95177
-76.24900
-79.35934
-75.18035
-80.91338
-73.04476
-92.97602
-62.05592
-57.55904
-62.96335
-65.22405
-69.51763
-72.10648
-73.33041
-75.96295
-73.53705
-78.57829
-74.36859
-79.38868
-73.13468
-79.69929
-73.16962
-85.88655
-68.13431
-53.73339
-56.19098
-62.41208
-65.83879
-71.95728
-73.19199
-74.06141
-75.80356
-73.21634
-100.19890
-59.18347
-53.93659
-60.28168
-64.01945
-70.30797
-77.27257
-61.79235
-59.13168
-64.35123
-65.67339
-70.79583
-70.57640
-71.34589
-73.46542
-74.25217
-76.73903
-73.30250
-78.64614
-71.54323
-81.58346
-71.07654
-84.92419
-61.19514
-53.52683
-57.84260
-62.94134
-66.26742
-72.98392
-74.10333
-76.45778
-75.10575
-75.60949
-77.33929
-56.06544
-55.21135
-63.49717
-64.88734
-74.09410
-70.14847
-59.00698
-59.18632
-64.51827
-65.86855
-71.65910
-69.14824
-72.89598
-70.40753
-73.52377
-76.77723
-76.87736
-82.97605
-77.88334
-92.88745
-75.24231
-79.18395
-57.45178
-54.66224
-61.15758
-63.55721
-67.74740
-73.03364
-76.18762
-83.53239
-76.26151
-99.96546
-69.28857
-53.37284
-55.83483
-64.00326
-65.29460
-78.03330
-66.35491
-59.04140
-61.27711
-66.34964
-68.18515
-76.18626
-71.90101
-79.18229
-72.88033
-80.67697
-75.49519
-80.80097
-74.45188
-78.21196
-75.33095
-76.97648
-75.71014
-54.03417
-54.97941
-62.20964
-64.16865
-71.01814
-74.02649
-74.00637
-79.14011
-73.84290
-89.19904
-62.00586
-53.40916
-57.87505
-63.37372
-67.84223
-79.93658
-62.75538
-58.25319
-62.92514
-65.41783
-68.12703
-70.74950
-69.80602
-72.79386
-70.07824
-73.96770
-69.82810
-75.26845
-71.64695
-86.61894
-72.86761
-89.14834
-65.35022
-53.62200
-57.58371
-62.81902
-64.85212
-72.87192
-75.02754
-77.40144
-79.38694
-75.59156
-101.10596
-58.12987
-54.25143
-60.87079
-63.62584
-71.24066
-74.07529
-60.81021
-59.01132
-64.32087
-65.71786
-71.18506
-71.12571
-73.11437
-73.37978
-72.77159
-75.01593
-72.14792
-76.28854
-70.33624
-79.47341
-70.40170
-82.75946
-59.02841
-53.66046
-58.61134
-61.59090
-67.73357
-73.05110
-74.14943
-77.05071
-75.21555
-77.46142
-75.14591
-55.03830
-54.92742
-62.84107
-64.73300
-76.39513
-68.60481
-59.59692
-60.09273
-65.26350
-66.83367
-72.94837
-70.02399
-72.41620
-69.59693
-72.15596
-71.64320
-73.79043
-74.73044
-74.92845
-77.77080
-70.94793
-89.87595
-56.45284
-54.26879
-59.64305
-62.81683
-70.17024
-75.66418
-75.40992
-80.10447
-75.15799
-102.36255
-66.73600
-54.28114
-57.01731
-63.36471
-65.30521
-79.99181
-64.24249
-57.91301
-61.64541
-64.90061
-66.75927
-70.34998
-68.86271
-72.94512
-69.47226
-74.12762
-69.88857
-75.11209
-72.18853
-77.14509
-71.79867
-76.22551
-69.25698
-53.74025
-55.02154
-60.89643
-64.88349
-73.04803
-73.39866
-72.63019
-75.48563
-71.50458
-91.66450
-60.24980
-53.49354
-59.12580
-64.01667
-68.14996
-78.40023
-60.88536
-57.86004
-63.01117
-64.07416
-67.33430
-67.87651
-68.69829
-71.05716
-69.61366
-72.86673
-69.64569
-74.26927
-69.08850
-75.22287
-68.40669
-80.98253
-61.46793
-53.05762
-56.65362
-61.59622
-67.14515
-74.53634
-72.79407
-73.91986
-73.71109
-73.01722
-78.94934
-56.94647
-54.48992
-61.01784
-63.76848
-72.24143
-72.13737
-60.08547
-59.16659
-64.37720
-65.20932
-70.66408
-69.29752
-71.63684
-71.55143
-73.98187
-75.19118
-73.77047
-75.50426
-70.84780
-77.48671
-68.99728
-97.60036
-57.51229
-53.35557
-59.38861
-63.48632
-68.62418
-73.29126
-73.37766
-75.85953
-72.69985
-78.99162
-70.60759
-54.91580
-55.71889
-63.36130
-65.33339
-79.77604
-67.25660
-58.01001
-60.33055
-64.22587
-64.79100
-68.47700
-66.85984
-69.59230
-67.36562
-70.31132
-69.52171
-71.69140
-68.97357
-69.59842
-69.52947
-68.81246
-71.61230
-55.10710
-54.55963
-61.17855
-63.81484
-67.87204
-71.72579
-72.56952
-74.22760
-70.56434
-80.07429
-63.15526
-53.96124
-57.59443
-63.24366
-66.02106
-80.19526
-62.77012
-57.96162
-61.33498
-63.81217
-66.40302
-68.80341
-67.80521
-70.18564
-68.14273
-71.12798
-68.07969
-71.06669
-68.17844
-71.94961
-68.10970
-73.26614
-64.74247
-53.68213
-56.67864
-61.54183
-64.00828
-69.18107
-69.51241
-70.29283
-72.43254
-71.35149
-82.79090
-59.03900
-53.91206
-60.27887
-64.07358
-68.86744
-73.74045
-60.69938
-58.21709
-62.58307
-63.00948
-65.30058
-66.53620
-69.30315
-72.67416
-71.90922
-74.59881
-69.14100
-70.61301
-66.90322
-70.28115
-65.95013
-78.35099
-60.20445
-53.50984
-58.00141
-61.99227
-66.01150
-68.94863
-67.67734
-68.25376
-67.27191
-68.61494
-72.57273
-55.72107
-54.65325
-61.97635
-64.53857
-74.17047
-69.77869
-59.13421
-59.22675
-64.36985
-63.97521
-68.24568
-66.68306
-69.37074
-69.19578
-72.22971
-73.41649
-73.74533
-72.01256
-68.44694
-69.87567
-66.23071
-74.08874
-56.28291
-54.13213
-59.48989
-62.87486
-68.50140
-70.61320
-70.12929
-71.53164
-69.40292
-73.09430
-66.80598
-54.55001
-56.53048
-63.48922
-65.50184
-80.09322
-66.37348
-57.92948
-60.42944
-64.43910
-65.45277
-71.17139
-68.79832
-73.74319
-69.62464
-73.64381
-69.53413
-72.68645
-70.73591
-72.85128
-71.53806
-73.71620
-73.97537
-54.65768
-55.19666
-60.97861
-64.35302
-72.17612
-72.13434
-69.93809
-74.53528
-72.55588
-83.39616
-62.30350
-53.52241
-58.74545
-63.91693
-67.56238
-78.81623
-61.82924
-57.73850
-62.42222
-64.32111
-66.92744
-69.20417
-68.67895
-71.70982
-69.81688
-75.16795
-71.12914
-75.25646
-68.58891
-76.30463
-69.99733
-125.46999
-64.86156
-53.56006
-56.52375
-61.53285
-65.81030
-70.52122
-73.36274
-75.91672
-77.98631
-73.92107
-85.97246
-58.17466
-54.28199
-60.80456
-63.72558
-70.83550
-74.47438
-59.78296
-58.18889
-63.09620
-64.13979
-69.11288
-68.55144
-70.44508
-71.75647
-72.45462
-75.50012
-73.14294
-74.09110
-70.49458
-78.78444
-69.57351
-99.30367
-59.13303
-53.41400
-58.54547
-62.94564
-67.41820
-73.06575
-74.12988
-77.64605
-74.55739
-75.67772
-72.24375
-55.29967
-55.14411
-63.03815
-64.08626
-72.81076
-68.92754
-58.15459
-59.38606
-64.13816
-64.10232
-69.02159
-67.47625
-70.64011
-69.04171
-70.14329
-68.48992
-70.43460
-70.84792
-71.33840
-74.83474
-71.21412
-83.48231
-56.04751
-54.05941
-60.90915
-64.17536
-68.69159
-72.48074
-70.77914
-74.33873
-71.19185
-79.31054
-65.10730
-54.19251
-57.33774
-63.59922
-65.09175
-71.81513
-63.60447
-58.18625
-61.02850
-64.87436
-65.30426
-67.91507
-65.73177
-67.37194
-65.95045
-69.41983
-68.88425
-73.26162
-69.64229
-74.75512
-71.43469
-75.59267
-67.96903
-54.32270
-56.19961
-61.24271
-64.39070
-70.31287
-70.69470
-69.52210
-71.57781
-69.36169
-76.40734
-59.46334
-53.63497
-59.18535
-63.19410
-66.35915
-69.55986
-60.32958
-57.99191
-61.94579
-62.50325
-64.64641
-65.28350
-66.00495
-67.61669
-66.79449
-68.73941
-66.30859
-70.05712
-66.80960
-71.98692
-67.17605
-76.05882
-59.86980
-52.87390
-57.21638
-60.39490
-61.32348
-63.97023
-64.86151
-67.04249
-69.67097
-68.14036
-72.22531
-56.30427
-54.29415
-61.44886
-62.98811
-66.41015
-64.37355
-57.65471
-57.58423
-61.84442
-61.60953
-64.20052
-64.52514
-65.62326
-65.11303
-65.82770
-65.93562
-63.43173
-64.04100
-65.59106
-69.15992
-66.39028
-81.46695
-57.53768
-53.68232
-59.52598
-62.31022
-65.51475
-65.84917
-63.57148
-65.46537
-65.55797
-68.59593
-67.86956
-55.07384
-55.70441
-62.82619
-64.36802
-72.96334
-64.13553
-57.32805
-59.22415
-62.27554
-61.89386
-63.97525
-64.43788
-65.51541
-65.26007
-66.02377
-65.35450
-66.87849
-64.08186
-64.50588
-63.85884
-63.82008
-66.88397
-54.97553
-55.03330
-60.77203
-63.20419
-67.49331
-69.10511
-68.59513
-68.67056
-66.97954
-69.68782
-61.31303
-53.83368
-57.78924
-63.11497
-64.89673
-71.16937
-62.50185
-57.46717
-59.21972
-61.21523
-61.83239
-63.24132
-62.42349
-63.98395
-63.43027
-66.34767
-65.39753
-67.73431
-65.11027
-68.77193
-66.23958
-70.00162
-63.72935
-53.64720
-56.09687
-60.23862
-64.40073
-69.45174
-67.94116
-66.25751
-66.71738
-65.32069
-69.82102
-57.91840
-54.05599
-59.71096
-62.90369
-65.38563
-67.65293
-59.06855
-56.96621
-61.74531
-61.93216
-64.08313
-63.45057
-64.43061
-63.28464
-64.45607
-67.17915
-66.77687
-68.75842
-68.37212
-68.70302
-68.40558
-69.75820
-68.65953
-70.97136
-69.79599
-72.22849
-68.89650
-71.41631
-67.59346
-66.85132
-67.43563
-68.79246
-67.66703
-68.19915
-67.33310
-67.98480
-68.50560
-70.68189
-69.54540
-52.80438
-51.68892
-54.27621
-54.26576
-55.99269
-55.90553
-57.00477
-57.01906
-57.98067
-59.14995
-60.12218
-60.81865
-61.44994
-62.83500
-62.08312
-66.53293
-55.09626
-53.45277
-59.31493
-60.49878
-64.79365
-65.95372
-64.56355
-65.97558
-64.46252
-66.77473
-62.16778
-54.50577
-56.18128
-63.86489
-63.54567
-74.13302
-64.35145
-52.23908
-52.81848
-53.92003
-54.34575
-56.49216
-56.48504
-58.52618
-58.72306
-61.20644
-60.53309
-61.30956
-60.32916
-61.72287
-61.69414
-63.38549
-63.70183
-53.51423
-54.96273
-59.60605
-61.98755
-67.40639
-66.60225
-68.36843
-69.13322
-66.81838
-70.96637
-60.36242
-53.80960
-58.01321
-63.53377
-64.63423
-73.54837
-59.26119
-52.39443
-53.10815
-54.56785
-55.80652
-56.13811
-57.03381
-58.26184
-58.78929
-60.85351
-60.60987
-62.36727
-60.30444
-63.99301
-62.57388
-68.63444
-60.60541
-52.98935
-55.68724
-58.01936
-60.85499
-62.29194
-61.67740
-62.62349
-63.05912
-63.21775
-64.91201
-56.63048
-54.24307
-59.26427
-62.28867
-64.56186
-67.49450
-55.00421
-51.60382
-53.68412
-53.98447
-55.97523
-56.08761
-57.21144
-57.77256
-59.09148
-59.98006
-59.85728
-60.94414
-60.86033
-62.84012
-61.36339
-67.23391
-57.15117
-53.70166
-57.45356
-60.97252
-63.65143
-64.88879
-64.11828
-65.10885
-64.19113
-65.11634
-64.11306
-54.84536
-55.40577
-62.20071
-63.44069
-68.65851
-65.22330
-53.28953
-52.82318
-54.70200
-55.17680
-56.04961
-55.62285
-57.61652
-57.16221
-59.08294
-59.81772
-61.72762
-61.00729
-62.06134
-63.89118
-64.20516
-67.49659
-56.07247
-54.47785
-59.01561
-62.49496
-65.22117
-67.33539
-66.16049
-68.20348
-65.47163
-68.61245
-62.21867
-54.06098
-57.25685
-63.33366
-64.58924
-76.45106
-62.31480
-53.88574
-54.24561
-55.42260
-56.46518
-57.62538
-57.74206
-59.27513
-58.52850
-60.31491
-60.14055
-61.65429
-61.68014
-63.58847
-63.04837
-65.13781
-63.91655
-54.01698
-55.27114
-60.62282
-64.10434
-67.37014
-68.14378
-68.13140
-70.82181
-68.31593
-76.30476
-59.40277
-53.73667
-59.27032
-63.75104
-68.34981
-72.35359
-58.67578
-51.67498
-53.20145
-55.25454
-55.27841
-55.90578
-57.32735
-58.31845
-57.74518
-60.57963
-59.44480
-61.29469
-60.30032
-62.53935
-61.75966
-67.23040
-58.94164
-53.10956
-57.34209
-61.09903
-64.09793
-66.89390
-66.88327
-68.11470
-68.91289
-64.64408
-65.90432
-56.06868
-54.50286
-60.42496
-62.80501
-63.27528
-65.01487
-55.11882
-51.74918
-55.97408
-55.05796
-55.88108
-56.68476
-57.00658
-58.37136
-58.56606
-59.46095
-59.99836
-61.33661
-61.92455
-63.39007
-62.07419
-67.17029
-56.05190
-53.31299
-58.13074
-60.92855
-63.46147
-65.35700
-66.04716
-66.73792
-65.39377
-67.45630
-64.88417
-54.51774
-55.67168
-61.88641
-62.45357
-66.30413
-64.19904
-53.98387
-52.73592
-55.56868
-54.89457
-56.25749
-57.23146
-58.48732
-58.02502
-59.55619
-60.24075
-62.25863
-62.94720
-64.06563
-65.12514
-63.83998
-64.75508
-54.62290
-55.05180
-60.55184
-62.21393
-64.79819
-66.76143
-67.15854
-68.19510
-65.45930
-70.22095
-61.24099
-53.90690
-57.99100
-63.69982
-65.26621
-68.80140
-61.74714
-53.16057
-54.51474
-56.04889
-55.25271
-57.38305
-57.33299
-59.33079
-59.19804
-61.01100
-60.27418
-61.82221
-60.95239
-63.58249
-62.88040
-65.10289
-62.63789
-53.75670
-56.06215
-61.89680
-64.10323
-67.17480
-68.02699
-68.56406
-69.43304
-68.25877
-75.00931
-58.64639
-54.02572
-60.17506
-63.61907
-67.65406
-70.13485
-57.13165
-51.72237
-53.11533
-55.72350
-55.96924
-56.45669
-56.56199
-57.82001
-58.44779
-60.18799
-60.55724
-63.07326
-61.98801
-63.87362
-61.65514
-66.88243
-58.27021
-53.10603
-58.77123
-60.97546
-65.17415
-68.40262
-64.72789
-66.36629
-66.11531
-66.92275
-68.62679
-55.88749
-54.74856
-62.09748
-65.20812
-71.31731
-74.49372
-53.09892
-51.85814
-55.36047
-54.01046
-56.71663
-56.45614
-58.60567
-58.45966
-60.18277
-60.75504
-61.43596
-62.06532
-62.72168
-65.04176
-63.80806
-68.97461
-55.80317
-54.24463
-58.52805
-63.06181
-66.76280
-67.68551
-66.73537
-67.58774
-65.76417
-67.83142
-63.66463
-54.03315
-56.29825
-62.93211
-64.46077
-72.72850
-66.34928
-53.06532
-52.22062
-54.22172
-54.22950
-56.23751
-55.63573
-56.89893
-57.30735
-59.06484
-58.16506
-59.28480
-59.63226
-60.36279
-60.57915
-60.63854
-60.35346
-54.76771
-55.13037
-58.39762
-61.18434
-61.97401
-63.69798
-62.84987
-64.11214
-62.39322
-65.33945
-58.08542
-53.57420
-57.95437
-61.49465
-64.27741
-69.32819
-59.72016
-52.28632
-53.38461
-54.34048
-54.77369
-56.13124
-56.51030
-57.82440
-58.21074
-59.85813
-59.54957
-60.89339
-60.22493
-62.39770
-61.40947
-64.63238
-60.01895
-53.36418
-55.97367
-60.32490
-61.10890
-63.69720
-63.94827
-63.97805
-64.43891
-63.32702
-65.23796
-56.24627
-54.14371
-59.51799
-62.25357
-63.81901
-66.62646
-55.91769
-52.14337
-54.52293
-55.18548
-56.52316
-56.62532
-58.25339
-58.76196
-59.64431
-61.06052
-60.99387
-62.85668
-62.04757
-65.05039
-62.42084
-68.22059
-57.15857
-52.73219
-56.71898
-59.06180
-60.45610
-61.47450
-61.30745
-63.17566
-61.74151
-62.23209
-61.97936
-54.54439
-55.43066
-60.67477
-60.79191
-63.09554
-61.44943
-52.55937
-51.98987
-54.08485
-53.77982
-56.27336
-55.87913
-57.70185
-58.42916
-59.40142
-59.62243
-60.43590
-60.29552
-60.76685
-61.93255
-61.42986
-64.65751
-53.80634
-53.70421
-58.96701
-61.50408
-63.98247
-62.14577
-62.25041
-62.44396
-61.77677
-63.70858
-60.35782
-54.01983
-56.92512
-61.99236
-61.49610
-66.32808
-60.10650
-52.08643
-52.98240
-54.51485
-54.68509
-56.46889
-56.30906
-58.30627
-58.02226
-59.39832
-59.31043
-61.31839
-60.06683
-61.59519
-61.46337
-63.10200
-62.45615
-53.16967
-55.10226
-59.88531
-62.30958
-65.80301
-64.99246
-65.71952
-65.98390
-63.67643
-67.27012
-58.07092
-53.65264
-58.70382
-62.84508
-64.71391
-67.90333
-58.35360
-53.00000
-54.98295
-55.57267
-56.04691
-57.20457
-57.87303
-58.97728
-59.05211
-60.73807
-60.97610
-63.47400
-61.96337
-64.44308
-62.75129
-66.87316
-59.34344
-53.29514
-56.93457
-60.49770
-62.95639
-66.38819
-65.40240
-65.07637
-63.92050
-63.65027
-66.36189
-55.95120
-54.38375
-60.88349
-62.21651
-65.82206
-65.78822
-55.36448
-52.69076
-53.65384
-53.44902
-55.29673
-56.34892
-57.76078
-58.61294
-59.36585
-60.41856
-60.50302
-61.11676
-61.44911
-63.08435
-61.57056
-65.24049
-55.93392
-53.38485
-57.37227
-60.21823
-63.72338
-64.57167
-63.90809
-65.56978
-64.46464
-63.67047
-62.18308
-54.29837
-55.60876
-61.34542
-62.46159
-67.28315
-63.23672
-54.43076
-53.23312
-54.27275
-54.58894
-56.86394
-56.74167
-58.35609
-58.32997
-59.39714
-59.99621
-61.24201
-61.07383
-62.34770
-62.63166
-63.38938
-64.13064
-54.41259
-54.85822
-59.23939
-60.68443
-63.79536
-64.81279
-63.87775
-64.93813
-64.09324
-67.78571
-60.07783
-53.68864
-57.54673
-62.62094
-63.15321
-67.98941
-60.17975
-53.14600
-53.26592
-53.95090
-54.83402
-56.72487
-56.54896
-57.12187
-57.39834
-60.09037
-60.41888
-62.46348
-61.95844
-64.14900
-62.76444
-64.74036
-61.46585
-53.35073
-55.66118
-59.41656
-61.49902
-64.21708
-64.00303
-63.97171
-64.60440
-63.82971
-67.52562
-57.54533
-53.94451
-59.47696
-62.77579
-65.20962
-68.37570
-57.62905
-52.02978
-53.15710
-53.49128
-55.73631
-57.10582
-57.33887
-58.84002
-58.74934
-60.11872
-60.31510
-62.27913
-61.28363
-64.14430
-61.86763
-67.50455
-58.15096
-53.31936
-57.47018
-60.87097
-63.64034
-67.17851
-65.69422
-66.05021
-65.74864
-66.24424
-66.88718
-55.68387
-54.96733
-61.58455
-63.60800
-67.87242
-68.98845
-53.86793
-53.18885
-54.51624
-54.19985
-56.85951
-55.87693
-57.58146
-57.62852
-58.92572
-58.81141
-60.31433
-61.69917
-61.81336
-63.29735
-62.18617
-66.91348
-55.64883
-53.34533
-60.40161
-61.22817
-64.43526
-66.69249
-63.65029
-66.32758
-65.52917
-70.83762
-64.34666
-54.37515
-56.47627
-63.10255
-64.35844
-71.86487
-64.14955
-54.80786
-51.92737
-54.58648
-55.72888
-56.19189
-57.11741
-58.15987
-58.36518
-59.57313
-60.18090
-61.79983
-62.26338
-63.90914
-64.14927
-65.45831
-65.62208
-54.07772
-56.17010
-60.20927
-62.43951
-66.90345
-63.47267
-63.98339
-64.19107
-62.80576
-64.45427
-58.86117
-53.61969
-58.27827
-63.71563
-64.72835
-72.39396
-59.79092
-52.34134
-52.64330
-54.25287
-55.23450
-56.04347
-56.88943
-57.94647
-57.86939
-59.76620
-59.76356
-61.45953
-60.01709
-61.66016
-60.74977
-64.14769
-59.95914
-53.30764
-56.19604
-59.65007
-62.35309
-63.96366
-63.60535
-63.36252
-63.51974
-63.10305
-65.94772
-56.73441
-54.14326
-60.26628
-63.18076
-65.90762
-70.18520
-57.50829
-52.46382
-53.76713
-54.21975
-55.34507
-55.59482
-57.15944
-57.77017
-58.96095
-60.08674
-59.91106
-61.11768
-60.15421
-62.60461
-60.89605
-66.49469
-57.37162
-54.03583
-57.78499
-60.23014
-63.88464
-64.62934
-63.97534
-64.10226
-63.74863
-64.47313
-64.88514
-54.65957
-55.31792
-61.36563
-62.88205
-66.10349
-64.88918
-56.42568
-52.82152
-54.59129
-54.93170
-56.71988
-57.29067
-59.04092
-59.05481
-59.94521
-60.13174
-60.90884
-62.64351
-62.99765
-64.94893
-64.23455
-68.25288
-55.62205
-54.21257
-57.74200
-60.35755
-62.16062
-62.60162
-62.69688
-63.47380
-62.42020
-64.45220
-60.45177
-53.66488
-57.00819
-61.17057
-62.48320
-64.83923
-61.91143
-53.63482
-52.53269
-54.69263
-54.98102
-56.01663
-56.30213
-58.15048
-58.20501
-59.45855
-58.59713
-59.98763
-59.96932
-61.86876
-62.37563
-64.72875
-63.16151
-54.43964
-55.28692
-59.61955
-61.53816
-63.00690
-63.89036
-63.13651
-65.05779
-63.38956
-67.70222
-57.59910
-54.07007
-59.13181
-62.33230
-65.29044
-67.79989
-59.04807
-52.19033
-53.67114
-54.91509
-55.58987
-56.47674
-57.08938
-58.29247
-58.30911
-60.37908
-60.29401
-62.11517
-60.95179
-63.02127
-61.21803
-65.02316
-59.93687
-53.88235
-56.15003
-61.33489
-63.40935
-64.60325
-67.98451
-68.38624
-69.53015
-66.48680
-69.30001
-55.54856
-54.32506
-61.66167
-62.58345
-70.01245
-71.90299
-55.19948
-51.98110
-55.00266
-55.65047
-57.28376
-57.40697
-58.96890
-59.16467
-60.04032
-60.41505
-60.94142
-61.85442
-61.57649
-64.20561
-62.43789
-67.66438
-56.92002
-54.08381
-58.09360
-61.74812
-63.95557
-66.15055
-65.61404
-69.88129
-68.33998
-71.73407
-66.80582
-54.75080
-55.75121
-62.93539
-64.51183
-74.26724
-66.35508
-51.23494
-51.39239
-54.39710
-54.90240
-57.25603
-56.34276
-58.06440
-58.18679
-60.27549
-59.58845
-61.03449
-61.07389
-61.83650
-61.93467
-62.14667
-62.51948
-53.75466
-53.91735
-58.31941
-61.59291
-64.91091
-64.44207
-65.17688
-69.91413
-66.00359
-66.82560
-59.33474
-53.56552
-57.02189
-62.35381
-62.34635
-70.32900
-57.28341
-50.17083
-52.84887
-54.58207
-55.40625
-56.15767
-56.01068
-57.79937
-57.73786
-59.44953
-59.19537
-61.01126
-60.47018
-62.85536
-61.82066
-65.50474
-61.34072
-53.37545
-55.77558
-60.47132
-62.53136
-64.58980
-63.76592
-63.70975
-64.29290
-63.95246
-68.50462
-57.77359
-53.83207
-59.22101
-62.57621
-63.73661
-71.72364
-54.86394
-50.31141
-53.87592
-55.20496
-56.96121
-57.12151
-57.24695
-58.34437
-59.13585
-60.72931
-61.08440
-63.46316
-62.10180
-65.97625
-62.78067
-66.68837
-58.64690
-53.40512
-57.45230
-62.12060
-65.21354
-67.82706
-67.78065
-70.11624
-70.00833
-71.53315
-71.53614
-56.13150
-54.85910
-61.36121
-61.97152
-65.94727
-65.57720
-52.90989
-51.50822
-54.10094
-55.66720
-56.96090
-56.18396
-58.62774
-58.51176
-59.90486
-60.01945
-61.19664
-62.15769
-62.21775
-63.19437
-62.78507
-66.87806
-55.45733
-53.80958
-59.17966
-62.38360
-64.81858
-66.10741
-66.42140
-68.26478
-65.95278
-67.96886
-63.36226
-54.07592
-56.17714
-62.62129
-63.75711
-68.75458
-62.46648
-52.16287
-52.03888
-56.10585
-55.63075
-56.53174
-55.85935
-57.24107
-57.79439
-59.45217
-59.85359
-62.10223
-61.98808
-63.10318
-63.44580
-63.35226
-63.68942
-54.21706
-54.77867
-60.85579
-62.93846
-65.15711
-64.83541
-63.74458
-66.61856
-65.41772
-74.79340
-60.39446
-53.92556
-58.04653
-63.62450
-64.03935
-81.61047
-58.28835
-51.67100
-55.15281
-54.21691
-56.18942
-58.02215
-57.72632
-59.64526
-59.46444
-61.05749
-60.07865
-61.81449
-60.84801
-63.78782
-61.76911
-66.05244
-59.59867
-52.93316
-56.64046
-59.87427
-62.71909
-67.30710
-64.82014
-66.18003
-65.57939
-65.37553
-67.58784
-56.82328
-53.89151
-60.28327
-62.49581
-64.65488
-69.89843
-54.50337
-51.48314
-54.12488
-54.81814
-55.77014
-56.08721
-56.71594
-57.68853
-58.43326
-59.61531
-60.01234
-61.20923
-61.18725
-62.51954
-61.23974
-64.62521
-57.19200
-53.11507
-57.29826
-61.01384
-62.83920
-64.94199
-64.45719
-66.06084
-64.92664
-65.43427
-63.71530
-54.57299
-55.28369
-61.47111
-63.13366
-67.92348
-64.48094
-53.96459
-52.92052
-54.41675
-54.41812
-56.77585
-57.10043
-58.78594
-58.51796
-60.41508
-60.53221
-60.74947
-61.28002
-61.56024
-62.79061
-62.14183
-64.77337
-54.59219
-53.45980
-59.48788
-59.85900
-61.99611
-63.39595
-63.55439
-64.34511
-62.15339
-65.11570
-60.02009
-53.87677
-57.04577
-61.23869
-61.61754
-64.05050
-60.30386
-53.55062
-52.63438
-54.88448
-55.22105
-56.91583
-57.06309
-58.87379
-59.20999
-61.73988
-61.29732
-62.92368
-62.56143
-64.48510
-64.50566
-66.33998
-64.13888
-53.24738
-55.16728
-59.08548
-60.31498
-62.33799
-62.24995
-63.08135
-63.95430
-62.61796
-65.82531
-57.69284
-53.95004
-58.25623
-61.55327
-62.55626
-65.70854
-57.81379
-52.57545
-53.85811
-54.07329
-55.44706
-55.65163
-56.63818
-58.30121
-58.73433
-59.97512
-59.94418
-61.92195
-60.63076
-63.86287
-62.01969
-67.22327
-58.84173
-53.27234
-57.44500
-59.81166
-62.43165
-65.09803
-63.76402
-64.03831
-64.32194
-64.62247
-66.85797
-55.89652
-54.98475
-60.41441
-62.81275
-66.62549
-66.76240
-57.02107
-52.65543
-54.42616
-54.38113
-55.81770
-56.28748
-58.33836
-58.89301
-59.82447
-60.74066
-60.62386
-61.57686
-61.18568
-64.11852
-62.16054
-67.34900
-57.15656
-54.49983
-57.45423
-61.99309
-65.25221
-65.33948
-66.90745
-68.15216
-67.56896
-66.97309
-64.91228
-53.83938
-55.82567
-63.26951
-62.94968
-74.44761
-65.00701
-55.19324
-54.86922
-55.60982
-55.38248
-57.28546
-57.44979
-59.36582
-60.07550
-61.46684
-61.22509
-62.20109
-61.85354
-62.64646
-63.41508
-64.21455
-66.04804
-55.34997
-54.76894
-60.57371
-63.10322
-65.58512
-68.60549
-67.87349
-71.42241
-67.87637
-75.69572
-61.97066
-53.93950
-57.85081
-63.72089
-66.62252
-80.39649
-62.98443
-53.96414
-55.21149
-55.63916
-55.31311
-56.93595
-57.03015
-58.78074
-58.81795
-60.03778
-59.77909
-61.78101
-59.90472
-60.79341
-60.34961
-63.43551
-59.60779
-52.98164
-55.47690
-59.29589
-61.86612
-63.13811
-62.45190
-62.98125
-64.62212
-62.63907
-65.02200
-56.59994
-53.68828
-59.01748
-61.84853
-63.92540
-66.92128
-58.34587
-53.71140
-54.99957
-53.95202
-54.67166
-55.82775
-57.13579
-57.87439
-58.25454
-59.71128
-58.79903
-61.02525
-60.45337
-63.13900
-62.51605
-67.37801
-58.10366
-53.14222
-58.13206
-61.60841
-62.37205
-64.53556
-63.53957
-64.14962
-64.67769
-65.19997
-66.64345
-55.24935
-54.80399
-61.24543
-61.82985
-64.48399
-64.99458
-55.70406
-53.21777
-54.99494
-54.03163
-55.54810
-56.17336
-57.90696
-58.69500
-59.28644
-59.77882
-60.45817
-61.68442
-61.44943
-64.61437
-63.20173
-66.88199
-56.05087
-54.07263
-59.08891
-61.43951
-63.94550
-66.15860
-67.49939
-69.47380
-67.80259
-70.99690
-64.88146
-54.32203
-56.41174
-62.93553
-64.25041
-68.55530
-62.83390
-55.13151
-55.19822
-55.77048
-54.85793
-57.39884
-57.33586
-58.78860
-58.52577
-60.63317
-60.31468
-62.08500
-61.67124
-62.93349
-63.90620
-64.49967
-64.76699
-54.29340
-55.33654
-60.33224
-62.75808
-66.33690
-68.46953
-68.82785
-70.12616
-66.71142
-72.46340
-59.96415
-53.95925
-58.45132
-64.08578
-65.56348
-77.64325
-59.94150
-53.85916
-54.28128
-53.50059
-54.97606
-55.67613
-56.87072
-57.86189
-58.58404
-60.80889
-60.77408
-62.31579
-61.41643
-62.88393
-61.64043
-64.45858
-60.95637
-53.24837
-56.27116
-63.00126
-63.03199
-67.50007
-67.66703
-70.41569
-73.22147
-69.82274
-73.72028
-56.82339
-54.44837
-60.53080
-64.41610
-69.49625
-74.83549
-57.38065
-51.08146
-53.64308
-55.60215
-55.70468
-57.26588
-58.47761
-58.48698
-59.68703
-60.81689
-61.92670
-63.20286
-63.52654
-64.51734
-65.55778
-66.46998
-66.03150
-66.20432
-65.84702
-68.16843
-67.47993
-68.14793
-65.64861
-66.74838
-65.54873
-66.85840
-66.91842
-69.12729
-68.36870
-71.26095
-69.83632
-75.31184
-71.92770
-55.11235
-54.55909
-56.17127
-56.11309
-57.90711
-57.75807
-58.80694
-59.52311
-61.15255
-61.17128
-62.47101
-63.35392
-63.84787
-64.54324
-63.51064
-66.69827
-55.32458
-54.66729
-59.80002
-62.46398
-67.41069
-69.23809
-69.03643
-71.41152
-69.10289
-76.71360
-64.73552
-54.13132
-57.13464
-63.62459
-65.17627
-74.89918
-62.84920
-53.45507
-53.24938
-54.09464
-55.02541
-57.01530
-57.53205
-59.62534
-59.40939
-61.62710
-61.02759
-62.62176
-61.55173
-63.63267
-63.31033
-65.94107
-64.14874
-53.81417
-55.68003
-60.98322
-62.44683
-66.64308
-69.34973
-68.94969
-71.63930
-69.72888
-81.23826
-60.14462
-53.94780
-59.53310
-63.88665
-68.22204
-77.49322
-59.92860
-54.56849
-55.91553
-56.08148
-57.00913
-57.66513
-58.33640
-59.34925
-59.86464
-61.71136
-61.17528
-63.70970
-62.42574
-66.19654
-64.06706
-70.39315
-60.64162
-53.61929
-56.96218
-61.16153
-64.86743
-69.46601
-69.76317
-72.83661
-73.14620
-72.80361
-81.25530
-56.90372
-54.58295
-61.45120
-64.88421
-70.37752
-74.84483
-55.20132
-51.94686
-54.92398
-54.99382
-56.85254
-57.35621
-58.60842
-59.30611
-60.69885
-61.74262
-62.44278
-64.07194
-63.32574
-66.24484
-63.97440
-69.81430
-56.91438
-53.71636
-58.93322
-62.79832
-67.75755
-69.64175
-70.44742
-72.54044
-71.05944
-76.08220
-70.05635
-55.01469
-55.89296
-63.53543
-65.35690
-76.98217
-66.53119
-55.50903
-54.44519
-56.31922
-56.03745
-57.61780
-57.77361
-59.57936
-59.32144
-60.87868
-61.20745
-62.78406
-63.05578
-64.25811
-64.43995
-65.16641
-67.64646
-54.88554
-54.69519
-59.77288
-63.06260
-66.10052
-69.55980
-72.77459
-77.52026
-72.06103
-87.80189
-62.77746
-53.97869
-57.71687
-64.19723
-66.59383
-86.95618
-61.46975
-52.55649
-54.15256
-55.20815
-55.66778
-57.92728
-57.80924
-59.49930
-59.55309
-61.49274
-61.61081
-63.76829
-63.03075
-66.78386
-64.87197
-69.23620
-63.32447
-53.53006
-56.33061
-61.36135
-64.53234
-70.44342
-71.00969
-71.23365
-72.49351
-70.38620
-78.83274
-58.56458
-54.02555
-60.02354
-65.05294
-68.81967
-84.04362
-58.08335
-52.24566
-53.95594
-54.79038
-57.02195
-57.37858
-58.46889
-59.53160
-59.89013
-61.39807
-61.31055
-63.40759
-61.32728
-62.55997
-61.11781
-65.78852
-57.23622
-52.88975
-56.95583
-60.47886
-63.74206
-65.10259
-63.17637
-62.65685
-62.89721
-63.37022
-64.85574
-55.58604
-54.73146
-61.22773
-64.29354
-70.66246
-71.40929
-55.30509
-51.95902
-54.49418
-55.22080
-57.37283
-57.46008
-58.28766
-58.15425
-59.89936
-60.62263
-61.42372
-62.86848
-62.10889
-65.39965
-63.98476
-70.77839
-55.93136
-53.94006
-59.33282
-62.70695
-67.69454
-68.03717
-66.65929
-67.58054
-66.43256
-72.39199
-65.74197
-54.20662
-56.42900
-61.57033
-62.33368
-68.18153
-63.46773
-52.87605
-52.18931
-54.26626
-54.64560
-57.95349
-57.79664
-59.84509
-59.85965
-61.74021
-61.45349
-62.92489
-62.54919
-64.16837
-64.09832
-65.44614
-66.59482
-54.23009
-54.61817
-59.87801
-63.63566
-68.72930
-71.47406
-70.62088
-71.77827
-68.30496
-76.55052
-60.65263
-53.98611
-58.48199
-62.92863
-63.77088
-70.71541
-59.19465
-51.94152
-53.32920
-54.75985
-56.53470
-57.84525
-57.63516
-59.35241
-59.49942
-61.37604
-61.58050
-63.95761
-62.46676
-65.72897
-63.14144
-68.32137
-61.88068
-53.48126
-56.44390
-60.61859
-64.95353
-70.58122
-70.27898
-71.68473
-69.65980
-67.99518
-72.91466
-57.71906
-54.07646
-60.84030
-64.10516
-71.06857
-71.40638
-57.10804
-52.70876
-53.98136
-55.98644
-56.76236
-57.58258
-58.52241
-59.24424
-60.45662
-61.94422
-61.79515
-63.88022
-62.89587
-66.76422
-63.92240
-73.59246
-57.81074
-54.01683
-59.07471
-60.61163
-70.11666
-71.02120
-71.10061
-75.03224
-73.25954
-77.81115
-75.40133
-55.43729
-55.31968
-62.77000
-64.85648
-71.66358
-70.52724
-53.34283
-51.91463
-56.21016
-54.85624
-57.19909
-57.17051
-59.24235
-59.57557
-60.97259
-60.96058
-63.21860
-63.51001
-64.62938
-65.84073
-65.87322
-69.67699
-56.25611
-54.66818
-58.62575
-65.76182
-66.84910
-71.11936
-71.00486
-72.64963
-71.29157
-82.20026
-65.25619
-54.03044
-57.35571
-63.39121
-66.03830
-80.45847
-63.39601
-53.67560
-53.31709
-55.08974
-55.76685
-57.35581
-57.75627
-59.33222
-59.36046
-61.73046
-61.19224
-62.90894
-62.53076
-64.11706
-64.28822
-67.39296
-64.42126
-53.94926
-55.36266
-60.25345
-62.93627
-67.82862
-70.26598
-69.73591
-71.07062
-68.76883
-80.83233
-59.68668
-53.80047
-59.10731
-64.49441
-67.07722
-84.20884
-58.67945
-52.52872
-54.90650
-55.18437
-56.44679
-56.94293
-57.83560
-59.66300
-59.56109
-61.44483
-61.33984
-63.74052
-62.95755
-66.52595
-63.87833
-70.47930
-60.38705
-53.66765
-57.82607
-62.16149
-65.19606
-68.56303
-69.98421
-71.18938
-71.85916
-71.57003
-76.83698
-56.58867
-54.55491
-61.32126
-64.27863
-70.23198
-72.60996
-57.12811
-52.48353
-54.73427
-55.06274
-56.61015
-57.13968
-58.50073
-59.15991
-60.59425
-61.79391
-62.17262
-63.80581
-63.41274
-66.39686
-63.85704
-71.00644
-56.79256
-53.77757
-58.63645
-61.90901
-66.38074
-71.20874
-69.01613
-73.97910
-71.80119
-77.99049
-70.19797
-54.99306
-55.88181
-63.33130
-65.00473
-77.07147
-67.37000
-53.23910
-53.45105
-56.55475
-55.94054
-57.42733
-57.66759
-59.09643
-59.65359
-61.69653
-61.19429
-62.85253
-62.45890
-64.84282
-65.34304
-66.12817
-68.71519
-54.89529
-54.94442
-60.63420
-64.32745
-70.00495
-72.23904
-72.67279
-77.27577
-71.45716
-83.24340
-63.48849
-54.00656
-57.96170
-63.66751
-66.76997
-76.77501
-62.09284
-53.12001
-52.91318
-54.91276
-55.78537
-57.38113
-57.84989
-59.82565
-59.60199
-62.21734
-61.82496
-63.74349
-62.79460
-65.02958
-64.42566
-67.56026
-62.86719
-53.41982
-55.95882
-61.22561
-64.35289
-69.30025
-70.43678
-71.01599
-72.11995
-69.21216
-83.34083
-58.62660
-54.01119
-60.10617
-64.17396
-69.33112
-77.10929
-58.70088
-52.34095
-54.54121
-55.01780
-56.08067
-57.37536
-57.75942
-59.09615
-59.30583
-61.33150
-61.00913
-63.26124
-62.98934
-66.73539
-64.43215
-71.85865
-59.91634
-53.70014
-57.91306
-62.46080
-66.29694
-71.24480
-69.48586
-70.08782
-69.93776
-70.59657
-72.69647
-56.05420
-54.93469
-62.03986
-64.47262
-72.00799
-68.11539
-55.19580
-52.29265
-55.32863
-55.80247
-56.77641
-57.87405
-58.36060
-59.39509
-60.64479
-61.45040
-62.22336
-61.52693
-59.67804
-60.77792
-61.54915
-65.34898
-55.15420
-53.54590
-58.62617
-62.60391
-65.72346
-65.27662
-63.33141
-62.60536
-62.20036
-63.56818
-62.07686
-54.34313
-56.49878
-62.85553
-65.18628
-73.65144
-64.78109
-52.82004
-52.59480
-56.35441
-55.94309
-56.82963
-56.87803
-58.60785
-58.04738
-60.65237
-59.87301
-62.49262
-61.72354
-62.41688
-63.60978
-64.67901
-66.59692
-54.38625
-55.12051
-61.25190
-64.98178
-67.03376
-67.52946
-66.24201
-68.62904
-67.26107
-77.76870
-60.95623
-53.76741
-58.44840
-63.36256
-65.26604
-74.45557
-59.92072
-51.88982
-54.44166
-56.06328
-55.83658
-57.27574
-57.07292
-58.87855
-58.70967
-60.99940
-61.08244
-63.00495
-61.87897
-64.79281
-62.69967
-66.88012
-61.64670
-53.55143
-56.71398
-62.44150
-66.07168
-68.92112
-70.23231
-68.52112
-68.06028
-66.74817
-71.77989
-57.37489
-54.42346
-60.82307
-63.94244
-67.50789
-71.58044
-56.94753
-52.48406
-55.46002
-55.67053
-56.88830
-57.10282
-58.69367
-59.53351
-60.33816
-61.31211
-61.19876
-63.56977
-62.67554
-66.04104
-63.06983
-71.30149
-57.79952
-53.74100
-58.21738
-63.05740
-66.88350
-69.18356
-70.54583
-73.05491
-69.87094
-71.78603
-70.15654
-55.32551
-55.30412
-62.64374
-64.60512
-74.79506
-67.73702
-53.29553
-53.68708
-55.48494
-55.10680
-57.84991
-57.19642
-59.73259
-59.41364
-61.67035
-61.46496
-62.70581
-63.28790
-64.01382
-65.40153
-64.70866
-70.95592
-54.88921
-54.09391
-60.48586
-62.26079
-69.56057
-72.57923
-71.11234
-76.98552
-71.83405
-84.93554
-65.84395
-54.26339
-57.07041
-64.31532
-65.72811
-80.60660
-64.20472
-54.96996
-53.55656
-54.75518
-56.61166
-57.50388
-58.18583
-59.79945
-59.99763
-61.46115
-61.89322
-63.51906
-63.25764
-65.65825
-65.76726
-67.68021
-67.53427
-57.37491
-59.75206
-64.05625
-65.27763
-74.63021
-69.97439
-74.70868
-73.81043
-76.92962
-75.79390
-76.39880
-79.50577
-77.65123
-91.16786
-75.04552
-80.85928
-59.44374
-53.26965
-54.84554
-55.47530
-56.98922
-57.19187
-58.40417
-59.43126
-60.42817
-61.33717
-62.44682
-63.22930
-63.58285
-64.58189
-64.60504
-66.31556
-66.51500
-67.79603
-68.25763
-69.28717
-69.57862
-72.00569
-71.29421
-71.31242
-71.33145
-73.34199
-74.94386
-74.26287
-73.24942
-71.38341
-75.31038
-71.66957
-81.72621
-58.97703
-53.68261
-55.27194
-55.77348
-56.94506
-57.58677
-59.30476
-59.53987
-60.62341
-61.80234
-62.40209
-63.37478
-63.99991
-64.64726
-64.97613
-65.93662
-66.88194
-68.81626
-68.23719
-68.98450
-67.94020
-69.89388
-68.87818
-71.64190
-70.78506
-72.81541
-71.93061
-74.23185
-73.37617
-74.34629
-73.81779
-78.59890
-72.33238
-55.01537
-54.04818
-55.12613
-55.49742
-56.84818
-57.46639
-58.83073
-59.45541
-61.39995
-61.98018
-63.20759
-63.69548
-65.29897
-65.54847
-66.28804
-66.61567
-67.94410
-69.44241
-70.29645
-70.98921
-72.37541
-74.10094
-72.82181
-73.11813
-71.58050
-72.83332
-71.97773
-78.46082
-76.95787
-83.22188
-75.93910
-82.14862
-65.69694
-54.11853
-54.20695
-55.55801
-56.22205
-57.27195
-57.82128
-59.23481
-59.93201
-61.29416
-61.32483
-62.66800
-63.62163
-64.80689
-65.07944
-67.31938
-67.19856
-68.54741
-68.89461
-69.19287
-70.37501
-72.04565
-71.37584
-72.91362
-74.58314
-72.76066
-73.05023
-71.56661
-72.19455
-71.88531
-83.16430
-72.65531
-89.15661
-58.99516
-53.18909
-54.76304
-55.01366
-56.63264
-57.20953
-58.85713
-59.43192
-60.73199
-61.34240
-62.21306
-63.51933
-64.18568
-65.75277
-66.38698
-67.82748
-68.35310
-70.24355
-69.53304
-71.60491
-71.34637
-74.49415
-72.81905
-73.10178
-72.80086
-72.91244
-71.62297
-70.79895
-70.83173
-69.19024
-72.80625
-78.40063
-88.44681
-56.50334
-53.40852
-55.16118
-55.38909
-57.10506
-57.56039
-58.44638
-58.99821
-60.55898
-61.06427
-62.24785
-62.66534
-63.81026
-64.84607
-65.98231
-66.72229
-67.53500
-68.65613
-68.77373
-70.87595
-72.47267
-72.85879
-70.89603
-70.72089
-70.48747
-70.63597
-70.40427
-70.41730
-70.19935
-70.84879
-70.77134
-70.19232
-67.75048
-66.66024
-67.95531
-69.34035
-69.61476
-69.87802
-69.10987
-70.18117
-72.14689
-71.94914
-71.91269
-69.85554
-66.94419
-66.15519
-67.72787
-69.89408
-69.25972
-68.01499
-68.46439
-69.59923
-69.70516
-69.00325
-67.25093
-65.70455
-65.59123
-66.20447
-68.41768
-70.71363
-72.00818
-70.83104
-70.58332
-69.09732
-68.82260
-65.30297
-63.74042
-65.22465
-66.81503
-69.56936
-69.19829
-68.04366
-67.35007
-68.79249
-68.49122
-69.30717
-69.55786
-68.64486
-69.20816
-72.10238
-74.42046
-74.30419
-73.61822
-73.21713
-73.63711
-71.18461
-70.27164
-68.07567
-68.37389
-69.20753
-70.99939
-72.50615
-72.42624
-71.73242
-70.62023
-69.38789
-69.52380
-71.64664
-67.77394
-64.99741
-64.49517
-67.07469
-68.74778
-68.92937
-70.32742
-69.95531
-71.08610
-74.72583
-75.52062
-75.65439
-75.69919
-75.04283
-78.58174
-78.24281
-80.03845
-80.34972
-80.59548
-80.02620
-78.10697
-76.99879
-73.05286
-71.15515
-72.62852
-73.78885
-74.22562
-74.15430
-74.92209
-75.48689
-75.13836
-75.39721
-69.52939
-65.65425
-65.24209
-66.60044
-68.13878
-70.38137
-73.13860
-73.04487
-72.71109
-73.51818
-74.82786
-75.36102
-74.84816
-74.41862
-75.40808
-76.38686
-76.38531
-76.73023
-76.72447
-77.14765
-76.21778
-76.60279
-75.48723
-75.02275
-74.34942
-74.12183
-75.36863
-78.90277
-78.94659
-80.95706
-81.29790
-83.24246
-82.34445
-69.01737
-66.70342
-65.66075
-66.30917
-68.73553
-70.22680
-72.84101
-72.96167
-73.00916
-73.75242
-76.11672
-76.26245
-75.85109
-76.00658
-76.36365
-77.82731
-78.00674
-79.26535
-79.59841
-81.17041
-81.01141
-84.20287
-79.22938
-75.82130
-76.03290
-76.53165
-77.21483
-77.68099
-77.45021
-77.77952
-79.87715
-78.85043
-82.86731
-69.20756
-66.62968
-64.85727
-63.92146
-66.79737
-68.31169
-70.48854
-71.62741
-72.43918
-72.37351
-74.99867
-74.50757
-74.89769
-75.29408
-75.93893
-76.41714
-76.85582
-76.32949
-76.91106
-77.92613
-78.61985
-80.04162
-74.98713
-73.79006
-73.95870
-74.72173
-75.85777
-76.77023
-77.82032
-79.01463
-80.01498
-81.93665
-82.97898
-82.64129
-80.12726
-77.37202
-76.68080
-75.92120
-75.55089
-75.93357
-75.26750
-76.64621
-83.26927
-85.01522
-80.54111
-79.88614
-80.25268
-80.70606
-80.86870
-81.10773
-81.28264
-81.55018
-82.28125
-83.43526
-84.07189
-84.63539
-84.43347
-83.28422
-84.12670
-84.36248
-85.25454
-85.01023
-85.21516
-84.86709
-85.81819
-85.44176
-83.70707
-79.73513
-77.25700
-77.82292
-77.90173
-78.47557
-78.96792
-80.49563
-81.50025
-83.50973
-85.44607
-86.60555
-87.24378
-87.29803
-87.86265
-87.71959
-88.44952
-87.81684
-87.75275
-86.67684
-86.83158
-86.31595
-85.37955
-83.35236
-82.53847
-83.14316
-83.92027
-84.90029
-85.97314
-87.70644
-88.64584
-90.37236
-91.99585
-93.13657
-93.19401
-90.86378
-88.49159
-87.58940
-86.72336
-85.97194
-85.87551
-87.25197
-90.17299
-93.19245
-93.23051
-90.53274
-90.11250
-90.68358
-91.35937
-91.78248
-92.23479
-93.20105
-93.22596
-93.79863
-94.48090
-94.63929
-96.54346
-98.38951
-96.93743
-96.60122
-95.45117
-95.20827
-95.40566
-97.90936
-98.91565
-95.89061
-94.56254
-93.12925
-90.90494
-88.87761
-89.10595
-89.32827
-90.12775
-90.83626
-92.08323
-92.81126
-94.74481
-97.39566
-99.17617
-100.74220
-99.69863
-100.19283
-98.82708
-99.22744
-98.86691
-102.21087
-100.42067
-98.18768
-96.76732
-96.13900
-94.76347
-94.58826
-95.35603
-96.65818
-97.77334
-99.40289
-100.87491
-101.27324
-102.71621
-104.01758
-95.67018
-85.82162
-77.34210
-69.57993
-64.25347
-61.43136
-61.28199
-62.33060
-62.94671
-63.74938
-64.98235
-66.81614
-70.54062
-76.32566
-79.56262
-77.12215
-73.49718
-70.97703
-68.66273
-65.15516
-61.86175
-60.38833
-60.26253
-60.88994
-61.89068
-63.09183
-64.37689
-65.88520
-67.47698
-67.68722
-66.93685
-65.64202
-65.19161
-65.83489
-66.14253
-66.52714
-66.01286
-65.16959
-65.27994
-65.03328
-64.02748
-63.26848
-63.04310
-63.04854
-63.24378
-63.37588
-63.61891
-63.88236
-64.32919
-64.99974
-65.66145
-66.69239
-67.94170
-69.77737
-71.15342
-72.26098
-76.11150
-79.13815
-75.40485
-71.00643
-67.98521
-65.92033
-64.57350
-63.83305
-63.63683
-63.93650
-64.56420
-65.00721
-65.86933
-67.25299
-68.65069
-71.03156
-75.31332
-82.11217
-78.48885
-73.47670
-70.81298
-69.07455
-68.25016
-67.29739
-66.50026
-65.81732
-65.32646
-64.94221
-64.88518
-65.48983
-66.89536
-68.81443
-71.20932
-72.62131
-72.26833
-71.49583
-71.46960
-71.91933
-72.39536
-73.26415
-74.92616
-77.02698
-77.77155
-78.32892
-78.86177
-78.33398
-77.17415
-75.35403
-74.02188
-73.37507
-73.68608
-74.65081
-75.75734
-76.86478
-77.22495
-77.55810
-77.52154
-77.95161
-77.42709
-77.74681
-77.55311
-77.08879
-77.02236
-77.74314
-78.80347
-80.22980
-81.77692
-82.24491
-81.92528
-81.39312
-79.58995
-79.00191
-79.54327
-80.21722
-78.98738
-80.11989
-78.49119
-72.41788
-69.80132
-70.24904
-72.60098
-71.79391
-71.02234
-71.09692
-71.85232
-71.81069
-74.43941
-73.67930
-75.84312
-75.58191
-73.94378
-74.20508
-72.48635
-71.39594
-69.32909
-69.63530
-68.57804
-68.62756
-68.54790
-69.64703
-69.95978
-72.64560
-73.09419
-71.72394
-70.39402
-70.45347
-69.52889
-70.16813
-71.92756
-73.28332
-75.60119
-73.99691
-74.51423
-73.39496
-72.51932
-70.32286
-71.32354
-70.69424
-71.93025
-72.72295
-72.78715
-72.10863
-71.42273
-71.51915
-72.31462
-70.80695
-69.90610
-69.98906
-70.57814
-70.41618
-69.68100
-71.81979
-71.70703
-72.94867
-71.51407
-70.06465
-68.37248
-68.55035
-68.73138
-69.92617
-70.42222
-71.66376
-72.97685
-71.07007
-71.50771
-71.81313
-73.07632
-72.46837
-72.53377
-72.28213
-71.10129
-71.62067
-73.21588
-74.30460
-75.04032
-74.89084
-74.18935
-73.85493
-74.74677
-75.34003
-74.21528
-74.33713
-78.74233
-81.56317
-77.45847
-74.29855
-73.10754
-72.42939
-70.49756
-69.86054
-69.58257
-69.99623
-70.73194
-71.36217
-73.98148
-76.43164
-78.07677
-76.70792
-76.15488
-76.98248
-76.32684
-73.00576
-72.19690
-74.85601
-74.81173
-74.35924
-74.46293
-75.02487
-76.62094
-79.12066
-81.88455
-84.29261
-79.65400
-74.71565
-74.56187
-74.44126
-75.06214
-75.99250
-77.70797
-78.35675
-78.39845
-80.10558
-80.75136
-81.31805
-77.24827
-77.88469
-75.51480
-73.88255
-71.28008
-67.96502
-63.83271
-61.22861
-61.27718
-61.50934
-62.14304
-63.53582
-64.50157
-64.76857
-65.11985
-65.05603
-64.88645
-65.12707
-65.88500
-65.92072
-65.38442
-63.70039
-61.82917
-61.06093
-61.47301
-61.81017
-62.75691
-62.76789
-62.69095
-62.56075
-62.13357
-61.64059
-61.09498
-60.12665
-59.63449
-59.66864
-59.39461
-60.54635
-60.18972
-60.79971
-62.15746
-64.08543
-66.38274
-67.04672
-67.36503
-66.56736
-65.95514
-65.86510
-66.16992
-65.77148
-64.96220
-64.21855
-63.06079
-62.27503
-62.67679
-62.65077
-62.34517
-61.96368
-61.66352
-61.80854
-61.69207
-61.45445
-62.06429
-62.56587
-63.81535
-64.76762
-65.73245
-67.08374
-68.29171
-69.50894
-67.91610
-66.35245
-65.83302
-65.41177
-65.44408
-65.77119
-65.63689
-66.24003
-66.06983
-66.25239
-66.72530
-66.90251
-67.35225
-67.64400
-68.36185
-66.78288
-65.62276
-64.60413
-63.56554
-64.24982
-65.33252
-66.30713
-68.30667
-70.56781
-71.89688
-73.36828
-73.37474
-72.11016
-71.86649
-71.46303
-71.22792
-71.07058
-72.18703
-76.31462
-78.15459
-77.24508
-74.77745
-75.83154
-72.29267
-72.41690
-74.52519
-72.87605
-73.03636
-72.26126
-72.53321
-71.65834
-72.69324
-72.17212
-71.72771
-71.58329
-73.14980
-74.64850
-76.37787
-76.32482
-74.83168
-75.42447
-74.24069
-75.17405
-75.01495
-75.68535
-75.68103
-74.57899
-68.77742
-65.78107
-66.03481
-64.77287
-62.95121
-63.10549
-64.49777
-63.51227
-63.30154
-63.11427
-63.45013
-64.74518
-65.70661
-67.58495
-67.40095
-67.12408
-66.31115
-66.58750
-65.33177
-64.57798
-65.32963
-67.04422
-68.61818
-67.65425
-66.63005
-65.82364
-64.15352
-63.15725
-63.02566
-64.07820
-66.24846
-67.83826
-68.79402
-67.35288
-66.59920
-65.61721
-66.08432
-66.01549
-66.63922
-66.43257
-68.68301
-66.11229
-63.92338
-65.63000
-65.99908
-65.44127
-65.60471
-64.95026
-65.58288
-65.75791
-65.00648
-65.24998
-63.12158
-64.20307
-64.53546
-64.77716
-63.70142
-65.75465
-67.43876
-67.10412
-66.08056
-65.76254
-65.54432
-66.38102
-65.81224
-66.02460
-65.87775
-66.76070
-66.38087
-63.82425
-65.07896
-62.45600
-64.99307
-64.39862
-64.29339
-65.15775
-66.20747
-66.99847
-66.49179
-67.43327
-67.84771
-70.31294
-72.58751
-70.93328
-70.26894
-72.53235
-69.39454
-68.75122
-68.36922
-68.37006
-67.00354
-67.18722
-67.01292
-67.30875
-66.85315
-67.26275
-66.53014
-65.36527
-66.19840
-66.45150
-65.84733
-64.20778
-64.79037
-65.53651
-66.37352
-66.65322
-66.96876
-67.90234
-67.90722
-67.40404
-67.18716
-67.46680
-66.90397
-67.00206
-63.42110
-65.08681
-68.05701
-65.26124
-67.62595
-64.97543
-66.32278
-65.57357
-67.10035
-63.59564
-56.17415
-60.27694
-64.38005
-62.40808
-69.28568
-60.90153
-53.23786
-53.45335
-55.34955
-55.33574
-56.90812
-57.35943
-58.53094
-58.96931
-60.95424
-60.48311
-61.74320
-62.37899
-64.81795
-64.87372
-66.55087
-65.06094
-56.94292
-59.77017
-62.23571
-63.42081
-64.85977
-64.88666
-64.99835
-68.05632
-66.63152
-66.08282
-61.57094
-57.80253
-62.02735
-65.24613
-63.48131
-68.48445
-59.88652
-52.97600
-54.13835
-54.71459
-55.88810
-57.04572
-57.79921
-58.40389
-59.00518
-60.14945
-60.25788
-61.97405
-61.83004
-63.82646
-62.92043
-67.13125
-62.07157
-57.97347
-60.28754
-63.00346
-64.82301
-65.41956
-66.29707
-68.27939
-68.31143
-68.82863
-68.72466
-59.26182
-58.46622
-63.95650
-65.96041
-68.04345
-72.25125
-56.73679
-52.92168
-54.63941
-55.10384
-56.82775
-56.91879
-58.00359
-59.20119
-60.19421
-61.24907
-62.22534
-63.10377
-63.79794
-65.50506
-65.19221
-68.36098
-60.52536
-58.22125
-60.95725
-65.81045
-67.30795
-67.92123
-70.49005
-71.98825
-72.80999
-75.00096
-70.14944
-58.52166
-59.94297
-66.60542
-67.97771
-74.29889
-67.10624
-54.97830
-53.65949
-55.59893
-55.78742
-57.30698
-57.67381
-59.34619
-59.51014
-61.12027
-61.21849
-62.71674
-63.23029
-64.54805
-66.06417
-66.54645
-69.33134
-56.21720
-53.19036
-55.36820
-56.30069
-57.63772
-58.26596
-59.13438
-60.35750
-60.59165
-63.07301
-61.26904
-58.06741
-60.58917
-65.06926
-64.59092
-70.07839
-60.03833
-53.20353
-53.81840
-55.67737
-56.68982
-56.88623
-58.21207
-59.30769
-59.77263
-61.45271
-60.97994
-62.65065
-62.03770
-63.64575
-63.51600
-66.84110
-64.45412
-57.43497
-59.49432
-64.77476
-68.64498
-69.17422
-70.01183
-70.37238
-69.83313
-68.41160
-72.39676
-61.98855
-58.09584
-63.49518
-67.91394
-69.10985
-79.39378
-58.33616
-52.42929
-54.32781
-55.39191
-56.52076
-57.14722
-58.26953
-58.86944
-59.90596
-61.35311
-61.31807
-62.89032
-62.77897
-64.97605
-64.27281
-69.33800
-61.73687
-57.49511
-61.20623
-65.84718
-67.44778
-67.29953
-68.33039
-69.82720
-69.54228
-69.48603
-70.88649
-59.44781
-58.78313
-65.30058
-67.45325
-71.92730
-72.58546
-56.07547
-52.70798
-55.65754
-56.13656
-57.20618
-57.68005
-58.59801
-58.97841
-60.59174
-61.20345
-62.12642
-63.27816
-64.16676
-66.15567
-65.69205
-69.89277
-59.31941
-57.97341
-63.13655
-67.00270
-68.72818
-70.84456
-71.27900
-73.38520
-71.36837
-75.83332
-69.34585
-58.42674
-60.28893
-67.80365
-68.86370
-78.78809
-67.61228
-54.51419
-53.67050
-55.92699
-56.39791
-57.52720
-57.91989
-59.38962
-59.83712
-61.18794
-61.69402
-63.46714
-63.59953
-64.84685
-65.53809
-65.99670
-68.04505
-57.38690
-55.25065
-56.63788
-55.82200
-56.67793
-57.78129
-58.47822
-59.46573
-60.22723
-61.49994
-59.83828
-57.40260
-59.98781
-65.20889
-65.02318
-72.00810
-60.46366
-52.76438
-54.24047
-55.71925
-56.11942
-57.11752
-57.97713
-59.23624
-59.71525
-60.98356
-61.63941
-64.09846
-63.13822
-66.17679
-64.87783
-68.02497
-63.44237
-57.16973
-60.26055
-65.20212
-67.30882
-69.83595
-68.79421
-68.32775
-68.93310
-68.02588
-70.83547
-60.22636
-58.25356
-63.95921
-68.18700
-70.32759
-78.45181
-58.20665
-53.00348
-54.55773
-54.91731
-56.77700
-57.24607
-58.76690
-59.84897
-60.13292
-60.45331
-61.14103
-62.54840
-63.21819
-66.39247
-64.74768
-70.31463
-60.70670
-57.14014
-60.60208
-62.86704
-65.85415
-68.35655
-68.17251
-69.81971
-69.55280
-70.23419
-68.98512
-59.27337
-59.36648
-64.85441
-66.15389
-69.78396
-69.54774
-55.89630
-53.72306
-55.94502
-55.88160
-57.21556
-57.48171
-59.12874
-59.53077
-61.05114
-61.03080
-62.13249
-62.95140
-63.82074
-64.85596
-64.67990
-66.75744
-58.96739
-58.18309
-62.53190
-66.04146
-69.13345
-72.14596
-71.47398
-74.63654
-71.14845
-77.56582
-67.08368
-58.20450
-60.62590
-67.55595
-68.46389
-79.30750
-64.57024
-54.33275
-54.18139
-54.79947
-55.87128
-57.31964
-57.68558
-59.34608
-59.33244
-61.12232
-61.31669
-62.76839
-62.31083
-64.35275
-64.20230
-65.84096
-65.20365
-57.38402
-58.89710
-62.99324
-63.93638
-65.92164
-68.03947
-69.03588
-70.22712
-67.31614
-68.57845
-61.89935
-57.82334
-62.35454
-67.26658
-67.44998
-78.61845
-60.05167
-53.28045
-55.02772
-55.67169
-56.46415
-57.17222
-58.37698
-59.19840
-59.77456
-61.12304
-61.40728
-63.36290
-62.60382
-64.87716
-63.63536
-67.92730
-62.07990
-57.22371
-60.96209
-65.08208
-67.18813
-69.14241
-68.27058
-70.58654
-70.46188
-69.75173
-73.99086
-60.30827
-58.53269
-64.79676
-66.99908
-70.80697
-73.13599
-56.77343
-53.08840
-55.01846
-55.36644
-56.65617
-57.36613
-58.64796
-59.52587
-60.55551
-60.89001
-61.17318
-62.91799
-63.37474
-65.53261
-64.47016
-68.85978
-60.38502
-57.43316
-61.49659
-63.19982
-65.10586
-66.78411
-67.22497
-68.65270
-68.05033
-70.20194
-67.28707
-58.46530
-59.79969
-65.00951
-66.15827
-67.88729
-65.30185
-55.89459
-54.04008
-55.76756
-56.03649
-57.64439
-57.58662
-59.09804
-59.54773
-61.29483
-60.78735
-62.01944
-62.87959
-63.42608
-64.67034
-65.41760
-67.62772
-58.88857
-58.46464
-62.94379
-66.30012
-67.63220
-69.02398
-67.97508
-71.11085
-67.37210
-74.43342
-65.51470
-58.01699
-61.50182
-67.23936
-67.40817
-70.48332
-66.28519
-54.61631
-53.86289
-55.37341
-55.87656
-57.14171
-57.65611
-59.21909
-59.65806
-61.00278
-61.50810
-62.86477
-63.70217
-64.56758
-65.24255
-65.16245
-67.45346
-56.11049
-53.16376
-54.91737
-55.77543
-57.06417
-57.39954
-58.98467
-58.95769
-59.49772
-60.95496
-58.83486
-57.31189
-61.27425
-62.19033
-65.79181
-60.35050
-53.53669
-54.06945
-54.94184
-55.93292
-56.67669
-57.29611
-59.39723
-59.08836
-59.56720
-60.43903
-61.83850
-61.50252
-63.45605
-63.74353
-64.47006
-63.41582
-58.28598
-59.33221
-62.28519
-65.69612
-65.40734
-64.52117
-65.50357
-72.42168
-65.45213
-63.85100
-59.24466
-58.08085
-62.82812
-64.12998
-65.05441
-64.73753
-57.78789
-53.01815
-54.48975
-55.32767
-56.37135
-56.96190
-58.15244
-58.91856
-59.84485
-60.91610
-61.30699
-62.83332
-62.63446
-64.26539
-63.39308
-68.21984
-61.09667
-57.03408
-59.87652
-63.23874
-64.46224
-66.13144
-66.18019
-69.24830
-68.25438
-68.68647
-67.61952
-58.27884
-59.16425
-64.09126
-65.85441
-67.73584
-66.66727
-55.98540
-53.27316
-55.28508
-55.40970
-56.83858
-57.31167
-58.34772
-59.01885
-60.21014
-60.64181
-62.17967
-62.76966
-63.10861
-64.51466
-64.29603
-66.57114
-58.04828
-57.96969
-63.75486
-65.51432
-66.60705
-67.42981
-67.58848
-69.51976
-69.86114
-72.22413
-65.64580
-58.14301
-61.01417
-65.73967
-68.54219
-73.03847
-65.32850
-54.90621
-53.91553
-55.74562
-56.20745
-57.87119
-57.76553
-59.66346
-59.59175
-61.31954
-60.88315
-63.28097
-62.71978
-65.00536
-63.90988
-66.73955
-64.90714
-54.39531
-54.08261
-55.45571
-56.78742
-57.74799
-58.61484
-59.34384
-60.65660
-61.00786
-62.68009
-59.95682
-57.75514
-60.95605
-63.56126
-64.40795
-68.78495
-57.84738
-52.38930
-54.01093
-55.61280
-56.45436
-56.48538
-57.89602
-58.46045
-59.76620
-60.74601
-60.55725
-62.33531
-61.80482
-64.08332
-63.40030
-66.42462
-61.96453
-57.15577
-59.99479
-64.49148
-68.08683
-67.57699
-65.79348
-66.32780
-65.91449
-66.65290
-67.04570
-59.72070
-57.97437
-62.91636
-64.58576
-65.99438
-68.36331
-56.07527
-52.89851
-54.88313
-55.38675
-56.52769
-56.95287
-58.06879
-58.75097
-60.15090
-60.91770
-61.71935
-62.55752
-62.64725
-64.97563
-64.27937
-66.89373
-59.46040
-57.43622
-61.44210
-64.25012
-65.62421
-65.02643
-64.72335
-67.35650
-66.78829
-67.68374
-66.91533
-58.49619
-59.29414
-65.49143
-65.76673
-71.35989
-65.77513
-54.10155
-53.24857
-55.50714
-56.47158
-57.47210
-57.09977
-59.14991
-59.21754
-60.81235
-60.84116
-62.14208
-62.53495
-63.98014
-64.91721
-65.46683
-66.85380
-58.26172
-58.62617
-63.98593
-67.11138
-68.68507
-70.59207
-70.12043
-70.37097
-69.27234
-76.14889
-65.36143
-58.00482
-61.38869
-67.91106
-67.93767
-76.06592
-62.32012
-53.29465
-54.15803
-56.27516
-56.41654
-57.43896
-57.92048
-59.60220
-59.67942
-61.59396
-61.50553
-63.56717
-63.65534
-65.04414
-64.68358
-66.05630
-65.65204
-53.43002
-53.49922
-55.46281
-55.69531
-58.09454
-57.41923
-59.31183
-59.74670
-60.19571
-61.78491
-58.59422
-57.61043
-61.18595
-63.70461
-64.75238
-70.17769
-56.49343
-52.33693
-54.83451
-54.72306
-56.58854
-57.08658
-58.27055
-59.64947
-59.21455
-60.57958
-61.36922
-62.98901
-62.59714
-64.31027
-63.70193
-65.76447
-60.28674
-57.50598
-60.95371
-63.56225
-64.74410
-65.93461
-64.96494
-66.36812
-67.89219
-69.48960
-69.73904
-59.31839
-59.05389
-65.46009
-66.51863
-68.65356
-67.88644
-56.26486
-53.56978
-55.38089
-55.30776
-56.97757
-57.56268
-58.48246
-59.34916
-59.89427
-60.18451
-60.78592
-61.41267
-63.31351
-65.49909
-65.30967
-68.62466
-59.31145
-57.81590
-60.93016
-62.56707
-65.08290
-66.35287
-66.58121
-67.33999
-65.61436
-66.85963
-64.66018
-58.59944
-59.71821
-64.76582
-64.71966
-69.10044
-63.05071
-53.66970
-54.12394
-55.41302
-55.60258
-57.42342
-57.46272
-58.95310
-59.32856
-60.96311
-61.47433
-62.99623
-62.92078
-64.15307
-64.61063
-65.39788
-65.12694
-57.97451
-58.92668
-64.36366
-67.06006
-68.81250
-69.15748
-69.16985
-71.18737
-69.97182
-75.84170
-63.70588
-58.11731
-62.29867
-67.02929
-68.28868
-75.37463
-62.61944
-53.72804
-54.04307
-55.46379
-56.41944
-57.78817
-57.94980
-59.24876
-59.98899
-61.20507
-60.88334
-63.12602
-63.00694
-64.81445
-63.89129
-66.78309
-63.52758
-57.21613
-59.56199
-62.69612
-64.21104
-66.37458
-66.54554
-66.69117
-67.67019
-65.81952
-66.87919
-60.03722
-58.21029
-63.58220
-66.68037
-67.69314
-72.22536
-58.48682
-53.25461
-55.09594
-55.47737
-56.86218
-57.45925
-58.19979
-59.19025
-59.86760
-61.26281
-61.86867
-63.37478
-63.11661
-64.87177
-63.27595
-67.23292
-60.93255
-57.60887
-61.97938
-65.35190
-67.51723
-69.16937
-69.11593
-72.40502
-69.89355
-70.36326
-70.63562
-58.84029
-59.59618
-64.73211
-66.62911
-70.22792
-68.77820
-56.87353
-53.24230
-55.22351
-55.55916
-57.21587
-57.51842
-58.69965
-59.35740
-60.69640
-61.12235
-61.78958
-63.03480
-63.56331
-65.19217
-64.89090
-67.66822
-58.42414
-58.01092
-62.25388
-63.89448
-65.29853
-66.31819
-67.26570
-67.58532
-67.45990
-71.58891
-64.42699
-57.81191
-60.18751
-64.21113
-65.78873
-68.40648
-62.71015
-54.42692
-54.60095
-55.46991
-55.72139
-57.80178
-57.80704
-59.58394
-59.47620
-61.11671
-60.95145
-63.09284
-63.08699
-64.32004
-64.05283
-65.80322
-64.84308
-57.43630
-59.74179
-64.07233
-65.50069
-68.43478
-68.45310
-69.43272
-70.06910
-68.12467
-73.85193
-61.95715
-57.83589
-62.46471
-67.49946
-67.96652
-72.40376
-59.29788
-53.78239
-54.58932
-55.09521
-56.39268
-57.12897
-58.31391
-59.14809
-60.22492
-61.30463
-61.87253
-63.47430
-63.61871
-65.67864
-64.88707
-68.11734
-62.75732
-54.45964
-54.73940
-55.91919
-55.96257
-57.14827
-58.02883
-58.94521
-59.24108
-60.17938
-60.81594
-58.34942
-57.81503
-61.88311
-62.88862
-64.99738
-61.28842
-54.90142
-53.12970
-54.70549
-55.91283
-56.86918
-57.69306
-58.09352
-58.92731
-59.96413
-60.52575
-61.10461
-62.22200
-63.80592
-63.85839
-66.40815
-62.01932
-58.06185
-60.29867
-63.97843
-66.97939
-67.52927
-69.01830
-68.81698
-68.30726
-67.11269
-67.05457
-58.18717
-58.83699
-63.02710
-63.72638
-68.00365
-67.21755
-61.67402
-54.78586
-54.00224
-54.93162
-55.87969
-56.78560
-57.65171
-58.47072
-59.40078
-60.28500
-60.94949
-61.85786
-62.57748
-63.49277
-63.62379
-65.44516
-59.89112
-57.74226
-62.25128
-65.78592
-66.27310
-67.50211
-65.93329
-66.88932
-66.00666
-67.12858
-64.72320
-57.92618
-60.35537
-63.34360
-64.52271
-65.73921
-63.68580
-58.68799
-53.79025
-54.34709
-54.98035
-55.86484
-56.67999
-57.88682
-58.92128
-60.12390
-61.06039
-61.70625
-62.69910
-63.25212
-64.39343
-65.71784
-66.66912
-57.58526
-58.40578
-63.85650
-64.98268
-67.28862
-70.25369
-71.15954
-75.48269
-71.87715
-78.54666
-64.22800
-57.94280
-62.79987
-66.40842
-69.51349
-68.93094
-66.38173
-56.16954
-53.37434
-54.78621
-55.78412
-56.81485
-57.15377
-58.76011
-59.64409
-60.53749
-61.57059
-62.38797
-63.00801
-64.44021
-65.64449
-67.13364
-65.17772
-56.19560
-53.97095
-55.71651
-56.03886
-57.22505
-58.07954
-59.21521
-60.17661
-61.19255
-62.23507
-58.54304
-57.60305
-62.15718
-63.79986
-66.61033
-66.84857
-63.68805
-55.59214
-53.45726
-56.35491
-55.74609
-56.83459
-58.16086
-58.49070
-59.89880
-60.67652
-61.35399
-63.32320
-62.79813
-65.17059
-64.71374
-68.33185
-61.20631
-57.50122
-62.45536
-67.14894
-70.67285
-70.08630
-73.42815
-74.56166
-75.77842
-75.88049
-75.80171
-59.08450
-59.74223
-66.09598
-67.77655
-73.35287
-69.65955
-62.28960
-54.11040
-54.89307
-56.21274
-56.01481
-57.12143
-58.34598
-59.47881
-60.08723
-61.26638
-62.32866
-63.07027
-63.88893
-65.37845
-65.11115
-68.16199
-58.64261
-58.21138
-63.95171
-68.08766
-70.59389
-70.70424
-72.73224
-73.24028
-72.38815
-76.02577
-67.89880
-57.89730
-61.89141
-66.75042
-70.72904
-74.35172
-69.47980
-59.52974
-54.11313
-55.73725
-56.04871
-56.89943
-57.58264
-58.73432
-59.33799
-60.41878
-61.55172
-62.53251
-63.18311
-64.44351
-64.98904
-66.46637
-65.56010
-57.40801
-59.66133
-65.56343
-69.19670
-70.08005
-72.31448
-74.30856
-77.61511
-74.22749
-83.96049
-64.04589
-57.84207
-64.25281
-67.32237
-75.69930
-74.79998
-68.43114
-56.64362
-54.12237
-56.12376
-55.58513
-56.67036
-57.86294
-59.19663
-59.82478
-61.09353
-61.73238
-63.02690
-63.27395
-65.45057
-65.11372
-67.85021
-63.25089
-55.85964
-54.16628
-54.37442
-55.85703
-56.47018
-57.35401
-58.66633
-59.67515
-60.46424
-61.78591
-58.09436
-57.92696
-63.19377
-63.74597
-66.77423
-66.31830
-62.22248
-54.75478
-53.50100
-55.39922
-55.94602
-57.07142
-57.53379
-58.85477
-59.69710
-60.78414
-61.60447
-63.01990
-63.16299
-65.01759
-64.72831
-68.93639
-59.92552
-57.41938
-62.06008
-64.30288
-67.85289
-68.07757
-69.83549
-71.03795
-72.23117
-72.51287
-68.20476
-58.26608
-60.14460
-65.39267
-66.95098
-70.23339
-67.94849
-59.80553
-54.02978
-54.75646
-55.31204
-56.16063
-57.16559
-58.27665
-58.84101
-59.88866
-60.77385
-61.25954
-61.96129
-62.44650
-62.97558
-62.84345
-64.09304
-57.82545
-58.83428
-64.37282
-67.21918
-70.10615
-70.93556
-72.63324
-74.25432
-72.44999
-72.68607
-64.38801
-57.61406
-62.15272
-65.66640
-68.85930
-70.54035
-67.08043
-58.44948
-53.32545
-54.46505
-55.40079
-56.79224
-57.62373
-58.53710
-59.19176
-60.17435
-60.88659
-61.98830
-62.46144
-64.17037
-63.84268
-65.16745
-62.65592
-57.05682
-59.48266
-62.12599
-64.60985
-66.77673
-68.31267
-69.15817
-70.82246
-70.64547
-73.67841
-61.23213
-57.91520
-63.49147
-65.36614
-68.52335
-69.42643
-64.51380
-56.01331
-54.39341
-55.16366
-55.92211
-57.17767
-57.77223
-59.01299
-59.51202
-60.72458
-61.15014
-62.07868
-62.59191
-64.75140
-63.58005
-65.95826
-61.13259
-57.70622
-61.85791
-64.88011
-68.09908
-71.20129
-68.14241
-69.63645
-70.94536
-70.26172
-69.19335
-59.40052
-59.17399
-65.90672
-67.06883
-72.30498
-70.90899
-62.70362
-63.72165
-68.99517
-69.70990
-74.80634
-73.22880
-76.30926
-73.48582
-73.55059
-73.37722
-75.33227
-77.41735
-74.88265
-76.94186
-72.11046
-85.21066
-60.09146
-58.17327
-63.60762
-66.92034
-71.47681
-71.25267
-70.98103
-76.38969
-74.60927
-77.71423
-67.30225
-56.96918
-60.92463
-65.08545
-67.03808
-69.30528
-69.69356
-74.60418
-77.05325
-74.82022
-69.48745
-69.29285
-69.10265
-72.76349
-72.26889
-72.35822
-70.65035
-70.73275
-68.70020
-68.21088
-70.01195
-73.96754
-69.60384
-65.82609
-65.02314
-68.29756
-72.08684
-68.41271
-66.62489
-69.03761
-69.86774
-64.05513
-60.83250
-60.48499
-62.90339
-69.19835
-72.17612
-68.05401
-69.06844
-71.53099
-70.86102
-68.55014
-68.26665
-69.65027
-73.12992
-76.11307
-75.86991
-74.51080
-75.72018
-75.96008
-74.91021
-74.71201
-75.88823
-74.35192
-73.67954
-77.62075
-75.52149
-71.48703
-71.91698
-78.22914
-76.09737
-72.27162
-75.04538
-81.14898
-78.64131
-76.28398
-79.06359
-83.36220
-80.75370
-78.62188
-78.96415
-79.72865
-81.33195
-82.89622
-83.28868
-82.37003
-83.59043
-85.55966
-83.82370
-81.34098
-82.38218
-83.65365
-85.53471
-85.56864
-84.62214
-83.71015
-85.08197
-86.43761
-84.48392
-83.14417
-85.23488
-89.54254
-86.96498
-85.15264
-87.09025
-89.58151
-88.49237
-86.70028
-86.61903
-86.79940
-88.10275
-90.21289
-90.12879
-89.77989
-91.53173
-94.46222
-90.89244
-88.15395
-84.46411
-79.37461
-73.59609
-71.57077
-68.66184
-67.43850
-68.46360
-69.47892
-72.17557
-74.25006
-74.71335
-73.56995
-74.27226
-75.79139
-81.18876
-86.07955
-88.83747
-81.11062
-78.33770
-78.36407
-74.28420
-73.47620
-71.63799
-70.85335
-69.62229
-68.26714
-67.55840
-67.57641
-68.29782
-70.42358
-71.49251
-69.68686
-69.48473
-69.84124
-71.75195
-73.14164
-74.75131
-74.90032
-72.38579
-71.76217
-69.58231
-69.24021
-71.12355
-72.24653
-72.37476
-74.43444
-76.96987
-78.10382
-82.59252
-81.88641
-74.80535
-70.72810
-69.80641
-70.28866
-72.96189
-76.03672
-78.60897
-79.77937
-77.75039
-77.01916
-76.29377
-73.66039
-70.98283
-69.08857
-68.44759
-69.01653
-70.24779
-72.82826
-75.57077
-77.54154
-79.81279
-82.70609
-79.65466
-74.45479
-72.36426
-72.68892
-75.12365
-79.82130
-82.79874
-83.09549
-83.90785
-78.60636
-73.79015
-72.42117
-71.89858
-70.85775
-69.51158
-68.99206
-68.97548
-69.16208
-68.80011
-67.28082
-66.65701
-67.02946
-68.63703
-71.53120
-74.52089
-76.92088
-78.87274
-79.86583
-76.66776
-72.76773
-71.04345
-70.76026
-71.16781
-71.24800
-71.21114
-71.79899
-72.65884
-73.83582
-74.66842
-75.33811
-75.36846
-75.04229
-74.77455
-74.10471
-72.46315
-71.48681
-72.46976
-74.74263
-75.92549
-76.05001
-75.56100
-73.84145
-74.01058
-73.05850
-71.64729
-70.48093
-68.73248
-67.92142
-67.43316
-67.18409
-67.41254
-67.68661
-68.60149
-69.98835
-70.68653
-71.50043
-71.85219
-71.98503
-72.26677
-73.73730
-74.61130
-75.11410
-76.70781
-78.07909
-77.73050
-75.91926
-73.68584
-71.62656
-71.33852
-71.95008
-73.30541
-74.85027
-76.50500
-73.56617
-68.98022
-66.76172
-66.20593
-66.69907
-68.29724
-70.17982
-71.55827
-71.64567
-71.80771
-71.72733
-72.42986
-74.20145
-74.55797
-74.55143
-75.83239
-75.25669
-75.79475
-76.01523
-75.45254
-72.31914
-64.92107
-62.49713
-59.78753
-58.26623
-59.00683
-60.10223
-61.90571
-64.01349
-66.05046
-65.47758
-64.55070
-64.00878
-65.37035
-67.42834
-68.53907
-66.50711
-64.16448
-62.65587
-60.27643
-59.17983
-58.82880
-58.34196
-59.10547
-60.18958
-59.84792
-59.87020
-59.93926
-58.97361
-57.37911
-56.87020
-56.90667
-56.96404
-57.49688
-58.72548
-59.83172
-60.29700
-60.55959
-60.82736
-61.19685
-60.08674
-59.15658
-59.05707
-59.53481
-60.03273
-61.79737
-62.29874
-60.78060
-59.93626
-58.17753
-56.98467
-57.12255
-58.84633
-59.27099
-58.31163
-59.01378
-59.66499
-60.50814
-60.91754
-60.53420
-60.39701
-60.14638
-59.44518
-58.82696
-58.85566
-58.40615
-58.51762
-58.80334
-59.03406
-59.69852
-59.60768
-59.82984
-59.49988
-59.08787
-59.56953
-59.00283
-58.07404
-57.17280
-56.98255
-56.79142
-56.55725
-56.42610
-55.99237
-55.85587
-56.20705
-56.33541
-56.58930
-57.58032
-57.68955
-58.26047
-58.82495
-60.04723
-60.84321
-61.36499
-62.74686
-62.65023
-62.47770
-61.50147
-61.19565
-61.07960
-61.01162
-60.89611
-60.70737
-60.36078
-59.45652
-59.05316
-59.09664
-58.89194
-59.38713
-60.37511
-60.38110
-61.32730
-62.81042
-62.80667
-61.80769
-61.21313
-60.74447
-60.71564
-61.40197
-61.61191
-61.72301
-61.67445
-61.67442
-61.65442
-61.88497
-61.54453
-60.95562
-61.23270
-61.57099
-62.05331
-62.77168
-62.17930
-61.57253
-61.59322
-61.38191
-61.13504
-60.98207
-60.68376
-60.40719
-60.27663
-59.84476
-60.10821
-60.08930
-60.12416
-60.48561
-60.83378
-61.41796
-62.11125
-62.75403
-63.57239
-64.82189
-65.71537
-66.65175
-67.64777
-68.69683
-68.57689
-67.97271
-67.02434
-65.99342
-64.79629
-63.94317
-63.55533
-62.64868
-61.89281
-61.65553
-61.38905
-61.34729
-61.18332
-61.19558
-61.60925
-62.07821
-63.04409
-63.95434
-64.81236
-66.67493
-68.48393
-69.91228
-70.34180
-69.68224
-68.54201
-68.18248
-68.18234
-66.89867
-66.29510
-65.91038
-66.06447
-66.03906
-66.39206
-66.49191
-66.49594
-66.46406
-66.39173
-66.87451
-67.23648
-67.53507
-68.21286
-69.02701
-69.31916
-69.86147
-70.10384
-70.42075
-70.22518
-70.72716
-70.96096
-71.93627
-73.10660
-74.22774
-74.90882
-75.70740
-76.81225
-77.42379
-78.38064
-78.61309
-79.78540
-79.63920
-79.12753
-75.68953
-74.51995
-70.81087
-66.82472
-64.53687
-63.67550
-66.36980
-69.34268
-71.50897
-71.54446
-68.32182
-66.17167
-64.81577
-65.26753
-65.00712
-64.30039
-63.35153
-62.62345
-61.46626
-61.45019
-62.31089
-62.41956
-63.55325
-65.07159
-66.32992
-65.45768
-64.26067
-63.93917
-66.36058
-68.11107
-64.70196
-61.10401
-60.01435
-60.00658
-60.51732
-61.58524
-61.87303
-61.43281
-61.09665
-61.17285
-59.85100
-59.33173
-59.40539
-60.15158
-60.78733
-60.77820
-60.64316
-60.27854
-60.27302
-60.78109
-62.51471
-64.79727
-67.65736
-68.43635
-66.63905
-65.04089
-64.63960
-66.15392
-68.75153
-70.31922
-70.16517
-69.60824
-69.85611
-71.28959
-72.58022
-70.23722
-67.18727
-65.55850
-64.97084
-64.54339
-64.34057
-63.47656
-62.24381
-61.52441
-60.97239
-61.38256
-63.18496
-66.84441
-72.32632
-70.07664
-64.63046
-61.80561
-60.11811
-59.51709
-59.35653
-59.33557
-59.08917
-58.92894
-59.59643
-60.99939
-62.98119
-65.87717
-68.88049
-71.10364
-72.02302
-71.15804
-70.61233
-71.59202
-73.43498
-72.55230
-69.85322
-67.81828
-67.32434
-66.93125
-66.60901
-66.02752
-66.06642
-66.90822
-68.82376
-69.93737
-67.41814
-63.80426
-61.30310
-59.97921
-59.06472
-58.66935
-58.75658
-59.40339
-60.52743
-62.67178
-65.31754
-68.01212
-68.54020
-67.07246
-65.79947
-65.41967
-66.55462
-68.61994
-70.71278
-70.00281
-67.92413
-66.17575
-65.09297
-64.92072
-65.90034
-67.19345
-68.06023
-68.02588
-67.94654
-67.68715
-68.74221
-71.48673
-74.83324
-78.42983
-77.22482
-74.79674
-71.52879
-69.51638
-67.96893
-66.24778
-64.77214
-64.47502
-65.58693
-67.24398
-69.86388
-72.35877
-72.26043
-71.77766
-72.31266
-74.65483
-73.11247
-68.23712
-65.25783
-63.14982
-62.00559
-61.44177
-62.24763
-64.22229
-67.06083
-69.74048
-69.87032
-68.78929
-67.88469
-67.07933
-66.44560
-65.23088
-64.76380
-63.64150
-63.05080
-62.98746
-61.09157
-61.26258
-61.71008
-61.96651
-61.36692
-60.23731
-59.84364
-60.31538
-60.99894
-61.07313
-60.80598
-59.98355
-59.11179
-57.92809
-57.51767
-57.59109
-57.71643
-58.69654
-60.18249
-61.92525
-63.62421
-62.46059
-61.24192
-59.76738
-58.54574
-58.05960
-57.56554
-57.82443
-58.31832
-57.86731
-57.20691
-56.32101
-56.24613
-56.14380
-56.30261
-56.63226
-56.83637
-58.05390
-57.82357
-57.45045
-57.28505
-56.86198
-55.79303
-55.11704
-54.87896
-54.83989
-54.77049
-55.17301
-56.45294
-58.12213
-58.38050
-58.15842
-58.66738
-58.84978
-58.38534
-58.63719
-58.74624
-58.53995
-59.48149
-59.87835
-59.51138
-59.63118
-59.86588
-58.60194
-59.27345
-57.69202
-57.61403
-57.97259
-57.39652
-57.91411
-57.46778
-57.59156
-57.28107
-57.62257
-57.16736
-57.36760
-57.22258
-57.56558
-58.02894
-57.77872
-58.57145
-58.23866
-58.06614
-57.70598
-57.78078
-57.41620
-57.25648
-56.79871
-56.82211
-56.59516
-57.04633
-57.95348
-57.62447
-57.58671
-57.72375
-58.97212
-58.87068
-60.67678
-61.15981
-62.68367
-62.13300
-61.63492
-61.90673
-61.09463
-59.64791
-58.50936
-57.90440
-57.01253
-57.47013
-56.74001
-56.57977
-55.94637
-56.40581
-56.59612
-57.22348
-57.56562
-58.26128
-59.34923
-59.89834
-60.61228
-61.10123
-60.83817
-60.57947
-59.01957
-58.24288
-58.57086
-58.87193
-60.92528
-62.08924
-64.63036
-64.80394
-64.67018
-63.67394
-62.57126
-61.42018
-60.98645
-60.27898
-59.43082
-59.17067
-59.00560
-58.75976
-58.22370
-57.88785
-57.98582
-58.15124
-58.43701
-59.29542
-59.38570
-60.55177
-61.68011
-61.93502
-62.01816
-62.61326
-62.91401
-63.56422
-63.75388
-63.96033
-63.70724
-63.22526
-63.11886
-62.16698
-61.57043
-60.73348
-59.66047
-59.19001
-59.04017
-58.36892
-58.15114
-57.89910
-57.81528
-58.07412
-58.78565
-60.22438
-61.73889
-63.41151
-65.47574
-67.55581
-69.31224
-70.62063
-70.62925
-70.56638
-71.29555
-72.27985
-72.24337
-72.22227
-71.52845
-69.69799
-68.92814
-68.89424
-68.46089
-68.88277
-68.93332
-69.27977
-69.85735
-69.76966
-70.60606
-70.87552
-71.71041
-72.25263
-73.05250
-73.89673
-73.45938
-72.79797
-73.11552
-73.60304
-74.81422
-75.05039
-74.79001
-74.20372
-73.88082
-73.68427
-73.09459
-73.35461
-73.30143
-72.82395
-67.67490
-65.55439
-65.48618
-67.01971
-69.62279
-70.11168
-70.52814
-70.28132
-69.84917
-69.65942
-70.31211
-71.80758
-72.57188
-71.49780
-70.12245
-67.92955
-67.25453
-67.06271
-66.33281
-65.88185
-65.81241
-64.32558
-61.75802
-60.57093
-60.27350
-60.86826
-62.33933
-64.02480
-65.22084
-63.92253
-63.27104
-64.07357
-65.08032
-66.35623
-67.67194
-68.55573
-67.08670
-66.34400
-65.37950
-63.99946
-63.80781
-64.34987
-64.96110
-65.74715
-66.63661
-67.07261
-67.29275
-67.42893
-68.72735
-68.72551
-68.19881
-67.15696
-65.04225
-63.68071
-62.92824
-62.53478
-62.22524
-62.14046
-61.56384
-60.78997
-60.48316
-60.66535
-61.27526
-62.65142
-63.79312
-64.88694
-66.32279
-66.59697
-66.34065
-65.36053
-64.68095
-64.72809
-65.55755
-66.14279
-66.10055
-65.83652
-65.43585
-65.11883
-64.14682
-62.96860
-62.00930
-62.18615
-63.98145
-67.23780
-67.99768
-65.16569
-63.15500
-62.56159
-62.93912
-63.35080
-64.10868
-64.80004
-65.55680
-66.71011
-67.73260
-68.91604
-69.57044
-69.13034
-70.21143
-70.82475
-69.13869
-67.76694
-66.49903
-66.10849
-65.73192
-65.57975
-66.61113
-68.00359
-69.06179
-69.62538
-69.50816
-68.69806
-68.01318
-68.15748
-68.12883
-68.57533
-68.68752
-68.05747
-67.64915
-66.99205
-66.86844
-67.08157
-67.64818
-69.14618
-70.30869
-70.64614
-70.49947
-70.35733
-71.44598
-72.38364
-71.96994
-72.13471
-73.17829
-73.67704
-72.74882
-71.18623
-70.12612
-70.33548
-71.61988
-72.80272
-74.21852
-72.79451
-72.46878
-74.16403
-74.39393
-73.88268
-73.45412
-73.32609
-72.71541
-73.24800
-74.82005
-76.11709
-76.64969
-76.45820
-74.94833
-74.71469
-75.70747
-75.21871
-74.84605
-74.49165
-73.85814
-72.67732
-71.79148
-72.26632
-72.18646
-72.30975
-72.31634
-72.51029
-72.75330
-72.69224
-72.47019
-68.66013
-65.22063
-64.37501
-62.48797
-61.15059
-61.55378
-61.86201
-63.32108
-66.15326
-70.29718
-72.50417
-71.73425
-71.10501
-71.54501
-73.63952
-75.93379
-74.56357
-69.04837
-66.40406
-64.09238
-62.47334
-62.54803
-62.41802
-62.65536
-63.38855
-64.47553
-66.32998
-69.69139
-72.79303
-72.23362
-71.49808
-68.47186
-63.80398
-61.52652
-61.55056
-63.04584
-65.29200
-68.67649
-71.03355
-68.61754
-68.00200
-69.45369
-69.74158
-71.91237
-76.42358
-73.41805
-69.11939
-66.04528
-65.16641
-65.12360
-65.08360
-67.43632
-71.83405
-70.90855
-66.95711
-63.86803
-64.28175
-61.60567
-58.22564
-58.40052
-57.79465
-56.81726
-55.54147
-54.49379
-54.65030
-55.24637
-55.80681
-56.64518
-57.02896
-57.22818
-57.33285
-57.34566
-57.66384
-57.76103
-57.49880
-57.29292
-56.88888
-55.63434
-55.26121
-55.02986
-54.74637
-55.24213
-55.79463
-56.18462
-57.22172
-57.37905
-56.82732
-57.74895
-58.95546
-59.45951
-59.84667
-60.10786
-59.97008
-58.50620
-56.67069
-55.75094
-54.92669
-53.71650
-53.06184
-53.12954
-53.69659
-54.82391
-56.21095
-57.51472
-58.27203
-58.76901
-60.10729
-60.65840
-59.46917
-58.72719
-58.64141
-59.51955
-60.94012
-59.10774
-55.81994
-54.57030
-54.61891
-55.36911
-56.09594
-56.70274
-57.16637
-57.41512
-59.23306
-63.20337
-64.88171
-62.16835
-60.36736
-59.93519
-59.71297
-60.09820
-60.37035
-60.04153
-60.96909
-62.42074
-63.77937
-63.71193
-64.42336
-66.16877
-67.29514
-65.56332
-64.08154
-65.40077
-66.58356
-66.61423
-66.75817
-68.05296
-67.61670
-67.31661
-67.44974
-67.07875
-65.86833
-65.11876
-64.43834
-64.26860
-64.24309
-63.68760
-63.80587
-64.95893
-66.45649
-68.01288
-69.53487
-70.81441
-70.85073
-68.76736
-68.89344
-69.26631
-70.10160
-68.53155
-67.63825
-66.87426
-66.05631
-65.41447
-64.03715
-63.37849
-63.13052
-63.56472
-63.07952
-63.34781
-63.55768
-63.91959
-64.48263
-65.59119
-67.48055
-68.89514
-71.55251
-73.91039
-75.01795
-75.89766
-77.44404
-77.71506
-77.68033
-76.58228
-75.10166
-74.02834
-73.53802
-73.41820
-72.96879
-72.96803
-73.24574
-73.65788
-74.10686
-73.39943
-72.56055
-72.26473
-72.43908
-73.19926
-74.20086
-75.21126
-75.85695
-77.66444
-78.83242
-80.20565
-80.72219
-79.60328
-78.04238
-76.68979
-75.61445
-74.77339
-73.10547
-70.32205
-68.07315
-65.67752
-64.59346
-63.61593
-62.57160
-62.90972
-63.84744
-64.06265
-64.10492
-63.32348
-63.31999
-64.04819
-64.05090
-64.34551
-65.49835
-65.92973
-64.97847
-64.39769
-64.37746
-64.85756
-64.73111
-65.41430
-67.77917
-69.80677
-69.02196
-67.94215
-66.43581
-66.27204
-66.17680
-66.91515
-67.52907
-67.93469
-70.38397
-70.98579
-70.23382
-69.11173
-68.18648
-67.78931
-67.08293
-64.27465
-62.65663
-62.69204
-63.19282
-64.02142
-65.33666
-67.09749
-68.57046
-67.20412
-65.69374
-65.12491
-66.22092
-66.69716
-67.34330
-70.54226
-70.71149
-68.78029
-66.94053
-65.88350
-65.52473
-65.57561
-64.76922
-64.10667
-64.52694
-65.43068
-66.43986
-67.81316
-70.43135
-71.02955
-68.70768
-68.60074
-67.78722
-65.80818
-64.53280
-64.31270
-65.15233
-66.98900
-67.80754
-67.95951
-68.45476
-69.13032
-69.63792
-67.62643
-65.60355
-64.79447
-66.19345
-67.06915
-67.36467
-66.72492
-66.02460
-66.36077
-66.79447
-66.08859
-64.60408
-64.18771
-63.78151
-64.08708
-64.89723
-65.92969
-66.54490
-66.76236
-66.97488
-66.51173
-66.00006
-66.27371
-66.24563
-65.09950
-64.56009
-64.33093
-64.27334
-64.85319
-65.25403
-65.49749
-65.30643
-65.07392
-65.50593
-65.66988
-66.57284
-68.11527
-68.96428
-69.35813
-69.60439
-69.08920
-68.28813
-68.11728
-68.29298
-69.41117
-69.49620
-69.65795
-70.16538
-70.71945
-71.29997
-71.40241
-71.34556
-71.37291
-72.53655
-73.36399
-73.09702
-72.58564
-72.83060
-72.22239
-71.05188
-71.09543
-71.66732
-69.82502
-69.37981
-70.09736
-70.31465
-71.38047
-74.20821
-76.03132
-76.27686
-75.69160
-74.54165
-74.16903
-74.29630
-75.28160
-74.58944
-74.73884
-74.12286
-73.50122
-72.30855
-71.74109
-70.75310
-70.21424
-70.68181
-71.98907
-72.78432
-73.72249
-73.81565
-72.86880
-72.15836
-72.07595
-67.65979
-63.19513
-64.62537
-64.70744
-63.00872
-63.22224
-64.09091
-65.41845
-66.80396
-68.13998
-68.84299
-70.71697
-71.52246
-71.41418
-71.35429
-70.42510
-67.65036
-63.56522
-60.57633
-60.55179
-62.27577
-63.55645
-63.12222
-59.87620
-57.90333
-57.89197
-58.91816
-60.46600
-61.81229
-63.69188
-65.71578
-69.97782
-70.17617
-66.53680
-64.93019
-64.75225
-65.04252
-63.39568
-61.83656
-62.07655
-62.26762
-62.24413
-62.05936
-61.60658
-62.89128
-63.11294
-63.16239
-63.06491
-62.98198
-62.42556
-62.15716
-63.36513
-65.10577
-67.30690
-71.11401
-69.25968
-66.02901
-65.37868
-61.30038
-59.43332
-58.39964
-56.39532
-54.72480
-54.03206
-54.78498
-55.18313
-54.89793
-55.43996
-56.62439
-57.95578
-58.55063
-60.12692
-61.24553
-60.77928
-60.41979
-59.70612
-58.95779
-58.31948
-56.73449
-56.44593
-57.88433
-57.28120
-56.14106
-54.85982
-54.07320
-53.63423
-53.51054
-53.35915
-53.51641
-53.65334
-53.68863
-54.39930
-55.02103
-55.75079
-56.32325
-57.36520
-58.68689
-59.74729
-59.04261
-57.70400
-57.56977
-58.94173
-59.42854
-58.01910
-57.43501
-56.76494
-56.96415
-56.41870
-56.12140
-56.63565
-55.48825
-55.59140
-56.06318
-56.47574
-56.96936
-56.28947
-55.47488
-56.38418
-57.35910
-57.26454
-57.66252
-58.33301
-59.95412
-61.51428
-62.02754
-61.97712
-61.41137
-60.28207
-59.72395
-59.09397
-58.56299
-59.02156
-60.22354
-59.29578
-58.39749
-58.07693
-58.13951
-58.36546
-58.34889
-58.68205
-58.42496
-58.24969
-58.31003
-58.85487
-58.64179
-58.60622
-59.15496
-59.71838
-60.84322
-62.40270
-63.18939
-64.62378
-65.97324
-66.79667
-68.19766
-68.73310
-69.05562
-68.64741
-69.26608
-67.99159
-66.82865
-66.91992
-66.83699
-66.96984
-66.94329
-67.01126
-66.18576
-65.42142
-65.57409
-65.39215
-65.46584
-66.07115
-65.19107
-64.80143
-65.34274
-66.18520
-67.73570
-68.30754
-68.30557
-68.50395
-68.72155
-68.41805
-68.71963
-69.17295
-69.27058
-69.54047
-69.14794
-68.20013
-68.47845
-68.65474
-68.85936
-69.29038
-69.50392
-69.54379
-70.02486
-70.13823
-69.84781
-69.74270
-70.14939
-70.13610
-70.21629
-69.95934
-69.32821
-69.75753
-69.62241
-70.53812
-70.80298
-71.30724
-72.00664
-72.31786
-71.01137
-73.62070
-73.26307
-76.14703
-74.42909
-77.07074
-73.90167
-77.28803
-67.04577
-57.48543
-59.07486
-61.07977
-62.35488
-64.00717
-66.05546
-63.41802
-63.72366
-70.41061
-69.80244
-71.54463
-70.19713
-69.53069
-66.69469
-65.72484
-64.58545
-63.76308
-62.61247
-61.76645
-61.56065
-61.08706
-60.79746
-60.61456
-60.80276
-61.26443
-61.67967
-62.14423
-62.61721
-63.36528
-64.49264
-65.23188
-66.04420
-66.28461
-67.96107
-68.77366
-69.57761
-70.58387
-71.01525
-71.47674
-71.45971
-71.98955
-72.51799
-71.88723
-70.52695
-69.83927
-68.87947
-68.97672
-69.08069
-68.44889
-67.89159
-68.14101
-68.43738
-68.96251
-69.54189
-69.72713
-70.44595
-70.83321
-72.39692
-73.70205
-74.74684
-74.72325
-74.77980
-75.18838
-74.45003
-73.63001
-70.77260
-69.06658
-69.23835
-69.21303
-69.05882
-69.01865
-69.20915
-68.90734
-69.25812
-69.68476
-71.09636
-72.00164
-72.57013
-74.22111
-75.75056
-77.12355
-77.21473
-77.73684
-76.49636
-77.16385
-75.41411
-75.68199
-74.82315
-75.98707
-75.10722
-76.21404
-75.22820
-77.23377
-76.02573
-78.73995
-76.38357
-80.11360
-72.67223
-58.60690
-59.08107
-62.17989
-63.90703
-67.09802
-68.26506
-71.26849
-71.43109
-74.68946
-74.55670
-75.46268
-77.09043
-77.85666
-76.01297
-80.15364
-76.45728
-78.11023
-79.92958
-78.03613
-78.73394
-78.58954
-77.94866
-78.36919
-80.82590
-77.80558
-80.40776
-78.92071
-83.07583
-78.64958
-86.43953
-77.89409
-95.53200
-66.57066
-58.24352
-60.65110
-62.31192
-63.14437
-62.84401
-64.75295
-66.54078
-67.60048
-68.22764
-66.22134
-66.37808
-68.03195
-69.20175
-68.88384
-69.32856
-67.57971
-66.25423
-65.81123
-65.28969
-63.53874
-62.93108
-62.38932
-62.56836
-62.85108
-62.76860
-62.38640
-62.00760
-62.38747
-61.76109
-61.93992
-62.54700
-62.30936
-61.90078
-61.88488
-61.98327
-62.13924
-62.28236
-62.40737
-62.40742
-62.27282
-62.51858
-62.14354
-62.19813
-61.69245
-61.53573
-61.36575
-61.26548
-61.26498
-61.10761
-61.87530
-61.97473
-62.14186
-62.51154
-63.13584
-62.82852
-62.40114
-61.98871
-61.63526
-61.61900
-61.01171
-60.57258
-60.18468
-60.13003
-60.08602
-59.44126
-59.87589
-60.29375
-61.00423
-61.28134
-61.72547
-60.91422
-60.07949
-62.69091
-62.32526
-63.10454
-65.37893
-65.98809
-66.60680
-66.90360
-68.28211
-68.58170
-69.30833
-69.91983
-70.89800
-70.88132
-71.28686
-71.27889
-71.60721
-72.34010
-72.57653
-72.88205
-72.36264
-71.95104
-72.06656
-72.11342
-72.36548
-72.81917
-72.45090
-71.62634
-72.43871
-73.62486
-73.45380
-74.74461
-74.89808
-75.47041
-75.49289
-76.01057
-75.88771
-76.02070
-76.13558
-76.35669
-75.80626
-76.81851
-77.22671
-77.38710
-78.40448
-78.87662
-78.34810
-78.33550
-78.56663
-78.27646
-80.17930
-78.79732
-80.27693
-78.56267
-81.32460
-78.46635
-84.49303
-76.80308
-83.10691
-63.15641
-56.85390
-59.48363
-61.11697
-63.83320
-66.25826
-67.12299
-68.65554
-70.35122
-71.04950
-70.44170
-69.59804
-70.16944
-70.69549
-70.65072
-70.82422
-69.93031
-69.37045
-68.17665
-68.51663
-67.97377
-67.80510
-67.42412
-67.25424
-66.28523
-66.29473
-65.51751
-64.91060
-64.26625
-63.69816
-63.64941
-63.56122
-63.64902
-62.88230
-62.61586
-62.07130
-61.91302
-61.93677
-62.55582
-63.63566
-63.54462
-63.32936
-63.82937
-65.14945
-65.40090
-65.34220
-66.33379
-65.89225
-66.24158
-66.86928
-66.53307
-65.74419
-65.02268
-64.44153
-64.54461
-65.42330
-65.26589
-65.42036
-65.37237
-66.31319
-66.70211
-66.22005
-65.79879
-66.32380
-67.58422
-68.11125
-69.01144
-69.77863
-71.20202
-72.26115
-72.75514
-72.20835
-71.95192
-72.47943
-73.68697
-74.29209
-74.52523
-74.42654
-75.56460
-76.13494
-75.96052
-76.06293
-76.12068
-76.84899
-77.86890
-78.36824
-77.75775
-77.89122
-77.68289
-78.09841
-78.89322
-79.15463
-78.75048
-78.54781
-78.49123
-79.24260
-79.19206
-79.52312
-78.19745
-77.48070
-81.03528
-82.38088
-81.25352
-80.03538
-79.07692
-80.76621
-81.55261
-82.56248
-82.00764
-82.09629
-81.38215
-83.96395
-83.62358
-85.35067
-84.02979
-84.94085
-85.16668
-87.40471
-87.21144
-86.68841
-86.25845
-85.67613
-90.64000
-89.36135
-97.82259
-88.32379
-105.46183
-85.93197
-97.24114
-81.81556
-82.03188
-64.24190
-57.46546
-60.51517
-61.38111
-62.53061
-62.87810
-64.45644
-64.32553
-65.08081
-66.36745
-66.89619
-67.13548
-67.54068
-69.81914
-71.57549
-71.19928
-69.77285
-69.31086
-67.61475
-67.96506
-68.56036
-68.76742
-68.52432
-68.80379
-66.72552
-66.25117
-66.22052
-66.78781
-66.07717
-64.39661
-63.13308
-62.93062
-62.39883
-58.47192
-57.59386
-59.07477
-58.47297
-58.47746
-58.93922
-58.85572
-58.37367
-58.29839
-58.68840
-58.70931
-59.51935
-59.56546
-59.43937
-59.24466
-59.63082
-60.45774
-61.00742
-61.61062
-61.55481
-61.45978
-62.26095
-62.97030
-63.28526
-63.75514
-63.58775
-63.00511
-62.86940
-62.93852
-63.47189
-63.65200
-64.22439
-62.90255
-60.10816
-60.91485
-63.46229
-66.35437
-67.54473
-67.19082
-66.47820
-65.76906
-65.77317
-67.02678
-68.35322
-67.47537
-67.37859
-67.42932
-69.00733
-69.82080
-71.11838
-71.38713
-70.98604
-71.37771
-71.95915
-72.11334
-72.65968
-73.96006
-73.98226
-74.83416
-75.18265
-75.78510
-74.28788
-75.66692
-74.77474
-79.32196
-71.03962
-64.42281
-66.77760
-68.76007
-70.24872
-71.56107
-71.60312
-72.99895
-73.27582
-75.59419
-75.52864
-77.38426
-75.75586
-75.90841
-75.12320
-78.79908
-76.73328
-67.32778
-67.12036
-70.69255
-70.53201
-72.07011
-72.36552
-74.22173
-74.92564
-75.74897
-77.14384
-76.79401
-81.23477
-78.08055
-87.16261
-76.26679
-85.37636
-59.40945
-53.90138
-56.92317
-58.53175
-60.90660
-62.27161
-65.35812
-67.00645
-68.55315
-69.29373
-69.28895
-69.27713
-67.61922
-65.51454
-63.71232
-62.13508
-61.16116
-60.67083
-59.59927
-58.74460
-58.46828
-58.38304
-58.14733
-58.14138
-57.92455
-58.50195
-58.74682
-59.03428
-59.38901
-60.09132
-60.94887
-61.65963
-61.86198
-62.80695
-63.40352
-63.80564
-65.17319
-66.19464
-66.72575
-66.69538
-67.50026
-67.56489
-67.29564
-66.38136
-65.43347
-64.29393
-63.34778
-62.79243
-62.14419
-61.43062
-61.31783
-61.45814
-62.27361
-62.28860
-63.27136
-61.76965
-61.28689
-65.89738
-65.23054
-67.10524
-67.93669
-65.45645
-65.91431
-65.16827
-65.37581
-63.71458
-61.75934
-61.60332
-61.62249
-61.88824
-62.35875
-62.34274
-62.58600
-62.89628
-64.17881
-64.64620
-65.88367
-66.55850
-67.82479
-69.08157
-70.12919
-71.38992
-66.10377
-65.14871
-67.35465
-68.92142
-69.82463
-69.77112
-70.51155
-70.95894
-70.71028
-71.02514
-70.91456
-72.24382
-70.77566
-72.31801
-70.29837
-76.23984
-64.32761
-57.48394
-60.13417
-62.26253
-64.74653
-66.34858
-67.61507
-69.42944
-69.53790
-72.57621
-72.58934
-72.43299
-72.96698
-73.90783
-73.25664
-75.76444
-72.90850
-73.71392
-72.88392
-73.74258
-73.18210
-74.03303
-74.33929
-74.04717
-73.03601
-73.38746
-74.04363
-74.03169
-74.61630
-73.33039
-78.68552
-72.90008
-111.48347
-59.66411
-55.74642
-59.49177
-60.54215
-61.84388
-61.68636
-64.46748
-65.71852
-63.38258
-61.21580
-63.06896
-63.82029
-65.62160
-66.11615
-67.51107
-67.15727
-65.49154
-66.72918
-64.66171
-63.91708
-62.85028
-62.85294
-62.13665
-61.96014
-61.72538
-60.22274
-59.09077
-59.74966
-60.14537
-60.52336
-61.46260
-61.55556
-62.02172
-61.21289
-60.88118
-61.25318
-61.13745
-61.84063
-61.55040
-61.40774
-61.57995
-61.36053
-61.24959
-60.42190
-60.52520
-60.10733
-60.16881
-60.68808
-60.67381
-61.32945
-61.16682
-61.72719
-62.32648
-62.47316
-62.68887
-62.38498
-62.15358
-61.87586
-62.13016
-61.43971
-60.32201
-60.01632
-59.89706
-59.84868
-59.66330
-59.69014
-59.87296
-60.40298
-60.77755
-60.77907
-61.33663
-60.41262
-60.78085
-62.48812
-61.67013
-63.41756
-65.43570
-65.51601
-66.72460
-66.44432
-67.66068
-67.58160
-68.03314
-69.15026
-70.02615
-69.99939
-69.94750
-69.82650
-70.44138
-71.56032
-72.09509
-71.14977
-70.27270
-70.27052
-70.31075
-71.23091
-70.99295
-72.62920
-65.96270
-63.71521
-66.31058
-68.40879
-69.39356
-70.92661
-70.55294
-72.47259
-67.70133
-63.25618
-65.97229
-67.70189
-68.40671
-70.19421
-69.54217
-73.73366
-68.56421
-62.73348
-64.41875
-66.83758
-67.59145
-70.15800
-70.60466
-72.37444
-72.54141
-72.40837
-71.85668
-72.49881
-73.70638
-73.40371
-74.45993
-72.81128
-74.05612
-58.02294
-55.22007
-58.51352
-60.33620
-63.71193
-64.00149
-66.17537
-69.24846
-62.14692
-58.89374
-61.11070
-63.73841
-63.50949
-62.16950
-65.19880
-66.03939
-66.26635
-65.80774
-65.14841
-67.19571
-66.99554
-66.66644
-66.84943
-66.85068
-65.51695
-65.51342
-65.36255
-64.54115
-63.14699
-63.29665
-62.76539
-63.00081
-62.79050
-62.68944
-61.70712
-61.15268
-61.61633
-62.08117
-62.90091
-62.92084
-63.35919
-63.04010
-63.59443
-64.86242
-64.70952
-64.42851
-65.06430
-65.11583
-65.45695
-65.25888
-64.95162
-64.55465
-64.61305
-64.02181
-64.38275
-64.85092
-64.85587
-64.93060
-65.41535
-66.18106
-65.65215
-65.05565
-65.27342
-66.51506
-66.76456
-67.79214
-66.85588
-68.07784
-69.33418
-69.86471
-69.76997
-70.22573
-70.41061
-70.14006
-69.96196
-68.57050
-70.11064
-71.80192
-71.75196
-71.41637
-72.29904
-70.92976
-71.46927
-71.54474
-72.80347
-72.31709
-72.93842
-73.05728
-72.94232
-73.13569
-72.79663
-73.60311
-73.75536
-74.95531
-74.31452
-75.26879
-74.58921
-75.58574
-72.70045
-71.37756
-73.89013
-74.27135
-73.65465
-73.97141
-74.79837
-75.57510
-74.20294
-72.42052
-73.60292
-74.89426
-74.63677
-74.97514
-74.77623
-76.19183
-75.98790
-75.14516
-75.92175
-77.99738
-77.68037
-81.37120
-79.00954
-81.23565
-80.21814
-82.46948
-80.39856
-82.29794
-81.85855
-81.67623
-82.52432
-79.77656
-87.07372
-57.20186
-55.43574
-58.65361
-59.41110
-62.35214
-61.81105
-63.46920
-62.79471
-60.85937
-59.54369
-60.30266
-59.81157
-58.87805
-58.86744
-58.36205
-58.65908
-58.66133
-58.08146
-58.82131
-59.13110
-58.74723
-59.59402
-59.61077
-59.75430
-59.18902
-57.80504
-59.19288
-59.85359
-60.61430
-61.70884
-61.65372
-62.24743
-61.64646
-61.05294
-61.15560
-62.07103
-62.01234
-62.72748
-62.52340
-62.28941
-62.77674
-62.50911
-61.82440
-62.04310
-61.62967
-61.28079
-61.69670
-62.77155
-63.49995
-63.30293
-63.40244
-63.21926
-63.20676
-63.14354
-63.36708
-63.66805
-63.77782
-63.79546
-63.62201
-63.87274
-63.66661
-64.79618
-65.50526
-64.36256
-65.07789
-63.40163
-63.12625
-63.72559
-64.39885
-65.99164
-68.22747
-69.47280
-70.09700
-69.60169
-67.93329
-68.56821
-68.62411
-67.44255
-67.66827
-68.22292
-68.14629
-67.50331
-64.58524
-65.35073
-66.76921
-66.79002
-66.61788
-66.40556
-66.75060
-66.86278
-67.22586
-68.44817
-69.69206
-69.38008
-69.50584
-69.52439
-70.01664
-70.72610
-70.91899
-69.61643
-70.93548
-71.45709
-71.77622
-72.06301
-72.34419
-73.41235
-72.56702
-71.97321
-73.66748
-74.62466
-75.01242
-75.44540
-74.68613
-75.18390
-73.54491
-73.86845
-73.54569
-74.04992
-73.52782
-75.38148
-73.76952
-76.45621
-75.44059
-77.88805
-77.34073
-81.79692
-78.73486
-81.86965
-80.33407
-84.09549
-77.48462
-55.66309
-54.54790
-57.17444
-57.60933
-58.88910
-59.10130
-60.19909
-60.49851
-61.75455
-62.46126
-62.78745
-60.28727
-59.28934
-59.29985
-59.05092
-58.62202
-57.26931
-57.12213
-56.80475
-55.92497
-55.53102
-55.49844
-55.24262
-54.82660
-55.18836
-55.64679
-56.04105
-55.81333
-55.93581
-56.73708
-57.24477
-57.28868
-56.71709
-56.41381
-57.06660
-58.26194
-59.22337
-60.09636
-61.22369
-61.75026
-61.22639
-60.33409
-59.96272
-59.34439
-58.86069
-57.85063
-57.01061
-57.05884
-56.42265
-55.96024
-55.75944
-56.41333
-56.58955
-56.58534
-56.48536
-57.05242
-58.19038
-58.72274
-59.47997
-60.33681
-60.50716
-60.17391
-58.98375
-58.71437
-58.71256
-57.17404
-55.81586
-54.62308
-54.39118
-53.86310
-53.24622
-52.82378
-53.06066
-53.28976
-53.53036
-53.57818
-54.11740
-55.21806
-56.73066
-58.41322
-60.11651
-59.97059
-57.46417
-57.57308
-57.33339
-57.37790
-57.81526
-57.85531
-58.00913
-57.55223
-57.10193
-56.53078
-56.95574
-57.79662
-57.57580
-58.59508
-58.41650
-58.97690
-56.46996
-56.67184
-58.76520
-58.66164
-60.13126
-58.42910
-61.36215
-61.39860
-61.00831
-61.07610
-59.89891
-60.16442
-60.41214
-60.23925
-60.91061
-62.75637
-62.80627
-64.54501
-64.91086
-67.74674
-68.04344
-66.59536
-65.02698
-63.87431
-64.61832
-66.21856
-67.84423
-68.07124
-66.54767
-69.34564
-66.24540
-66.27708
-64.81895
-56.58727
-55.93812
-56.05086
-55.54651
-55.66313
-55.31518
-55.89042
-57.04354
-58.30439
-59.68744
-60.68348
-61.32084
-62.48024
-62.57114
-62.74951
-62.22531
-61.85511
-61.63548
-60.73080
-58.90806
-59.22698
-58.49256
-58.81341
-58.93958
-58.20125
-57.46469
-56.44679
-58.10006
-58.29854
-58.46210
-58.20003
-58.56039
-58.20134
-58.09385
-58.10772
-58.19624
-58.66929
-57.65327
-58.47578
-58.05249
-57.81009
-57.69383
-57.84884
-57.59073
-56.89100
-56.96731
-56.98205
-57.44446
-57.53313
-58.16815
-58.44185
-58.28855
-58.37384
-57.97187
-57.53739
-57.42788
-57.54449
-57.23481
-56.86828
-56.37504
-55.81001
-55.82923
-55.60554
-55.59440
-55.94613
-55.73442
-55.71604
-55.67225
-56.15854
-57.20473
-57.70261
-57.46554
-57.50086
-57.89525
-57.71980
-57.50877
-57.09880
-56.79300
-56.11584
-55.88320
-56.33871
-56.51737
-56.78385
-57.75427
-57.48087
-57.65058
-58.24569
-58.53988
-60.17617
-60.49021
-59.90811
-59.40315
-59.45735
-59.56109
-59.21974
-58.01028
-57.68882
-57.65657
-57.14861
-56.75316
-57.41695
-57.55692
-56.99204
-56.46617
-55.91972
-56.77998
-56.52308
-56.43384
-56.40857
-56.32190
-56.93428
-56.33224
-56.18267
-56.62146
-56.09839
-55.85361
-56.74191
-57.10505
-56.50803
-57.36894
-58.22346
-58.23348
-58.35388
-58.95920
-59.15243
-59.28500
-59.79078
-60.43631
-61.42844
-62.22438
-59.79399
-53.50768
-54.46454
-57.75472
-57.28809
-57.80728
-56.74681
-60.00528
-58.59019
-55.48784
-55.46329
-55.77464
-57.68945
-57.48144
-56.79536
-58.93078
-59.29461
-59.30872
-59.42943
-59.40435
-60.80463
-60.20149
-60.21438
-60.76447
-60.94898
-60.83818
-61.62199
-61.47361
-59.89100
-58.91096
-57.89595
-57.84516
-57.82342
-57.29538
-57.83001
-57.28423
-56.52348
-56.70237
-55.77806
-55.89413
-56.02191
-56.59086
-56.71421
-55.70999
-56.96497
-55.68476
-55.89545
-57.45258
-57.28694
-58.94381
-58.41652
-57.72740
-57.18585
-56.62991
-56.83774
-56.36473
-55.76107
-55.36411
-54.81632
-55.54432
-55.10592
-54.76538
-54.26636
-54.04076
-54.90946
-55.49891
-56.88682
-56.81062
-57.10374
-57.48389
-57.09192
-57.21472
-57.39772
-56.97778
-58.01831
-58.59157
-59.68546
-58.96301
-58.93826
-59.59708
-59.39300
-59.82691
-59.71367
-60.56071
-61.29322
-63.48209
-63.92984
-64.27558
-62.86784
-63.11748
-62.52295
-63.10517
-63.71541
-63.94380
-64.87947
-64.90482
-65.15659
-66.09141
-65.84419
-64.34498
-65.53448
-65.36771
-64.45530
-63.67186
-62.39499
-61.15322
-61.29933
-60.49473
-60.81100
-61.79480
-62.70581
-63.74708
-64.46099
-66.46591
-68.11473
-68.69213
-69.22627
-70.58182
-69.46432
-67.85064
-67.46401
-66.61713
-68.21061
-68.46661
-69.89454
-67.92458
-66.02667
-64.95732
-67.50909
-67.46678
-76.52050
-63.12805
-54.14299
-56.85618
-57.36807
-56.85866
-57.75676
-57.90987
-56.70532
-55.58925
-55.68190
-55.18641
-55.14016
-54.18558
-54.38159
-54.26065
-55.09824
-55.30104
-55.04591
-55.38615
-55.50900
-55.42764
-55.68236
-56.05910
-55.59829
-55.92246
-55.22167
-55.23593
-56.42166
-56.70985
-57.08189
-57.68778
-57.85266
-57.80915
-57.34114
-57.39102
-57.67263
-57.19370
-57.12144
-57.15484
-57.44500
-57.01314
-57.40754
-57.29069
-57.54588
-57.99351
-57.93574
-58.31809
-58.32618
-59.95600
-60.04622
-59.43636
-59.81493
-59.22694
-58.92186
-57.86481
-57.06048
-57.42132
-57.66162
-58.33646
-58.24739
-58.64326
-58.22822
-57.96513
-58.37074
-58.68939
-57.80305
-57.32669
-57.96615
-59.05229
-59.71195
-59.21934
-58.71782
-58.89983
-59.64604
-59.81753
-60.28003
-59.97584
-60.21531
-59.10157
-59.28592
-59.39720
-59.32483
-58.61492
-57.36866
-57.28247
-56.98724
-56.99735
-57.19577
-56.74939
-56.16030
-56.22769
-56.65929
-57.29253
-57.77459
-57.28042
-56.29472
-56.26186
-57.06002
-57.62220
-57.45817
-57.99211
-57.56861
-57.61462
-57.92933
-58.10869
-58.62227
-58.88255
-58.84585
-58.84281
-59.50172
-60.04158
-59.96365
-59.46097
-58.59120
-58.22907
-58.25894
-58.68368
-61.23064
-62.69389
-62.44485
-63.44657
-64.20568
-64.00129
-64.48756
-64.22448
-64.11813
-63.70830
-63.93276
-63.97817
-64.63947
-65.11879
-65.72414
-62.21367
-60.93707
-61.02270
-60.39354
-61.16334
-60.65409
-60.41068
-59.87935
-62.31013
-62.12879
-63.16057
-61.98558
-61.51288
-60.80746
-59.51497
-59.42092
-58.14840
-58.10916
-57.46379
-57.61134
-57.00810
-57.01610
-56.52011
-56.93710
-56.86164
-57.37022
-58.15634
-58.51459
-58.86777
-58.80330
-59.76227
-60.29197
-61.26599
-61.71004
-61.95107
-62.40432
-62.75865
-63.43810
-64.86701
-64.63946
-65.04434
-65.36864
-65.63726
-64.58690
-64.39850
-62.90411
-62.62754
-61.15651
-59.57840
-60.10590
-60.08753
-60.42871
-60.34150
-60.64807
-60.79089
-60.86096
-61.89013
-62.37962
-62.74696
-63.62986
-62.89213
-63.58177
-64.39287
-63.80495
-61.99631
-60.52870
-59.32640
-58.01083
-56.96742
-56.54325
-56.31026
-56.16090
-56.26420
-56.80305
-57.29676
-57.87217
-58.94147
-59.80217
-61.57856
-63.01052
-65.14070
-64.36233
-62.51139
-61.62895
-61.70719
-62.60104
-62.24486
-61.76900
-61.11040
-60.47978
-60.25914
-60.55992
-61.15240
-61.28920
-61.62890
-62.36957
-62.37099
-63.53179
-64.35254
-65.20140
-65.60005
-66.14461
-64.03912
-63.67530
-66.62043
-65.32983
-65.92317
-64.36651
-64.44259
-64.32779
-63.96166
-65.22221
-66.06226
-67.77579
-67.20991
-68.70544
-70.00176
-71.01960
-69.23435
-69.06190
-73.11789
-73.71362
-72.52196
-72.97473
-72.30439
-72.54911
-71.91020
-73.76545
-73.56384
-75.37088
-71.28533
-65.21803
-63.55750
-64.04731
-63.65011
-62.86300
-63.62491
-63.83069
-64.45090
-64.66110
-65.51511
-65.07547
-65.15394
-64.62687
-65.73221
-66.60596
-67.07983
-66.07452
-66.06669
-65.53758
-64.32739
-64.61539
-63.64869
-64.59612
-64.14709
-64.16961
-63.86787
-64.17795
-63.98710
-64.58480
-65.59979
-65.57521
-65.59268
-65.98114
-65.92213
-65.11537
-65.24877
-65.60104
-65.70166
-65.57403
-65.51513
-65.34120
-65.98339
-66.14751
-65.78487
-65.77734
-65.53365
-65.24999
-65.62856
-65.49393
-66.40145
-66.50435
-66.63164
-66.79928
-67.44539
-67.35807
-66.71958
-66.27557
-64.36825
-63.82727
-63.31505
-62.87217
-62.96587
-63.40489
-64.38597
-64.25520
-64.13882
-64.21853
-63.00807
-63.49953
-64.60208
-65.01949
-65.73227
-65.85129
-66.41457
-66.52229
-66.75782
-66.75679
-66.22343
-66.52790
-66.95979
-67.70742
-67.68694
-68.23182
-68.76660
-68.52597
-69.28094
-69.28308
-69.18913
-70.12316
-70.32881
-69.86158
-68.69278
-68.21998
-68.33347
-68.71152
-69.08165
-68.17810
-68.30914
-67.70355
-68.05317
-68.68421
-68.83190
-68.64767
-67.68080
-67.70877
-67.83972
-68.01199
-67.65124
-67.16374
-67.10522
-66.89920
-66.50429
-66.84295
-66.73359
-67.14580
-67.72893
-67.77134
-67.64872
-67.54198
-68.20392
-68.31320
-68.52923
-69.75429
-70.80043
-70.34960
-70.53351
-71.37595
-72.24782
-72.25614
-72.73709
-70.21797
-67.49052
-66.63895
-65.56765
-65.82508
-66.45377
-66.48458
-67.27102
-68.52041
-66.18214
-65.65823
-64.92252
-63.17022
-63.29031
-63.47344
-64.32699
-63.71514
-63.71785
-64.50629
-65.00906
-65.79014
-66.73136
-68.23807
-69.34214
-69.60493
-69.63353
-70.19388
-69.69495
-68.92067
-68.96205
-67.97192
-67.08876
-67.73750
-67.48142
-67.23366
-66.06514
-66.42382
-67.51035
-67.03292
-67.51221
-67.90323
-69.37551
-70.16741
-70.29041
-71.14859
-71.13522
-71.68658
-71.67494
-71.35101
-71.74220
-71.64662
-69.61647
-68.68660
-69.16485
-69.14969
-69.13586
-69.44926
-69.29851
-68.81884
-69.40146
-69.62708
-69.91161
-69.33477
-69.58756
-70.05216
-71.00435
-71.71830
-71.86334
-72.47098
-71.81756
-71.57072
-70.76922
-71.95606
-72.77223
-72.81926
-73.73610
-74.57479
-74.53570
-74.38193
-74.46636
-74.81038
-74.30911
-73.31979
-73.36314
-74.83926
-75.99401
-76.02918
-76.57036
-76.72511
-76.67372
-76.31235
-77.40574
-77.23988
-76.22271
-77.54270
-78.45448
-78.09380
-78.91206
-78.30682
-78.83488
-77.86125
-76.99952
-77.34730
-77.02495
-77.51854
-77.50901
-77.89476
-78.86867
-79.22734
-79.27410
-79.73199
-80.78772
-81.75923
-82.35517
-82.70851
-83.67456
-83.41418
-81.56522
-80.16612
-79.57741
-78.97913
-79.58769
-79.79397
-79.72079
-81.11992
-80.57316
-81.90861
-82.15600
-84.79742
-84.27409
-88.27832
-72.83697
-66.86671
-67.06289
-66.94336
-68.23731
-69.41526
-69.10886
-68.25441
-68.81940
-68.31819
-67.99657
-68.26922
-67.83045
-69.28269
-69.53509
-69.21942
-69.98641
-69.13222
-68.20954
-68.45359
-68.87598
-69.06643
-68.06783
-68.73517
-70.48694
-70.59752
-70.78788
-70.78961
-71.82011
-72.00173
-71.14708
-71.88259
-71.48609
-71.52448
-71.77509
-71.17346
-71.17830
-72.07473
-71.59821
-71.76471
-72.50558
-72.56229
-73.66869
-73.84641
-74.65127
-74.43268
-75.48381
-76.84772
-77.15228
-76.82335
-76.19711
-73.46201
-72.50047
-72.14499
-70.29171
-69.66950
-70.17312
-71.27890
-70.84752
-71.40306
-71.30929
-72.12847
-72.77572
-73.04470
-72.57974
-72.07667
-73.79128
-75.57830
-74.52031
-73.18431
-73.67878
-72.82451
-72.40337
-71.97306
-74.36448
-75.37574
-74.02405
-73.98819
-74.43717
-75.12614
-74.20124
-73.84779
-74.32598
-74.92666
-74.32318
-73.82619
-74.89183
-75.39720
-74.99982
-75.13825
-76.00569
-77.02200
-77.34755
-77.86422
-78.07090
-77.40156
-76.98603
-78.15971
-78.70782
-79.63143
-78.46062
-77.72944
-78.33319
-78.18539
-78.50849
-78.34700
-78.47617
-79.09535
-78.51340
-77.63569
-78.05878
-78.01760
-78.82559
-79.60146
-79.26951
-79.56796
-80.00410
-80.39934
-79.91062
-79.38564
-80.54291
-81.11944
-81.13858
-81.82498
-82.33734
-81.64919
-81.68101
-82.14602
-84.23363
-85.37482
-87.45928
-81.48033
-75.93398
-76.13667
-76.33905
-76.47567
-77.42894
-77.45632
-76.54394
-77.12496
-79.22439
-80.18270
-79.57552
-79.55578
-79.11305
-78.16412
-78.95572
-79.86940
-80.16000
-82.15473
-81.21220
-79.32849
-80.64478
-81.37388
-80.43237
-79.02993
-78.66669
-79.83993
-80.26139
-80.13665
-80.17941
-80.24485
-81.04856
-82.20773
-84.14314
-84.00282
-82.63885
-82.91885
-83.00158
-83.06400
-83.77532
-84.67653
-84.14700
-84.79751
-85.54028
-86.42860
-87.92404
-87.34736
-90.84038
-78.12566
-73.91657
-75.63641
-77.22534
-77.88456
-78.02630
-78.83449
-80.00513
-81.51607
-81.10316
-80.23071
-79.85356
-78.25344
-77.14228
-79.21343
-81.15451
-81.94304
-79.71387
-79.31882
-80.37588
-81.35778
-81.44173
-81.78017
-83.28718
-83.29576
-83.48389
-81.66633
-81.12514
-81.47438
-82.28659
-80.69677
-83.42216
-86.38429
-85.03756
-78.20344
-75.98341
-76.50854
-76.28611
-78.41669
-79.51604
-80.63397
-77.69117
-76.68790
-76.64849
-77.90532
-79.22084
-78.47101
-78.79164
-78.82781
-79.04219
-78.77143
-78.87092
-78.89686
-80.53227
-80.73328
-80.76240
-81.49558
-83.17745
-83.82145
-82.49954
-83.41253
-83.77467
-84.45550
-83.71721
-83.68573
-87.53684
-87.28345
-86.18793
-86.51496
-86.28864
-86.49097
-85.65652
-84.40163
-85.75467
-86.51085
-85.83513
-86.64187
-85.78553
-85.23592
-84.79930
-88.17974
-88.62213
-91.81542
-79.78814
-73.66521
-74.66001
-74.97102
-75.55234
-76.11186
-76.09978
-77.80150
-79.18061
-79.96975
-79.31577
-78.80379
-78.62658
-78.51557
-77.78701
-78.07523
-79.70640
-78.51642
-78.69665
-79.97427
-80.72137
-80.26131
-79.96008
-80.94697
-80.46034
-80.92474
-80.96145
-80.66883
-81.34317
-82.45433
-82.79294
-83.45781
-83.30869
-83.19000
-84.04078
-83.91975
-84.26886
-84.81469
-84.65535
-82.50328
-81.39355
-82.72176
-83.00224
-82.78077
-83.67153
-83.70862
-85.05355
-86.22591
-85.96653
-86.53579
-86.39199
-84.63960
-84.33746
-84.56715
-85.37292
-85.03167
-85.95267
-81.11207
-76.75942
-76.37696
-75.36523
-75.27892
-75.98456
-77.13072
-77.93708
-79.00556
-79.99142
-79.88756
-79.60185
-79.34430
-78.90826
-79.54204
-78.87414
-79.02547
-81.60137
-79.81379
-80.59218
-79.96201
-78.65075
-79.65012
-80.69338
-81.23097
-80.68534
-80.24049
-81.29187
-83.95082
-83.63164
-82.47426
-83.16425
-85.79962
-86.44201
-84.78264
-82.22927
-82.66914
-84.83074
-84.58690
-84.18943
-82.31986
-81.97235
-82.72617
-83.76646
-86.24691
-86.20274
-85.28227
-86.09121
-86.99800
-88.67828
-89.05969
-87.25059
-85.17799
-84.68700
-87.16636
-88.60657
-89.59994
-88.88990
-89.31965
-87.94661
-86.74922
-88.05411
-88.82443
-90.02065
-88.67306
-87.00284
-88.23918
-87.50062
-84.88978
-87.08792
-89.03194
-88.03138
-87.59547
-93.47697
-83.28270
-78.18226
-77.35115
-77.07248
-78.06576
-77.78736
-78.05430
-78.52971
-79.76953
-78.58235
-76.44507
-76.30178
-77.03514
-77.13003
-77.17518
-78.07330
-80.01304
-80.69761
-80.28761
-79.65691
-80.04864
-79.60184
-80.61254
-83.17349
-82.05263
-81.99725
-81.45680
-81.14688
-80.87849
-79.54105
-79.94233
-81.79752
-81.32622
-80.54701
-79.12046
-78.67975
-79.72579
-81.52342
-82.22547
-82.52604
-83.24768
-84.30997
-84.19005
-84.69709
-85.18886
-84.74274
-85.83936
-84.18876
-84.42087
-83.75632
-82.13016
-81.26667
-82.32366
-83.50962
-83.78306
-84.34356
-84.45199
-85.17737
-85.86580
-85.10342
-86.69962
-88.32094
-87.84241
-87.83823
-86.36830
-86.79796
-85.67666
-84.64235
-84.27653
-84.54588
-85.79753
-87.52823
-88.06465
-86.54470
-85.86421
-87.45136
-87.46345
-87.03728
-88.11161
-88.00589
-88.45272
-89.97688
-89.59589
-88.60344
-87.82850
-87.13628
-87.61971
-87.66820
-89.21785
-89.63847
-89.87655
-90.20915
-87.30823
-86.80227
-88.80722
-88.50413
-90.97057
-91.75442
-90.36167
-89.36432
-88.80059
-91.21515
-90.53600
-88.43301
-87.61427
-89.75766
-91.16921
-91.13296
-91.03430
-88.57341
-87.31385
-88.70409
-90.13834
-91.00377
-92.11765
-93.54701
-91.22222
-90.26939
-89.31895
-88.15412
-88.93014
-92.26538
-92.50068
-91.29431
-90.98126
-90.43036
-90.14336
-91.46982
-93.73790
-92.58568
-90.08488
-77.50204
-74.20054
-73.83406
-72.93132
-73.54944
-74.42779
-75.39599
-75.50070
-77.32643
-78.29727
-77.66967
-77.95241
-79.12225
-78.45110
-77.41043
-78.44320
-78.39968
-80.12333
-79.51424
-78.39832
-79.17346
-79.37107
-79.75273
-79.80443
-80.18299
-79.53791
-79.58976
-80.74010
-82.51804
-81.79208
-81.01246
-81.20841
-81.82462
-81.15027
-82.23885
-82.44072
-82.02204
-84.07033
-83.71972
-85.08307
-83.81641
-84.38412
-85.43231
-84.58590
-82.95611
-83.32134
-83.46446
-85.30515
-87.31949
-87.75097
-87.40592
-79.14185
-74.85988
-73.95842
-73.93951
-74.73303
-75.73622
-75.86950
-76.49938
-77.93779
-78.55518
-77.05075
-78.17150
-79.06217
-77.50075
-76.76522
-79.32970
-78.59932
-78.15084
-79.27731
-79.19442
-81.14364
-79.75233
-81.34862
-80.36237
-78.62556
-78.12789
-78.62279
-80.17222
-82.53866
-84.01416
-82.83923
-80.47342
-78.00392
-77.94915
-80.06904
-82.08686
-81.47232
-81.31137
-80.07960
-79.35765
-78.19826
-78.07347
-77.84421
-78.19048
-81.94437
-84.19695
-82.52296
-84.27091
-87.42254
-85.54281
-83.31252
-82.15311
-80.69851
-80.62210
-82.23975
-82.92633
-84.16554
-84.38445
-83.98261
-83.44083
-83.77836
-84.42128
-85.59109
-84.92434
-84.69806
-85.15573
-83.19933
-82.39281
-83.37896
-85.15874
-87.90505
-88.17666
-87.14895
-86.32202
-83.50614
-83.47322
-85.02510
-86.48042
-87.93999
-88.36046
-82.46129
-80.65773
-80.78881
-80.91563
-82.16201
-82.25708
-82.63204
-82.03639
-82.56065
-82.28779
-82.71559
-82.94730
-83.79547
-84.68734
-84.84352
-85.48127
-83.10192
-81.31462
-81.47488
-80.62881
-79.44110
-78.56281
-79.05602
-81.67404
-83.39577
-85.21811
-85.01862
-85.83294
-85.57753
-86.09535
-85.50271
-85.34227
-84.39804
-79.64958
-78.38479
-78.17347
-77.28749
-77.29420
-77.61469
-78.29321
-80.66920
-83.41129
-85.06187
-85.65603
-85.48517
-84.45044
-84.25381
-82.92414
-83.41313
-80.30469
-77.61504
-77.14176
-76.51831
-76.49046
-77.44059
-79.08629
-80.35122
-81.52238
-81.23560
-81.67846
-79.82169
-79.90713
-80.65275
-80.88086
-81.90590
-81.42751
-79.51134
-77.52432
-77.49755
-77.54892
-77.08877
-77.29897
-78.24276
-78.37937
-78.58436
-79.15526
-80.29767
-79.99378
-80.19676
-80.73475
-80.35848
-81.59503
-80.12571
-78.48976
-76.46146
-75.04404
-76.24681
-77.60183
-77.92000
-79.17566
-79.61991
-80.07742
-80.87528
-78.52941
-79.27739
-82.40551
-81.00107
-81.07505
-83.86477
-82.35058
-82.63013
-82.48947
-79.39755
-80.86096
-84.28231
-83.16084
-82.70713
-83.04629
-82.82929
-81.33166
-81.88147
-83.89892
-83.77579
-85.57082
-84.98226
-87.20016
-86.25067
-83.81040
-83.97624
-82.95790
-84.67529
-86.00054
-87.14958
-90.57821
-87.84083
-83.76204
-84.19906
-85.56876
-87.51216
-89.79190
-91.17061
-92.78779
-93.18792
-92.08062
-90.84308
-91.67513
-91.20112
-91.65988
-91.98527
-94.55934
-96.20661
-94.63031
-94.29547
-93.30825
-95.02987
-95.84744
-96.16828
-96.16964
-96.25437
-97.28294
-96.11874
-94.51210
-95.25978
-96.17334
-97.92216
-100.13763
-99.80959
-99.34842
-99.14087
-97.56800
-97.85716
-100.69641
-102.38052
-102.54230
-104.25514
-105.07838
-103.47104
-101.07290
-98.33307
-97.81483
-98.18128
-103.74777
-108.19508
-110.02280
-107.24328
-104.74518
-104.87541
-104.95217
-107.18019
-106.60266
-109.12903
-109.04043
-110.03040
-108.74047
-106.35358
-107.16914
-110.22898
-110.61464
-112.76563
-113.86086
-112.14072
-113.71372
-112.72852
-115.73061
-115.24159
-113.14060
-115.22371
-118.23126
-116.60448
-112.70620
-114.61946
-114.81448
-115.75543
-118.83768
-121.01061
-118.56838
-117.66580
-119.36453
-117.84028
-122.38107
-125.44078
-127.68517
-129.42524
-129.43787
-128.67098
-130.69011
-130.37309
-132.29432
-137.56662
-139.56192
-142.43286
-144.77117
-145.42877
-144.30453
-149.11731
-147.50274
-152.13575
-148.76454
-156.87574
-152.81963
-158.04049
-151.48875
