-100.46716
-77.55380
-72.86846
-74.10179
-74.18300
-75.28423
-75.60387
-76.71261
-76.72030
-77.85034
-78.35150
-79.08749
-79.37122
-80.01610
-80.79707
-81.32558
-82.11469
-82.68922
-83.53449
-83.56798
-84.67815
-84.39344
-84.95557
-79.07513
-77.51952
-77.59478
-77.25279
-77.17340
-76.35696
-76.15658
-75.40109
-78.72829
-84.96219
-83.52393
-74.69906
-73.36675
-74.66369
-74.66975
-75.86971
-76.09558
-77.00080
-77.20593
-77.89529
-77.79656
-78.41969
-77.49479
-77.38231
-77.40209
-77.30662
-76.99917
-77.01269
-76.72602
-76.61543
-78.85051
-80.35688
-80.46634
-78.73270
-79.44483
-80.20374
-81.14265
-81.20946
-81.81792
-80.28866
-80.27908
-78.25624
-79.47935
-78.95134
-73.49325
-74.16027
-74.89183
-76.18490
-76.77324
-77.70084
-78.48118
-79.08221
-79.89681
-79.79385
-81.46761
-81.37821
-81.88587
-81.91062
-81.87514
-81.14353
-81.53813
-80.22926
-80.52238
-79.38500
-81.60134
-81.88890
-78.73621
-79.61609
-80.37272
-79.97026
-79.97957
-79.48268
-78.76680
-78.54175
-76.99075
-76.90979
-71.68727
-70.95602
-72.12595
-72.05129
-73.36922
-73.71930
-75.08725
-75.05431
-76.11203
-76.42927
-77.13823
-77.75687
-77.95531
-78.41320
-78.77484
-78.43872
-78.90799
-78.78630
-78.69650
-79.07858
-78.81315
-78.94550
-75.65064
-76.32897
-77.33472
-78.29913
-79.09525
-80.05024
-80.35782
-80.09054
-79.72042
-78.42772
-78.19897
-71.55250
-69.95256
-71.90519
-73.60354
-74.11718
-74.94374
-75.95437
-75.96058
-76.60431
-76.85367
-77.88433
-77.57440
-78.50623
-78.72441
-79.12983
-78.52412
-78.05965
-77.65669
-77.18754
-76.77668
-76.73055
-76.17734
-74.33160
-74.21382
-76.51634
-78.81615
-79.66547
-81.35919
-81.54719
-82.62296
-81.68610
-82.30144
-78.51650
-71.86037
-70.93676
-71.57565
-71.89651
-72.14567
-73.04824
-73.77815
-73.87511
-74.63870
-74.59279
-75.62846
-76.54523
-76.92140
-77.65713
-79.68454
-78.38555
-80.09753
-78.60795
-80.19476
-78.37220
-80.08360
-77.74024
-76.21328
-75.99178
-76.52011
-77.31764
-78.14510
-79.67699
-77.98429
-80.77475
-75.94540
-85.73319
-64.88215
-62.51468
-68.53368
-68.66677
-71.05531
-71.30074
-72.94266
-73.47170
-73.55089
-75.40270
-74.80371
-77.17754
-74.38164
-77.54428
-73.90857
-82.40074
-70.04532
-61.45043
-66.01628
-71.39393
-74.33918
-77.43050
-75.36679
-74.77727
-75.11240
-74.79945
-79.35819
-65.15359
-62.62293
-69.49745
-72.04007
-76.43754
-77.64916
-65.32496
-64.03815
-69.46579
-68.38437
-71.37217
-70.28376
-71.29519
-72.23900
-74.51686
-74.44167
-74.56785
-74.82542
-72.72921
-76.33114
-73.34068
-83.68140
-65.78606
-61.91772
-67.20491
-72.09564
-75.27301
-78.08306
-75.11095
-75.39707
-74.26297
-75.67121
-73.51098
-62.80967
-64.13317
-71.77072
-71.77888
-77.21831
-71.66571
-62.94997
-65.02202
-69.73676
-68.83185
-71.02018
-69.62342
-72.14544
-70.44213
-72.98722
-74.55956
-76.53324
-77.74768
-78.43924
-79.43075
-77.92967
-84.51498
-63.36076
-63.40760
-71.49028
-72.74702
-76.01654
-78.28350
-77.43017
-79.49741
-76.53769
-83.01530
-71.37578
-61.18250
-64.84659
-71.89264
-73.11830
-84.59952
-70.07040
-63.09089
-66.96818
-69.77763
-70.25487
-72.42551
-71.19680
-73.84835
-71.98720
-75.33721
-73.76918
-77.07192
-73.49837
-77.14123
-73.86447
-78.28346
-72.09551
-60.88924
-64.08572
-70.36766
-72.34071
-77.97912
-76.07832
-73.78668
-75.59857
-74.83317
-80.97900
-66.95047
-61.66451
-66.70888
-71.04141
-74.31744
-82.04768
-65.72965
-62.65574
-67.98808
-67.71065
-68.74632
-68.55645
-69.12475
-69.69033
-69.50410
-70.43066
-69.50327
-71.90454
-72.56104
-79.32296
-74.04886
-87.16025
-67.84552
-61.54684
-67.43228
-71.37583
-73.70173
-79.38668
-75.84276
-75.20201
-75.75166
-75.53343
-77.65740
-63.90277
-62.98519
-70.02770
-71.48345
-76.55598
-74.83780
-64.52337
-64.17425
-69.06968
-68.40869
-70.87432
-69.88273
-71.78278
-71.00545
-72.15792
-71.99615
-72.22315
-72.65516
-71.14273
-73.85518
-72.39694
-80.09477
-63.25285
-61.51338
-67.92815
-69.85204
-74.22913
-76.12423
-74.26353
-75.18249
-74.05540
-76.14021
-72.65652
-62.08155
-63.58017
-70.48426
-71.70849
-78.87428
-71.02083
-63.15363
-65.01943
-68.50085
-68.25571
-70.01422
-68.92784
-69.77991
-68.30034
-70.10502
-70.09535
-71.83994
-71.68089
-73.45472
-72.97320
-71.48660
-74.67133
-63.40606
-63.28962
-68.24109
-71.07943
-77.77483
-77.96642
-74.80409
-75.28215
-74.91296
-80.76066
-69.42094
-62.23477
-65.75693
-70.33717
-71.37979
-78.91141
-67.34251
-61.77823
-64.89798
-65.77079
-66.13242
-66.98853
-67.30070
-68.58994
-67.86297
-69.32223
-68.08674
-70.77995
-70.49721
-72.50281
-70.03304
-72.40884
-67.51544
-60.66371
-64.21860
-70.07513
-73.87180
-80.61709
-75.17925
-71.35156
-72.26381
-71.41055
-74.77236
-64.69233
-61.55007
-67.76918
-71.50901
-73.47234
-75.94051
-64.15240
-61.45263
-64.93455
-64.28227
-65.48530
-65.25359
-66.74262
-67.59754
-68.04464
-68.81207
-68.45659
-69.89117
-68.75959
-70.53971
-68.40559
-71.92890
-63.79203
-60.43409
-64.90685
-70.06304
-75.72272
-79.41361
-73.05034
-71.28181
-71.01811
-71.47866
-71.52042
-63.05452
-63.55577
-69.69712
-71.01370
-74.83446
-72.42354
-63.18384
-63.44758
-66.83386
-66.90973
-69.21519
-68.16571
-70.05691
-69.74383
-72.41106
-72.26417
-73.35652
-72.15491
-71.35165
-72.39619
-70.65630
-73.70860
-62.82919
-61.92700
-67.74295
-68.89569
-73.11976
-78.17907
-73.12841
-73.29073
-72.03267
-75.83413
-70.42990
-62.26122
-64.89256
-71.43345
-72.95901
-83.21956
-70.52635
-61.50566
-63.52965
-64.89273
-64.54526
-65.97150
-65.67266
-66.82245
-66.18971
-67.74217
-68.12923
-69.17178
-67.08421
-67.90847
-67.29947
-68.16725
-67.67839
-61.49576
-62.91476
-67.43530
-68.36081
-69.80243
-71.39763
-71.48135
-71.68190
-70.35221
-73.24017
-66.16238
-61.63071
-65.86923
-70.17123
-71.25712
-77.29617
-65.62472
-61.34841
-65.10903
-64.96886
-65.75783
-66.51077
-66.52595
-67.28327
-66.70827
-67.85796
-66.72970
-67.91900
-67.49514
-69.29362
-67.56990
-70.45505
-65.14040
-60.43019
-64.59058
-67.23646
-68.08582
-69.36365
-68.35342
-68.17520
-70.18852
-71.47790
-73.41245
-64.10020
-62.23537
-68.11279
-69.16765
-72.16449
-72.41105
-63.05401
-61.96086
-63.93003
-62.84792
-64.36924
-65.23359
-68.52621
-70.04666
-71.04816
-70.75539
-68.95242
-67.71958
-66.34316
-67.24313
-66.25133
-70.56359
-63.55992
-61.25712
-66.33005
-68.50899
-69.24773
-68.17158
-67.08908
-67.04296
-66.12955
-68.07323
-69.21467
-62.31346
-63.27522
-70.01344
-71.49424
-75.76676
-69.88394
-62.50215
-64.23311
-66.39955
-65.29345
-66.37741
-65.52454
-67.42089
-67.73457
-70.32713
-70.92167
-72.69239
-69.70879
-68.14387
-67.52530
-66.82833
-68.27304
-61.26205
-62.85133
-68.60448
-70.49210
-72.63592
-70.47182
-69.96801
-69.70590
-69.01007
-70.74956
-67.70067
-62.26457
-65.41544
-71.55828
-72.54688
-83.52953
-68.57967
-60.69223
-63.48197
-65.61100
-66.82972
-69.05486
-68.61520
-70.84981
-69.28927
-70.98654
-68.70463
-70.58359
-69.92285
-71.25456
-69.84444
-73.02168
-70.67577
-61.51418
-64.29644
-70.43258
-72.56306
-77.46144
-72.16943
-68.68684
-71.05554
-71.52631
-78.38589
-66.25188
-61.65914
-67.48661
-71.67062
-73.57779
-77.97470
-64.78332
-61.30447
-65.81596
-65.66787
-66.81742
-66.93444
-67.71700
-69.01978
-69.42497
-71.43746
-70.87294
-71.10466
-68.56769
-72.03205
-70.52822
-79.66476
-67.26311
-61.33911
-65.64564
-69.16537
-71.44096
-73.01516
-72.37868
-72.11603
-72.08416
-71.60299
-72.36607
-63.77143
-62.74451
-67.62582
-69.53514
-75.34803
-74.86616
-63.35079
-63.13401
-66.90697
-65.59900
-68.00106
-67.46706
-69.08655
-69.61625
-71.40021
-72.47861
-73.44212
-71.40305
-70.92124
-73.19756
-70.92973
-75.88398
-63.73219
-61.69935
-67.15954
-70.80942
-74.00930
-75.38624
-72.99770
-73.37418
-72.59546
-73.44142
-69.80538
-62.27210
-63.59669
-68.56979
-67.08955
-71.28935
-71.27286
-61.64227
-62.66026
-65.23314
-65.31778
-67.33806
-66.96323
-68.46641
-68.07474
-68.76906
-67.28994
-69.29116
-69.01631
-70.59758
-71.05423
-72.09130
-72.61993
-62.26411
-62.91938
-68.21967
-70.10297
-72.55344
-72.35797
-70.30832
-71.56380
-70.86726
-73.48255
-67.29098
-61.82358
-65.46364
-68.39562
-68.04657
-69.88534
-64.14521
-60.87214
-63.69997
-64.40932
-64.51412
-64.99166
-64.62894
-64.60046
-64.73624
-66.36214
-67.05213
-68.41278
-67.48870
-69.41052
-68.24891
-69.19708
-65.27666
-60.61792
-63.68450
-66.67578
-67.75820
-70.49408
-68.99435
-66.99226
-67.32034
-67.83455
-67.38804
-62.67840
-61.35115
-65.20096
-65.04414
-64.73810
-65.10550
-61.50745
-60.64007
-61.92417
-60.47180
-60.58050
-60.73376
-61.80029
-62.51260
-62.89170
-62.81499
-62.40007
-63.04572
-62.14372
-63.72930
-64.19142
-65.50818
-59.99055
-57.62955
-58.25425
-57.50232
-56.92010
-58.38723
-59.88270
-62.14326
-66.29007
-65.43749
-65.75683
-60.49661
-61.22742
-64.51562
-63.19558
-61.81470
-60.40426
-58.05098
-58.00962
-59.66019
-59.33027
-60.57585
-61.45831
-61.29716
-60.68952
-61.51597
-60.87226
-58.39572
-58.34645
-61.58167
-62.94145
-64.78391
-68.72847
-62.37221
-62.23865
-67.50915
-63.75244
-62.03799
-61.14832
-58.98998
-61.21105
-61.45940
-63.16277
-65.20284
-60.55603
-62.93009
-66.94967
-65.23457
-67.01601
-63.22960
-58.96763
-60.22407
-61.26899
-61.17313
-62.28279
-62.55380
-61.00282
-62.27973
-61.87001
-61.70151
-62.19973
-59.24143
-59.59027
-58.37750
-59.03788
-60.14167
-59.25445
-61.51368
-63.81073
-65.01543
-65.51209
-65.92961
-65.87537
-65.76987
-66.14352
-65.60243
-62.58391
-61.25832
-63.61953
-64.46678
-65.11471
-67.39245
-62.71541
-59.53075
-60.36744
-59.91509
-60.36957
-61.05091
-60.41221
-60.38060
-60.93997
-62.44490
-63.41646
-63.64942
-63.01175
-66.14355
-65.64144
-67.11348
-63.79526
-59.80414
-63.04426
-65.05910
-66.79178
-68.55086
-66.61719
-64.42102
-64.15757
-64.86955
-64.84037
-61.56058
-60.70618
-62.26721
-62.24208
-61.76180
-62.46267
-59.71043
-58.15621
-60.47724
-60.85896
-61.71983
-61.12579
-61.37785
-60.27645
-61.49345
-64.11163
-63.59187
-65.18178
-65.75831
-65.24484
-65.75477
-66.13706
-66.12967
-67.11327
-66.07462
-66.88482
-64.42140
-65.85737
-64.53456
-63.31827
-64.64618
-65.95083
-65.49463
-65.66132
-64.87078
-65.92366
-65.67926
-70.09167
-65.14646
-54.71894
-55.29496
-55.85155
-55.46487
-57.18041
-57.94351
-58.64646
-58.99505
-58.74195
-59.67438
-61.12223
-60.66091
-61.90546
-61.87137
-62.81342
-62.76626
-59.15654
-59.22537
-62.15486
-62.59896
-64.10136
-63.83578
-62.79572
-62.90294
-62.21407
-62.69842
-60.70444
-60.73755
-63.49090
-67.31064
-65.43804
-70.72589
-65.16871
-55.57342
-55.75166
-55.10845
-55.86052
-57.30986
-57.47570
-58.67404
-59.54265
-61.48830
-60.43798
-59.83641
-59.44437
-60.07597
-60.66675
-62.58534
-62.10598
-58.88956
-59.80781
-61.22795
-62.65013
-65.77077
-64.45706
-64.94428
-63.81499
-63.40864
-64.51549
-62.47612
-60.88174
-63.63769
-63.97040
-64.21704
-65.91203
-61.34718
-58.90785
-57.70542
-57.78402
-58.57349
-59.23854
-59.93740
-61.02168
-61.55843
-63.83304
-63.90319
-63.34136
-62.13822
-63.82642
-64.96947
-67.85888
-63.48848
-57.33084
-58.49551
-58.88367
-59.85477
-59.99229
-59.32842
-59.95217
-60.32133
-60.82135
-60.55565
-59.43465
-59.83031
-61.88367
-61.82155
-62.57373
-63.70050
-56.05854
-54.42485
-56.15873
-56.76625
-58.41296
-57.85584
-59.07409
-59.81095
-61.10004
-60.79261
-60.34390
-60.31988
-60.28610
-60.83215
-61.74501
-62.94822
-59.68810
-59.55580
-61.50494
-59.53602
-59.02293
-59.52515
-58.62064
-59.03554
-58.70612
-59.19952
-59.35924
-58.71965
-60.22799
-62.10313
-61.72450
-62.34724
-60.58123
-56.51866
-55.77505
-55.64621
-56.48408
-57.93626
-58.36215
-59.67176
-60.24190
-61.40396
-61.33813
-60.54919
-60.51702
-62.33569
-62.93966
-63.59961
-64.43052
-60.96323
-60.19596
-61.55476
-63.29446
-65.27447
-65.16860
-64.31506
-65.45458
-63.36933
-63.20336
-61.07869
-60.53642
-63.93352
-67.14594
-66.21575
-71.45008
-63.75745
-55.84072
-56.63642
-57.01552
-57.49851
-58.03933
-58.50209
-58.80739
-58.91265
-59.64065
-59.57654
-60.60125
-60.35437
-61.08242
-60.83071
-62.22545
-61.70697
-59.50281
-61.58802
-62.61853
-63.24080
-63.93473
-63.82986
-64.78916
-65.36648
-65.00393
-65.45990
-61.82871
-61.34663
-64.40011
-66.51066
-72.42043
-64.81503
-57.18867
-54.93328
-56.27634
-57.03841
-58.02456
-58.73135
-59.23611
-59.68379
-60.06025
-60.01483
-59.14773
-59.79007
-59.91094
-61.05900
-61.52177
-63.54680
-60.37769
-59.01200
-61.06398
-61.59307
-63.54156
-64.64965
-63.52881
-64.90038
-66.81986
-61.14991
-58.80624
-57.88534
-58.17302
-59.18096
-59.39148
-58.04392
-58.68053
-56.02179
-54.07390
-56.56273
-57.39014
-58.62131
-58.52173
-59.10053
-59.68304
-59.75531
-59.90204
-59.80495
-60.35853
-60.65267
-61.00678
-61.62004
-62.92536
-58.54754
-56.46461
-57.61255
-57.92500
-59.06770
-60.25922
-61.18018
-61.37691
-60.48460
-61.60659
-61.13752
-58.87129
-58.30196
-59.25307
-59.20192
-60.54397
-60.48770
-56.81476
-54.87643
-55.43782
-56.11907
-57.00467
-58.46816
-57.58597
-57.84741
-59.33817
-60.37091
-62.20061
-62.37472
-62.34753
-62.86508
-61.91262
-60.90414
-59.31970
-60.19028
-61.40790
-61.20459
-62.61590
-62.88425
-62.78903
-64.16709
-63.89156
-64.89616
-62.24883
-60.47802
-63.95170
-65.08570
-65.21234
-65.58850
-60.35466
-57.83297
-59.06403
-58.45313
-58.89436
-59.20775
-59.47094
-60.38625
-61.02385
-61.82066
-61.43496
-61.37308
-60.00786
-60.91447
-61.21180
-62.50889
-61.51051
-59.46609
-61.95931
-62.80502
-62.89673
-64.21709
-64.59103
-64.80680
-64.68529
-65.04954
-65.15811
-62.15085
-61.48160
-64.94597
-65.58144
-66.09663
-64.44470
-57.30987
-56.06083
-56.69439
-57.39950
-58.60088
-57.18359
-57.65725
-59.02467
-60.69460
-60.83431
-62.28351
-63.63183
-63.84950
-63.81510
-62.48828
-64.27908
-61.21221
-60.33678
-64.47123
-65.42767
-65.53701
-65.52754
-63.00689
-63.55211
-63.51649
-63.95620
-63.66371
-60.98837
-62.77995
-70.30673
-71.13428
-77.65987
-71.57338
-57.54427
-56.32674
-57.92024
-58.86364
-60.39627
-60.43213
-61.25001
-61.26706
-62.20046
-62.50824
-62.48602
-61.46143
-62.45929
-63.25784
-64.01783
-64.12190
-59.90865
-60.14437
-61.87621
-62.72225
-64.86436
-65.11742
-63.63493
-63.96915
-62.78145
-63.37840
-62.14196
-59.91912
-62.34936
-65.47866
-64.62863
-70.22321
-64.84498
-55.74823
-55.93863
-57.03882
-57.40282
-57.64423
-56.96228
-56.74623
-57.67813
-58.34949
-55.51591
-55.64460
-55.97662
-55.82761
-55.71014
-55.70239
-55.57432
-55.42044
-57.63476
-58.17829
-57.11223
-57.24482
-57.78420
-57.91601
-58.38264
-58.12826
-57.78185
-56.48154
-55.96597
-56.47326
-57.72559
-59.73412
-62.41768
-58.38320
-55.10443
-56.17088
-55.91882
-56.13516
-55.94818
-56.47001
-56.67374
-57.40228
-58.13501
-57.97449
-57.68668
-57.21196
-57.23379
-57.07577
-57.96749
-56.91147
-55.91667
-56.22024
-56.52946
-56.05494
-56.57841
-57.07533
-57.33056
-57.42373
-57.05276
-57.23207
-56.72085
-56.64241
-57.43472
-57.77944
-57.20085
-56.53044
-56.06223
-55.51831
-56.49983
-58.40471
-59.32418
-60.86882
-61.54291
-61.50941
-62.31457
-62.09399
-61.94641
-62.32403
-62.04592
-62.75869
-62.31167
-63.26202
-59.22506
-56.35571
-58.02096
-58.26059
-58.19064
-58.10477
-58.47069
-59.00534
-57.95878
-56.86112
-56.99671
-56.40434
-56.24461
-57.34560
-57.24585
-56.88084
-55.82648
-54.07817
-53.65757
-54.54745
-54.80563
-55.09836
-55.29013
-55.78751
-56.41639
-56.35020
-56.53755
-56.87012
-56.30307
-56.90800
-56.92946
-57.87163
-59.41607
-57.23515
-58.88957
-60.50478
-62.22093
-59.16571
-56.25063
-56.21611
-55.75373
-56.10629
-55.98498
-56.52766
-56.63185
-57.73185
-58.19371
-56.92910
-57.78928
-56.95579
-54.94970
-55.22039
-54.79182
-55.73508
-56.34075
-55.92682
-56.12173
-56.98965
-57.79521
-56.78086
-57.23179
-57.31367
-57.46590
-56.88190
-58.71044
-60.04925
-58.52723
-59.35112
-60.46524
-61.80451
-62.96269
-62.60541
-62.66495
-62.73716
-61.30238
-61.31252
-59.47138
-59.74623
-62.02848
-63.32662
-63.07706
-63.83991
-59.55654
-56.03762
-56.90838
-56.26917
-56.33594
-56.53265
-57.17921
-57.27357
-57.72513
-58.45292
-59.27221
-60.62040
-60.49816
-60.43346
-60.39548
-61.02711
-58.11601
-57.05995
-57.81050
-58.69559
-60.31244
-61.82924
-61.09520
-59.62166
-58.63769
-58.47708
-59.26770
-58.74462
-58.90047
-60.02742
-59.39390
-60.80831
-61.53987
-56.07426
-54.86199
-55.42386
-55.48641
-56.39300
-56.46452
-57.47650
-57.40853
-57.62519
-58.18956
-57.75730
-56.72538
-57.56034
-58.21710
-57.40831
-58.67807
-57.19163
-57.06767
-58.49509
-58.72438
-57.87642
-56.80834
-56.59986
-58.15482
-58.31269
-56.66350
-55.73084
-55.58760
-55.95793
-56.37103
-57.48135
-58.76269
-59.19400
-56.57786
-56.28662
-55.89980
-56.47129
-57.71107
-57.41688
-58.26123
-58.68238
-59.01415
-58.67926
-59.57020
-59.52938
-59.46274
-59.58094
-60.43439
-60.08883
-56.67080
-57.40243
-58.91711
-58.58635
-59.15029
-58.72480
-58.79139
-58.51701
-58.74123
-59.46615
-57.77854
-57.57459
-59.01728
-60.17208
-59.83529
-61.17161
-58.96929
-55.34502
-56.74318
-56.15664
-57.43557
-57.82822
-56.57505
-56.79495
-56.79396
-59.15753
-59.72488
-60.52530
-60.22944
-61.60898
-60.58889
-60.64198
-60.23175
-57.35403
-57.49361
-57.97859
-58.06365
-58.62603
-58.79209
-58.81885
-58.88130
-59.21329
-60.13496
-58.77350
-58.57541
-59.64861
-60.31126
-60.72486
-61.94381
-58.15349
-57.80575
-59.16913
-56.92260
-57.68310
-57.95678
-58.39075
-58.58904
-58.99343
-59.65242
-59.99222
-59.62124
-59.33424
-59.65887
-59.43579
-60.29854
-58.57753
-57.95915
-59.34917
-59.22413
-59.31062
-59.76352
-59.34839
-59.76644
-59.51336
-59.53246
-59.39208
-58.27295
-58.87768
-60.00693
-59.60490
-60.18042
-59.89576
-56.47352
-57.24217
-58.30348
-57.80166
-58.00777
-56.93281
-57.35756
-57.57823
-58.42959
-59.34605
-59.91061
-60.58988
-61.69956
-62.64142
-62.24407
-61.74481
-59.19415
-59.68826
-62.36258
-62.29288
-62.84705
-62.76458
-61.49633
-62.19073
-62.06102
-63.07298
-60.87954
-58.72107
-60.80388
-62.35122
-61.76230
-63.63872
-62.86484
-56.58296
-57.06389
-58.14008
-58.37993
-59.12625
-58.22825
-58.11924
-57.86751
-59.44581
-60.27632
-61.94966
-62.27512
-63.60863
-63.41267
-65.79263
-64.56105
-60.10766
-62.12503
-64.30157
-62.65206
-60.28089
-58.04502
-57.84932
-58.30089
-57.43124
-57.65419
-57.37677
-57.47348
-59.56458
-62.60709
-60.95600
-63.76653
-59.61457
-55.82808
-57.58763
-57.17487
-57.40249
-57.01512
-58.10473
-58.85531
-58.15362
-58.17544
-60.70808
-60.96871
-59.86942
-61.03991
-60.09280
-62.18400
-59.62994
-57.69384
-58.58595
-59.11703
-59.68457
-59.76834
-59.13104
-58.12021
-57.88873
-58.36642
-58.91906
-58.50705
-59.45456
-60.50378
-62.24473
-65.06687
-67.76251
-58.45401
-55.78522
-56.94651
-57.04086
-58.06455
-57.78038
-58.32783
-58.08078
-59.37681
-58.49706
-58.65420
-58.78829
-58.64466
-59.16053
-59.14840
-60.24972
-58.24182
-58.17306
-59.22117
-59.26212
-59.62444
-60.41975
-59.93287
-59.68862
-59.39232
-60.63299
-61.31190
-59.47200
-60.52987
-61.27184
-60.61807
-61.03466
-60.42994
-57.99698
-57.35081
-58.52034
-59.81333
-61.06765
-61.54479
-62.33144
-62.28713
-62.98656
-62.51710
-62.93704
-64.27366
-65.53864
-66.78714
-67.26848
-68.75331
-59.82181
-58.32993
-59.77873
-59.55081
-60.21908
-59.66711
-59.80327
-59.55747
-59.41452
-59.63298
-58.17243
-57.79609
-59.05326
-58.71645
-58.48827
-59.74990
-59.13106
-55.29308
-55.53458
-56.33679
-56.44580
-56.92563
-57.04127
-57.63608
-57.39109
-58.38471
-57.92472
-57.86630
-57.67630
-58.61102
-59.56874
-61.33127
-61.75293
-59.42601
-61.51210
-60.87752
-58.16691
-58.54864
-57.92558
-58.02707
-58.44775
-58.71610
-59.41972
-57.59692
-58.25169
-59.93992
-60.11181
-60.58099
-61.04869
-57.37396
-55.67063
-57.30444
-57.27145
-57.47712
-58.40194
-59.32787
-58.53323
-58.59294
-60.18859
-59.70972
-58.65066
-59.37652
-60.81130
-59.66288
-61.40580
-61.26651
-59.67871
-60.58869
-62.33952
-63.93471
-64.43939
-65.08139
-67.07819
-65.53890
-63.19391
-62.30275
-59.79951
-62.09392
-65.89028
-66.78046
-68.37625
-71.62633
-58.78482
-56.18079
-57.95407
-57.55376
-58.50275
-58.13986
-59.18353
-58.62692
-59.27415
-59.19068
-59.85690
-59.54196
-59.44660
-60.08313
-60.20909
-61.70325
-59.28500
-59.57700
-61.18081
-61.06201
-61.21428
-61.54843
-62.19929
-64.12008
-63.40365
-64.05821
-62.17163
-59.71452
-60.83275
-63.44934
-63.67363
-66.19596
-65.13669
-56.72098
-56.28082
-56.97252
-57.49682
-58.66645
-58.59715
-59.59270
-59.09033
-59.46933
-58.12293
-58.63864
-59.77394
-60.53726
-60.63677
-59.92939
-58.35901
-55.98288
-57.19000
-58.29668
-59.91683
-60.78384
-59.68601
-60.47911
-62.07758
-60.99753
-58.11654
-56.89618
-56.75228
-57.92402
-59.03219
-58.86380
-60.18287
-58.36001
-55.88202
-57.38346
-57.76346
-58.81613
-59.20490
-58.85431
-59.45313
-59.08657
-59.93959
-59.39248
-60.02608
-59.76118
-60.48546
-60.59420
-61.82799
-61.32000
-57.34064
-58.41673
-58.73285
-58.52677
-58.98398
-58.85072
-59.30739
-59.50585
-59.91286
-60.86536
-59.20349
-58.24762
-59.97652
-60.09567
-60.25335
-62.80828
-58.68286
-56.53103
-58.73849
-58.42218
-58.61107
-58.29353
-59.03013
-58.67495
-59.23264
-60.05944
-60.15185
-61.32887
-62.26599
-63.57348
-61.37225
-61.35784
-60.24851
-59.99529
-61.86313
-63.56868
-63.06775
-63.08996
-63.94092
-65.25641
-65.14809
-65.19351
-64.61510
-60.75350
-61.07992
-62.29489
-61.89134
-64.19580
-63.38950
-58.53661
-58.86546
-59.30502
-58.02611
-57.98134
-57.73880
-59.23960
-60.13340
-59.95389
-60.09550
-61.30633
-61.47582
-60.85379
-60.45637
-60.69250
-61.00203
-58.65733
-59.59693
-61.09543
-59.84022
-59.81224
-61.37232
-61.68860
-61.91279
-61.41609
-61.39055
-60.78127
-59.02513
-59.92813
-61.02942
-61.85056
-62.92437
-60.69707
-56.63048
-57.48633
-58.29941
-58.48640
-58.68506
-58.19335
-58.78574
-59.15897
-59.70782
-59.47370
-60.76539
-60.81881
-61.44572
-61.11558
-61.96581
-61.93872
-59.44937
-59.92669
-62.35871
-62.31100
-62.21231
-61.50465
-61.05940
-62.03725
-62.28414
-63.69998
-61.02891
-60.14130
-62.82097
-63.41187
-62.70173
-67.32261
-61.69220
-56.85695
-57.99586
-58.36321
-59.28192
-59.81222
-60.73056
-61.85758
-60.92700
-59.79423
-58.86228
-58.71829
-58.64108
-59.52775
-60.06871
-61.09293
-59.11142
-57.96094
-59.58749
-59.86614
-62.60898
-64.57916
-62.46843
-62.30740
-61.79402
-62.85493
-63.11284
-60.21876
-59.58065
-60.19152
-59.58341
-61.01171
-64.38447
-58.31014
-56.61508
-58.12582
-58.64955
-59.46955
-59.04572
-59.85760
-60.16818
-60.55143
-59.38364
-58.79227
-59.78410
-59.73403
-59.11951
-58.76050
-59.74937
-59.06982
-59.10874
-61.06878
-60.87269
-61.19568
-61.89937
-62.43374
-63.41166
-62.55445
-62.08446
-60.51344
-59.24399
-59.98944
-61.43510
-63.24872
-65.39710
-64.52162
-57.93667
-57.41582
-57.63958
-57.44896
-59.04219
-59.01100
-59.49102
-59.45217
-60.71149
-60.19233
-59.92223
-59.38031
-59.95190
-60.54224
-60.75556
-60.31480
-58.27376
-58.73112
-60.72958
-59.60059
-59.56033
-61.61500
-61.53036
-61.06462
-60.27603
-61.83268
-59.89264
-58.88093
-62.08392
-60.95482
-60.17307
-61.42082
-59.35170
-58.20310
-58.42963
-59.67341
-61.01500
-61.98072
-63.12456
-64.09159
-64.88994
-64.92924
-64.61067
-65.65190
-65.14861
-67.18578
-68.01918
-68.31052
-64.50000
-57.39734
-58.21278
-59.24082
-59.71100
-60.81323
-60.17627
-60.65020
-60.55242
-60.50607
-60.66508
-59.31833
-58.81269
-60.38777
-61.45178
-61.26883
-61.38517
-57.72906
-55.44342
-57.20931
-56.99864
-57.77397
-57.84549
-58.37651
-59.98073
-59.98877
-60.39584
-60.43380
-59.94927
-60.01933
-60.32061
-60.45529
-63.68247
-60.14530
-58.87781
-62.29623
-60.25970
-58.40178
-58.54647
-58.04013
-57.98027
-58.34190
-59.16615
-59.50052
-58.55054
-59.75333
-61.62451
-60.84957
-61.19179
-60.92792
-57.10697
-56.30920
-57.32496
-57.35679
-57.64408
-57.81335
-59.82085
-60.67723
-61.27647
-61.33152
-60.10769
-59.62481
-60.89674
-62.32585
-61.70286
-63.54356
-61.17346
-60.57038
-62.14882
-63.12984
-64.69693
-64.68058
-64.69426
-66.16527
-64.84750
-63.34361
-62.07262
-60.24240
-63.30068
-66.83555
-66.80571
-70.02666
-67.64791
-58.53521
-57.17204
-58.05884
-57.84310
-58.69519
-58.64762
-59.31748
-59.42056
-60.66820
-60.92249
-61.27421
-60.83599
-60.63324
-60.77173
-61.59585
-62.43152
-59.88661
-61.56723
-62.84035
-62.23465
-62.95181
-63.29449
-63.81968
-64.64626
-64.11565
-64.69719
-61.76389
-60.82810
-63.64507
-65.66922
-67.06578
-72.90435
-63.98651
-56.17846
-57.24362
-56.60985
-56.60505
-57.47098
-57.51665
-58.75395
-59.93157
-60.41400
-60.08157
-60.27193
-58.62767
-58.61000
-58.53028
-60.60722
-58.29938
-56.94978
-59.29836
-60.98133
-60.25719
-59.07993
-58.67256
-59.43121
-61.01726
-59.12253
-57.75028
-56.49458
-56.34358
-57.31884
-58.34940
-59.36445
-60.81108
-57.57406
-55.19806
-56.14614
-56.44531
-57.17815
-57.13793
-57.49479
-58.17562
-58.61587
-59.82132
-59.35083
-60.28501
-59.41750
-59.82894
-62.20681
-62.40256
-59.24271
-56.60897
-58.57842
-59.07076
-58.74396
-59.61100
-58.83937
-59.24183
-59.26632
-59.81252
-60.04486
-58.02658
-58.67925
-60.11154
-60.01887
-60.35174
-61.15120
-56.70112
-54.90109
-54.81490
-55.03129
-56.68099
-56.28653
-58.39945
-59.18359
-59.67390
-59.41517
-59.82814
-59.98561
-60.39786
-61.76751
-60.80127
-62.33456
-59.33832
-60.30675
-62.40357
-61.24071
-62.49437
-63.27835
-63.26847
-64.49448
-64.22523
-64.06386
-63.01775
-60.61203
-61.77773
-63.67090
-63.93954
-64.27809
-62.61823
-59.99711
-61.66587
-59.84364
-59.19668
-60.26747
-60.80351
-59.82517
-58.56828
-62.26696
-61.29874
-61.35948
-59.55999
-60.59327
-61.17231
-60.72877
-61.82574
-59.25001
-61.35264
-61.03391
-61.97736
-64.43380
-64.15319
-63.99855
-63.08769
-62.35025
-62.77180
-60.88017
-60.43537
-62.83392
-65.08195
-65.25712
-67.09110
-60.50288
-56.18756
-57.52813
-56.53929
-56.47290
-56.84978
-57.92868
-59.21058
-60.52982
-62.08447
-62.33799
-62.55569
-62.15394
-62.82599
-61.83667
-62.78337
-60.49066
-59.72026
-62.84425
-65.20032
-65.18583
-66.03002
-65.84555
-66.97439
-67.58622
-67.24618
-66.82824
-60.81537
-61.93532
-66.89418
-68.24368
-67.76404
-71.32955
-58.84776
-55.34886
-57.51824
-57.94430
-59.47753
-59.36799
-59.83315
-59.63966
-61.25890
-62.38302
-63.28389
-63.59602
-64.64638
-64.70716
-65.07462
-65.26154
-63.42534
-62.00920
-61.99595
-63.73650
-63.61391
-62.48932
-61.45967
-62.55778
-61.17724
-61.02502
-61.64475
-63.90463
-65.01363
-67.51698
-66.09902
-69.75299
-67.44963
-59.79024
-61.65549
-62.94353
-63.21594
-63.85160
-64.25082
-65.34652
-65.48866
-65.61547
-66.03026
-66.43290
-66.03688
-65.79908
-63.76984
-63.82398
-63.84604
-59.19119
-61.74364
-64.34598
-62.95744
-65.04699
-65.44644
-65.89580
-65.53951
-65.08100
-66.22807
-64.84923
-61.25612
-62.99644
-65.47107
-66.38722
-68.15263
-63.57053
-59.42111
-60.79582
-61.34574
-62.16900
-63.19790
-64.59874
-67.25672
-66.06152
-65.50271
-64.11168
-65.54737
-64.76854
-65.15513
-63.98422
-64.84638
-62.95150
-59.64387
-63.16570
-65.27763
-63.32948
-65.06202
-67.33222
-66.77209
-67.05586
-67.29314
-68.09319
-63.24868
-61.91571
-66.07604
-64.85275
-67.52475
-69.60797
-61.48198
-61.00984
-63.73988
-63.25717
-64.96721
-65.34976
-65.39995
-65.23103
-66.07958
-66.20358
-66.24388
-67.90405
-66.74446
-69.73987
-68.00666
-71.86569
-63.52991
-60.47032
-66.15366
-67.39285
-68.94774
-69.78660
-69.23847
-69.09296
-68.75039
-70.24499
-71.18008
-62.83913
-63.19935
-69.12236
-69.54326
-73.31993
-69.21501
-60.69862
-60.76284
-64.08415
-63.37726
-65.50869
-65.94577
-67.01592
-66.47896
-68.51897
-69.04051
-70.29422
-70.07507
-68.70735
-69.30506
-67.84731
-69.56133
-61.13130
-61.85176
-67.43663
-67.62000
-69.67154
-69.43355
-70.31181
-69.77661
-69.59407
-72.71638
-69.27118
-62.10038
-64.61664
-70.65886
-70.94045
-77.62432
-67.23476
-60.53704
-62.42568
-64.19456
-64.75065
-65.78253
-65.64420
-67.13656
-66.11222
-67.74261
-67.68732
-69.81365
-68.01597
-69.65382
-67.52508
-68.30550
-67.52453
-60.20415
-63.08229
-66.91648
-67.33759
-68.57834
-69.78925
-72.53031
-73.49226
-72.54215
-75.18284
-66.06675
-61.82300
-66.57756
-70.84457
-72.60101
-80.47404
-64.89709
-59.78336
-63.17853
-63.82091
-65.37268
-66.44810
-66.74634
-68.24694
-68.41744
-69.86733
-69.60622
-71.51280
-69.95186
-73.78182
-70.77687
-75.35159
-66.90797
-60.88732
-65.50330
-69.40973
-71.86693
-73.83668
-71.78217
-70.80699
-71.01119
-70.61685
-70.49666
-63.10711
-62.38838
-69.36542
-72.06221
-77.75561
-72.95905
-61.61072
-59.83493
-61.78088
-60.90907
-62.53400
-62.67174
-63.52002
-64.44918
-64.62056
-65.05694
-66.01909
-65.84419
-62.93199
-61.66107
-61.17865
-62.22423
-58.39020
-58.70411
-63.20444
-63.87544
-62.57207
-60.88732
-60.60743
-60.40555
-60.74915
-60.77614
-60.62276
-60.26274
-60.78883
-63.44083
-65.37238
-67.46627
-66.14842
-60.33241
-59.95154
-61.10094
-61.99598
-63.89129
-62.58629
-62.44998
-61.07096
-62.57324
-63.36995
-64.49747
-65.03949
-62.70847
-63.91866
-64.51789
-65.80436
-60.43435
-60.61399
-64.59697
-66.70233
-67.19805
-65.35589
-65.50376
-64.88925
-64.37613
-65.84012
-63.20926
-59.41120
-62.20863
-62.71164
-62.57300
-65.48893
-62.95858
-59.12666
-59.16387
-59.68373
-60.96042
-62.82508
-63.54737
-66.82523
-66.69255
-67.49429
-66.67448
-67.63749
-66.37448
-66.97863
-65.55910
-65.82447
-64.34321
-59.78476
-62.90080
-65.95222
-66.89311
-68.89528
-70.93120
-69.71377
-68.36811
-67.82015
-67.96945
-63.32916
-61.07748
-64.25238
-63.32586
-63.68158
-65.52705
-61.48293
-58.61418
-60.60836
-62.44244
-63.14543
-63.15397
-63.13493
-63.29685
-64.84135
-66.78631
-66.75268
-68.18388
-66.26783
-67.77920
-66.41148
-68.98852
-63.95569
-60.34875
-65.06702
-65.87473
-65.58269
-67.67115
-67.74071
-68.03769
-66.30173
-66.32027
-67.68394
-62.76536
-62.22568
-67.14254
-68.52490
-72.53225
-67.35271
-58.73876
-59.89819
-63.15506
-62.91680
-64.74323
-64.26075
-65.35495
-65.95096
-68.52894
-68.54122
-69.00539
-68.95718
-68.16652
-69.35216
-68.75472
-74.33500
-63.02548
-61.92460
-67.79734
-68.58616
-74.12085
-73.27602
-69.52797
-71.71025
-71.86983
-75.55203
-71.43592
-61.96866
-64.10842
-70.36111
-69.34142
-72.50526
-66.86102
-59.34113
-57.88970
-58.53088
-61.23013
-63.28076
-63.74980
-66.01087
-65.51474
-66.99652
-66.75638
-70.19437
-70.61780
-72.08206
-71.03147
-72.62051
-71.96293
-62.07743
-63.06513
-67.81259
-71.12571
-73.70661
-71.75313
-68.26700
-68.01084
-68.56448
-72.57640
-66.88645
-61.59731
-66.07144
-69.91146
-70.17805
-73.42541
-63.81442
-58.66768
-60.20873
-61.22514
-61.52436
-62.68614
-63.74076
-65.63632
-65.66576
-66.87806
-66.06037
-66.20940
-64.97693
-65.27555
-64.16354
-66.59702
-64.54206
-60.15108
-63.77177
-64.90776
-64.53987
-66.44975
-67.56469
-67.37740
-65.87607
-65.63893
-67.50047
-63.32659
-61.24259
-64.78295
-66.63535
-68.47360
-70.78943
-62.10378
-60.54317
-62.41715
-61.07995
-63.23764
-63.09046
-63.76591
-64.45354
-64.91935
-65.12042
-65.30376
-68.25232
-67.96677
-67.35898
-65.21383
-67.73064
-62.85392
-60.80065
-65.90632
-65.75295
-65.17563
-67.49745
-67.64628
-68.23693
-68.15930
-68.44403
-67.58351
-61.73790
-63.08289
-67.16669
-66.00954
-69.46674
-67.09004
-60.83218
-60.50439
-61.10162
-60.77196
-62.96424
-63.31905
-64.33332
-65.18843
-67.65655
-67.79101
-68.90579
-68.58457
-68.90108
-70.41279
-68.78280
-70.52987
-61.41515
-61.77380
-67.73909
-69.03191
-72.39510
-73.46037
-70.18433
-70.32099
-69.45323
-71.04122
-68.34096
-61.72807
-64.89909
-70.57249
-71.43656
-77.24067
-66.78246
-59.64967
-61.55601
-63.59809
-63.95708
-65.09548
-64.64983
-66.42305
-65.90537
-67.89727
-68.59956
-69.60246
-68.03469
-70.31814
-69.67219
-71.98989
-69.68130
-60.78935
-63.63736
-69.36757
-70.70792
-74.38286
-72.29210
-71.30506
-72.08898
-71.08677
-72.59026
-66.43725
-61.68173
-66.78843
-69.81919
-70.78189
-74.19231
-64.11439
-60.84945
-61.51813
-62.10462
-64.08394
-64.92595
-66.18082
-68.26992
-68.20795
-70.35624
-70.12800
-70.42523
-67.89969
-70.26451
-68.15617
-71.91530
-65.63995
-60.51564
-65.64375
-68.45480
-70.99846
-73.87153
-72.02990
-71.51850
-70.79352
-70.31556
-73.35279
-63.78041
-62.36799
-68.71111
-70.63635
-73.32577
-75.31166
-61.48958
-59.30577
-62.49858
-62.26140
-63.85936
-63.68362
-65.37721
-65.34796
-65.93393
-65.95485
-66.22541
-66.44089
-66.59708
-69.39551
-68.34774
-73.00608
-63.78069
-61.27862
-67.30519
-70.45151
-73.58125
-74.73708
-70.33187
-68.98547
-69.92045
-70.46050
-69.84461
-62.37493
-63.70836
-68.99977
-70.08245
-72.33985
-62.91114
-59.12517
-59.92106
-61.51654
-61.14811
-63.31418
-63.58938
-64.23793
-65.67274
-65.93109
-66.16901
-66.00942
-62.53279
-59.93871
-60.04818
-62.31487
-62.54071
-57.96501
-60.05218
-64.81678
-65.09116
-63.51017
-62.30890
-61.30716
-60.72599
-60.74905
-61.03232
-60.90194
-60.28687
-62.70953
-65.26350
-66.55429
-69.45833
-64.19955
-58.29661
-58.80901
-60.27346
-62.50454
-62.86367
-61.80398
-62.30011
-61.45210
-63.42529
-63.14157
-64.81136
-62.90037
-62.32340
-63.19410
-64.83754
-65.24227
-60.51804
-62.61286
-66.32036
-67.66992
-67.11799
-65.80381
-64.95238
-65.48887
-65.86800
-67.32095
-62.65511
-60.38928
-64.30232
-65.51545
-66.14321
-68.59420
-62.18496
-58.95043
-58.96853
-58.65870
-59.95688
-59.95574
-61.60129
-62.35670
-62.56522
-64.06500
-64.94710
-66.73263
-65.63768
-65.09133
-64.14797
-65.75213
-62.85448
-60.69469
-65.54038
-69.12719
-69.59088
-71.91681
-70.45705
-67.57499
-65.92368
-66.06764
-66.40429
-62.17563
-62.13827
-66.28454
-65.84032
-68.07556
-66.37168
-59.25521
-58.41548
-61.25779
-61.58173
-62.75862
-62.93163
-63.45223
-64.04425
-66.14433
-66.94690
-66.58919
-66.52048
-66.85288
-67.43283
-66.54145
-69.46365
-61.45278
-60.89694
-66.52862
-66.76761
-68.22893
-70.00218
-69.05393
-68.84403
-67.53115
-69.06625
-67.26159
-61.81351
-63.40977
-68.16429
-68.71706
-75.62009
-64.54980
-58.59801
-61.09557
-60.91326
-61.79368
-63.75939
-63.60235
-65.91809
-66.29033
-67.90104
-67.04859
-68.23671
-68.51397
-69.92222
-68.33609
-68.90627
-69.45622
-60.68521
-62.49408
-67.26432
-66.73644
-72.16925
-74.63253
-70.91793
-71.82520
-71.24880
-74.35691
-67.13546
-61.72967
-66.07773
-71.30629
-71.28116
-77.58469
-65.23344
-57.65205
-59.96406
-63.52606
-64.72992
-66.25033
-66.77966
-68.06419
-68.27029
-70.29150
-68.79235
-70.22784
-69.05919
-71.34359
-69.91196
-72.21848
-69.89141
-61.90992
-65.53576
-71.21066
-71.56407
-74.00706
-70.94606
-71.23613
-72.21330
-74.15183
-73.50205
-74.19146
-74.13590
-75.64036
-77.49105
-75.46645
-81.74961
-63.94229
-59.95902
-61.86267
-62.58499
-64.02027
-64.12982
-65.39727
-65.96987
-66.71910
-67.75528
-68.29126
-67.87257
-66.50521
-65.36564
-65.50047
-66.99611
-67.14065
-67.21509
-67.51351
-66.14046
-65.78341
-67.10166
-67.21477
-67.46640
-66.87038
-67.66827
-70.52865
-71.58688
-68.06732
-68.26288
-69.52934
-69.53467
-69.16867
-64.39524
-62.39475
-60.78277
-60.98502
-63.05435
-64.41273
-66.65983
-66.37535
-66.13216
-67.36132
-67.48835
-66.80110
-67.26665
-67.02306
-66.84109
-66.63641
-66.88403
-68.57081
-68.72576
-66.38768
-66.14569
-68.10011
-68.33255
-68.59425
-67.99554
-68.43467
-68.78777
-70.20014
-71.20807
-69.42483
-69.20270
-71.99081
-69.18837
-64.33742
-61.54570
-60.07946
-62.14574
-63.82613
-64.84731
-66.11124
-67.10779
-68.36552
-68.16326
-70.07875
-69.34111
-70.04959
-70.59488
-70.43252
-69.66704
-69.94013
-71.47430
-71.21124
-71.72593
-73.26321
-73.98475
-71.41032
-70.22564
-69.06300
-70.14186
-70.24598
-73.82757
-75.19060
-75.77387
-74.41819
-76.20944
-65.77506
-59.35946
-60.86952
-62.18886
-63.93846
-64.43522
-64.81723
-65.82249
-66.70258
-67.59381
-67.61131
-68.07178
-68.73193
-69.50791
-70.08659
-70.61303
-69.79919
-71.39052
-71.15729
-71.62962
-70.82329
-72.59406
-70.09786
-70.06209
-71.01514
-70.46318
-69.92319
-70.41642
-69.64507
-70.79626
-74.60817
-73.42207
-76.19428
-66.45182
-62.35789
-60.49656
-61.12065
-63.18078
-64.29956
-66.45859
-67.36394
-68.79138
-69.05427
-70.90862
-72.67152
-72.82342
-73.45530
-73.58436
-74.20433
-75.47098
-74.70426
-74.93329
-75.77093
-74.47566
-78.05275
-72.93998
-71.60896
-71.47321
-71.45969
-70.54727
-69.93608
-69.52499
-68.19152
-70.92118
-79.17588
-77.68389
-60.78888
-59.54114
-61.48957
-62.42296
-64.44923
-65.12349
-66.58282
-67.25926
-68.72823
-68.96867
-70.59734
-68.44562
-68.90953
-69.81008
-70.33902
-70.68113
-71.10021
-71.26417
-71.26509
-73.15908
-76.91975
-75.07103
-71.41732
-69.95533
-70.26301
-69.37093
-69.96589
-69.07221
-69.50867
-68.72572
-70.17975
-65.97250
-59.58814
-60.39562
-62.33851
-64.20986
-65.34874
-66.31508
-66.04856
-66.98313
-68.81204
-68.12625
-68.81323
-67.66248
-65.32535
-64.78572
-65.82431
-66.70206
-66.27647
-66.34371
-67.05040
-68.25878
-67.44273
-66.04628
-64.90432
-63.71510
-64.13759
-64.37285
-65.95655
-67.14690
-69.54190
-68.15376
-68.27669
-66.53036
-67.47065
-62.27057
-58.03587
-59.25189
-60.94928
-64.65405
-65.64691
-65.55307
-64.84083
-65.98105
-66.54757
-66.78067
-67.70381
-66.55162
-66.83102
-69.34219
-70.68097
-70.80106
-70.08133
-69.39539
-70.53291
-69.00064
-68.34060
-66.14517
-66.64536
-67.09468
-68.41703
-69.26951
-68.90906
-68.15362
-68.34193
-67.31625
-67.88823
-68.79645
-65.22179
-61.40097
-57.67626
-59.57623
-62.61342
-64.26165
-66.69389
-67.01037
-68.70982
-71.45672
-72.58473
-72.64635
-73.64772
-72.43076
-73.96513
-73.76581
-76.10910
-75.68240
-76.36182
-75.51673
-74.85308
-74.10774
-70.03606
-68.17850
-69.88096
-71.07132
-71.31408
-71.40805
-71.75918
-73.01540
-71.95381
-74.00032
-63.77839
-58.98886
-59.30262
-60.83597
-62.97192
-64.75105
-67.84213
-68.28503
-67.62891
-68.25999
-69.73574
-70.81769
-70.39148
-70.33314
-71.00716
-72.46868
-72.59383
-73.44836
-73.26535
-74.36807
-73.05165
-74.00208
-72.30898
-70.83789
-70.47511
-70.47029
-71.34992
-74.53856
-74.57741
-76.67971
-77.19297
-78.89861
-78.71923
-62.11531
-59.60189
-59.45411
-60.22741
-62.86922
-64.33083
-67.20269
-67.70840
-67.81270
-68.53400
-71.17147
-71.24322
-70.65972
-71.42476
-71.63757
-72.49084
-72.62928
-74.10222
-74.30129
-75.90363
-75.54652
-78.60128
-73.28485
-70.12618
-70.77249
-71.03515
-71.57052
-71.75580
-71.88306
-71.91068
-74.40862
-72.89509
-78.31304
-62.93958
-59.49084
-58.55565
-57.89246
-60.81279
-62.29601
-64.58751
-66.22832
-66.97879
-66.89404
-69.67477
-69.26184
-69.58305
-70.10429
-70.64570
-71.21828
-71.48864
-70.92238
-71.30578
-72.25534
-72.92098
-74.52263
-69.31235
-68.07562
-68.15558
-68.79023
-70.02900
-70.96353
-72.02136
-73.35250
-74.39994
-76.64317
-77.88476
-77.48474
-75.19010
-72.40861
-71.83356
-71.19384
-70.72259
-70.79935
-70.36368
-71.68827
-78.01648
-79.68295
-74.85669
-74.06367
-74.20381
-74.67420
-74.91373
-75.13937
-75.33896
-75.89720
-76.71271
-77.65110
-78.49931
-79.00788
-78.74995
-77.62216
-78.45476
-78.64208
-79.54975
-79.11528
-79.67462
-79.49642
-79.88760
-79.79775
-77.88980
-74.22354
-71.77926
-72.21409
-72.32788
-72.96687
-73.48226
-74.92374
-76.07081
-77.98649
-79.97062
-81.22615
-82.13853
-82.29635
-83.07995
-82.89251
-83.48272
-82.66921
-83.11712
-81.51694
-80.89908
-80.50503
-79.28990
-77.50023
-76.73516
-77.29530
-78.03361
-79.16080
-80.31052
-81.99896
-83.11831
-84.84213
-86.62855
-88.18449
-88.53767
-86.19526
-83.78499
-82.80678
-81.87980
-81.18783
-81.05017
-82.58395
-85.56115
-87.63459
-87.58107
-84.93096
-84.51666
-84.98061
-85.65875
-86.25033
-86.56670
-87.39476
-87.59903
-88.20048
-88.86601
-89.16241
-90.88139
-92.74284
-91.29444
-91.04722
-90.37043
-90.18794
-90.06935
-92.37847
-93.38694
-90.10788
-88.95452
-87.62183
-85.46185
-83.48123
-83.62873
-83.84735
-84.65988
-85.48364
-86.59539
-87.45534
-89.36472
-92.04764
-93.91384
-95.94156
-94.83395
-95.72931
-94.07618
-94.59026
-93.97045
-97.49400
-94.99859
-92.20442
-90.88659
-90.14382
-88.89703
-88.89234
-89.52352
-90.79882
-92.25043
-93.72196
-95.45869
-95.54875
-97.69074
-98.10510
-92.15848
-82.45893
-74.25901
-66.25983
-62.37046
-60.93433
-61.25430
-62.28310
-62.66042
-63.51226
-64.77500
-66.99221
-70.68084
-74.85505
-76.26459
-76.03049
-73.52058
-71.47983
-69.00078
-64.40704
-61.18795
-60.08293
-59.78619
-59.87005
-60.14185
-60.96879
-62.41887
-63.89364
-65.17091
-65.65530
-65.81275
-64.82913
-64.80147
-65.73785
-66.15194
-66.66426
-66.45756
-65.24557
-63.98506
-62.62470
-61.52099
-61.31213
-61.72406
-62.34973
-62.89930
-63.34277
-63.50639
-63.73705
-64.45113
-65.37990
-65.89502
-66.45628
-67.17229
-68.03365
-69.32457
-71.23068
-74.69702
-77.29870
-75.06629
-71.39786
-68.71447
-66.90451
-65.60034
-64.83854
-64.47913
-64.69465
-65.36126
-65.80427
-66.74725
-67.83664
-69.22085
-71.72460
-75.76952
-79.68289
-75.22428
-70.93559
-68.52664
-67.07721
-66.14569
-65.26710
-64.64270
-64.40333
-64.59325
-64.74846
-65.04101
-65.67560
-66.56443
-67.88557
-69.21348
-69.95756
-70.38096
-70.60712
-70.86650
-71.32583
-71.56083
-72.08545
-73.79562
-75.87734
-77.14719
-77.35615
-77.35280
-76.70040
-76.22668
-75.56816
-74.71329
-74.31995
-74.66854
-75.55801
-76.44111
-77.42231
-77.48382
-77.68861
-77.86179
-78.18763
-77.28394
-77.49148
-77.53464
-76.91445
-76.66671
-77.68344
-79.47010
-79.89395
-79.48531
-79.15919
-79.10084
-79.85224
-78.60661
-77.52447
-78.02830
-78.23206
-77.40289
-77.72765
-75.26885
-67.64732
-64.89965
-65.63538
-67.21701
-67.40994
-67.09973
-67.89377
-68.47575
-69.19255
-71.68758
-71.33174
-72.25652
-72.20844
-70.53025
-70.41726
-69.12260
-67.75222
-66.19926
-66.25487
-65.81709
-65.52706
-65.86000
-67.50003
-68.33238
-70.09051
-71.12284
-69.91361
-68.90751
-68.26926
-68.33512
-68.72723
-69.47275
-70.62717
-71.82944
-69.97652
-69.62292
-70.46230
-69.53726
-68.48058
-69.50032
-69.19829
-70.45642
-71.36473
-71.33904
-71.21593
-69.53686
-69.27538
-70.83328
-70.33382
-68.36407
-67.08386
-67.77224
-67.33713
-66.23635
-67.89878
-69.10418
-71.20525
-71.40868
-69.89923
-68.28972
-68.26608
-68.46263
-69.88386
-70.63350
-71.63072
-72.62040
-70.81163
-70.59677
-69.73833
-70.36238
-71.03950
-71.74064
-71.79262
-70.96215
-71.38945
-72.85063
-73.05755
-72.88520
-72.76965
-72.21669
-71.80259
-71.93232
-72.13758
-71.24764
-71.79300
-75.51232
-77.51604
-74.56114
-72.09567
-71.34922
-71.59204
-70.61504
-70.21092
-70.02847
-70.47979
-71.04432
-71.51401
-73.47894
-74.11922
-74.14992
-72.89395
-72.87416
-74.18058
-74.01451
-71.78876
-71.21710
-72.99948
-72.90441
-72.32028
-72.29070
-72.77961
-73.79666
-75.17248
-76.88740
-78.94548
-77.39133
-74.28780
-73.81342
-73.98762
-73.98405
-73.70824
-74.49800
-74.43652
-74.00721
-74.58343
-74.80265
-75.89449
-73.81775
-73.07360
-71.41488
-69.33917
-67.64717
-64.60803
-62.10120
-60.97837
-61.24834
-61.34802
-61.47866
-63.07846
-64.14531
-64.11339
-63.67921
-63.12907
-62.54810
-62.59638
-63.33142
-63.81254
-62.83306
-60.77405
-60.10518
-60.87991
-62.11410
-62.19866
-62.38151
-62.09299
-62.33502
-62.18525
-62.32002
-62.27545
-62.07262
-60.77416
-59.83942
-59.33423
-59.08363
-60.07371
-59.12903
-60.21180
-61.77477
-63.71233
-64.97192
-65.23190
-66.47241
-65.65893
-65.12670
-64.82442
-65.59707
-66.20853
-65.89013
-65.29963
-63.69989
-62.61959
-63.03683
-63.42579
-62.23579
-61.18248
-60.57341
-60.89569
-61.81946
-60.85610
-61.18914
-61.55825
-62.17139
-62.69055
-62.76791
-64.35094
-66.25561
-68.01467
-67.28977
-66.16418
-66.34538
-66.34299
-66.28817
-65.34774
-64.78691
-65.69545
-65.20601
-65.37288
-65.42189
-65.62687
-65.12902
-65.78545
-67.28634
-65.83301
-65.63780
-63.90081
-63.04058
-64.14486
-65.23600
-66.10725
-67.05954
-68.61864
-70.31004
-71.78124
-71.80423
-70.44921
-69.76560
-69.60956
-69.49302
-68.92398
-69.92645
-72.86502
-74.32391
-74.06201
-71.41258
-72.54335
-69.19733
-68.43787
-69.69172
-68.09900
-67.68371
-66.42850
-65.98145
-66.00223
-66.81388
-66.48073
-65.76863
-65.10535
-66.15413
-67.75013
-70.52797
-72.84454
-71.60230
-70.43823
-68.58695
-70.21315
-70.56562
-71.47641
-70.38335
-69.63174
-68.28191
-66.04816
-65.66285
-63.15067
-61.37755
-61.46718
-63.19361
-62.45760
-61.78592
-61.98230
-62.32320
-63.58642
-64.15273
-64.71446
-64.71585
-64.28166
-63.75456
-64.24361
-63.27837
-63.02056
-62.99380
-63.74181
-64.17138
-63.68083
-63.27414
-62.38974
-61.77035
-61.39432
-61.50229
-62.36038
-63.12844
-63.73747
-63.55250
-62.20798
-61.83793
-60.74971
-60.83096
-60.78959
-61.16537
-61.59468
-63.25248
-62.36842
-61.15784
-62.20086
-62.04583
-61.94592
-62.29631
-62.28589
-62.96424
-64.41833
-64.39005
-63.28444
-60.98330
-61.19068
-60.97178
-61.30397
-61.30273
-62.36630
-64.40154
-64.77864
-64.54220
-64.57724
-64.53100
-65.34626
-64.84105
-64.49809
-64.58468
-64.85317
-64.96954
-63.27095
-63.58413
-62.18529
-63.95683
-63.85847
-63.51524
-63.83966
-64.86266
-65.68640
-65.28115
-66.21376
-66.25413
-67.90547
-68.63812
-67.42081
-67.39462
-69.66445
-68.87451
-68.50537
-66.79839
-65.29990
-64.51957
-64.76186
-64.68746
-65.30390
-65.44383
-66.13301
-65.45612
-63.05391
-63.69723
-63.86669
-63.32449
-62.03192
-62.40690
-63.30446
-63.61194
-64.15101
-64.46510
-65.43394
-65.83798
-65.67188
-65.07260
-64.93952
-64.31134
-64.42117
-63.50387
-64.52210
-65.33559
-64.33070
-64.94263
-63.69321
-62.84274
-62.64687
-62.47307
-60.53115
-58.55890
-60.78082
-63.16148
-62.44709
-64.98753
-61.58823
-58.19867
-58.60707
-59.52286
-60.15254
-59.19899
-59.72591
-60.20571
-58.99978
-59.41896
-59.28372
-60.88060
-61.23827
-62.37343
-63.81010
-64.10667
-62.34402
-59.51324
-61.56926
-60.40731
-59.91563
-60.51298
-61.08612
-61.37928
-65.34401
-61.65729
-56.83974
-58.78682
-59.81905
-59.60337
-57.43187
-55.50359
-57.66221
-60.38576
-60.08182
-60.65878
-60.71104
-59.59332
-58.45672
-60.06304
-60.38954
-60.42488
-60.30585
-60.71064
-62.36167
-62.82441
-62.01037
-60.56741
-65.23258
-63.85777
-61.30666
-60.42440
-58.06562
-57.03643
-57.34958
-59.59827
-62.04127
-61.81714
-62.17878
-60.39819
-57.89157
-58.45734
-58.40902
-60.39738
-61.27993
-62.42141
-61.55622
-59.80039
-59.58376
-59.45708
-62.29943
-62.22165
-63.01319
-62.61400
-60.69541
-61.42919
-63.92967
-63.53101
-65.31711
-64.16304
-63.64931
-66.30053
-61.17186
-61.72686
-63.32755
-65.04194
-63.64274
-62.59129
-65.37698
-65.08358
-66.88772
-67.11526
-66.09311
-63.41514
-64.43782
-66.32219
-66.87032
-66.46970
-62.69763
-60.49009
-61.63464
-63.67330
-63.54646
-65.20381
-64.37991
-63.17135
-61.72576
-63.42587
-63.62412
-65.25328
-65.94051
-63.32078
-65.70727
-68.69209
-68.47569
-60.43762
-59.62699
-61.20701
-61.33997
-61.22051
-61.90147
-62.65042
-63.65498
-62.73516
-62.26490
-62.88891
-61.81527
-63.68179
-64.47172
-65.62677
-65.56686
-61.27461
-56.24507
-57.06664
-58.16277
-59.00805
-59.99497
-59.11474
-60.52817
-62.32525
-63.87391
-62.13046
-61.55314
-59.91642
-60.25035
-60.30982
-63.22557
-62.24176
-60.34810
-61.14031
-62.61529
-65.80177
-63.60705
-65.60853
-64.09644
-62.53779
-60.80405
-60.49443
-62.04804
-62.99157
-65.31186
-63.91350
-62.70780
-65.04008
-61.44528
-58.77583
-59.55316
-58.92710
-59.95508
-60.28009
-61.15817
-62.47960
-63.28047
-62.69862
-62.40665
-63.33839
-63.23398
-63.48676
-64.91050
-68.58008
-64.05494
-64.13259
-66.14423
-65.75832
-64.38426
-63.25789
-64.88440
-65.46943
-65.79307
-65.30274
-65.66804
-62.77934
-62.67252
-64.88396
-65.79765
-67.71822
-66.66463
-62.72570
-62.45621
-64.46563
-64.86445
-65.86910
-65.89036
-65.52119
-64.99814
-65.62143
-64.58201
-65.74426
-66.50118
-67.70853
-68.93857
-68.09375
-68.20849
-63.63112
-64.63045
-67.06008
-66.59856
-66.72133
-67.76824
-67.76011
-66.85835
-67.69662
-69.01613
-66.79749
-63.83813
-66.41368
-69.14862
-69.12328
-71.57651
-67.88250
-63.01704
-64.40858
-65.94637
-65.84831
-67.02668
-67.08161
-67.67185
-67.67504
-69.56552
-69.78129
-69.97364
-67.79752
-68.61194
-68.08176
-69.01144
-68.31116
-61.23829
-61.11270
-62.16307
-61.12991
-61.20649
-61.64547
-61.95818
-62.26736
-62.03542
-61.09287
-60.38381
-60.52700
-62.23036
-65.46774
-67.20001
-70.12384
-63.66321
-59.64550
-60.34371
-60.45251
-61.29928
-60.87782
-62.21596
-64.20348
-63.37448
-61.96853
-64.08935
-66.65468
-66.43244
-65.67096
-64.59434
-65.76254
-62.72454
-61.30107
-62.65137
-64.51726
-65.21336
-65.89221
-64.56911
-63.74224
-63.65347
-62.96859
-62.29912
-60.25318
-60.47575
-63.73125
-66.57307
-68.01963
-68.66923
-63.29551
-62.46304
-63.17195
-63.40031
-64.29601
-64.52763
-65.15661
-66.26758
-63.39140
-57.69153
-57.10629
-58.09139
-62.34442
-69.46515
-68.76100
-73.75456
-63.62147
-60.34730
-61.92735
-62.26119
-64.54928
-64.50629
-64.73804
-64.93438
-65.04080
-65.02705
-63.28631
-61.65128
-61.91612
-63.37260
-63.47763
-65.64088
-64.13133
-60.53993
-60.76863
-62.04796
-62.69038
-63.92398
-64.11457
-63.55280
-63.06062
-63.53239
-65.16757
-67.90119
-65.53658
-65.07584
-65.39832
-64.95595
-65.63095
-62.45702
-63.38670
-65.91967
-67.24458
-69.19412
-69.22926
-68.57914
-67.42367
-66.80227
-69.79306
-66.57724
-63.69077
-65.59490
-66.32309
-66.51388
-68.68166
-65.77454
-60.38293
-59.92542
-58.84133
-59.42370
-60.91107
-61.11500
-62.89225
-63.19099
-63.25648
-62.68887
-63.30885
-62.92007
-62.35726
-61.91343
-62.54315
-61.73962
-58.39079
-57.63441
-58.36280
-56.63551
-57.01245
-60.24317
-62.34300
-62.81943
-60.54841
-58.81257
-58.43798
-58.77553
-60.64597
-62.61940
-62.37593
-65.09973
-60.11677
-56.53846
-57.08233
-57.31312
-57.25203
-57.00174
-55.96097
-57.24402
-60.37137
-61.25778
-62.55950
-62.32095
-59.99740
-58.19836
-59.78622
-61.91602
-61.17875
-60.41880
-63.08922
-62.31399
-62.56559
-61.66523
-59.91961
-63.24591
-62.95398
-63.12972
-63.85686
-62.11920
-63.00744
-63.16415
-62.57962
-64.98731
-62.96236
-59.21357
-57.03022
-57.51088
-56.92764
-57.76159
-61.79642
-61.73496
-60.57715
-61.36436
-59.68925
-57.00293
-58.85304
-60.84283
-62.17283
-61.89644
-62.54681
-60.28900
-57.41172
-59.03686
-59.20204
-58.48952
-58.10495
-59.46264
-60.44654
-60.34241
-62.93286
-60.55540
-59.36050
-60.95770
-60.23646
-61.48855
-58.79620
-57.24235
-59.05157
-60.36798
-60.88381
-61.87131
-63.21095
-62.69883
-61.32722
-61.17558
-61.76417
-60.46379
-60.07481
-59.87069
-59.94735
-59.76533
-63.13741
-62.95132
-62.07793
-61.38469
-59.87782
-61.07943
-60.73201
-59.94179
-60.00513
-62.51452
-61.20667
-63.38859
-63.28022
-61.32554
-61.68740
-63.33475
-62.47529
-62.33886
-63.01906
-60.32404
-61.09162
-61.40846
-62.41542
-61.80582
-62.52051
-63.55208
-62.58395
-59.85526
-59.75284
-61.42366
-62.43593
-63.05146
-61.24221
-60.99474
-62.44637
-59.31962
-58.38035
-60.23668
-59.75998
-59.03575
-58.81039
-59.77370
-59.09384
-59.00641
-59.90655
-60.27738
-59.46053
-60.37263
-61.09681
-61.95402
-59.67344
-56.03201
-55.69895
-55.82856
-55.96418
-55.85859
-56.88179
-58.22110
-56.74607
-55.82074
-55.73720
-57.12414
-56.65709
-58.31098
-58.84974
-57.61656
-58.84198
-59.66096
-59.60029
-57.28439
-60.12067
-58.74188
-56.95714
-58.31476
-64.70616
-57.87349
-54.21819
-56.44354
-56.83918
-57.18399
-56.64451
-56.12988
-54.81206
-57.30988
-58.07797
-58.46056
-58.84675
-59.60024
-59.39627
-58.75200
-60.05878
-58.60602
-58.44732
-60.41237
-60.75085
-61.10681
-60.35244
-59.82512
-62.68924
-61.00688
-59.00810
-56.81071
-56.26047
-57.32164
-57.88962
-58.72914
-61.32771
-61.25860
-59.88975
-58.91417
-57.54823
-57.50455
-58.04784
-60.69590
-60.52425
-59.39891
-59.07212
-58.82199
-59.51246
-60.58241
-60.79617
-59.30406
-59.75657
-60.76894
-60.42173
-61.42207
-64.14060
-62.42036
-61.79641
-60.37421
-60.80015
-61.71348
-59.28256
-61.97475
-63.02921
-63.44319
-60.82673
-60.66818
-62.86552
-63.13898
-65.21623
-63.93783
-61.38306
-60.91913
-63.53856
-62.52407
-64.35576
-65.10181
-62.11562
-59.56031
-62.05259
-62.60811
-61.60600
-63.71179
-62.06815
-61.17071
-60.04396
-64.23746
-63.84235
-64.36543
-64.69627
-63.21744
-62.19906
-62.90916
-64.23349
-58.91976
-58.69852
-58.97925
-59.71284
-60.83285
-60.42796
-59.87887
-61.58485
-62.83687
-62.40567
-62.56121
-60.44400
-60.67621
-62.03266
-63.19200
-64.40907
-58.28821
-56.03450
-57.11549
-56.84161
-58.52658
-57.95006
-57.73173
-58.70838
-60.27610
-59.81578
-58.91653
-60.63929
-59.93951
-60.78844
-61.93807
-62.46166
-60.77522
-60.66215
-60.92656
-61.58384
-64.15734
-63.09824
-62.80290
-61.18513
-61.73046
-60.02882
-58.14341
-59.56028
-59.35943
-60.57780
-60.86863
-60.52350
-61.57012
-59.43076
-58.50246
-58.80282
-58.50014
-59.36004
-59.20666
-59.32427
-60.84218
-61.51372
-61.27119
-61.96285
-63.02534
-62.58025
-62.74561
-64.56061
-64.76155
-61.77205
-61.72750
-62.41148
-62.28351
-62.55559
-62.01068
-61.47230
-62.63287
-63.32513
-61.77615
-62.45618
-62.23276
-61.72416
-63.00568
-64.00528
-65.33679
-63.03424
-60.56764
-61.80113
-62.49243
-63.41888
-63.33952
-63.24400
-63.47790
-63.21306
-64.98950
-63.77374
-64.60485
-64.39800
-66.05705
-65.76029
-65.77301
-66.16198
-62.45652
-63.48764
-65.19796
-65.27304
-64.91005
-67.30740
-67.24632
-65.80324
-65.65798
-66.25493
-63.65642
-62.42080
-65.54715
-66.75139
-66.29994
-67.59427
-65.40655
-62.27316
-64.11489
-65.39823
-65.12380
-65.32458
-65.94010
-66.91657
-65.99207
-66.59348
-67.22533
-67.23796
-67.24683
-67.25921
-65.16528
-66.91832
-64.78771
-60.07054
-61.36707
-62.05106
-61.42974
-61.64712
-62.04324
-62.90770
-61.96453
-61.90664
-60.85912
-59.17137
-58.75397
-60.02343
-62.64731
-64.07425
-65.55803
-60.28592
-58.44232
-60.04567
-60.70537
-61.29845
-60.54532
-61.12643
-61.55816
-60.54428
-60.35618
-62.49126
-63.58361
-64.11432
-62.32810
-61.91154
-61.91882
-60.13128
-59.51827
-59.26813
-60.02139
-60.92459
-61.13715
-60.10350
-61.30582
-62.59359
-63.62673
-62.96627
-61.24889
-61.87128
-63.56690
-63.89788
-63.26830
-62.75422
-60.64227
-60.70854
-61.35484
-62.18691
-61.49886
-61.82425
-62.02199
-63.57882
-61.04136
-57.49843
-57.23874
-56.55509
-61.57756
-66.89516
-66.72686
-69.88155
-61.73948
-59.26778
-59.83783
-59.77972
-61.44039
-61.86726
-61.87660
-61.90939
-62.00700
-61.85193
-61.83587
-60.71161
-60.21367
-61.28906
-61.10789
-62.31776
-61.22615
-59.66895
-60.29245
-61.02322
-61.99955
-62.96395
-63.54591
-63.88445
-63.98207
-64.24997
-64.65181
-65.35288
-62.87556
-64.10314
-64.77889
-64.58977
-63.83989
-61.61356
-63.09597
-64.99561
-66.68312
-65.52110
-65.04065
-65.06270
-65.58875
-65.53985
-67.36036
-64.01341
-62.42589
-64.55031
-63.47560
-64.40099
-66.41095
-63.76784
-59.58005
-59.24047
-59.83584
-60.21527
-60.42027
-60.05878
-61.63397
-61.64598
-61.84481
-63.06706
-63.08578
-62.95849
-61.77178
-61.86885
-62.68360
-61.33571
-58.24530
-57.84020
-58.38111
-57.92457
-59.60154
-60.23277
-60.89254
-61.70147
-59.64759
-58.60283
-59.07662
-59.85948
-61.00911
-62.47335
-62.93768
-65.23479
-58.42958
-55.75102
-57.99001
-57.90560
-59.02645
-58.95802
-57.52980
-57.04602
-58.24954
-59.70590
-62.06034
-63.19795
-61.38606
-59.57040
-58.83389
-60.70956
-60.04892
-60.75183
-62.83857
-62.27635
-62.43292
-61.50217
-62.07057
-65.05751
-62.86107
-63.59400
-63.32796
-60.72337
-61.54860
-60.75858
-61.99167
-63.53496
-61.50093
-58.21262
-56.48510
-57.42736
-58.01292
-58.63637
-61.15474
-61.81122
-61.02977
-62.15581
-59.87952
-58.12386
-59.35763
-60.03694
-62.31613
-62.02363
-61.88278
-59.89607
-57.36073
-59.10343
-58.54763
-58.42020
-58.95515
-59.40784
-59.84260
-61.28255
-62.36878
-59.96812
-59.44200
-58.02163
-58.78485
-60.49720
-58.59695
-56.52820
-56.91633
-58.34076
-59.91027
-61.14133
-60.77934
-61.63745
-61.82654
-62.79588
-61.11837
-60.12589
-60.98675
-61.11314
-60.06977
-60.27070
-62.31487
-60.91091
-60.93067
-62.21424
-61.24450
-61.36968
-61.22542
-60.34427
-62.11554
-62.32484
-62.33143
-61.50557
-60.77310
-60.04738
-60.43382
-62.58394
-63.05269
-62.45473
-60.24803
-60.41084
-61.02907
-62.42971
-61.86330
-61.08127
-62.30194
-63.61090
-62.12786
-60.37130
-61.03930
-62.19002
-63.40240
-63.82518
-62.84772
-63.54430
-62.99222
-59.07652
-59.13291
-60.35923
-60.50322
-60.51966
-61.82390
-61.30496
-60.37866
-60.41816
-59.54243
-59.40050
-58.20934
-59.63714
-61.12874
-61.53159
-62.22637
-58.48693
-56.00152
-56.80325
-59.34199
-59.38775
-58.67012
-59.46592
-59.27633
-59.25365
-60.52012
-60.95050
-61.48965
-62.24513
-61.87197
-62.71758
-62.30390
-61.16531
-62.04212
-61.14505
-63.00203
-63.91833
-63.30461
-64.53468
-62.73329
-61.59411
-59.19508
-59.50252
-59.18372
-58.11764
-59.17475
-59.98305
-61.33662
-61.48173
-59.73881
-60.49586
-60.92292
-60.23666
-59.61882
-59.34934
-59.89057
-60.62934
-63.08342
-62.96435
-63.89770
-65.61658
-66.12124
-64.36030
-63.31858
-63.33332
-63.48849
-63.62707
-63.46670
-62.97924
-60.96254
-59.51392
-59.86935
-60.13161
-60.37815
-61.01200
-60.52486
-61.78228
-61.69737
-61.33314
-59.56371
-59.94932
-60.86539
-61.06420
-61.93278
-60.95780
-62.85488
-64.45153
-64.38638
-63.74535
-64.69920
-64.96653
-65.79743
-65.08392
-63.37500
-63.06125
-65.20684
-65.20931
-63.04059
-64.28512
-64.92159
-65.85953
-66.04180
-66.44666
-67.24388
-68.89569
-68.55078
-68.96898
-64.98459
-63.41704
-64.97358
-66.43877
-66.30338
-65.96293
-64.97264
-62.07259
-62.99392
-63.06880
-63.85541
-64.98824
-65.99408
-67.51639
-67.41236
-67.29394
-67.75327
-67.67599
-68.80039
-68.72080
-68.85967
-71.24656
-68.96754
-63.31332
-59.16003
-59.19246
-60.30274
-61.02699
-62.15585
-62.08624
-62.16257
-63.83929
-64.61684
-62.75479
-62.01021
-62.05336
-60.87153
-63.20702
-65.62913
-63.78298
-61.98870
-61.82470
-63.10184
-62.33938
-63.79728
-64.40640
-63.79814
-64.95698
-65.56819
-65.64559
-66.07014
-66.81749
-67.04709
-66.80506
-66.51475
-64.27360
-63.98735
-67.74398
-69.88558
-69.51209
-69.55966
-70.97900
-71.03408
-69.30932
-71.99946
-70.06335
-65.11941
-64.17404
-63.56083
-62.78204
-62.31079
-63.39531
-63.61207
-62.97161
-63.25134
-62.87494
-62.05841
-63.64128
-64.61923
-65.43435
-66.58594
-64.39125
-66.06572
-67.79923
-69.71539
-67.96724
-68.49235
-68.14516
-64.26824
-65.68722
-67.97096
-69.74260
-68.74572
-68.76219
-67.76880
-66.17271
-67.08614
-67.63465
-65.06756
-63.52182
-66.23068
-66.82771
-67.20233
-67.81413
-65.94632
-64.13595
-64.12800
-65.14658
-65.02619
-66.13617
-67.06357
-66.95320
-65.78359
-67.89451
-68.43066
-67.84576
-67.84030
-70.06196
-68.85351
-69.11639
-69.43439
-64.63228
-68.28659
-71.32951
-71.54137
-71.87029
-72.44093
-75.16540
-74.70457
-73.07594
-75.00923
-68.23091
-65.57434
-69.44926
-70.72427
-74.19215
-73.98852
-69.14319
-65.53606
-65.52519
-66.53487
-67.02518
-67.32370
-68.49290
-69.14150
-70.01994
-71.30951
-71.64927
-71.79021
-72.48405
-74.90483
-73.02281
-77.06692
-68.99690
-64.34885
-64.88899
-65.61996
-66.70857
-66.10119
-66.64098
-69.33405
-71.38300
-72.92711
-71.31787
-65.77593
-65.99544
-68.49435
-69.97549
-73.60063
-71.63417
-67.12242
-64.54340
-64.47465
-65.04304
-64.03990
-62.69215
-62.60429
-63.36726
-65.01130
-65.38163
-66.42092
-67.33774
-67.45204
-66.92109
-66.39684
-68.78288
-65.11150
-65.30821
-69.86761
-70.53706
-69.81921
-68.31479
-67.94648
-68.48376
-68.51194
-68.15515
-66.40453
-63.48339
-64.81970
-65.79174
-65.38538
-66.77744
-65.58220
-63.33270
-63.42720
-64.23143
-64.36491
-63.97256
-63.98457
-64.56434
-63.51614
-63.50548
-62.89006
-62.03371
-61.24488
-60.74307
-60.24582
-59.97639
-60.78046
-61.15536
-63.26266
-66.14168
-67.37099
-68.23113
-68.85284
-68.91575
-69.60296
-70.48234
-69.14868
-65.56799
-63.74962
-65.36501
-64.98894
-66.13094
-66.72783
-64.43369
-63.19780
-62.82924
-63.87038
-64.57450
-65.18966
-65.28937
-64.77878
-63.07397
-62.31329
-63.03182
-64.03233
-64.17731
-63.86330
-62.89012
-63.32252
-61.85311
-60.54447
-61.89593
-62.20763
-62.65185
-63.12347
-63.83224
-64.62592
-65.69235
-66.74958
-65.33441
-61.74483
-60.66905
-61.73000
-62.98048
-64.16468
-65.30847
-64.27993
-63.27813
-63.99223
-63.93793
-64.33042
-64.18896
-63.73121
-64.06467
-64.46196
-64.22211
-63.84793
-62.70399
-64.65586
-66.74834
-62.57494
-61.52867
-62.61908
-63.36509
-62.33977
-61.14977
-65.30636
-67.09203
-62.31342
-63.05480
-65.99008
-64.92095
-62.90884
-62.09008
-64.27665
-66.34610
-63.81737
-65.46882
-67.50792
-63.95004
-64.56012
-67.67783
-67.55638
-66.62026
-66.64035
-68.26247
-66.96359
-66.35794
-66.69945
-68.21095
-68.21448
-68.62649
-68.00277
-67.02630
-68.48906
-64.15913
-64.66494
-66.67009
-69.29297
-68.87801
-65.28345
-65.11274
-68.76618
-68.15605
-67.21386
-65.60345
-63.70875
-65.40811
-64.02452
-63.57622
-62.86705
-64.06820
-65.91397
-69.59610
-66.24030
-63.19039
-62.50079
-62.80629
-64.47700
-63.99237
-64.68237
-63.86867
-63.34756
-62.67545
-61.64070
-63.88799
-66.24457
-62.93789
-59.68272
-58.92002
-62.46399
-64.54745
-62.03668
-60.88867
-62.96593
-63.19660
-58.61975
-55.38390
-54.77261
-57.22713
-63.08002
-65.27845
-61.71682
-62.89393
-65.15850
-64.13396
-62.38327
-62.01184
-63.66829
-65.90478
-68.14353
-68.63887
-67.13136
-68.23829
-68.34412
-67.39791
-67.40538
-68.96690
-66.95253
-65.93693
-69.74148
-67.77841
-63.68011
-64.31435
-70.22798
-68.41714
-64.75953
-67.36255
-72.38321
-70.18885
-68.40147
-71.40662
-74.98286
-72.73809
-71.26305
-72.33907
-72.95599
-73.35480
-74.85930
-76.10141
-75.23812
-76.32922
-77.83720
-76.10628
-74.40203
-75.52232
-76.16086
-77.00672
-78.32243
-77.60717
-76.19654
-76.97187
-79.04562
-77.83418
-76.40779
-78.74942
-82.06366
-79.17819
-77.73448
-80.18516
-82.51998
-80.92076
-79.86063
-80.55397
-79.97869
-80.31983
-82.45583
-82.91482
-82.57331
-83.93119
-86.35874
-83.82262
-81.40950
-78.12710
-73.71398
-69.51622
-68.21978
-65.52758
-64.29460
-65.22897
-66.27677
-68.86688
-71.02687
-71.53664
-70.25463
-71.02357
-72.39536
-77.11737
-80.47403
-80.58231
-76.29729
-74.09036
-73.80052
-70.83650
-69.93079
-68.37756
-67.58419
-66.36785
-65.26547
-64.37383
-64.35502
-65.08454
-67.03077
-67.98358
-66.37430
-66.21400
-66.48155
-68.21494
-69.34831
-71.22403
-71.69456
-69.13590
-68.71110
-66.52735
-65.97483
-67.72259
-68.91739
-68.93414
-70.55689
-72.42248
-73.80217
-77.40488
-77.02411
-71.53146
-67.58634
-66.70541
-66.99068
-69.54988
-72.47801
-74.93404
-75.75364
-74.04382
-73.56756
-72.86674
-70.33794
-67.70765
-65.96914
-65.31777
-65.84718
-67.09822
-69.50328
-72.03680
-73.85694
-75.12783
-77.66442
-75.68508
-71.00681
-68.99448
-69.32338
-71.49539
-75.14948
-77.86186
-77.21974
-76.68720
-74.43387
-70.42841
-69.06424
-68.64391
-67.51520
-66.27050
-65.81259
-65.88146
-66.08613
-65.81514
-64.15662
-63.50728
-63.89588
-65.54518
-68.35199
-71.15483
-72.89391
-74.28032
-75.63332
-72.82749
-69.47490
-67.83605
-67.56757
-67.93629
-68.09148
-67.97413
-68.50350
-69.28558
-70.26626
-71.19312
-71.91151
-71.66935
-70.92336
-70.80713
-70.62751
-69.01378
-68.12337
-68.87701
-70.29636
-71.85341
-72.08811
-71.16388
-69.79319
-69.99435
-69.40159
-68.33879
-67.27192
-65.68816
-64.79148
-64.27928
-64.08640
-64.35260
-64.73331
-65.47043
-66.68160
-67.47539
-68.13160
-68.44849
-68.51961
-68.70641
-69.84414
-70.08780
-70.75887
-71.44122
-71.88359
-72.03953
-71.26604
-69.90266
-68.07754
-67.77503
-68.44923
-69.92185
-70.94007
-72.26012
-70.17186
-65.85563
-63.65839
-63.11133
-63.58179
-65.17785
-67.00402
-68.23816
-68.02040
-68.08436
-68.19885
-68.93399
-70.72250
-70.99296
-70.84249
-73.01078
-72.81039
-72.99742
-73.05294
-71.70695
-68.54653
-61.72240
-59.21590
-56.86246
-55.83337
-56.77011
-57.98799
-60.79114
-64.17631
-66.03737
-63.57206
-61.50793
-61.21671
-62.89952
-66.49245
-68.97461
-65.75565
-62.75071
-61.33186
-58.96299
-58.03017
-58.55479
-59.38673
-61.06162
-62.19818
-61.98051
-61.04120
-59.75577
-58.29251
-56.59238
-56.40191
-57.70089
-58.69202
-59.19966
-60.01576
-61.00422
-61.78832
-61.93599
-61.81164
-62.22775
-61.56151
-60.21581
-59.65980
-60.28801
-60.89786
-62.71229
-63.14851
-60.91256
-59.18219
-56.57606
-54.94396
-55.42759
-57.80527
-58.52749
-58.39552
-58.56933
-58.70347
-59.41419
-59.56560
-59.91088
-60.54782
-60.87115
-60.72756
-60.79724
-60.30294
-60.44059
-60.36466
-60.45047
-59.73322
-59.72795
-59.70256
-59.66488
-59.88076
-59.26860
-59.49599
-59.83601
-59.29500
-58.74852
-59.14538
-59.11994
-59.21887
-58.39786
-58.49722
-58.29888
-59.11588
-60.34181
-60.85146
-61.82455
-61.54460
-61.73281
-62.47333
-64.33436
-65.70372
-66.92528
-66.65236
-65.95631
-64.38456
-62.41308
-61.37527
-61.02614
-61.76586
-63.07594
-63.68997
-64.01323
-63.67332
-64.07258
-63.55151
-63.15342
-63.06123
-62.99666
-63.92725
-65.85221
-65.75456
-62.30747
-60.28497
-59.15744
-58.49074
-58.37251
-59.62414
-61.83530
-63.71830
-64.06782
-63.88886
-63.98223
-64.53660
-62.38540
-60.89821
-60.21731
-60.12614
-62.19256
-63.13682
-62.35565
-62.24863
-63.08837
-64.29106
-65.42543
-65.49374
-65.81909
-65.41826
-66.04872
-65.97506
-65.36382
-64.84052
-64.21306
-64.09788
-63.57865
-63.49461
-63.35628
-63.64058
-64.79143
-65.60055
-65.94471
-65.86285
-66.39461
-67.67332
-67.54023
-67.83926
-69.41488
-69.57080
-69.16266
-69.46206
-68.22065
-66.21894
-64.19377
-63.58532
-64.23912
-65.50952
-66.68574
-66.74791
-67.43413
-68.56123
-69.91285
-70.43603
-69.28974
-68.86364
-68.10566
-68.39033
-68.64139
-67.94164
-67.35547
-67.33558
-68.87541
-70.59951
-70.70721
-71.06516
-71.76796
-70.98132
-71.77885
-72.87830
-72.10383
-70.68869
-70.82987
-71.06821
-71.69956
-71.78846
-71.97338
-72.85786
-73.14098
-72.61907
-73.02241
-75.36732
-75.44896
-74.55250
-73.59563
-74.12066
-75.15514
-76.35254
-76.54624
-78.46627
-79.01248
-77.52700
-77.49828
-76.15448
-75.66975
-75.65739
-76.38071
-74.80426
-73.49497
-70.15524
-65.94299
-64.02064
-63.49537
-65.83215
-68.16133
-69.01098
-69.51109
-67.37880
-65.43154
-64.55846
-65.33497
-65.00457
-64.46546
-63.51833
-62.69803
-61.55752
-61.21915
-61.93928
-62.27611
-63.04745
-63.59091
-64.53733
-64.05770
-63.11498
-63.35575
-65.98454
-67.37640
-64.35492
-61.44186
-60.67559
-60.54558
-60.68565
-61.41866
-61.56500
-61.25373
-61.23117
-61.13126
-59.51032
-59.25531
-59.77614
-60.55612
-60.93343
-60.93323
-61.04152
-60.47748
-60.24616
-60.80982
-62.44587
-64.99796
-67.17646
-66.89272
-65.33866
-63.96821
-63.59973
-64.30883
-65.89192
-66.54183
-66.22547
-65.50713
-65.10872
-66.10387
-67.71267
-67.66794
-66.54280
-65.48137
-64.94263
-64.33833
-64.35545
-63.54026
-62.06179
-61.30152
-60.65615
-61.24116
-62.96632
-65.72131
-68.54066
-67.23876
-64.12837
-61.96742
-60.23013
-59.81469
-59.73153
-59.47534
-59.05637
-58.73462
-59.26900
-60.47492
-61.96880
-63.84990
-66.17203
-67.62280
-67.63477
-66.67753
-66.52221
-66.88492
-68.29471
-68.40164
-66.95599
-65.72054
-64.85442
-64.46798
-64.10497
-64.00642
-63.95771
-64.11275
-65.44133
-66.49187
-65.59111
-63.13296
-61.05935
-59.86391
-59.09670
-58.94443
-59.02401
-59.79474
-60.82175
-62.51689
-64.70441
-66.39367
-67.24286
-65.77219
-64.36052
-64.33508
-65.45074
-66.53870
-66.80208
-67.02624
-66.17518
-65.24194
-64.73169
-64.86041
-65.87987
-65.99479
-65.91572
-65.99908
-66.27829
-66.32673
-67.26223
-68.53088
-70.39191
-71.50363
-70.69916
-70.53394
-68.40323
-67.05929
-66.06029
-64.94745
-64.43245
-64.11376
-64.58562
-66.22208
-68.17817
-69.76043
-69.59237
-68.78111
-68.55970
-70.13867
-70.13763
-67.06772
-64.59395
-63.13696
-62.10341
-61.54311
-62.59459
-64.18521
-66.72239
-68.00601
-68.20654
-67.14683
-67.14050
-66.59447
-65.90133
-65.10745
-64.74546
-62.94376
-60.71071
-60.52454
-58.48337
-58.80570
-60.02276
-61.17224
-60.96209
-59.99643
-59.87162
-60.10836
-60.89028
-60.87982
-60.79479
-59.90139
-59.23447
-58.02571
-57.58884
-57.28470
-56.89252
-57.84554
-59.43192
-61.25175
-63.69919
-63.58773
-62.16777
-60.12441
-58.98228
-57.56420
-56.09684
-56.87920
-59.15642
-60.72765
-60.45908
-59.01672
-58.63775
-58.51258
-57.98038
-57.74238
-57.78225
-58.67315
-58.11949
-58.12704
-58.45708
-58.36745
-57.60763
-56.45253
-55.85607
-55.46764
-54.49126
-54.17553
-55.94783
-58.91046
-59.31372
-58.71851
-59.04493
-58.72747
-58.50410
-58.34753
-58.91053
-59.72523
-60.40957
-60.86511
-60.39931
-60.12432
-60.11114
-59.57072
-59.83574
-58.98214
-59.95710
-60.43154
-60.21933
-60.32096
-59.53838
-58.53543
-57.20656
-57.51268
-57.03107
-57.37311
-57.28467
-57.45891
-57.81381
-58.07209
-59.28791
-60.00670
-61.06737
-61.27328
-61.67192
-60.92954
-61.35574
-60.36238
-59.44834
-59.11226
-59.73098
-60.64814
-60.33217
-60.45711
-60.30265
-61.25282
-60.76951
-62.39853
-62.59291
-63.07600
-62.10110
-62.16718
-63.42965
-63.52376
-62.24531
-60.60907
-60.71463
-60.33047
-61.31545
-59.79525
-58.63139
-57.63719
-57.66233
-58.22944
-58.87042
-59.57288
-60.19581
-60.39764
-60.52414
-60.92938
-61.53192
-61.75823
-61.33865
-59.86302
-58.93548
-59.19773
-59.91342
-61.97595
-63.09409
-65.13256
-65.67122
-66.94397
-66.32586
-65.24770
-64.08187
-63.64398
-63.98113
-63.47300
-63.60368
-63.81713
-64.54913
-64.35117
-63.54704
-62.50134
-62.31508
-62.55571
-64.36781
-66.32007
-67.28695
-66.93885
-66.43209
-66.39502
-65.43271
-65.59654
-66.13064
-66.36402
-66.47487
-66.37852
-66.63279
-66.62046
-66.16192
-66.19032
-66.69481
-66.86544
-67.50847
-67.78444
-67.42655
-66.92736
-66.17395
-66.23828
-66.39237
-66.91815
-67.69245
-66.97460
-66.37074
-67.18359
-68.32527
-69.41747
-69.59915
-69.36874
-69.72592
-71.70152
-73.70852
-74.11529
-74.05685
-73.54097
-72.54561
-71.90185
-72.39483
-72.06186
-72.75822
-73.14734
-73.22490
-74.35429
-73.45321
-73.02456
-73.37299
-74.40279
-75.94953
-76.89078
-76.84318
-74.84043
-73.39480
-74.05372
-75.52357
-77.20292
-78.02795
-76.94776
-75.70799
-75.86458
-76.04561
-74.95188
-73.48756
-72.89968
-69.67932
-63.07961
-61.08566
-61.80778
-63.34610
-64.96804
-64.86654
-65.83315
-66.57065
-66.81028
-67.61928
-68.06044
-68.65646
-69.21313
-68.44712
-67.84017
-65.64236
-65.74783
-65.70260
-63.54831
-62.52647
-62.41354
-61.25876
-59.07587
-58.41993
-57.78709
-57.66819
-58.28560
-59.40292
-60.49938
-59.05357
-58.36305
-59.26881
-60.30729
-61.48115
-62.27490
-62.81893
-61.60632
-61.33625
-61.52327
-61.55683
-62.96078
-64.04335
-64.08446
-64.11741
-65.05096
-64.57315
-64.77339
-65.25724
-66.58663
-67.39858
-66.97290
-66.25029
-63.66493
-61.74438
-60.11054
-59.22420
-58.94286
-59.14376
-59.21890
-58.64718
-58.69489
-59.04753
-59.74714
-60.56479
-61.18872
-61.95041
-62.25132
-62.09906
-61.42761
-61.33351
-61.48461
-62.20484
-63.64460
-64.32302
-64.09251
-63.51938
-63.24515
-63.74089
-63.74695
-62.92380
-61.75255
-61.65466
-63.01884
-64.77893
-65.07051
-63.58270
-62.92996
-62.28248
-62.48145
-63.29682
-63.86503
-64.04220
-65.20988
-65.77738
-65.60304
-66.23992
-65.67807
-64.77772
-65.94732
-66.81266
-64.90532
-63.87660
-63.18827
-62.78723
-62.56735
-63.09503
-63.71497
-64.95762
-65.63596
-65.71330
-64.91957
-63.97666
-63.60740
-63.59200
-65.04995
-66.58611
-67.08599
-65.93467
-65.45510
-65.30693
-65.77110
-64.90385
-65.41885
-66.77069
-67.00871
-68.25025
-68.38069
-68.10960
-67.76664
-67.77615
-66.53940
-66.39220
-67.95821
-69.65775
-68.69544
-67.34070
-66.69109
-66.98444
-68.56405
-69.69053
-71.28531
-68.50076
-67.73172
-69.22380
-67.72242
-67.28865
-67.84939
-68.05249
-66.92689
-66.43850
-68.10962
-69.78696
-70.30792
-70.22050
-69.18978
-68.51969
-70.21706
-71.19310
-70.69964
-69.57747
-68.40585
-67.71956
-66.74394
-67.17406
-67.80122
-67.61956
-67.79662
-68.72490
-68.53202
-68.86022
-68.96613
-63.60366
-60.68579
-60.68493
-59.03996
-57.97643
-58.39947
-58.67921
-59.70281
-62.09489
-65.32261
-66.96640
-66.92823
-66.26507
-66.49648
-68.37744
-70.23569
-69.25898
-65.45713
-62.70092
-60.42800
-58.97503
-59.23531
-59.20608
-59.40315
-60.02801
-61.01423
-62.68163
-64.99788
-67.71996
-66.26624
-66.08539
-64.63024
-60.54225
-58.48791
-58.33932
-59.61109
-61.55636
-64.65714
-67.25249
-65.07573
-63.63101
-64.26979
-64.36002
-66.49474
-70.65305
-68.81898
-65.28926
-62.66384
-61.96091
-61.85917
-61.78419
-63.85292
-66.99722
-65.91979
-63.25238
-60.67792
-60.74577
-58.35516
-54.91057
-54.52319
-53.73833
-52.98878
-52.03232
-50.90512
-50.93215
-51.71314
-52.37390
-53.48757
-54.17083
-54.51368
-55.11079
-55.42140
-57.01154
-59.50894
-61.95605
-62.81669
-61.44358
-57.88822
-56.49187
-56.58319
-57.21769
-58.16273
-58.35121
-58.31241
-58.44827
-56.63096
-54.35747
-54.77761
-56.31851
-57.88951
-59.30156
-61.02965
-61.81993
-59.82851
-58.06028
-56.34013
-53.92502
-52.22701
-51.25949
-51.06995
-52.05002
-53.16908
-54.12703
-55.29388
-56.28360
-58.94165
-63.58499
-62.80503
-59.57511
-58.06607
-57.74106
-59.11826
-61.51394
-58.32273
-53.97123
-52.32622
-52.31120
-53.72168
-54.99340
-55.65180
-56.03087
-55.19153
-56.51456
-61.13103
-62.31778
-59.03003
-57.19196
-58.25991
-59.35221
-59.71844
-59.59031
-58.82704
-60.02170
-61.68671
-62.61943
-61.82636
-62.12459
-63.56272
-65.06649
-63.70612
-62.23439
-63.28910
-64.73910
-66.08654
-65.22533
-66.06939
-67.55613
-68.38742
-68.09119
-66.39546
-64.95049
-64.22928
-64.57952
-66.02553
-67.68440
-66.36027
-65.52174
-67.44511
-68.59132
-67.07712
-67.30612
-69.33852
-68.12374
-65.45790
-65.58613
-67.71101
-69.52509
-69.17530
-68.18697
-68.16820
-68.19940
-67.88722
-67.16230
-66.15722
-66.11474
-66.59497
-66.58374
-67.90712
-69.02488
-67.39221
-65.97979
-66.67375
-67.30161
-68.02978
-70.60036
-71.57456
-71.06277
-71.96833
-73.78145
-74.21753
-73.40547
-74.78898
-75.41023
-73.53776
-73.17475
-72.81678
-71.69325
-70.99123
-71.91612
-73.24380
-74.13792
-73.65839
-73.81482
-73.59756
-74.04612
-76.21072
-74.84400
-72.85430
-74.00589
-76.52484
-76.38220
-76.61079
-77.41868
-76.74102
-75.29631
-75.60165
-75.34689
-74.96573
-71.13110
-66.27718
-63.53679
-62.71528
-60.81660
-58.74507
-58.11977
-58.18374
-58.38043
-58.31988
-58.67379
-58.18072
-58.45584
-59.40444
-59.41727
-59.56070
-60.17063
-60.78888
-60.16297
-59.58423
-61.06075
-62.00482
-61.49841
-63.31829
-65.67184
-65.42030
-64.41043
-64.57925
-63.48990
-62.45442
-63.90226
-64.61377
-63.30831
-63.29740
-65.33624
-66.03727
-63.99813
-64.91879
-63.38338
-61.58940
-61.32884
-58.72151
-57.10581
-57.13985
-57.77121
-58.57886
-60.05622
-62.08521
-64.29504
-63.98514
-62.84016
-62.81591
-63.79275
-63.55352
-64.35781
-66.36174
-64.59255
-63.20655
-62.30870
-61.54944
-61.56666
-62.64059
-62.85021
-61.58688
-62.06840
-63.70429
-63.98548
-64.11032
-66.48854
-65.60455
-62.87734
-64.05211
-63.16665
-61.02292
-59.93476
-60.47395
-62.36313
-63.73764
-64.33882
-63.62030
-63.28500
-64.52274
-66.80827
-64.37013
-61.23974
-60.58611
-62.48050
-63.41422
-63.98352
-63.87508
-62.15886
-62.95957
-64.50878
-63.08642
-60.70077
-61.65120
-62.23284
-61.86977
-62.28357
-63.17524
-62.93677
-62.44312
-62.86436
-61.71840
-61.14827
-62.27179
-63.64127
-62.75886
-62.77337
-62.54123
-62.20772
-62.32248
-62.70180
-63.07550
-62.52291
-62.43281
-62.93219
-63.24559
-63.20919
-64.59999
-66.16817
-64.69485
-64.90317
-65.74971
-64.28663
-64.19731
-65.29832
-66.90699
-65.15403
-65.62299
-66.21844
-65.10188
-65.03696
-65.95962
-65.90537
-65.13984
-67.36275
-69.04778
-68.33825
-67.37125
-68.19972
-67.77743
-66.64615
-67.43017
-69.83058
-67.42515
-67.06860
-67.62273
-66.36635
-66.75321
-67.74384
-68.21358
-67.99972
-67.90257
-68.02695
-67.94429
-67.33703
-68.47619
-68.06758
-68.34895
-69.44110
-69.66228
-68.16222
-66.36808
-65.80607
-66.00742
-66.38624
-68.05110
-68.11337
-67.78667
-68.24508
-68.96294
-68.25760
-67.73715
-61.21304
-56.11735
-58.43151
-60.40851
-59.41455
-59.82698
-60.31166
-61.79342
-62.21655
-62.88383
-62.84677
-63.73690
-64.97055
-65.16222
-65.41368
-63.98516
-60.58836
-56.36454
-53.40140
-53.35784
-56.60550
-60.08615
-57.11122
-52.66473
-50.65068
-50.53493
-51.62197
-53.17341
-54.58047
-56.84371
-60.17332
-64.68249
-63.46675
-60.05926
-59.90979
-60.68574
-61.62763
-59.97357
-58.29915
-58.36823
-58.66217
-58.50754
-57.09192
-56.09448
-56.71726
-56.67587
-56.74047
-57.33566
-57.59735
-57.23931
-57.55707
-59.96956
-60.66703
-62.05379
-66.14051
-62.72832
-59.62865
-60.09423
-58.25734
-56.61101
-56.63463
-56.15877
-55.03426
-54.58543
-55.24627
-55.23240
-55.34370
-55.69359
-55.93694
-56.80628
-57.05761
-57.00078
-57.56318
-57.40432
-57.28285
-57.45025
-56.93286
-56.22365
-55.16995
-55.76230
-56.83723
-57.38228
-57.56352
-57.33479
-57.62139
-57.84817
-57.85681
-57.36123
-57.94717
-58.11376
-57.86927
-57.39168
-57.10931
-56.80175
-56.90736
-57.99960
-59.15251
-58.77536
-56.16304
-55.17127
-55.96964
-58.43316
-58.70065
-56.75803
-56.27370
-56.72272
-58.59628
-59.39030
-59.18920
-58.81645
-58.56702
-59.15783
-59.16306
-59.16888
-58.49802
-57.18478
-55.94523
-56.27069
-57.55591
-58.17792
-58.38090
-58.25465
-58.34058
-58.63839
-60.29405
-62.16661
-61.38706
-59.42907
-59.41728
-59.03431
-58.12725
-59.82965
-62.46386
-62.75041
-62.01818
-62.60698
-62.49885
-62.75226
-63.37172
-63.34063
-62.91493
-62.41000
-62.74337
-63.91783
-64.55975
-63.45624
-63.72770
-64.15161
-65.28041
-65.50302
-65.60107
-66.90627
-66.38200
-66.61186
-67.97422
-67.10356
-65.08423
-65.32070
-67.17940
-66.50563
-65.32584
-68.09021
-69.43116
-68.70018
-69.55766
-70.32252
-68.82681
-67.19209
-67.76706
-68.74096
-69.07860
-69.94109
-70.52230
-70.49557
-70.67169
-69.91896
-68.93810
-68.39215
-68.68120
-69.16335
-68.36634
-67.72522
-67.95749
-68.44249
-69.39116
-69.84125
-69.51247
-69.24409
-70.31181
-72.02873
-72.41909
-72.21195
-74.25679
-73.33466
-72.65436
-72.25942
-71.49965
-70.01350
-70.51328
-70.96688
-70.61739
-70.40994
-69.85809
-70.60522
-70.41473
-71.64081
-71.81154
-71.70182
-70.54589
-71.76564
-71.98920
-72.40667
-72.06941
-75.19186
-73.36955
-75.12521
-73.06174
-77.04573
-68.19227
-59.16016
-60.90284
-63.23616
-65.28119
-67.31252
-69.42779
-69.81942
-69.89179
-72.65209
-72.91493
-73.92409
-74.01072
-74.39650
-72.99271
-73.34946
-72.32984
-71.57783
-71.07347
-71.64425
-70.89038
-71.16036
-71.30452
-71.46388
-71.10026
-71.35140
-71.31240
-71.81715
-72.29049
-72.80066
-73.61093
-73.18405
-74.67243
-73.25409
-72.29022
-72.92729
-73.61332
-73.85790
-74.32774
-75.29890
-76.20355
-76.33434
-76.46470
-76.39074
-75.40604
-75.07425
-75.17865
-75.05874
-74.74310
-74.58801
-75.32262
-75.22077
-74.09601
-73.56992
-74.23969
-75.72804
-75.93986
-75.58848
-75.94294
-75.95170
-76.21146
-76.47802
-76.68920
-76.53805
-77.25825
-78.57591
-75.05695
-72.94253
-74.02182
-74.93427
-75.98853
-75.97066
-76.67686
-76.86128
-77.39647
-77.38850
-78.08719
-78.21641
-77.97151
-77.82162
-78.73333
-79.69184
-78.92808
-78.48391
-77.81270
-78.92641
-77.48681
-78.74910
-77.66523
-79.48850
-77.84361
-80.15923
-78.08856
-80.81691
-78.22399
-81.04723
-77.88584
-83.45064
-73.34941
-58.78809
-59.17857
-62.20650
-64.07231
-67.21072
-68.55105
-71.31918
-72.07219
-75.20561
-75.34026
-78.30182
-77.25461
-78.42300
-77.43580
-79.68028
-78.92510
-80.48090
-79.96502
-79.58038
-79.78911
-79.42496
-80.06125
-79.91822
-83.14594
-81.03400
-84.25813
-80.59199
-87.23064
-79.14005
-89.28767
-77.93587
-91.68860
-65.82711
-57.14336
-59.70336
-61.70518
-64.10674
-66.03942
-68.12861
-70.78198
-72.53669
-73.66168
-73.26342
-73.34348
-74.33407
-75.78137
-74.84779
-75.75134
-73.52607
-73.39582
-72.80848
-72.93277
-71.94680
-71.19294
-70.20820
-70.79554
-70.99006
-71.23030
-70.84459
-71.08077
-71.82710
-71.57764
-71.65515
-71.58713
-71.60928
-69.07400
-67.83404
-68.25177
-68.87160
-69.64662
-70.61682
-70.79300
-70.57268
-70.79225
-70.98059
-71.29348
-70.73863
-70.57837
-70.19267
-70.24076
-69.95856
-69.43461
-69.91595
-69.64815
-69.11289
-69.30370
-69.88964
-69.69287
-70.65267
-71.22300
-70.54473
-69.71428
-69.28299
-69.34023
-69.31544
-69.00990
-68.90761
-68.31872
-68.00439
-68.74402
-69.62783
-69.84500
-69.79371
-70.00812
-70.56511
-72.13156
-72.81471
-73.55922
-74.76588
-76.22001
-75.68824
-75.54296
-76.85226
-77.36611
-77.58183
-76.98251
-76.40193
-76.54169
-77.60557
-78.61161
-79.48642
-79.63388
-79.80398
-79.53355
-79.59854
-79.80014
-80.07472
-81.32247
-81.14514
-82.14021
-80.12457
-75.10229
-76.34452
-78.38886
-79.65875
-81.79474
-80.92694
-82.95820
-81.21773
-81.88372
-81.82905
-81.90848
-81.74701
-83.33006
-81.49218
-81.52823
-81.57753
-82.49738
-83.14014
-83.10345
-81.57432
-81.25025
-82.48032
-81.93417
-83.10711
-80.45156
-81.45685
-80.34495
-83.43016
-79.53246
-84.50440
-76.80014
-86.20736
-65.90720
-59.40852
-61.92655
-63.33869
-66.13467
-68.39801
-70.21514
-70.57454
-72.09949
-73.60979
-72.80199
-72.02989
-72.19396
-72.36634
-71.54362
-72.12770
-71.74860
-70.90920
-70.01525
-70.20610
-69.96443
-71.13947
-72.11284
-73.26345
-72.95948
-72.79233
-71.33552
-70.60700
-70.44863
-70.73370
-70.89923
-70.46332
-70.84740
-69.22847
-67.95909
-68.46172
-69.33202
-69.68110
-69.76122
-70.61349
-71.43071
-71.23017
-71.35695
-72.04088
-71.94329
-71.44760
-71.61194
-71.36866
-72.07823
-72.53104
-72.37812
-72.05573
-72.92056
-73.41552
-74.11520
-75.18704
-75.23542
-75.48012
-75.16554
-75.30476
-75.62227
-75.26850
-75.08799
-75.67103
-76.84302
-77.48264
-74.15663
-74.67392
-76.73973
-77.56639
-78.05359
-77.95412
-78.69678
-78.80909
-79.25358
-79.41646
-80.17421
-80.20233
-80.95248
-81.09574
-80.93911
-80.24519
-80.63177
-80.43430
-81.43118
-81.27153
-80.48507
-80.65285
-80.55230
-80.58575
-81.30099
-81.23500
-80.78668
-80.91689
-80.73030
-81.34985
-81.05190
-81.94940
-80.12588
-79.83651
-82.49170
-82.49033
-83.27356
-82.52281
-81.69939
-83.80699
-83.62225
-84.07961
-84.00234
-84.55366
-83.63730
-86.30652
-84.05993
-85.76919
-85.91184
-86.52914
-86.62839
-87.54922
-85.88716
-87.62696
-88.54019
-88.34140
-92.21571
-88.54264
-93.11716
-88.58516
-104.80369
-87.23532
-97.02287
-82.70241
-82.32751
-64.38397
-57.66027
-60.97523
-62.31861
-64.74577
-65.62281
-66.91143
-67.87646
-68.35411
-68.67434
-68.47902
-68.18004
-68.32479
-70.87330
-72.15010
-72.89166
-70.70817
-69.44731
-67.84759
-68.81303
-70.26306
-70.17912
-69.92245
-71.20629
-69.34392
-68.30559
-68.34803
-69.19516
-68.55011
-68.04690
-66.86161
-66.57372
-67.15919
-57.00616
-55.33691
-58.55851
-59.58331
-61.25145
-61.51361
-63.04485
-62.87959
-63.70313
-64.74350
-64.97260
-65.66712
-64.65490
-64.46821
-64.75660
-66.08386
-66.77838
-67.22809
-66.72317
-66.30009
-66.51315
-67.53497
-67.43333
-68.90408
-69.31076
-70.56818
-67.83253
-67.77079
-66.25311
-66.96872
-66.65919
-67.40933
-62.93339
-54.04847
-54.94577
-57.90809
-60.07360
-63.09377
-64.17728
-66.79934
-66.25595
-67.86966
-68.33005
-69.83469
-67.60442
-68.36949
-68.80914
-71.12572
-71.28918
-72.69793
-72.44338
-72.10444
-71.82551
-71.83909
-72.30240
-72.52183
-75.14378
-74.49550
-76.84217
-74.25737
-78.72639
-73.99539
-79.93446
-72.37794
-97.94374
-62.80460
-53.79634
-56.30404
-59.23544
-62.24026
-65.54067
-66.79241
-70.56193
-71.37651
-75.53803
-73.81576
-78.92460
-74.68928
-77.30559
-74.07857
-81.93032
-73.36559
-55.55972
-55.12953
-60.09528
-62.20852
-65.86599
-66.98487
-70.65078
-70.05346
-71.83152
-72.60897
-73.22880
-77.20887
-74.52439
-83.52574
-71.55493
-81.31499
-54.03088
-48.03562
-50.48025
-53.33583
-56.78753
-58.52970
-62.11633
-64.19878
-67.40063
-69.11924
-70.00071
-70.91029
-70.74436
-70.67219
-70.32214
-70.52890
-68.54870
-66.90270
-66.12315
-67.32611
-67.84606
-68.40986
-67.11141
-67.45051
-66.94364
-67.50308
-66.35933
-66.86104
-66.79549
-66.76285
-67.16709
-67.17028
-67.69923
-62.46992
-60.28770
-62.89974
-65.30127
-66.61743
-67.44632
-69.54629
-68.51680
-68.44660
-69.17292
-68.42608
-68.64514
-69.10561
-68.41094
-68.29171
-69.44694
-67.40748
-65.66985
-66.43459
-67.80530
-67.91701
-68.64908
-68.53085
-69.19308
-69.11318
-70.78706
-69.25955
-70.56990
-68.37134
-71.18153
-68.56057
-72.34585
-63.81822
-54.84625
-56.01209
-58.89201
-61.36841
-62.82917
-62.54243
-65.11386
-67.08314
-67.91762
-68.21120
-69.77516
-68.44705
-68.33208
-68.13959
-67.75109
-68.91115
-56.06263
-54.06891
-57.76845
-60.44650
-64.34911
-64.62289
-67.48156
-68.29093
-68.39741
-67.43066
-68.46205
-69.63088
-68.12366
-68.36828
-67.17864
-70.64159
-62.22103
-56.89808
-59.15839
-61.03132
-63.09102
-64.10455
-64.16110
-65.38906
-67.21835
-68.55219
-67.96625
-68.86248
-67.42527
-69.04126
-68.54099
-69.94639
-67.87045
-65.70535
-65.00657
-67.00430
-67.64253
-68.77050
-69.06182
-69.72530
-68.21405
-68.96308
-68.94050
-68.91624
-69.68464
-67.91853
-72.35336
-68.00530
-83.50301
-55.36735
-50.13704
-53.62653
-56.59633
-59.23702
-61.58395
-62.68665
-67.67424
-58.23654
-53.32154
-56.04359
-57.97996
-60.69277
-62.58561
-64.85220
-67.83265
-65.98654
-65.29104
-65.17067
-67.40270
-65.95741
-68.99963
-65.84754
-68.26442
-62.95060
-53.87689
-51.65637
-52.76400
-56.43099
-58.80656
-60.73691
-63.90330
-65.36536
-62.34822
-61.64400
-63.56387
-64.86067
-67.52807
-66.94866
-66.43883
-65.91849
-65.12023
-64.77693
-65.79962
-64.95090
-64.92907
-64.80914
-65.19872
-64.96744
-64.58484
-64.44269
-65.10166
-64.70100
-64.85392
-67.15678
-65.68811
-66.52548
-64.08005
-63.05419
-64.97678
-63.30443
-64.20577
-65.20931
-65.67220
-67.37067
-65.87518
-63.10463
-61.88324
-62.93400
-64.14907
-65.28231
-65.90629
-66.72123
-67.05343
-64.31426
-65.60912
-66.52003
-66.08418
-69.56979
-67.54358
-68.66575
-68.06399
-67.56805
-67.10982
-68.18600
-67.48691
-69.22798
-68.53879
-69.65436
-69.55365
-67.97551
-66.18623
-64.45442
-67.05133
-66.66508
-69.74343
-67.21886
-75.25448
-57.83599
-53.43733
-56.77332
-59.26200
-62.07121
-65.55229
-65.33108
-71.33744
-60.56548
-53.38817
-55.90558
-58.81687
-60.58391
-64.43202
-63.67280
-69.29584
-63.10319
-53.95107
-55.16507
-58.44142
-60.03205
-64.16800
-64.75339
-67.93807
-67.48270
-68.47591
-67.17438
-69.04016
-68.47350
-68.05568
-68.92465
-67.70614
-72.22455
-54.35953
-50.99635
-53.94830
-55.89136
-59.37009
-61.21453
-62.96752
-68.75642
-55.35556
-50.14721
-52.04991
-56.62947
-55.07502
-52.95325
-56.97547
-59.58666
-62.39502
-62.05201
-63.01797
-65.02611
-65.31421
-66.57300
-66.91901
-67.96662
-65.53980
-65.37872
-64.05905
-64.99176
-64.01142
-64.16951
-63.87276
-64.79676
-64.80879
-61.77186
-61.49550
-63.26498
-63.49581
-64.79886
-65.69832
-66.49235
-67.08096
-61.75532
-60.42196
-63.40748
-65.44434
-64.94419
-64.42785
-65.06010
-65.90927
-64.43207
-63.71354
-65.05673
-65.08081
-66.16836
-67.83425
-67.67845
-68.03424
-68.20747
-67.09332
-66.97173
-67.81224
-66.71304
-67.31804
-67.66777
-68.63853
-66.50325
-62.99805
-64.67972
-66.15677
-66.13319
-67.19371
-67.86087
-67.11021
-65.48502
-63.94160
-60.82256
-62.82061
-68.60382
-64.68430
-65.13676
-68.22385
-66.84075
-67.66178
-67.23335
-67.35741
-67.63654
-67.41596
-67.99562
-68.34737
-68.38451
-68.07965
-67.68509
-68.73041
-70.65663
-70.22478
-69.51180
-68.77781
-69.84283
-67.17322
-65.32952
-68.09930
-67.93328
-68.61580
-69.83144
-69.61829
-70.14874
-67.37938
-64.27643
-65.48923
-67.78041
-68.37622
-67.65148
-67.86184
-69.33422
-68.91529
-67.66092
-68.67830
-71.89675
-70.45901
-75.95437
-72.84418
-75.46977
-72.93449
-78.43117
-73.76380
-78.19822
-75.85626
-79.52504
-76.65262
-77.48416
-80.30833
-51.88873
-49.98109
-53.15519
-54.63360
-57.77079
-59.15835
-62.01480
-64.21414
-56.99082
-54.55003
-58.19359
-60.27441
-61.50446
-63.13607
-61.88545
-64.09317
-57.26856
-53.77155
-56.77608
-59.42274
-60.54088
-62.48349
-61.21204
-65.25607
-57.79732
-51.63129
-54.15576
-56.25564
-58.45855
-61.58946
-61.75669
-63.56690
-63.90433
-60.51588
-61.87981
-63.43290
-62.17794
-64.88015
-64.44024
-65.17826
-64.40392
-63.19356
-61.90435
-64.32165
-65.28040
-64.71557
-65.12403
-65.05382
-65.20405
-57.26727
-56.16785
-60.17422
-61.64106
-62.48692
-62.26218
-63.40983
-64.11364
-63.22197
-61.24956
-63.58757
-63.55513
-63.39833
-65.60486
-64.51112
-66.34175
-63.95093
-61.70536
-63.52700
-63.87813
-63.26223
-65.74161
-65.67742
-66.31585
-65.31203
-63.16588
-63.91512
-66.91856
-64.74187
-66.03037
-65.45160
-67.52867
-65.40442
-55.17428
-55.73106
-59.88787
-60.93655
-63.52473
-64.17228
-65.15565
-65.92183
-63.65991
-64.29749
-66.23415
-65.20468
-66.13154
-65.86182
-66.18193
-66.89047
-66.36349
-64.97039
-66.41677
-67.06184
-66.63474
-66.82768
-67.17583
-67.78656
-65.45967
-64.76820
-66.57979
-67.79738
-67.48925
-67.47883
-66.40111
-68.55413
-65.44923
-63.68323
-64.75018
-66.43438
-66.94220
-68.21267
-67.47223
-69.01084
-67.94169
-67.76419
-69.20521
-71.17746
-70.27672
-72.67687
-73.75085
-73.50211
-71.74856
-49.96163
-48.32278
-51.63669
-52.65563
-55.32667
-55.58186
-56.59623
-56.35918
-57.77921
-60.12996
-60.81002
-57.62662
-57.79247
-58.33527
-57.79605
-59.67818
-58.63768
-58.68351
-59.16383
-57.39527
-59.74997
-59.93150
-57.91916
-56.81178
-57.10915
-59.79653
-59.73938
-59.21614
-57.94641
-57.91496
-57.42034
-55.84040
-55.03315
-55.22285
-56.17831
-57.05106
-57.75704
-59.12487
-60.40212
-59.90895
-59.13085
-58.43911
-57.79407
-57.49837
-57.16385
-56.04611
-55.17364
-55.44210
-53.10737
-51.92011
-53.83872
-54.93555
-55.57278
-54.30735
-52.85983
-54.12638
-55.28783
-55.63376
-56.01968
-57.12103
-56.63075
-56.29462
-55.93914
-55.44662
-56.45127
-53.42874
-51.92264
-53.73498
-54.98072
-55.04671
-55.18336
-55.24406
-55.87958
-56.88373
-58.21315
-57.84789
-58.15988
-57.32489
-57.99937
-58.25397
-59.64589
-55.81183
-50.10687
-50.44639
-50.59188
-51.94685
-53.89850
-54.90478
-57.87665
-57.47467
-55.86582
-53.88262
-54.95488
-57.52802
-57.49457
-58.62445
-56.67688
-56.13729
-54.79890
-54.21018
-55.64664
-55.83442
-57.93862
-58.98850
-60.92677
-62.16581
-59.16352
-56.09585
-57.52194
-60.99528
-61.08489
-59.41755
-59.64819
-60.36247
-61.33387
-59.44452
-59.25832
-61.87326
-62.14281
-60.82829
-59.85484
-60.23510
-60.35671
-61.67792
-62.94597
-62.47591
-62.17932
-65.65460
-62.22875
-61.63934
-58.21604
-51.56467
-49.82769
-50.68962
-50.67934
-51.68971
-51.05275
-51.63604
-52.69217
-51.69622
-52.40348
-54.53143
-57.20428
-56.37606
-57.32221
-56.46192
-57.93623
-59.25654
-58.91564
-57.79821
-56.19603
-57.46191
-56.53145
-57.32745
-58.77656
-54.88586
-51.96717
-50.48088
-52.68362
-55.49013
-55.42038
-58.42933
-59.02215
-58.46051
-57.35857
-57.44754
-59.45404
-60.26014
-58.50967
-58.35883
-57.45414
-56.87654
-57.50500
-58.48060
-59.02814
-57.75356
-57.43225
-57.36584
-57.97813
-57.85053
-59.47919
-60.00238
-59.09293
-58.83436
-58.21151
-57.09662
-56.77879
-58.60056
-53.96400
-52.55473
-52.84655
-51.25309
-50.81459
-50.97310
-53.32769
-53.80618
-53.32204
-53.78013
-53.58651
-54.44625
-55.68934
-56.18277
-55.81960
-56.28989
-57.61789
-56.34778
-55.28074
-54.74122
-53.63073
-53.05412
-53.38603
-54.69014
-55.60336
-54.95562
-55.34339
-55.12245
-56.50509
-57.32257
-56.50723
-59.19272
-58.90149
-59.21647
-57.08150
-55.92933
-56.77509
-58.43984
-58.00459
-58.59606
-57.85206
-53.68634
-53.40657
-55.66971
-56.88563
-57.27801
-57.03166
-56.64592
-59.04355
-54.77755
-52.98806
-55.66278
-57.09550
-58.10256
-59.42836
-59.75987
-61.61672
-56.19847
-52.97880
-56.04960
-57.45779
-58.71054
-61.30700
-61.08004
-61.83076
-61.06470
-63.08205
-60.49218
-62.03272
-60.43134
-60.17796
-60.96736
-62.65180
-59.94462
-49.51312
-50.28618
-52.38601
-53.46681
-54.14522
-54.09276
-57.16744
-55.81322
-51.16335
-49.07966
-51.26671
-53.13284
-51.84506
-50.77933
-53.19267
-55.10188
-55.98612
-55.50560
-55.35097
-55.41837
-56.17882
-56.21806
-56.97925
-56.38048
-55.31636
-57.72760
-56.08791
-55.90326
-56.30479
-55.77105
-56.20823
-56.17488
-55.40732
-55.60737
-55.76121
-55.25560
-55.62227
-55.84024
-56.40450
-56.38345
-56.40522
-55.05671
-54.62614
-56.89617
-56.22872
-56.18745
-57.01040
-57.36423
-59.35289
-57.98680
-56.66988
-57.74301
-58.64740
-59.89554
-58.45049
-57.50868
-57.93736
-58.11521
-58.92018
-58.96673
-59.25023
-59.15944
-58.94745
-59.64612
-60.41430
-59.91866
-59.05745
-59.13483
-59.37412
-57.92914
-58.86481
-60.15226
-59.94264
-60.65162
-59.99199
-60.07841
-61.86035
-62.24546
-61.28327
-63.50422
-63.41775
-62.93199
-62.61604
-60.65733
-61.18765
-62.78856
-62.68253
-61.61850
-61.20504
-61.72865
-63.13257
-62.73959
-62.39789
-63.82707
-64.86024
-63.96516
-65.52824
-66.34059
-64.22942
-64.06773
-65.62289
-65.86240
-63.39456
-60.87203
-59.19364
-59.40541
-58.88160
-58.46170
-59.70525
-60.66678
-61.67579
-61.98303
-63.26480
-64.00982
-64.32706
-64.89446
-65.26751
-63.24728
-62.70356
-62.72789
-63.34155
-65.21461
-64.41498
-64.99444
-64.01151
-64.12603
-62.35663
-66.32461
-63.49683
-74.83002
-57.56790
-47.50391
-49.68951
-50.73216
-49.83513
-52.11397
-51.91838
-50.77449
-49.26653
-50.13945
-50.76899
-51.66837
-51.77587
-52.04860
-52.22996
-53.67938
-55.31776
-52.93711
-52.44556
-53.31482
-54.25000
-54.81183
-55.12354
-53.09760
-54.65315
-49.83443
-49.50049
-53.91694
-53.28228
-54.98091
-56.40413
-56.61463
-57.27251
-56.94015
-54.98129
-56.75572
-56.27911
-56.28587
-56.72490
-55.80000
-56.74095
-55.61212
-55.01076
-55.69210
-56.61328
-58.10480
-58.33904
-57.76380
-60.52290
-58.59435
-53.54199
-54.71391
-54.29112
-54.11585
-51.64377
-50.29512
-51.44705
-51.98660
-54.47362
-53.01393
-53.46647
-54.31651
-53.13315
-54.13193
-56.94341
-55.41193
-54.37332
-55.18973
-55.08547
-54.18998
-54.22321
-54.97884
-55.63665
-55.50747
-54.82332
-56.54360
-57.17278
-56.95733
-56.86288
-56.60973
-56.29800
-56.83182
-55.05212
-53.20321
-54.73227
-55.30032
-55.75798
-56.66501
-55.34191
-56.13597
-55.80877
-56.30404
-57.81350
-58.31219
-58.34408
-58.09336
-57.05445
-56.94347
-58.76282
-57.89601
-58.59748
-59.01709
-58.46434
-58.49329
-59.04763
-58.94046
-58.04012
-57.95473
-59.18778
-59.42638
-59.29569
-59.73358
-59.48632
-58.86892
-59.14217
-58.76265
-58.36721
-60.33166
-61.38055
-61.87089
-62.02197
-62.60333
-61.18812
-61.52295
-63.52948
-62.59048
-61.89381
-62.46373
-63.94858
-64.31019
-65.82997
-63.65069
-58.42568
-56.64612
-57.51571
-58.66005
-58.53027
-57.01974
-54.89304
-54.19153
-56.29954
-59.63262
-59.91434
-59.54289
-60.05079
-59.69689
-60.33373
-61.05532
-59.78094
-60.43342
-60.68279
-59.63125
-59.67205
-59.65236
-59.17217
-57.05185
-57.03752
-59.55646
-62.60768
-62.36992
-60.43858
-60.30511
-59.96507
-61.08180
-61.13186
-61.47490
-61.57395
-61.71572
-61.94936
-62.17330
-65.04995
-64.83226
-65.15824
-63.43767
-63.75834
-65.53638
-66.93599
-65.08249
-67.57351
-61.66755
-54.57839
-55.11474
-55.91048
-56.81751
-59.32089
-58.60184
-58.06709
-57.90721
-58.86016
-58.04648
-56.97772
-57.79191
-56.41329
-58.02790
-59.69349
-62.05223
-61.29426
-59.34997
-59.66128
-59.67573
-59.66008
-58.78714
-60.24647
-60.06024
-60.15599
-60.29649
-61.96818
-60.80328
-62.64066
-61.65509
-62.59995
-65.71958
-66.03040
-61.11612
-55.35848
-54.89776
-54.54829
-57.24046
-57.68165
-58.69561
-58.34067
-55.99621
-56.16488
-57.31657
-59.53059
-58.05156
-57.45986
-58.49829
-58.04068
-58.36849
-58.31187
-57.23862
-59.79940
-60.64774
-60.86947
-59.70188
-61.43277
-62.10305
-58.99640
-60.05303
-62.45416
-64.68030
-64.02685
-61.97717
-64.51506
-69.61377
-64.57229
-63.44796
-64.84819
-64.87686
-63.95056
-63.31016
-66.17624
-67.54781
-65.69059
-68.06932
-66.07235
-65.78028
-66.30260
-68.62377
-69.23744
-71.00576
-65.82796
-57.55603
-56.14056
-58.34775
-58.72755
-58.33279
-57.40933
-57.12419
-59.37534
-59.04489
-60.12340
-59.64754
-59.01018
-58.85434
-59.92670
-60.00555
-61.05793
-61.26608
-60.02166
-61.14101
-60.80575
-61.11246
-60.38166
-61.73921
-61.57109
-61.07126
-62.24539
-63.17177
-62.75633
-63.77171
-65.07077
-64.14407
-63.81729
-64.78556
-64.84724
-65.87796
-65.27593
-63.90222
-63.77435
-63.66173
-63.61540
-63.20092
-65.03246
-65.41977
-66.81603
-66.93463
-66.70829
-66.70267
-67.36102
-67.20495
-67.84639
-66.82556
-66.49456
-66.67743
-67.81723
-68.44662
-67.88022
-67.22371
-58.33496
-57.39006
-57.43420
-55.45570
-56.73462
-59.99220
-61.53176
-58.72287
-58.66700
-58.32150
-55.97965
-58.02607
-60.19158
-59.12044
-59.60030
-60.88636
-64.37274
-61.14915
-61.73212
-62.64224
-60.49011
-61.72659
-61.15557
-62.58387
-63.12519
-63.38314
-62.86787
-63.73233
-66.33120
-65.38082
-65.13453
-66.53664
-66.69516
-66.14978
-65.02089
-62.86328
-64.12486
-65.28774
-64.96981
-65.41917
-66.63133
-66.14654
-66.30783
-67.90894
-69.56125
-69.21365
-67.24943
-68.47432
-68.60881
-69.12777
-69.37700
-67.99044
-67.94284
-68.66992
-68.58599
-67.88344
-68.08965
-68.86621
-68.50232
-67.25780
-67.40571
-68.77821
-68.28466
-68.42136
-68.81375
-69.46397
-71.16397
-69.82722
-69.30912
-70.16062
-70.48130
-68.99057
-71.84078
-69.52622
-63.74836
-60.61960
-59.38360
-59.50817
-59.29826
-60.30060
-60.66284
-62.43294
-62.14714
-61.30528
-61.36218
-59.59206
-59.72880
-61.99296
-63.36741
-60.90205
-60.23186
-60.79987
-60.69544
-60.62962
-63.06272
-65.36906
-66.15567
-65.71174
-65.77955
-65.46920
-65.30998
-67.44262
-66.15894
-66.58005
-65.83894
-65.54508
-65.11083
-64.16327
-64.17113
-64.93435
-64.41407
-63.74496
-63.66507
-64.20569
-66.60744
-65.89643
-67.07508
-66.45938
-65.71035
-65.90359
-65.88772
-67.09379
-68.79175
-69.09921
-67.12816
-67.49156
-67.78941
-69.33129
-69.02308
-68.27218
-66.76323
-67.59984
-67.89633
-68.55374
-71.14028
-70.07658
-71.59336
-70.09988
-69.45418
-70.17923
-70.69735
-70.27361
-69.60866
-69.04294
-69.81150
-71.70267
-72.06201
-71.29125
-72.25453
-73.18790
-72.21551
-72.60866
-74.32931
-75.03628
-73.44518
-71.33439
-71.13879
-72.54587
-72.51416
-72.87169
-72.54699
-73.18156
-72.44187
-73.33330
-74.57853
-73.35101
-72.05004
-74.38177
-75.29001
-74.83684
-75.26927
-75.11665
-77.17496
-75.93272
-77.14351
-76.19442
-76.68880
-75.85472
-76.64007
-76.40048
-76.80024
-76.64828
-74.93965
-76.42700
-77.84060
-78.29418
-77.20813
-78.52235
-81.08635
-81.64321
-79.23760
-78.77560
-77.07836
-75.39389
-76.91387
-78.40413
-77.94212
-78.46873
-77.22963
-79.63294
-79.28266
-83.94080
-80.11452
-87.68807
-66.33018
-59.02566
-59.59338
-59.07292
-60.03652
-61.79261
-62.36870
-60.89210
-59.81489
-61.96829
-62.89516
-61.51299
-61.65944
-62.27244
-61.54826
-63.41593
-64.14169
-64.79759
-64.28020
-64.30949
-65.92296
-65.50891
-64.54832
-64.37736
-67.01238
-66.43115
-64.52235
-64.64368
-66.69644
-65.82681
-65.36948
-67.78084
-68.62051
-68.15151
-68.80078
-68.22161
-67.87761
-67.86527
-65.56371
-66.83887
-67.15702
-66.40904
-68.01328
-68.64731
-68.67010
-68.30734
-69.97054
-72.32235
-73.23679
-72.76426
-72.00724
-69.32747
-67.52756
-65.99057
-63.32214
-62.05818
-63.09922
-65.50090
-66.04264
-66.00092
-66.67662
-68.02535
-67.11409
-67.13730
-65.46386
-64.95851
-66.23817
-67.34301
-67.26996
-67.05198
-66.81520
-66.16273
-67.24593
-66.20505
-69.08434
-68.93515
-67.42096
-68.51607
-69.55526
-69.70639
-67.81026
-68.24486
-69.78189
-70.44485
-69.99602
-68.50687
-69.39321
-70.02769
-68.93569
-69.76399
-70.18378
-70.03685
-71.67326
-72.41333
-72.45648
-71.93202
-69.94290
-72.74404
-72.52463
-72.75344
-72.79618
-72.12938
-73.16381
-72.75233
-73.13507
-73.33661
-74.95466
-74.08387
-73.02307
-71.87275
-72.09967
-72.31039
-72.41298
-73.28202
-74.60134
-74.67597
-73.75176
-75.11218
-74.22301
-74.52399
-75.49185
-76.67582
-75.78372
-76.98973
-77.20509
-74.48003
-75.03693
-75.96877
-79.36875
-79.22221
-80.34296
-74.19792
-70.13395
-71.27158
-71.69003
-70.90825
-71.85844
-71.47868
-69.65128
-70.15096
-72.37438
-74.06397
-73.28833
-73.03130
-73.24328
-72.33898
-72.40675
-73.62151
-74.03299
-75.93378
-74.50314
-72.99697
-74.09732
-75.43299
-74.44462
-71.80867
-71.65729
-73.21934
-73.85713
-73.91663
-74.87900
-74.99028
-75.05971
-76.79094
-79.05485
-78.78844
-77.15196
-77.45007
-76.68479
-77.55037
-78.92818
-78.73828
-78.10029
-77.34175
-78.86383
-79.91544
-81.71917
-80.11766
-84.52717
-71.17670
-65.99860
-67.68883
-69.85775
-70.41030
-70.31720
-71.51319
-73.42861
-75.20285
-73.73046
-72.97008
-72.86908
-70.29057
-68.82925
-71.72193
-73.72562
-74.15724
-71.95044
-71.21315
-72.34381
-74.43253
-73.21535
-73.43620
-75.83273
-74.93179
-76.81523
-75.39617
-73.66123
-72.79969
-75.27336
-72.78768
-75.94988
-78.27682
-76.79855
-69.92501
-68.01295
-68.99460
-67.90967
-70.45053
-70.15566
-72.14708
-69.22549
-68.09046
-67.67094
-68.97992
-71.04778
-69.98959
-70.38772
-70.31346
-71.41433
-71.12213
-70.89468
-70.23404
-72.78402
-74.00330
-72.96009
-72.85075
-74.50459
-74.71719
-72.54443
-74.63473
-75.93906
-76.42326
-75.49671
-74.11108
-78.20669
-78.30574
-77.39779
-77.39275
-76.87177
-78.40001
-77.07340
-75.84870
-77.48603
-78.44669
-77.64779
-77.84880
-76.51927
-76.46132
-77.21538
-79.61998
-79.91021
-83.54269
-72.43402
-65.87079
-66.94436
-68.97350
-69.86648
-70.20613
-69.82737
-71.74114
-72.19881
-72.89802
-73.41133
-72.46468
-71.78552
-71.35285
-69.68706
-69.72226
-72.85289
-71.13557
-71.67899
-72.61670
-73.58356
-73.89728
-72.74495
-73.69142
-73.36507
-73.02443
-73.35672
-73.57881
-73.74254
-76.38515
-76.09922
-76.30132
-75.80306
-76.05214
-78.05490
-77.41661
-77.35737
-77.53757
-77.52947
-75.49548
-73.94663
-75.38415
-75.97867
-75.98575
-76.35502
-76.21866
-78.19192
-79.33605
-79.09787
-79.20332
-79.13821
-78.08496
-77.42616
-77.48737
-79.12296
-78.78958
-80.47980
-73.74977
-68.96512
-67.88161
-66.13950
-65.87107
-67.13416
-67.80983
-67.86699
-69.45646
-70.81590
-70.30138
-69.65523
-69.79868
-68.98077
-69.89761
-69.25633
-69.75746
-72.67154
-71.29439
-73.23784
-71.40883
-69.43138
-69.69753
-71.11878
-72.59123
-72.01927
-71.54758
-71.35398
-73.96549
-74.65164
-73.81887
-74.84059
-76.76744
-76.72377
-76.65955
-74.43844
-74.03175
-75.63370
-74.75192
-74.38668
-74.24536
-74.33695
-74.47398
-75.42846
-78.49640
-79.97174
-79.36364
-79.58585
-78.89998
-81.18717
-80.16865
-79.38086
-78.57938
-77.22615
-79.29300
-80.52813
-80.93754
-81.41538
-82.52957
-80.97528
-80.13580
-80.22749
-79.47488
-81.95369
-81.25987
-79.40315
-81.14379
-79.49838
-77.56696
-79.55511
-81.60182
-79.09834
-80.10537
-83.30876
-80.20445
-74.79058
-71.09167
-71.37378
-71.32036
-69.72173
-69.11989
-69.41937
-71.06846
-71.51540
-69.87249
-70.04863
-70.91947
-69.92532
-69.77819
-70.60600
-72.16350
-74.04539
-74.03620
-72.29505
-72.82563
-72.65884
-73.19097
-75.06380
-73.17107
-73.33716
-73.48932
-73.13482
-73.78995
-72.51794
-73.68790
-75.31532
-73.58332
-72.37680
-72.04108
-71.94918
-72.60682
-73.32989
-73.24639
-73.94660
-74.52387
-77.01716
-76.64541
-78.27738
-78.65332
-78.09861
-79.76655
-77.12087
-76.06242
-76.73032
-75.81178
-74.48888
-75.90184
-76.71298
-78.32927
-77.32162
-76.36117
-78.05811
-78.70838
-77.59821
-79.72619
-80.57552
-80.58563
-79.57215
-77.86910
-79.13763
-79.12252
-78.65453
-77.69570
-77.91875
-79.36816
-80.68232
-81.69090
-80.10076
-79.14571
-82.18159
-80.59266
-80.07635
-82.15881
-83.39118
-81.29341
-82.27905
-81.88741
-80.65409
-80.43260
-79.98474
-82.25973
-80.94660
-82.08571
-81.77758
-82.26775
-83.16738
-80.85857
-80.98138
-83.73630
-81.92355
-85.16642
-85.60815
-83.39570
-83.61536
-82.58192
-84.65331
-83.45405
-83.02418
-81.60546
-83.71037
-84.88560
-85.51190
-85.09788
-83.44739
-82.91686
-84.23099
-84.63442
-84.41009
-85.70873
-88.10930
-86.14969
-85.59671
-83.30745
-81.73351
-82.70446
-85.89022
-88.25394
-86.23572
-85.25865
-84.42182
-85.51291
-84.37444
-89.56511
-85.60490
-87.85401
-69.21429
-64.68717
-64.55002
-64.75100
-66.64418
-67.04732
-67.07581
-66.13243
-68.81220
-68.98319
-68.08943
-68.40885
-69.43438
-68.37898
-67.08622
-68.82593
-69.32621
-71.91809
-70.73399
-70.08985
-70.56313
-70.85707
-70.84584
-70.56424
-71.07398
-70.24502
-70.93801
-71.97003
-73.28051
-73.47453
-72.81341
-73.15452
-74.40063
-71.81476
-73.02450
-72.85685
-72.27473
-74.22047
-73.26705
-76.45821
-73.98909
-74.70283
-76.81159
-76.29693
-74.34109
-74.01994
-74.33029
-76.66620
-78.60888
-78.77011
-77.06722
-70.95363
-68.85988
-66.38168
-65.38616
-66.83127
-67.05523
-66.33298
-67.30625
-69.32534
-71.81672
-69.62065
-70.56660
-71.66459
-69.47101
-68.85163
-71.66080
-69.50530
-69.27193
-71.95766
-71.15098
-74.44909
-70.57960
-71.83241
-72.40171
-71.44146
-71.15361
-71.07494
-71.87956
-74.73983
-75.89302
-73.74603
-72.63982
-70.33752
-70.65560
-72.67923
-75.20260
-74.15290
-74.56736
-73.33978
-72.53406
-71.48935
-71.58164
-70.90491
-71.81756
-75.48915
-75.86407
-74.27151
-75.78329
-78.78176
-78.04025
-77.56158
-76.21056
-74.71635
-74.10147
-75.78422
-76.47234
-78.76927
-78.69110
-78.34688
-77.89159
-77.90564
-78.13838
-78.85286
-79.61835
-78.70855
-79.89627
-77.06652
-76.06483
-77.95117
-79.38557
-82.66365
-84.44831
-82.21133
-80.33978
-76.86330
-76.50462
-78.69812
-79.96632
-81.72690
-82.18179
-78.20018
-77.69887
-76.98641
-76.85066
-79.61944
-78.61037
-77.89614
-77.39604
-78.09180
-77.19646
-77.53031
-79.79703
-81.37443
-81.28802
-80.00979
-81.48559
-79.03051
-77.24610
-78.13379
-76.97936
-75.19819
-74.53967
-75.14155
-77.03926
-78.86101
-80.56122
-79.20706
-80.79266
-81.00312
-81.38568
-81.69371
-81.47566
-80.44718
-74.74303
-73.76480
-73.66666
-72.99492
-72.92895
-72.73534
-73.68312
-75.87970
-77.78533
-79.05256
-80.02821
-80.50658
-79.49178
-79.22178
-77.90344
-78.91238
-73.23113
-69.07832
-68.23750
-67.66692
-68.44352
-69.29765
-70.93447
-73.51626
-75.41658
-74.31309
-74.19087
-72.20119
-72.72608
-75.25054
-73.92638
-74.64417
-73.50331
-71.45008
-70.12791
-70.04436
-70.49706
-70.34941
-71.15941
-71.15766
-70.32689
-69.97923
-70.16790
-71.98328
-72.10834
-71.45983
-71.03305
-71.13238
-73.15929
-69.58471
-67.53239
-66.63122
-65.15829
-66.42077
-67.69050
-68.31984
-70.49097
-70.74104
-70.30609
-71.20789
-68.86501
-68.85540
-72.38127
-70.97491
-70.95052
-75.19855
-72.89903
-73.20038
-72.79748
-68.70930
-69.67662
-73.45977
-73.89273
-73.49166
-73.25100
-72.53435
-71.57909
-72.54177
-74.91953
-74.58551
-75.94058
-75.74940
-77.43049
-74.97876
-73.67441
-74.33805
-73.67285
-76.01543
-76.51413
-76.75788
-80.79347
-79.09326
-73.98568
-74.35308
-75.53126
-78.00009
-80.17888
-81.00983
-81.69769
-83.49298
-82.40272
-80.68172
-82.84446
-81.98449
-82.41748
-82.84016
-86.05834
-86.76424
-85.08382
-85.69651
-84.88815
-86.88812
-86.02224
-86.47067
-89.95432
-88.71906
-89.15729
-87.78378
-87.11207
-86.23935
-86.38519
-89.50187
-91.38736
-91.90187
-92.09385
-90.85881
-88.08348
-89.49985
-92.17022
-93.78235
-93.58237
-96.23283
-96.65950
-94.38943
-92.99129
-92.43577
-91.85004
-91.77395
-97.52912
-97.89541
-100.64680
-98.47255
-96.53597
-96.31529
-95.91422
-96.68286
-97.11591
-102.42000
-102.29766
-103.27293
-99.94208
-97.80058
-99.56694
-102.89272
-102.80595
-104.52268
-106.38390
-102.91380
-105.96199
-104.60557
-107.09770
-107.26571
-104.45887
-107.60809
-110.72081
-107.09000
-103.73145
-107.63394
-108.86846
-110.26357
-111.17809
-113.17025
-109.44244
-109.38619
-112.12914
-109.43597
-114.57432
-117.08901
-119.36217
-120.74818
-120.58672
-120.79452
-124.02838
-122.95372
-123.97690
-129.29143
-131.62319
-132.36610
-135.96682
-135.87518
-135.77665
-140.45112
-138.96084
-142.35643
-139.46754
-144.58735
-140.89633
-145.56123
-140.82772
