-119.11229
-91.91130
-87.98694
-89.24259
-89.43618
-91.00856
-91.29914
-92.46581
-92.91501
-93.97642
-94.24056
-94.94948
-95.20144
-96.11179
-96.82167
-97.76873
-98.24967
-99.23443
-100.30574
-100.60753
-101.73005
-101.77270
-101.80693
-95.66265
-95.13138
-95.40680
-95.13988
-94.94736
-93.85901
-93.38068
-92.20162
-94.77708
-103.00001
-98.81402
-89.10409
-87.88215
-89.07842
-89.45075
-90.79793
-91.36299
-92.42335
-93.10809
-93.54676
-93.84491
-94.15450
-93.29508
-93.89008
-94.02645
-94.53033
-94.02255
-94.93534
-94.55645
-94.58003
-96.10105
-97.11539
-96.98554
-93.31873
-94.36832
-94.30375
-95.03853
-94.58613
-94.69196
-93.29691
-93.68182
-91.27423
-93.92695
-93.74320
-87.10029
-87.87810
-87.59341
-89.16361
-90.08679
-90.68420
-91.69385
-91.95570
-92.65821
-92.93879
-93.22285
-93.32447
-94.68443
-94.52251
-95.11875
-94.81489
-95.54598
-94.85386
-94.82884
-94.49432
-96.55710
-96.53897
-94.38620
-94.92882
-94.75564
-95.07582
-95.29141
-94.06853
-93.49692
-93.01599
-91.88668
-91.82947
-87.23963
-86.14743
-87.66584
-87.25560
-88.68919
-89.44947
-89.91882
-90.91575
-91.87652
-92.11962
-93.06427
-94.02406
-94.42717
-94.53764
-94.56460
-95.31473
-95.22680
-96.13679
-95.87058
-96.06609
-95.96667
-95.54899
-92.46244
-92.40120
-93.24816
-93.24968
-93.92459
-93.96703
-94.03459
-93.69329
-93.52604
-92.68673
-91.39247
-85.56677
-84.10247
-86.29778
-88.00927
-88.67325
-89.54949
-90.69687
-90.41076
-91.20896
-91.53324
-92.36584
-92.05196
-92.43388
-92.63683
-93.08221
-93.32794
-93.03443
-93.43770
-93.74974
-94.27503
-94.37206
-93.78112
-90.48352
-90.63533
-92.28680
-94.22577
-94.88312
-95.67968
-95.51636
-95.14275
-94.61595
-94.49528
-91.96124
-86.01580
-85.67298
-85.28263
-86.43783
-88.31026
-88.53201
-89.72079
-89.91268
-90.61803
-91.43430
-91.95301
-91.19065
-91.73750
-92.68662
-94.02388
-93.54307
-94.78933
-94.58436
-95.94630
-94.81920
-97.24258
-94.18456
-92.05793
-92.05517
-92.13176
-93.23861
-94.62485
-94.48131
-95.13574
-95.67666
-93.87749
-96.36563
-85.40111
-83.09799
-84.96528
-84.68207
-85.74830
-86.56765
-88.33840
-89.93383
-89.36229
-91.40857
-90.91953
-93.74087
-90.64362
-94.39782
-90.19430
-101.68609
-85.37789
-77.41745
-86.71544
-93.32009
-94.55282
-97.55539
-92.14312
-90.98456
-90.19374
-91.49364
-91.61254
-86.80661
-86.39552
-92.69339
-92.18328
-94.26113
-92.94968
-85.50871
-83.65383
-85.54013
-84.70876
-86.79365
-86.71787
-87.03754
-87.68628
-90.27201
-91.21698
-91.72830
-92.11607
-90.20599
-94.72112
-90.28576
-106.12427
-81.06483
-78.50067
-90.94165
-92.15225
-96.68400
-95.83422
-92.95549
-91.87803
-91.21258
-92.49315
-90.63131
-85.57046
-87.78107
-93.39013
-92.45847
-96.83969
-90.85555
-83.84359
-84.02006
-85.65071
-84.80216
-86.29322
-85.82860
-87.60353
-86.41408
-88.46059
-89.57602
-92.06739
-91.53243
-91.74249
-92.37488
-91.55279
-96.07122
-78.57813
-80.73337
-94.42722
-91.64312
-98.05449
-93.05117
-91.49091
-90.42018
-90.63563
-91.63935
-89.00689
-84.32174
-88.15315
-91.39252
-91.71911
-96.81252
-88.39404
-82.59623
-83.71799
-84.65113
-85.17493
-86.37510
-85.75714
-86.95904
-86.11928
-88.05579
-86.97152
-90.45433
-88.14556
-91.53758
-89.15062
-93.35088
-87.32675
-77.14470
-83.74838
-91.59807
-91.43723
-97.29946
-91.46219
-90.75309
-89.90136
-91.91366
-92.59749
-87.53732
-84.87011
-89.65638
-91.22378
-92.65827
-94.19180
-84.83784
-81.80652
-84.46580
-84.22492
-85.19586
-85.71104
-85.92477
-86.15938
-86.05778
-87.10277
-86.54474
-88.84675
-89.02564
-94.76926
-89.42016
-105.35260
-82.48041
-77.23105
-87.53402
-90.12260
-93.02823
-95.40388
-91.48107
-89.98933
-89.93935
-91.28702
-90.73159
-85.48064
-85.43641
-90.52472
-90.10758
-92.96780
-90.97809
-83.07899
-81.66408
-84.16154
-83.45596
-85.44040
-85.24875
-85.82297
-84.86926
-85.57732
-85.61908
-86.34958
-86.97844
-85.29848
-88.46773
-88.68256
-96.92253
-78.92743
-78.41640
-90.45902
-89.17204
-94.59392
-92.96544
-90.43989
-89.17972
-89.69716
-90.34450
-88.69495
-83.88547
-86.18477
-90.20892
-89.41136
-92.85681
-87.37949
-82.13807
-81.70893
-83.39853
-84.15981
-85.18863
-84.53542
-85.67760
-85.25837
-87.05115
-85.81909
-87.36952
-86.73732
-87.72779
-87.19935
-88.15172
-90.96372
-77.77906
-81.02369
-91.03402
-89.82181
-95.99599
-91.76461
-90.35054
-88.49424
-90.02010
-91.91125
-87.56032
-84.19064
-87.77235
-89.68848
-90.48455
-93.35491
-85.64580
-81.25959
-83.13538
-83.53237
-84.20647
-85.40187
-85.99465
-86.93655
-85.98740
-87.80847
-86.65238
-89.30723
-86.81525
-89.42627
-86.97999
-91.35822
-84.24034
-76.83172
-84.68503
-91.47050
-91.97004
-97.68465
-91.41601
-90.00436
-89.53035
-90.67652
-91.36897
-86.15818
-84.81542
-90.48272
-91.33904
-93.09059
-93.53924
-83.42913
-80.31129
-82.76308
-82.95500
-84.16901
-83.78585
-85.43975
-86.01577
-85.98224
-86.79687
-86.94813
-88.40290
-87.02024
-89.41656
-86.41046
-92.83459
-80.81423
-77.69103
-86.51070
-90.11145
-95.02979
-95.28812
-89.71580
-88.34247
-88.75659
-89.98896
-89.37767
-85.30643
-86.67286
-91.38163
-90.81011
-93.93221
-91.17244
-82.33352
-81.39999
-83.26136
-82.83277
-84.60245
-84.79355
-86.78244
-86.64666
-88.27888
-88.30960
-89.52478
-89.39299
-89.42181
-90.58612
-88.87549
-93.72437
-78.51568
-79.16874
-90.64423
-87.06722
-91.95629
-94.51171
-89.67648
-88.88734
-89.51634
-90.57564
-88.49213
-85.10179
-88.56287
-92.34815
-92.44210
-97.50741
-89.30027
-81.55687
-82.15397
-82.84304
-82.80127
-84.35044
-84.40332
-85.74052
-85.13033
-87.00868
-86.51980
-87.82774
-85.92086
-87.75798
-86.54487
-87.99781
-86.49210
-77.58749
-81.82455
-88.27841
-86.60767
-88.77290
-87.52734
-89.19486
-88.93404
-89.60798
-90.57777
-87.18936
-84.98703
-89.11047
-91.31895
-91.63358
-95.85516
-84.90354
-79.96870
-81.79499
-82.35655
-82.87329
-83.30331
-83.94031
-84.79204
-84.52884
-86.03597
-85.13113
-87.11065
-86.25049
-89.12044
-86.22857
-92.21716
-82.50187
-76.50901
-84.55953
-87.23004
-87.43932
-88.23388
-86.03758
-85.89261
-87.27351
-89.85608
-89.36090
-85.59157
-85.29019
-90.13224
-89.22355
-91.76233
-90.59581
-82.68636
-80.39921
-82.07492
-81.27385
-83.22362
-83.76690
-84.41583
-85.00465
-85.42296
-86.05630
-85.53703
-85.71758
-84.35050
-86.79423
-84.34384
-89.39796
-78.59090
-76.72749
-85.54777
-85.08837
-86.76605
-85.14700
-84.52538
-83.28016
-82.41308
-84.00299
-85.44800
-82.77400
-83.19503
-86.26351
-86.72686
-89.98461
-85.90731
-80.33239
-80.13932
-81.55406
-81.77186
-82.91371
-82.59097
-83.83201
-83.46192
-85.15949
-85.32681
-85.96078
-84.49925
-84.58174
-85.15374
-85.20413
-87.64409
-77.71619
-79.67224
-87.89659
-86.61838
-88.80961
-85.47601
-83.78788
-82.79425
-82.98818
-82.56617
-82.60235
-83.27423
-86.00435
-87.80223
-87.50309
-90.81127
-85.06285
-79.40091
-80.39976
-81.83175
-82.73130
-83.56920
-83.16002
-84.47350
-84.51427
-86.12151
-84.59554
-85.39308
-85.01309
-86.76149
-84.99480
-86.08793
-83.72562
-76.88386
-82.31352
-88.80988
-87.30296
-89.45095
-85.61540
-84.68842
-84.40084
-85.64041
-85.29464
-82.25067
-81.22861
-86.29366
-89.22991
-88.65289
-89.99289
-82.34602
-79.13941
-80.42360
-81.02516
-82.69788
-83.18944
-83.87845
-84.09771
-84.52756
-86.59340
-85.80054
-87.08017
-85.81956
-88.31336
-85.95303
-91.80994
-81.18894
-76.63978
-85.59789
-88.44503
-89.83967
-91.35249
-87.33009
-85.84089
-85.51032
-85.99583
-85.62005
-83.26409
-83.36888
-84.77855
-85.94347
-91.58350
-89.89170
-81.95470
-79.58533
-80.56513
-80.17474
-82.07086
-82.82225
-83.69425
-83.32345
-84.66865
-85.20260
-86.51680
-86.34145
-85.16416
-87.30534
-85.29697
-90.82796
-78.20969
-77.93047
-87.81444
-86.97328
-90.14031
-88.67642
-87.19013
-85.86964
-85.78241
-86.31913
-85.44823
-83.30623
-83.59472
-84.44098
-83.17334
-85.76370
-87.50741
-80.36372
-80.00652
-81.08144
-80.97820
-82.94800
-83.16740
-84.28607
-83.95437
-85.20095
-84.90232
-86.74510
-85.68244
-87.12986
-86.66133
-87.84561
-87.69058
-77.54814
-80.90649
-88.09373
-86.35903
-89.72772
-87.76353
-86.17687
-85.21534
-85.53558
-86.37369
-84.79974
-83.41758
-85.30409
-84.92798
-84.28732
-85.04689
-81.47972
-78.50271
-79.48164
-79.93199
-80.58442
-80.60182
-80.38424
-80.79698
-80.35406
-79.96973
-79.23499
-78.50563
-78.42254
-77.89263
-75.74696
-76.54384
-74.76719
-72.19794
-73.59306
-74.51625
-74.55725
-73.61925
-73.13848
-73.11104
-73.83638
-74.61722
-72.94241
-72.30108
-71.41142
-72.10407
-74.69879
-75.68120
-75.27643
-73.38265
-71.70022
-73.45697
-73.97180
-74.17027
-74.22726
-74.61256
-77.20079
-76.35089
-74.90350
-75.21606
-76.31620
-74.73360
-76.26840
-76.06433
-77.70419
-75.51637
-73.41506
-76.37401
-76.33862
-76.00734
-76.79478
-75.96891
-76.27284
-78.46825
-77.64985
-78.87527
-75.93898
-76.68125
-78.31791
-76.93401
-76.64418
-76.44502
-74.50810
-74.54119
-74.96926
-74.41096
-77.00579
-75.95781
-76.74407
-77.36493
-77.20832
-77.17714
-77.13762
-76.29945
-78.13994
-77.47450
-77.20483
-80.26676
-75.65944
-76.98716
-81.22567
-80.10240
-79.11164
-78.72574
-77.16617
-78.04515
-79.27422
-79.35044
-80.39364
-79.83384
-79.98883
-79.83571
-78.26129
-79.33906
-77.78990
-74.25659
-76.29727
-76.87244
-77.12353
-77.48963
-77.09803
-78.37519
-77.73718
-77.83522
-78.74219
-79.41343
-78.35071
-78.97779
-77.86519
-78.69839
-78.62135
-75.18124
-77.40112
-80.50796
-79.53130
-80.58471
-78.41507
-79.37250
-79.58467
-78.46782
-79.91257
-78.66830
-80.66343
-81.09066
-80.16595
-80.83397
-82.30639
-78.07152
-76.43839
-77.09810
-76.02665
-76.77113
-77.51085
-77.71943
-78.64532
-80.31349
-79.99880
-81.08145
-81.04310
-81.28884
-81.86679
-80.93777
-84.18157
-78.22511
-75.83277
-81.60196
-82.78855
-84.17620
-82.70797
-81.53434
-81.68158
-80.22280
-82.07975
-81.45902
-80.55124
-80.68328
-81.67923
-81.68223
-81.62261
-82.38812
-78.29904
-75.99839
-76.74465
-77.36252
-78.44974
-77.69810
-78.11463
-77.70550
-79.46146
-82.36785
-81.62936
-82.32812
-82.76785
-82.84111
-83.53866
-83.63728
-84.42848
-85.94345
-85.23956
-85.63367
-84.49237
-86.03572
-83.24990
-82.75274
-82.52506
-83.80519
-83.61289
-84.96919
-83.62579
-86.53432
-84.82776
-91.54476
-81.28856
-69.93116
-73.43674
-75.78328
-74.76293
-77.03869
-76.87910
-77.25540
-76.84080
-77.62465
-75.78246
-77.35252
-76.93919
-76.98070
-76.17582
-76.29069
-76.33861
-71.98455
-72.31794
-74.05374
-73.90501
-74.61224
-74.79530
-74.01114
-73.85813
-74.38008
-74.62066
-73.34400
-73.22210
-73.71172
-74.58504
-75.03851
-77.65032
-72.77495
-69.17546
-72.48536
-72.52985
-73.27813
-74.22087
-73.91275
-74.95067
-74.82430
-75.37880
-75.37465
-75.97999
-76.22021
-76.29972
-76.48923
-78.57523
-77.29352
-73.35794
-73.93050
-75.99458
-75.80097
-77.35083
-76.98879
-77.50896
-77.66019
-77.43359
-78.46471
-77.64676
-77.96300
-79.74224
-79.25564
-79.45083
-81.96291
-72.62741
-71.66784
-75.88797
-75.11908
-76.03607
-76.20502
-77.26649
-77.68272
-78.02829
-79.24881
-79.49928
-79.92265
-78.48654
-79.05095
-79.80242
-82.18472
-77.87758
-73.34406
-74.68915
-75.76344
-76.72706
-77.69530
-77.09726
-77.62816
-77.56549
-78.87768
-78.34517
-77.79705
-78.73179
-82.14343
-81.09421
-82.27443
-81.69001
-70.54202
-71.07257
-74.41249
-74.50145
-75.56371
-74.77514
-76.49322
-76.04189
-77.69436
-77.40484
-77.22201
-77.75297
-77.88847
-77.70178
-78.12365
-80.03811
-75.24595
-73.90773
-76.70322
-73.79808
-73.00760
-74.21401
-73.26223
-74.31665
-74.65072
-75.39158
-75.50286
-76.24000
-78.07683
-80.67770
-78.33487
-81.58674
-76.59228
-70.25381
-73.30304
-73.83351
-74.43798
-75.99630
-76.20551
-77.26997
-76.79711
-78.73904
-78.14496
-77.90544
-77.72176
-79.50464
-79.15196
-79.77788
-79.91306
-74.73001
-74.75285
-77.86018
-77.74668
-79.29141
-79.39329
-79.33130
-79.80439
-79.47447
-80.99368
-78.66833
-79.14915
-82.29045
-85.98120
-82.70202
-92.30850
-74.94188
-69.67332
-73.70147
-73.29919
-74.05462
-74.54636
-75.31313
-75.94618
-76.36055
-77.78839
-77.40629
-78.45989
-78.06937
-79.40247
-78.66184
-79.86511
-78.24682
-73.79466
-75.71210
-77.35015
-77.38486
-79.17072
-78.27772
-79.33805
-79.79007
-80.87243
-81.30347
-78.60219
-79.63510
-84.70011
-84.87517
-89.96802
-82.56799
-70.92441
-70.65994
-73.77919
-73.96332
-75.75483
-75.54238
-76.26396
-76.52061
-76.91638
-76.12085
-76.14978
-76.88356
-76.48835
-77.11424
-77.16643
-78.37081
-74.63830
-73.07372
-74.81412
-74.68942
-75.37092
-76.17721
-75.76564
-76.28569
-76.40042
-74.31566
-72.43423
-72.61181
-72.55979
-73.87643
-74.20176
-75.95515
-75.18178
-69.40327
-70.51080
-73.20999
-74.20307
-75.08749
-74.76788
-76.25061
-76.04956
-76.40737
-76.18953
-77.15528
-77.36980
-76.76222
-77.17052
-78.04464
-79.24345
-73.67394
-71.09253
-72.45663
-72.83289
-73.52245
-74.17604
-75.28648
-75.85020
-75.70737
-77.48799
-76.89425
-76.50402
-76.94038
-78.10021
-77.09866
-80.00328
-74.33747
-70.05148
-72.19725
-72.05944
-73.23872
-75.06911
-75.51472
-75.04529
-74.67565
-75.55619
-75.94644
-77.25843
-76.93933
-77.70079
-77.92826
-77.58912
-76.32805
-73.42496
-74.20579
-76.31058
-75.88050
-77.14894
-76.66863
-76.13383
-77.62631
-78.88491
-79.61903
-78.19437
-77.72708
-80.37230
-81.66876
-80.99933
-86.24225
-73.18898
-71.87662
-76.43139
-74.10973
-76.04541
-75.79655
-76.68345
-77.20711
-78.24048
-79.23268
-79.37248
-79.69087
-77.77269
-78.21363
-78.15740
-80.30926
-77.67385
-73.73095
-76.06950
-77.28584
-76.80504
-78.59729
-77.72157
-78.71072
-78.32103
-80.02367
-80.45871
-78.75323
-79.72453
-84.39883
-83.84803
-84.56897
-83.03914
-72.13391
-72.84904
-76.64408
-76.67166
-78.10699
-76.77566
-78.34683
-78.77058
-80.37121
-80.25890
-81.50153
-81.64514
-81.60809
-83.03887
-81.41483
-85.07350
-77.10498
-74.29668
-77.93691
-77.89868
-78.17517
-79.41472
-78.34753
-78.87845
-78.61253
-79.13120
-78.68784
-79.39669
-82.04153
-91.09153
-86.33013
-97.05646
-82.63642
-70.72932
-73.65683
-75.86920
-76.38895
-78.74473
-78.21553
-79.82355
-79.89728
-81.57334
-80.98169
-81.66873
-80.40523
-81.83324
-81.61350
-82.00335
-82.68684
-75.81381
-74.77691
-77.62065
-77.50865
-78.94949
-79.53222
-79.00690
-79.68379
-79.35430
-80.65393
-78.36043
-77.66039
-82.09923
-86.88848
-83.43411
-97.14113
-77.77743
-70.84049
-74.15724
-75.35587
-75.59262
-75.42947
-75.78721
-75.05037
-75.96456
-76.68817
-74.37614
-75.13145
-74.56848
-74.54030
-74.13742
-74.73760
-73.89418
-72.22190
-73.38571
-74.26715
-73.84114
-74.43564
-74.18851
-74.34983
-74.20414
-74.67874
-75.04932
-73.57372
-73.81371
-74.42780
-75.42575
-76.70333
-80.14547
-71.50447
-70.15412
-73.57918
-73.07411
-73.56716
-72.13747
-72.96252
-73.01921
-73.82718
-73.42888
-73.01436
-72.93468
-72.80266
-73.03351
-72.59411
-73.07090
-71.72242
-70.50910
-70.96487
-71.48626
-71.22724
-71.70470
-72.00089
-72.47657
-72.60609
-72.93490
-72.48852
-72.52125
-72.35749
-72.64738
-71.96290
-71.38869
-70.73660
-68.52576
-69.72499
-71.60109
-73.64743
-75.45764
-76.89548
-78.56384
-77.36749
-78.98183
-78.90085
-78.74910
-79.46977
-79.05775
-79.38168
-79.28611
-80.24249
-75.01970
-72.63960
-75.42891
-75.39449
-75.03595
-74.30214
-74.49101
-75.39094
-74.37307
-74.57595
-74.43652
-73.91937
-72.97917
-73.01890
-72.19445
-72.57543
-70.75185
-68.49720
-70.17899
-70.76685
-71.12624
-71.55638
-71.32916
-71.54469
-71.75941
-72.30506
-72.85798
-73.32787
-72.50287
-73.21620
-73.28784
-74.23054
-75.98115
-73.00340
-73.64868
-76.02955
-76.78072
-74.56081
-71.88390
-71.87045
-71.90326
-72.63154
-72.56597
-72.25869
-73.27767
-74.60265
-74.88962
-73.18191
-73.73908
-70.71737
-68.98654
-71.84765
-71.90454
-72.26746
-72.66934
-72.60543
-72.51224
-73.05190
-74.06603
-73.23326
-73.91300
-74.01822
-74.41755
-73.31572
-74.74635
-75.76792
-73.43586
-75.04715
-76.87019
-77.27818
-78.30033
-77.67232
-78.02359
-78.49808
-78.39004
-78.54355
-76.72587
-77.79305
-80.77462
-81.68949
-80.07387
-81.29870
-71.86659
-70.20093
-73.60000
-72.73810
-74.32888
-73.75866
-74.99518
-75.06761
-75.50211
-76.00552
-76.57767
-77.89372
-77.98872
-78.37100
-77.85199
-79.08617
-74.26756
-72.68408
-74.77239
-75.16426
-75.51352
-76.60606
-76.06163
-75.97914
-75.93129
-76.15788
-75.96071
-75.58844
-76.03100
-77.89099
-76.88626
-79.21452
-78.42459
-70.54088
-71.37392
-73.41191
-72.50694
-73.39985
-73.81139
-74.42206
-73.95628
-74.28586
-74.74858
-74.97149
-73.47279
-74.36845
-75.29884
-74.32277
-75.34120
-72.94900
-71.95766
-73.65099
-74.02320
-73.44253
-72.81630
-72.55099
-73.57534
-73.67129
-72.36848
-71.27477
-71.49079
-71.64881
-72.93290
-72.97913
-75.78615
-72.79163
-69.60335
-72.99997
-72.20054
-73.25174
-73.78853
-72.81172
-72.49533
-73.31681
-73.88092
-74.08266
-76.69769
-76.48012
-76.50067
-75.85076
-76.28741
-75.46061
-71.18711
-71.22113
-73.00405
-72.63448
-73.72509
-73.35043
-74.31597
-74.19197
-74.39343
-73.70134
-72.82259
-72.56874
-74.50698
-77.89303
-76.60819
-80.50483
-72.54368
-70.38901
-74.09563
-72.81870
-73.54821
-74.04866
-73.33249
-73.14286
-73.45176
-74.46360
-75.28419
-75.57967
-75.64455
-78.05275
-76.45728
-76.96516
-75.28092
-71.57024
-72.16714
-72.32390
-72.78103
-73.98193
-74.07162
-74.97156
-74.33540
-75.05629
-75.76060
-74.37493
-75.03561
-76.54274
-75.91976
-75.93370
-76.74659
-70.41966
-71.97191
-75.61530
-73.32107
-74.98963
-74.71393
-75.90178
-75.76467
-76.25695
-76.59238
-77.24825
-76.67605
-76.08082
-76.20906
-75.68142
-77.07494
-74.04079
-72.34089
-74.67354
-74.58273
-74.66752
-75.28206
-74.77668
-75.15451
-75.03138
-75.67528
-74.88181
-74.98280
-75.62599
-76.87258
-75.85145
-76.98268
-74.63832
-69.93521
-73.08890
-75.71121
-75.57391
-76.32518
-75.61285
-76.46870
-76.29773
-77.65375
-77.43742
-78.32047
-78.39432
-80.26946
-81.22787
-81.11957
-81.24041
-74.79974
-74.38665
-77.07918
-77.06491
-78.10961
-78.10966
-78.04734
-78.35716
-78.09975
-79.22674
-77.30150
-77.01021
-79.00607
-81.10273
-78.98473
-84.01768
-75.01273
-69.47968
-73.41674
-73.65400
-74.39341
-75.14148
-75.29744
-76.08311
-75.66662
-77.18850
-77.58265
-78.69902
-77.66174
-80.05482
-80.42515
-83.03283
-80.49990
-74.14334
-75.43804
-77.88601
-76.95751
-77.69830
-76.59235
-76.88981
-77.08979
-76.72611
-77.16096
-76.13675
-77.08130
-80.00385
-82.12379
-80.03648
-84.87606
-72.71963
-70.29555
-74.43760
-73.49939
-74.49529
-74.37431
-76.49817
-76.44938
-75.96943
-77.17160
-78.77545
-78.68947
-77.50643
-78.72845
-78.12664
-81.48317
-76.91555
-73.36759
-75.25424
-75.98780
-76.32774
-77.06802
-76.49050
-76.56942
-76.24581
-77.10418
-77.25729
-76.75238
-77.87762
-80.06567
-80.21990
-83.39196
-83.18591
-70.54111
-70.22209
-73.40225
-73.85434
-75.45089
-74.33826
-74.12967
-73.31170
-74.48108
-74.53497
-76.01687
-75.76416
-75.48282
-74.94988
-74.15213
-75.72567
-73.01907
-72.38178
-74.00267
-73.87437
-74.30521
-74.86042
-74.68706
-75.13639
-75.14434
-76.59110
-75.96240
-75.26234
-76.04001
-76.70897
-74.97738
-76.52054
-73.23844
-69.30044
-72.29749
-73.92874
-75.85750
-77.83459
-78.08815
-79.10585
-79.41819
-80.28675
-79.29565
-81.18967
-80.87350
-82.02892
-81.78146
-83.35361
-83.34097
-74.94339
-74.39510
-77.02651
-76.12724
-76.71950
-76.41583
-76.78911
-76.90875
-76.83429
-77.70601
-76.08623
-76.19345
-76.74758
-76.32681
-75.50077
-76.98973
-72.43501
-69.28858
-71.70036
-71.59427
-71.99140
-73.10745
-73.75825
-74.90310
-74.37808
-75.23076
-74.48930
-74.09581
-74.84258
-76.01206
-76.16629
-77.88471
-77.21918
-73.50515
-75.74786
-75.05704
-72.97054
-73.91257
-72.97074
-73.59550
-73.96522
-74.97251
-75.03301
-74.32729
-75.13855
-77.08102
-77.46890
-77.17903
-78.23280
-70.61103
-70.28708
-73.16245
-72.70358
-74.76777
-74.83475
-76.17362
-75.22079
-75.39081
-76.32453
-75.96158
-75.58953
-76.51206
-78.01483
-75.82967
-78.16679
-76.22106
-73.86928
-76.36478
-77.26061
-77.74342
-78.99946
-79.01118
-80.68584
-79.92125
-80.72343
-80.06431
-78.59695
-81.50556
-85.46459
-84.20699
-88.87981
-84.36139
-70.66238
-71.32038
-73.59313
-72.74370
-74.60995
-74.50502
-76.38167
-75.71843
-77.07844
-76.91254
-77.87095
-78.22768
-78.40672
-79.02204
-78.47238
-79.52324
-74.79474
-74.29005
-76.84507
-76.15250
-77.00242
-77.58411
-77.66884
-78.56144
-78.18375
-79.78091
-78.02679
-77.38794
-79.08878
-82.58787
-80.31777
-86.47134
-77.39068
-69.78813
-72.48769
-73.41821
-74.56835
-75.53910
-75.20592
-76.09786
-75.92212
-76.66853
-75.13865
-75.91499
-77.13197
-77.36500
-76.85405
-76.88335
-75.36588
-72.28047
-73.26998
-74.14470
-74.29898
-75.56340
-75.05969
-76.19970
-76.58624
-76.11366
-73.37864
-72.48956
-73.11627
-73.65442
-74.91247
-74.80063
-77.20691
-72.59138
-70.86468
-74.03347
-73.87894
-74.89438
-75.26030
-74.40159
-74.44080
-74.78633
-75.52338
-76.15863
-77.19757
-77.15951
-77.36225
-77.05158
-77.86171
-76.07272
-71.30342
-72.20169
-73.25191
-72.82244
-74.25926
-74.08179
-74.93427
-75.00880
-75.20405
-75.17598
-74.41386
-74.87305
-78.02052
-77.58025
-77.79812
-79.40431
-70.78954
-70.44365
-73.35633
-72.58949
-74.22676
-74.44427
-75.60276
-74.39800
-74.64636
-74.94150
-75.87350
-76.91280
-77.30510
-78.97959
-76.64968
-77.40133
-74.50632
-73.42615
-75.37825
-75.88231
-76.44957
-76.99015
-76.10923
-76.89801
-77.12531
-77.88503
-77.32684
-76.34592
-77.33430
-78.86937
-77.91273
-81.06382
-77.24956
-70.20850
-73.78040
-74.99794
-73.75554
-74.86117
-75.04147
-76.23226
-76.26340
-77.10043
-76.52417
-78.32524
-77.72576
-77.26828
-76.95782
-77.09982
-77.42807
-74.21392
-73.51273
-75.60795
-75.33268
-75.92964
-76.21633
-76.41740
-76.78789
-76.63214
-77.19077
-76.37954
-76.31861
-76.84384
-78.68992
-77.80380
-81.13956
-73.89928
-70.39129
-74.87533
-75.71678
-76.73738
-77.20735
-77.68638
-78.01458
-78.56997
-78.96344
-78.67155
-79.81602
-78.45620
-80.32846
-79.11961
-81.84886
-79.97018
-74.36425
-75.50088
-77.10154
-77.01581
-78.12758
-78.14137
-78.51724
-78.48462
-79.11000
-79.38488
-77.78815
-78.23824
-80.24124
-81.14880
-80.05654
-87.14677
-73.08988
-70.63350
-75.46481
-74.47911
-76.39404
-76.74285
-78.55109
-78.46520
-78.71533
-78.92263
-78.43754
-78.70841
-77.91816
-79.14920
-78.93102
-80.92296
-76.89287
-73.80760
-75.71546
-76.40532
-77.23650
-79.41058
-78.38936
-78.83893
-78.44231
-80.20321
-79.65558
-78.35747
-78.99639
-80.41743
-79.34161
-80.30196
-80.62322
-71.55029
-73.14239
-76.64917
-75.74619
-76.91421
-76.32154
-77.91195
-77.04561
-78.14679
-77.84898
-76.84232
-76.80547
-77.62633
-77.19420
-76.60520
-77.37361
-73.92723
-73.36048
-75.23869
-74.69812
-75.61836
-76.21757
-76.66516
-77.13817
-76.61858
-76.15220
-75.99260
-76.51237
-76.26253
-77.87711
-76.50978
-80.05685
-75.92419
-70.08254
-72.62792
-73.30120
-73.41194
-74.28880
-74.94018
-75.02306
-74.90688
-76.61485
-76.23442
-76.15915
-75.60282
-76.83809
-76.86570
-76.68203
-76.01385
-73.50327
-72.96928
-75.01362
-74.23317
-74.38444
-75.20343
-75.36928
-75.81931
-75.77245
-76.86165
-75.10884
-75.01753
-78.20198
-77.24648
-74.83653
-78.10028
-72.71446
-71.02793
-73.79371
-74.80716
-77.33524
-77.59383
-78.74544
-79.19870
-81.06606
-80.30098
-79.88646
-81.33071
-80.46973
-82.63064
-81.74327
-83.43464
-80.40813
-73.68880
-74.59048
-76.43599
-76.46558
-77.76709
-76.99758
-77.29999
-77.29545
-77.13138
-77.93016
-76.85416
-77.07067
-79.04662
-79.39774
-79.34416
-78.61285
-71.69719
-70.81706
-74.04974
-73.48133
-74.67027
-74.45133
-75.08423
-76.53670
-76.55826
-76.55492
-76.24426
-76.23751
-77.60956
-77.55606
-76.82527
-80.04924
-76.50597
-73.49894
-76.74019
-74.43169
-72.19058
-73.44157
-73.62257
-73.84392
-73.84472
-75.53583
-75.14597
-75.12217
-76.26636
-78.69861
-77.12936
-78.71523
-77.21936
-70.42618
-72.08395
-74.39322
-74.21430
-74.96204
-75.30809
-76.22610
-76.61618
-78.72802
-77.75128
-77.44511
-77.08525
-78.23967
-79.49363
-78.41734
-81.21466
-75.90715
-74.07259
-77.09226
-77.40601
-78.62673
-79.38606
-79.36712
-79.96567
-79.31156
-80.49203
-79.04955
-78.50576
-81.85373
-85.63688
-83.11530
-90.76420
-78.76075
-70.55607
-72.74263
-74.06160
-74.66164
-75.22794
-74.78132
-75.74070
-76.77618
-77.65185
-77.64870
-79.63976
-78.79442
-79.36656
-78.92634
-80.07604
-79.30029
-74.44645
-75.10457
-77.57249
-77.03154
-78.71613
-78.31978
-78.66781
-79.51993
-80.01764
-80.78284
-78.31466
-78.74164
-81.34288
-83.81183
-83.30391
-92.69133
-74.37947
-70.36296
-74.36054
-73.07592
-74.03005
-74.19484
-74.20222
-75.82717
-76.39307
-77.32437
-77.53781
-77.05686
-75.69840
-75.53314
-75.45465
-76.90162
-74.56115
-72.38197
-73.69522
-74.37572
-74.55882
-74.76616
-74.17826
-75.39205
-76.21160
-74.83774
-72.95278
-72.54872
-72.50124
-73.09493
-73.15332
-74.07816
-75.37797
-70.36320
-70.75076
-73.12451
-73.17610
-74.37404
-73.59661
-74.56832
-75.06904
-75.08891
-75.31029
-75.07340
-76.39281
-76.39956
-76.39862
-76.49384
-77.23681
-73.87685
-70.73447
-72.76472
-72.86404
-72.93395
-74.16475
-74.35864
-74.15148
-73.62495
-75.22081
-74.37777
-74.03702
-75.95190
-77.71873
-76.47193
-77.88419
-75.12584
-69.65561
-71.68437
-72.97460
-73.36948
-73.99268
-72.15332
-74.33571
-74.86283
-75.15625
-74.63248
-76.21460
-76.87069
-77.22885
-76.23555
-75.96122
-77.92795
-73.36664
-73.53013
-76.14028
-76.02001
-77.13021
-77.26696
-76.56225
-77.00520
-77.63497
-78.60716
-77.68130
-77.31758
-77.68664
-79.83444
-78.62862
-83.02568
-74.17338
-70.43048
-76.24439
-75.13067
-75.19677
-75.23527
-76.07982
-76.11520
-75.65917
-78.22900
-77.45315
-78.44730
-77.25482
-77.15382
-76.86553
-78.10153
-77.76595
-73.27499
-74.82373
-76.25156
-76.04428
-77.65722
-77.08788
-77.89500
-77.81722
-78.25517
-78.02961
-77.38866
-77.95048
-80.61879
-81.00751
-80.40572
-83.09949
-72.60733
-71.64598
-76.77796
-75.45158
-76.30796
-75.82376
-77.04210
-78.11839
-79.30061
-80.39956
-80.50299
-80.27863
-79.53476
-82.20686
-80.20525
-82.81256
-77.71915
-73.70557
-76.72008
-78.31099
-78.22029
-79.78447
-79.06956
-80.04195
-80.33059
-81.59174
-80.97450
-78.76814
-80.44481
-85.89614
-85.03690
-86.17076
-85.44455
-71.47883
-72.67195
-75.96385
-75.49060
-78.06331
-77.26825
-79.24164
-78.69397
-80.77279
-80.86764
-82.39992
-81.37463
-82.33926
-81.99126
-82.80818
-82.97297
-82.34125
-81.41328
-81.67632
-82.84314
-82.34512
-82.39148
-80.84676
-81.84581
-80.71744
-81.48956
-80.87060
-84.15518
-83.68314
-87.70877
-83.81360
-92.68137
-79.25063
-69.70053
-71.96138
-73.93624
-74.94166
-75.45792
-76.23258
-77.54837
-77.98408
-78.65100
-77.76057
-78.80739
-75.50060
-77.93267
-77.92342
-77.47776
-77.86253
-71.46172
-75.26289
-78.57717
-76.60125
-79.36557
-77.96535
-78.97523
-79.15664
-78.30989
-78.30374
-76.03762
-74.33597
-78.78930
-78.30071
-78.21475
-81.24062
-75.30193
-75.33347
-77.56447
-76.65694
-77.92070
-78.19812
-79.46759
-79.29023
-78.71650
-77.88525
-78.89807
-79.04322
-75.30707
-80.70592
-78.72113
-80.16122
-75.99588
-71.19008
-77.50589
-80.23271
-78.81143
-80.28008
-80.37413
-80.82510
-80.89494
-79.98175
-80.58446
-75.34283
-75.73099
-81.99165
-78.55653
-80.47879
-80.41740
-74.06712
-76.02055
-79.34899
-78.08517
-80.29316
-79.09225
-79.68319
-78.80760
-80.95506
-80.31339
-83.38813
-79.83994
-76.88816
-82.77461
-80.18947
-88.52567
-75.54876
-73.42298
-82.11383
-81.83595
-83.04238
-82.99894
-80.82172
-82.22572
-83.37896
-84.05393
-83.57926
-75.41199
-79.00175
-86.79738
-82.03190
-87.76219
-79.49982
-73.87861
-77.99138
-81.05828
-79.95734
-81.95102
-81.95747
-84.24972
-81.59091
-84.00735
-83.38726
-86.03678
-79.30450
-80.28665
-84.86354
-81.85087
-87.08585
-72.75346
-74.93318
-84.63478
-81.72546
-84.74927
-82.65740
-82.67966
-81.98875
-81.84153
-86.50206
-80.96834
-75.00506
-82.40876
-85.36885
-83.73748
-90.02620
-77.91621
-75.28217
-79.86130
-78.76418
-80.14699
-81.11268
-81.30030
-83.09255
-81.50328
-83.13856
-82.53050
-85.94891
-77.68690
-83.09043
-83.75955
-86.15969
-83.23479
-73.01422
-78.68784
-84.25914
-84.01831
-85.77718
-84.26795
-83.43188
-83.74092
-83.00092
-86.65503
-78.28806
-76.18483
-87.23316
-85.17226
-86.86483
-88.84914
-76.71469
-76.23667
-81.54123
-80.36058
-82.81526
-82.00894
-83.64909
-83.88802
-85.02281
-84.70726
-85.99784
-84.38981
-77.80526
-87.50497
-83.89002
-93.77690
-79.17762
-73.01310
-82.92280
-85.86155
-86.84013
-87.99581
-85.97557
-86.19304
-85.56371
-85.58097
-85.12981
-76.07373
-77.92198
-91.38219
-84.56494
-92.09891
-84.09235
-74.64348
-76.59260
-78.80772
-77.10289
-79.25041
-77.55554
-78.79840
-79.08068
-80.36936
-80.11487
-82.10157
-78.35465
-76.10410
-78.69864
-77.33691
-79.35591
-72.34420
-72.37847
-77.73296
-77.35526
-78.76517
-78.06071
-77.87820
-78.14251
-77.29800
-78.00352
-76.60097
-73.49425
-75.60737
-79.44260
-77.63353
-79.75356
-75.80593
-72.63773
-76.43928
-76.78198
-77.61481
-78.08941
-77.04123
-78.39829
-77.27881
-78.59057
-78.04609
-78.91144
-76.67197
-77.58845
-80.06677
-78.90872
-79.57994
-72.24610
-74.84113
-80.50716
-79.34368
-80.38638
-80.29218
-81.37669
-79.26774
-77.89803
-79.42438
-76.09299
-73.36851
-79.84903
-78.76470
-78.88168
-80.99805
-74.51576
-73.45697
-76.36565
-75.60381
-78.29947
-77.29015
-76.96751
-80.24793
-79.46368
-82.01548
-80.42249
-82.10390
-76.75945
-81.63807
-80.16721
-81.89466
-79.25743
-72.13074
-78.93321
-81.50829
-81.19284
-84.20035
-83.10239
-83.08678
-82.25732
-81.73267
-83.03928
-76.15576
-75.48867
-82.01711
-79.28749
-81.23946
-82.15835
-75.17892
-76.20300
-79.75465
-79.10428
-81.02908
-79.36241
-81.45749
-80.42740
-82.25097
-82.53234
-83.77205
-81.36836
-77.89712
-85.11569
-81.16522
-88.07030
-76.83719
-73.58957
-82.02538
-82.15601
-82.53313
-82.76591
-82.06104
-82.35284
-82.32621
-83.26826
-83.05030
-75.95905
-78.00310
-85.26633
-81.51649
-85.87352
-80.47261
-73.92914
-77.76372
-80.53441
-79.88557
-83.00410
-81.08473
-84.18187
-82.14924
-85.47619
-84.08452
-87.54725
-79.63188
-79.57151
-89.24024
-83.54052
-95.49151
-74.50743
-75.12124
-86.52821
-84.41065
-88.15133
-86.51768
-85.33241
-86.60661
-85.94656
-90.17239
-83.24966
-75.19429
-82.24138
-88.36899
-84.49109
-91.33855
-79.07301
-74.78188
-77.76060
-78.22112
-80.39476
-81.71899
-82.26168
-84.75029
-83.53659
-86.77127
-84.00415
-89.87102
-79.00807
-84.12946
-89.05851
-88.76332
-88.73016
-73.28769
-78.23044
-87.85725
-85.51569
-89.35086
-86.78303
-85.23339
-85.63339
-85.69044
-91.62930
-79.96054
-75.75437
-86.75270
-86.07828
-86.62655
-91.39351
-76.27664
-74.66473
-79.26092
-77.46479
-78.62686
-78.88410
-79.42742
-80.37143
-80.39049
-81.26733
-79.48286
-79.37530
-75.96424
-80.65144
-78.27468
-81.23895
-76.81213
-71.78160
-79.03705
-79.31740
-78.97898
-80.37570
-80.00063
-80.92974
-80.51220
-78.73916
-79.22070
-74.91152
-75.38075
-81.07240
-78.25922
-81.21925
-80.96202
-74.15657
-76.08399
-79.02242
-76.76466
-79.42593
-78.78652
-80.75373
-79.98956
-80.03797
-78.91077
-80.77495
-78.94297
-77.02296
-83.34334
-79.24797
-84.22266
-74.74473
-72.78482
-81.60546
-80.40235
-80.69603
-81.82356
-80.62808
-81.05950
-81.41435
-81.80338
-80.66156
-74.81424
-78.25504
-83.56071
-79.67778
-83.69284
-78.42546
-73.96979
-76.92215
-77.49359
-77.53097
-79.40033
-78.57323
-80.54223
-79.27986
-82.10350
-81.28013
-86.03124
-79.03530
-79.48718
-85.57451
-83.39627
-89.12322
-73.59142
-75.75081
-84.36011
-83.26686
-85.60393
-84.50585
-83.38652
-84.41502
-82.64398
-85.08235
-80.12511
-74.26323
-82.19446
-85.23717
-83.62923
-89.57965
-77.58566
-74.35345
-79.20162
-78.85372
-79.55996
-80.07275
-79.88041
-82.03680
-80.54494
-82.79592
-83.88942
-85.76167
-77.75401
-83.00326
-83.61840
-85.52038
-82.75499
-72.54625
-78.39669
-85.52391
-84.30926
-86.76209
-84.61336
-84.00485
-83.19543
-83.60988
-86.95577
-78.08304
-75.65616
-85.15848
-83.49747
-85.23094
-87.71092
-76.19665
-76.35579
-81.29030
-79.16495
-81.35374
-80.76348
-82.57774
-82.37696
-82.81653
-83.85391
-84.23187
-84.21197
-78.15203
-89.04944
-84.34483
-96.02223
-79.23095
-72.88451
-83.01457
-85.12817
-86.37941
-88.38867
-86.50418
-86.80167
-86.54613
-86.30969
-88.27373
-76.64956
-78.04856
-90.38113
-84.13999
-90.23774
-85.10794
-75.82808
-77.47034
-81.29542
-80.00564
-82.58981
-81.17884
-83.38182
-81.92324
-84.38775
-82.80409
-85.33993
-80.27146
-79.25119
-91.69667
-84.36318
-106.55183
-75.52967
-74.30719
-87.83525
-86.16184
-89.57588
-89.01910
-86.62726
-86.68845
-86.64605
-89.79991
-85.36896
-75.67578
-81.07967
-89.63847
-84.74032
-94.36179
-77.34067
-73.43659
-78.07930
-78.61504
-78.91275
-80.18558
-79.63384
-80.70257
-79.75173
-81.13137
-80.64224
-82.82953
-76.68943
-77.24559
-79.30133
-79.67607
-80.03059
-72.44455
-74.77795
-80.17690
-79.72310
-80.22327
-79.24358
-79.17702
-79.61639
-79.21287
-80.28960
-76.16115
-73.83024
-78.64308
-79.86777
-79.18424
-81.32058
-74.84027
-73.39087
-76.64819
-76.22808
-79.78036
-78.25174
-77.86436
-79.51208
-78.14246
-79.08299
-78.61077
-80.15136
-75.94440
-80.04850
-79.54255
-80.94405
-78.94863
-72.11369
-78.12796
-81.34323
-80.68665
-81.18720
-81.42087
-81.85342
-80.14262
-79.63200
-80.77340
-75.31520
-75.07743
-82.94530
-79.68390
-81.98676
-80.82931
-74.44714
-75.47281
-77.25908
-76.09791
-78.23375
-76.44095
-78.81318
-79.85890
-80.12868
-80.59113
-82.17074
-81.26378
-77.15300
-82.49851
-79.70071
-84.26669
-75.62648
-73.51706
-82.83551
-82.11235
-83.57678
-85.12343
-83.95286
-83.67957
-82.77412
-82.90730
-83.19736
-75.12745
-77.28456
-84.92344
-80.86614
-86.41395
-79.99594
-73.74892
-76.98213
-79.42693
-79.18200
-81.18793
-80.06228
-82.31790
-80.42880
-83.74288
-82.13139
-84.59976
-79.22328
-79.06850
-85.41252
-81.36737
-86.91330
-73.73153
-74.43535
-83.22042
-82.45881
-84.58299
-84.28854
-83.76187
-84.26959
-84.01593
-86.57291
-81.96156
-75.11823
-81.18537
-85.85049
-83.57702
-91.24751
-78.51721
-74.63020
-79.75326
-79.89685
-80.63992
-82.78602
-81.92139
-84.76793
-83.79849
-86.31323
-84.06377
-88.45332
-78.30949
-83.55312
-86.92820
-86.59074
-86.81449
-72.70934
-77.67686
-85.46905
-83.89336
-87.98501
-88.20907
-86.14591
-87.96601
-85.94183
-92.81069
-79.66616
-75.58067
-87.26302
-87.16338
-86.90354
-93.37592
-76.73233
-74.47642
-80.46404
-80.15321
-82.40005
-82.99591
-84.57204
-84.84971
-85.83409
-86.65471
-86.57000
-87.23435
-86.06529
-88.25433
-86.79679
-88.79019
-86.57374
-84.15071
-86.97076
-89.09796
-88.11181
-89.90000
-87.91908
-88.76686
-89.20140
-90.98523
-89.33060
-90.71553
-90.70560
-91.25027
-92.68192
-92.16317
-94.25504
-82.50316
-78.63071
-79.72124
-80.39409
-80.79743
-81.38650
-80.85752
-80.91046
-83.23437
-82.17582
-80.17162
-82.11174
-81.69061
-80.82627
-80.54728
-81.46693
-81.04573
-81.06397
-82.48389
-80.64000
-81.12605
-81.67004
-80.23856
-80.86139
-81.66942
-80.75118
-82.15847
-83.64320
-82.20693
-82.20113
-81.77432
-82.25272
-83.55140
-79.40040
-79.34041
-78.65301
-78.42693
-80.39804
-80.73522
-81.77095
-80.54647
-80.54824
-80.90612
-81.64045
-81.70206
-82.12881
-82.67106
-81.98430
-81.86279
-83.36154
-82.52156
-82.99888
-82.20435
-81.97837
-82.69466
-81.71131
-82.50320
-81.64781
-81.99595
-82.37844
-83.42511
-83.85726
-83.73231
-83.06272
-84.26506
-83.83668
-81.46088
-79.22507
-77.62895
-79.47359
-81.12606
-81.83155
-81.89455
-82.36467
-83.69358
-84.06021
-84.97553
-84.95725
-85.25347
-84.75548
-85.78554
-86.57543
-85.80301
-85.80029
-86.23099
-87.08551
-87.32911
-85.80208
-84.64086
-84.78664
-84.04488
-84.48896
-85.00671
-86.99267
-87.60165
-88.76094
-87.61861
-87.43270
-83.05703
-79.09065
-79.24371
-79.58148
-81.21012
-82.14417
-82.56190
-83.37910
-83.45180
-84.21604
-85.66549
-84.48693
-85.06538
-85.09152
-86.04500
-86.10317
-85.60737
-87.64656
-87.38083
-86.80146
-86.40529
-87.39625
-85.17798
-84.14629
-84.56265
-84.36011
-83.51380
-84.18767
-83.85673
-85.89412
-88.24646
-88.75641
-90.59766
-82.78642
-80.43321
-80.18149
-80.21093
-81.16686
-81.80336
-83.15133
-84.21411
-85.44516
-85.60878
-86.45242
-87.41939
-87.07281
-87.05574
-87.55197
-88.39361
-88.81258
-88.76739
-89.14522
-89.56652
-89.84633
-90.65957
-87.82733
-87.13499
-86.47375
-86.51814
-85.99384
-85.81545
-86.04738
-84.83849
-86.02265
-91.90691
-90.78863
-80.20855
-78.72158
-79.99838
-81.23975
-82.61002
-83.04583
-83.72403
-85.01846
-86.47720
-86.37216
-87.25362
-87.34323
-87.81377
-88.21787
-89.05836
-89.55950
-89.61659
-89.60103
-89.88614
-90.65880
-93.34415
-91.59355
-88.26395
-87.27069
-87.94658
-87.44752
-87.83044
-87.17937
-86.33218
-84.79476
-85.32895
-82.29774
-76.99132
-76.92607
-78.31894
-79.07392
-80.45114
-82.23128
-82.65705
-83.55400
-84.03539
-83.18143
-84.30709
-84.73261
-83.07258
-82.45893
-82.85390
-82.76052
-83.10575
-83.67735
-83.60049
-83.94943
-83.62981
-83.83454
-82.40714
-81.46097
-82.88883
-83.35136
-83.35741
-83.05402
-83.65281
-83.29926
-83.74772
-82.47779
-83.98971
-80.06611
-75.57003
-75.93614
-77.47848
-79.88875
-81.37019
-82.44007
-81.69065
-83.06713
-83.46095
-83.03431
-83.91808
-83.83906
-84.55193
-85.12014
-85.45883
-85.19324
-86.09962
-85.86534
-85.41804
-85.58948
-85.76889
-85.04280
-85.15762
-84.62010
-84.86275
-84.66854
-85.14520
-85.42082
-86.38290
-85.16431
-85.28562
-84.25728
-80.60075
-78.35550
-74.98092
-76.26368
-78.82971
-79.57578
-82.40419
-83.90557
-84.66204
-85.99529
-86.84201
-86.66943
-87.04801
-86.87587
-87.21900
-88.10173
-89.66736
-89.33521
-89.37225
-88.63234
-89.29364
-88.89582
-86.32230
-85.67988
-86.78177
-87.67556
-87.88564
-88.14151
-88.27534
-88.98804
-88.21031
-89.08206
-82.44200
-77.62718
-78.03426
-78.67891
-80.19113
-83.06598
-84.48939
-85.94595
-85.99793
-86.77869
-88.20211
-88.28740
-87.90833
-88.43877
-89.14955
-90.19562
-90.31599
-90.89874
-91.23937
-91.40830
-90.84813
-91.72685
-89.71147
-87.49262
-87.90567
-87.68434
-88.59807
-90.97082
-90.91948
-91.82611
-92.16420
-92.03500
-93.12966
-80.62449
-77.50381
-78.41590
-79.12572
-80.94284
-82.24878
-84.69955
-85.86474
-87.06184
-87.58817
-89.22827
-89.40999
-88.65079
-89.34053
-89.53033
-90.48916
-90.82641
-92.15651
-91.99244
-93.92884
-93.22412
-95.17132
-90.24336
-87.69645
-88.64814
-88.74581
-89.42095
-89.65161
-91.33808
-91.80762
-93.90733
-92.34327
-96.80002
-81.84931
-77.36916
-77.41333
-77.79787
-79.89018
-80.75637
-82.01029
-83.94133
-86.64165
-86.66255
-88.83124
-88.62889
-89.00709
-89.45662
-90.07839
-90.66356
-90.99939
-91.22387
-91.70969
-92.61395
-92.97396
-94.56268
-88.89012
-87.18819
-87.40492
-87.98236
-88.59907
-89.19110
-89.69459
-91.62603
-93.35632
-94.30108
-94.00013
-94.07241
-91.99672
-89.26900
-88.87299
-88.53933
-87.99928
-87.70813
-87.72704
-89.49196
-97.28800
-98.57137
-94.12791
-93.32999
-93.38694
-93.85438
-93.89550
-93.98980
-94.31266
-95.79833
-96.46642
-97.20739
-97.12111
-97.22257
-95.89739
-94.59276
-94.82183
-94.35333
-94.92692
-94.74959
-94.88150
-96.85663
-100.11929
-99.69467
-97.61159
-94.05636
-91.55528
-91.62963
-92.10491
-92.33771
-92.62384
-94.04028
-95.27679
-97.87974
-99.42950
-100.64170
-100.21558
-100.33707
-100.39930
-99.73327
-100.39556
-99.86781
-100.23501
-100.54850
-101.61413
-100.97872
-100.04282
-97.76033
-97.04881
-97.42922
-98.07412
-98.83267
-99.54652
-100.97304
-102.46963
-104.69728
-106.02408
-106.62391
-106.51040
-104.17069
-101.27953
-100.76955
-99.80775
-99.34008
-99.59243
-100.08100
-102.92530
-107.28219
-107.04140
-104.85755
-104.27442
-104.20466
-104.95274
-105.15703
-105.57823
-106.49118
-107.31881
-108.41102
-108.97909
-108.68848
-108.69362
-108.19386
-106.41238
-106.55980
-105.97146
-106.05650
-106.53080
-107.40445
-109.99639
-110.55942
-109.17270
-108.15048
-105.52822
-103.36182
-103.53614
-103.71478
-104.36995
-104.71109
-105.97784
-106.91049
-109.69958
-111.32779
-112.56900
-112.43485
-111.76818
-111.94808
-111.11535
-111.62203
-111.88239
-113.29382
-113.98784
-112.63342
-111.45587
-111.04873
-109.49185
-109.51131
-109.30745
-110.87801
-110.79432
-112.89347
-113.03595
-116.19033
-115.09997
-113.72320
-107.42896
-102.80646
-91.14981
-83.95785
-82.47816
-82.91874
-83.30719
-84.24469
-84.42499
-84.63392
-86.51375
-88.78444
-90.31676
-90.33503
-90.84378
-90.75365
-90.36658
-91.12089
-90.07203
-86.15827
-83.51389
-82.41468
-82.27101
-82.29920
-82.18837
-82.95016
-84.42925
-85.20306
-85.60749
-87.19963
-87.64067
-86.53462
-86.25153
-87.34678
-87.56169
-88.25863
-88.09271
-86.78224
-84.98224
-83.69114
-83.30619
-83.12871
-83.94861
-84.58890
-85.33506
-85.83412
-86.07439
-86.44789
-87.28000
-88.50242
-88.71385
-89.13345
-89.63994
-89.93014
-91.04709
-92.64805
-95.17736
-96.05499
-96.00055
-94.34680
-91.92421
-90.44546
-89.23282
-88.50839
-88.00391
-88.29224
-88.82765
-89.30410
-90.30820
-91.29720
-92.31409
-94.37329
-97.87691
-100.56033
-96.79635
-93.23805
-90.68254
-89.32670
-88.66060
-87.76503
-87.19811
-87.01453
-87.39045
-87.86368
-88.32425
-88.90188
-89.45094
-90.55513
-91.76316
-92.37151
-93.04048
-93.47074
-93.88625
-94.26449
-94.59576
-94.83249
-96.65348
-98.68730
-100.08492
-100.25437
-99.79653
-99.14178
-98.84075
-98.66824
-98.03093
-97.73725
-98.12961
-98.88398
-99.44730
-100.47558
-99.92237
-100.26668
-100.45863
-100.93175
-99.61676
-100.04065
-99.77695
-99.41574
-98.71173
-99.58746
-100.92777
-101.54316
-100.42588
-100.49535
-100.11808
-101.13548
-100.41450
-99.26839
-99.84611
-98.72880
-97.23344
-94.72172
-93.02542
-84.33446
-82.39815
-83.20464
-82.67907
-83.44842
-84.54331
-85.53686
-86.44251
-87.27689
-87.10220
-86.77814
-87.85169
-88.65200
-87.36191
-87.53964
-86.80092
-86.19877
-85.93219
-85.38476
-84.88693
-84.84920
-84.46245
-85.24986
-85.42986
-84.66702
-85.34633
-86.50380
-85.79892
-85.24099
-84.61837
-84.46362
-85.47224
-85.19452
-86.35161
-85.95380
-84.92360
-84.37989
-85.78320
-86.30291
-85.49479
-86.22822
-87.14328
-88.34479
-88.82145
-88.65043
-87.98190
-88.56024
-89.67261
-89.54378
-88.49044
-87.26254
-87.14757
-87.02255
-86.33598
-87.20985
-88.25005
-90.11883
-90.52242
-89.21904
-88.46802
-88.44744
-88.82253
-89.46531
-89.26707
-89.65189
-89.22805
-88.38840
-88.67624
-87.45068
-87.99008
-88.73769
-89.05139
-88.90486
-88.16358
-87.48285
-88.46434
-88.07787
-88.33598
-88.45504
-87.69734
-87.50070
-87.84525
-87.47333
-87.18450
-88.67444
-86.97644
-88.61705
-88.64005
-88.46872
-88.20117
-88.33281
-88.06685
-85.95114
-87.50355
-88.20639
-87.74423
-88.26955
-86.57946
-85.14996
-86.02561
-84.96330
-84.84238
-86.49764
-85.90304
-84.45095
-85.19516
-83.45883
-83.69309
-85.77729
-84.48421
-85.85840
-87.13639
-86.92301
-87.07016
-87.58694
-85.83898
-85.52960
-86.38037
-87.13690
-88.26708
-86.63821
-86.02958
-86.06576
-84.89788
-84.09519
-84.62940
-85.23747
-86.24701
-85.72857
-86.74581
-86.31742
-84.17281
-82.35654
-80.09187
-79.39569
-80.00494
-80.02496
-79.91774
-80.44260
-80.69935
-80.53459
-79.07508
-78.99963
-78.14618
-77.87364
-78.53146
-79.29632
-79.16206
-78.91721
-77.63775
-76.56622
-78.29786
-77.83587
-77.87485
-77.88755
-77.54733
-77.78077
-77.41527
-77.85920
-77.55353
-76.50213
-76.71013
-76.55427
-77.05684
-77.99545
-77.29521
-77.89100
-79.18981
-79.35900
-79.54422
-80.22569
-80.82377
-81.67157
-81.27077
-81.07452
-82.05905
-81.60768
-81.21825
-82.32414
-81.85069
-81.44620
-80.91701
-80.93725
-81.32549
-80.04973
-79.45448
-80.43347
-80.82448
-79.73732
-79.81445
-81.15303
-82.19198
-82.13244
-81.96026
-81.92920
-82.60795
-84.35713
-84.31226
-82.29097
-83.08171
-83.11186
-83.02598
-83.53986
-83.15589
-83.77570
-83.71063
-84.01020
-84.11373
-84.77705
-83.52539
-83.40558
-84.39737
-84.37589
-85.07586
-83.39778
-83.14060
-82.77479
-82.96722
-84.28091
-84.21304
-84.82731
-84.76038
-84.46788
-85.12452
-85.34150
-84.72504
-84.94757
-84.46558
-85.34520
-85.92593
-85.11010
-84.96532
-84.72787
-85.02266
-85.63821
-85.42925
-84.63241
-84.24536
-83.41326
-82.89266
-82.17367
-81.95099
-81.85853
-82.15354
-82.36483
-81.58749
-80.84609
-81.37124
-82.31011
-82.42874
-82.95258
-83.91867
-83.74819
-83.17857
-84.17879
-83.84236
-84.19382
-83.61464
-83.40836
-82.82268
-81.68778
-81.11927
-79.38282
-78.15861
-77.85210
-77.47058
-76.74838
-76.25140
-76.09974
-76.76578
-75.92175
-75.30818
-74.98287
-75.17834
-73.87902
-73.26640
-73.10148
-73.16491
-75.09725
-73.50814
-73.35039
-73.37252
-72.85357
-73.86902
-74.49045
-74.53094
-73.37900
-72.60503
-73.49879
-74.01591
-73.21680
-73.76418
-72.47252
-71.33610
-72.90113
-74.05492
-74.65524
-73.99793
-74.28009
-75.15833
-74.79156
-75.21654
-75.29566
-74.48270
-74.65179
-75.85621
-75.62661
-75.81050
-75.78801
-76.50505
-76.85566
-76.96576
-77.20239
-77.32705
-77.63908
-77.34393
-78.75209
-78.93025
-78.49437
-77.92426
-77.62689
-78.23417
-78.43139
-78.55478
-79.21901
-79.17086
-79.06597
-79.25429
-79.02118
-78.67960
-78.21442
-78.20893
-78.04144
-78.05571
-79.13913
-78.52537
-79.29263
-79.71621
-79.55406
-79.63270
-79.19486
-79.12374
-78.90114
-80.87011
-79.70625
-80.97170
-79.53050
-79.05137
-78.61357
-78.16590
-79.94410
-79.27652
-78.18382
-78.74189
-79.56570
-78.13019
-78.76247
-77.44104
-77.92477
-78.22696
-78.79517
-79.23745
-79.70349
-77.96952
-77.36897
-76.37613
-77.07269
-77.88463
-75.20317
-78.09086
-78.54289
-77.68353
-79.24258
-79.81702
-79.17029
-78.55809
-77.51228
-78.44320
-79.20575
-78.41874
-77.78291
-76.80269
-76.05963
-76.44020
-79.56219
-78.78354
-78.29038
-80.43679
-75.42088
-72.96313
-73.72868
-73.67831
-74.37650
-73.92986
-74.33148
-75.04382
-73.71812
-73.82097
-74.66300
-76.36539
-74.95574
-75.54902
-76.96939
-77.92696
-75.41508
-72.43398
-76.57558
-76.26027
-76.41298
-79.01993
-78.92663
-79.30388
-80.11926
-77.05190
-73.25886
-73.00559
-73.27827
-75.24226
-73.69023
-72.11657
-73.78862
-74.97008
-77.03111
-78.18331
-77.39991
-77.08833
-75.34318
-76.51742
-77.54332
-77.60727
-77.87716
-78.01245
-77.84892
-78.26596
-79.52737
-77.66568
-82.79733
-75.82439
-73.85363
-76.37025
-73.09775
-73.35370
-74.38233
-76.64578
-77.94364
-77.56968
-78.37183
-77.24781
-73.81905
-74.29917
-74.63534
-75.37967
-77.77868
-76.95422
-75.84072
-76.24236
-76.65358
-76.96876
-79.41297
-79.05335
-80.51077
-79.05340
-77.84211
-78.32612
-81.62931
-78.45430
-79.54249
-81.12830
-78.56647
-81.14568
-75.35430
-77.27545
-81.64031
-81.40503
-79.92883
-79.87175
-81.08412
-80.61589
-82.24251
-82.48862
-79.95142
-76.30627
-79.79629
-81.21032
-81.21647
-82.27495
-77.65544
-77.10146
-80.64428
-81.78022
-82.57188
-83.36852
-81.38013
-80.54646
-79.54259
-81.35868
-81.81015
-83.59477
-79.22818
-79.87575
-82.56999
-85.01388
-82.81711
-75.40913
-78.24970
-80.74342
-79.99394
-80.47113
-80.64350
-80.49691
-81.31264
-80.37776
-80.71093
-78.58375
-77.13519
-80.48820
-80.27619
-81.59412
-82.70307
-76.36259
-72.60813
-74.12605
-74.63243
-75.03865
-75.70600
-75.13972
-75.40611
-77.60560
-78.29167
-78.23640
-77.77291
-76.21480
-78.76825
-77.33297
-79.42875
-75.55241
-73.91048
-77.65692
-78.86412
-80.25080
-79.29478
-80.30822
-79.72120
-79.72173
-77.81502
-77.89684
-76.14781
-76.75426
-80.50566
-78.37841
-78.76046
-78.37151
-75.90485
-77.69880
-79.56452
-78.16267
-79.23101
-78.25232
-79.83797
-80.40891
-81.23578
-80.14437
-81.06907
-80.76694
-79.10954
-81.74836
-82.33783
-87.26380
-77.55246
-77.42996
-83.66182
-82.13621
-82.22286
-81.08207
-81.79628
-83.10596
-82.96939
-82.49692
-81.93825
-77.34666
-78.92289
-81.20524
-80.71831
-85.17395
-79.47468
-76.51285
-79.81447
-81.24876
-81.54100
-82.33282
-82.86301
-83.40118
-82.36034
-84.48429
-82.85525
-83.82929
-80.46135
-82.82775
-84.24801
-83.87928
-85.78794
-76.10571
-79.55659
-85.38339
-83.63878
-84.34946
-84.43704
-84.83520
-84.67381
-85.53468
-87.00714
-81.89841
-77.05397
-81.35362
-82.27034
-82.31948
-84.90476
-79.56650
-79.36925
-84.41328
-83.60258
-85.34068
-85.65387
-86.10577
-87.11651
-85.40707
-87.12837
-87.26910
-87.93349
-81.04049
-86.43675
-86.06436
-88.85100
-83.93488
-75.09690
-78.48354
-81.00394
-79.78804
-80.43395
-80.94965
-80.53423
-80.56229
-81.02760
-81.11384
-77.66848
-76.55071
-79.06745
-79.77411
-81.16483
-83.52189
-77.64843
-77.00118
-78.76573
-77.88455
-79.42754
-77.93650
-79.83604
-80.51760
-80.81942
-80.50600
-81.16842
-81.75199
-79.59336
-82.24754
-81.26854
-84.96813
-78.22462
-75.90642
-81.44579
-81.77749
-82.15723
-82.12304
-82.60384
-82.29333
-81.88380
-82.33635
-81.68507
-75.79537
-75.94175
-79.88620
-79.31868
-81.59194
-79.08256
-76.63922
-80.44345
-81.76121
-81.28066
-82.61830
-82.40907
-83.00568
-83.42134
-80.59926
-73.80593
-73.48178
-73.79870
-77.38185
-83.95630
-83.34093
-88.45076
-76.88257
-76.57543
-80.38452
-79.98719
-81.45174
-80.06671
-80.14555
-80.53629
-80.86512
-82.51734
-79.23222
-76.37572
-77.99310
-79.40483
-79.28290
-82.32214
-78.06605
-75.30626
-78.85815
-79.38013
-79.82576
-80.96045
-80.79851
-80.42575
-80.43010
-81.00976
-82.03065
-84.78330
-79.88013
-81.35830
-81.98628
-82.08549
-82.85465
-75.68852
-79.14519
-83.37767
-82.23076
-84.45132
-81.87373
-83.03926
-82.14836
-80.44327
-84.23864
-79.40138
-75.93107
-79.97633
-79.48872
-80.08804
-80.87072
-77.85003
-74.51137
-74.09270
-73.96890
-74.10239
-74.80835
-75.56438
-77.04464
-77.02508
-76.71159
-75.99598
-79.76522
-77.80731
-78.29354
-77.81923
-78.27366
-76.77890
-72.78544
-74.26880
-74.75918
-73.46542
-73.30305
-75.64612
-77.79140
-78.00881
-76.84806
-75.59610
-73.76393
-74.52915
-75.76166
-75.79415
-78.03214
-79.58173
-74.34097
-71.91445
-72.35534
-72.56835
-73.39032
-73.17070
-72.72079
-73.42315
-75.64368
-76.60409
-77.18655
-76.80614
-75.31311
-75.13208
-75.31984
-78.21129
-75.51582
-73.72523
-78.14873
-77.73359
-78.28293
-77.28323
-76.35619
-79.19091
-78.61479
-78.68496
-79.08308
-75.37983
-75.82527
-77.89340
-77.22570
-78.13214
-76.02928
-73.54542
-72.68988
-73.47883
-73.52198
-74.30273
-76.15173
-76.44154
-75.99068
-76.94848
-75.53008
-73.02049
-73.56259
-74.62057
-75.11417
-76.92534
-78.22463
-73.24298
-72.68032
-75.35954
-74.33353
-73.90283
-73.91314
-74.61532
-75.67740
-75.93023
-77.55697
-75.69723
-73.93900
-75.17708
-74.57042
-75.44871
-74.33760
-72.49624
-73.49847
-75.43462
-75.68881
-76.41255
-77.01005
-75.98821
-75.36354
-76.01189
-77.51552
-76.70181
-76.64789
-75.25172
-76.11799
-75.97079
-77.86314
-76.21647
-75.05867
-76.71665
-75.63062
-76.58492
-75.88095
-74.79860
-74.71738
-76.67397
-75.11352
-76.59858
-75.61416
-73.46445
-75.16073
-75.18152
-75.55524
-76.61257
-73.96083
-75.06409
-77.64599
-75.42546
-76.44195
-77.05271
-76.94991
-76.55020
-79.01846
-75.45929
-74.68182
-75.50967
-74.68239
-76.98358
-74.72485
-75.56187
-74.65129
-73.03619
-74.38861
-74.67634
-74.94945
-74.21820
-74.66402
-75.52820
-75.48017
-74.84018
-75.63672
-74.51192
-74.71526
-76.40869
-75.92537
-77.06339
-73.42758
-70.78445
-71.43979
-71.19033
-71.16857
-71.91527
-72.53709
-72.71380
-71.51753
-70.61385
-71.04508
-72.53061
-72.53348
-73.25745
-72.04440
-72.87769
-71.91330
-71.99901
-74.40113
-72.69966
-73.52238
-72.96309
-72.96075
-73.38239
-75.03897
-72.08919
-70.03025
-69.98034
-70.43827
-71.39534
-71.09643
-70.76042
-69.65514
-70.34206
-72.20960
-72.69451
-72.64453
-73.77284
-73.46458
-73.59163
-74.19772
-73.70743
-73.10641
-74.36942
-73.42942
-73.78434
-74.65689
-74.04774
-75.40801
-72.82819
-71.91092
-71.86243
-71.39494
-72.02266
-72.56885
-73.54576
-75.04728
-74.58819
-73.61177
-72.27702
-71.67015
-72.89216
-72.30235
-73.84516
-75.68990
-72.75101
-72.29542
-73.33462
-73.65906
-74.50789
-75.47407
-74.69064
-75.01056
-75.75873
-75.66476
-75.95397
-77.24108
-75.42174
-76.56634
-75.91892
-75.81627
-76.87221
-72.63311
-75.75031
-78.15029
-78.27543
-76.40928
-76.55179
-78.25333
-77.63730
-78.71758
-78.60461
-75.40389
-73.73454
-77.19547
-76.72011
-77.70742
-78.34335
-75.17353
-74.96923
-78.63559
-78.42620
-79.01297
-78.94604
-78.19601
-77.91214
-76.61423
-78.87370
-79.17935
-79.40926
-77.53433
-79.46286
-78.15157
-80.08323
-78.60392
-74.58980
-77.58925
-76.63859
-76.80264
-77.30845
-76.50859
-75.32986
-76.20406
-77.26523
-76.76218
-74.44172
-73.34422
-74.61272
-75.99487
-76.40217
-76.18395
-73.26634
-71.66684
-72.96366
-72.15352
-73.28816
-72.56231
-72.63439
-73.17556
-73.57373
-73.48643
-72.74127
-73.37125
-73.62693
-74.61225
-73.44483
-74.23492
-72.33302
-72.74680
-74.27898
-73.32504
-74.70249
-73.73558
-73.12307
-73.40677
-74.30417
-73.54089
-72.48028
-71.79112
-71.95135
-73.27231
-73.43732
-73.39647
-72.74636
-72.57717
-72.10811
-72.17707
-73.12895
-73.89127
-74.17196
-73.99219
-74.24679
-74.91890
-74.44241
-75.92422
-75.82889
-75.59949
-76.10779
-77.13309
-77.69350
-73.22954
-74.86970
-76.38512
-75.99380
-77.28215
-77.12064
-75.95183
-76.91324
-78.10767
-76.71045
-75.92424
-74.38862
-75.92997
-76.47321
-75.89999
-77.46216
-74.26831
-73.54770
-75.65378
-74.86544
-76.48733
-76.67176
-76.62266
-76.17267
-76.24632
-78.72482
-77.66864
-77.91765
-76.52965
-78.79591
-79.15980
-78.66669
-78.42621
-74.27444
-76.89403
-78.50626
-78.89309
-78.61698
-79.22957
-79.90195
-78.47464
-78.65156
-79.77628
-76.33654
-74.14715
-77.58599
-76.51049
-77.39879
-77.62372
-75.76610
-76.53992
-78.57703
-79.46120
-79.42436
-80.12352
-80.70709
-79.73207
-79.94607
-80.06262
-79.38364
-79.05217
-78.36888
-79.13435
-78.11125
-81.12946
-77.11572
-74.52707
-78.56004
-78.37119
-77.49211
-77.65201
-77.85845
-77.68908
-76.34481
-77.52036
-76.61675
-74.59096
-74.30340
-75.58208
-76.09584
-76.47592
-76.54819
-73.75145
-73.73212
-75.08453
-75.67718
-75.87335
-75.45366
-76.49244
-76.56075
-76.11017
-75.30269
-75.38321
-75.63261
-75.45228
-75.52940
-75.28420
-77.01727
-73.74250
-73.68817
-76.08092
-75.59169
-74.70578
-74.91701
-74.54193
-74.79426
-75.66115
-74.53166
-74.02916
-71.42180
-71.81083
-73.51612
-73.26867
-73.33700
-73.07999
-72.86647
-75.01054
-75.36991
-75.48879
-74.62917
-75.49391
-76.24025
-76.11603
-75.52115
-72.60610
-73.12612
-71.82160
-75.62677
-77.93019
-78.10062
-80.43125
-74.25337
-74.83023
-76.52748
-76.29349
-77.11790
-76.94591
-76.72679
-77.43334
-77.64277
-77.52996
-76.10763
-74.64142
-75.47992
-75.84418
-76.33945
-77.77803
-75.08713
-73.32122
-75.26958
-76.36268
-76.56952
-78.07500
-78.72316
-78.39963
-78.22810
-79.02361
-78.78456
-79.37806
-76.91200
-79.36062
-79.52974
-80.19016
-78.06762
-74.15617
-77.70537
-78.43573
-79.74340
-78.94184
-79.22258
-78.71646
-78.47540
-77.69116
-80.25970
-75.89999
-73.40103
-76.85616
-75.85085
-77.37436
-76.52130
-74.89600
-73.27552
-73.39108
-73.36139
-73.70405
-74.49731
-74.32362
-75.73634
-74.19785
-74.32708
-77.35006
-76.52907
-75.93877
-76.23535
-76.66498
-77.29176
-73.51557
-72.25861
-73.32333
-73.95142
-74.01227
-73.94334
-74.59411
-76.04718
-76.40568
-75.58214
-74.97735
-72.85042
-73.53466
-74.88358
-74.85194
-77.25577
-77.04792
-72.13315
-71.53084
-73.24821
-72.86180
-73.90241
-74.33827
-73.49281
-72.69199
-73.59145
-73.85318
-75.10858
-74.65395
-74.55716
-74.85745
-73.65155
-75.02569
-72.91832
-73.51363
-75.05012
-74.84721
-75.15081
-74.34499
-74.62599
-75.14622
-74.44697
-74.74097
-73.87479
-71.82809
-72.81280
-73.35606
-73.05077
-73.74915
-72.55040
-71.23783
-71.72529
-71.90580
-72.70216
-73.88798
-74.46106
-75.08372
-75.08561
-74.76204
-73.77488
-73.43757
-73.37130
-74.11515
-75.11878
-75.78265
-74.88427
-71.91516
-72.18552
-74.22670
-73.03646
-73.14209
-73.85282
-73.58592
-73.48503
-75.26381
-76.49103
-74.49488
-73.71123
-72.98254
-73.30476
-74.36192
-73.46835
-71.49353
-71.77238
-72.81337
-73.58985
-74.39936
-74.72281
-74.64056
-74.83003
-75.69900
-75.60528
-75.85411
-75.02589
-75.00619
-75.76972
-75.59916
-76.75553
-74.25832
-73.86702
-76.85402
-75.76577
-75.74165
-75.70238
-75.17357
-75.84405
-76.95722
-76.13339
-75.09342
-72.89925
-72.52261
-74.06759
-73.61013
-75.17282
-74.92764
-74.13951
-76.27403
-76.54694
-76.78129
-76.81236
-76.17996
-77.04005
-77.43801
-77.72663
-75.83082
-75.50792
-75.02798
-75.43293
-76.85551
-75.58470
-76.38595
-74.11041
-73.46312
-75.06624
-75.60592
-76.19665
-75.47663
-75.62383
-76.28868
-75.87083
-75.92234
-75.37071
-74.45871
-73.95934
-74.77774
-75.57504
-76.17484
-78.45114
-73.91770
-71.50842
-71.94679
-73.49242
-74.43653
-73.89646
-75.58569
-76.28302
-75.92017
-76.63495
-76.53031
-77.05963
-78.74845
-78.44416
-77.56700
-76.19973
-76.18127
-76.84341
-76.81878
-78.71327
-78.96367
-79.74180
-80.05771
-80.20192
-78.36912
-76.20673
-77.11404
-73.44225
-72.70519
-73.49555
-74.94109
-76.39620
-75.52151
-75.92289
-76.65350
-77.73665
-77.65662
-76.91142
-76.37169
-76.35895
-77.33247
-78.35197
-78.41942
-78.97867
-81.20216
-82.75979
-79.74676
-79.89612
-79.79968
-79.96887
-78.12239
-78.57340
-78.34308
-75.59160
-75.36863
-76.19481
-76.41080
-76.77903
-78.31411
-77.99018
-78.04215
-77.96058
-78.71013
-75.18137
-74.68494
-75.89931
-76.88630
-77.52212
-75.17747
-78.16412
-80.66999
-79.85208
-80.43325
-81.07142
-80.53684
-79.95974
-79.82870
-78.92175
-79.32303
-81.80585
-81.24054
-79.02737
-81.28825
-81.92403
-82.26403
-83.31161
-80.58449
-80.95351
-84.13319
-82.74941
-81.97329
-82.26643
-78.91291
-78.16840
-79.60164
-79.94980
-81.15817
-81.13097
-80.70645
-81.29500
-80.13614
-81.34057
-83.13374
-83.84325
-85.21738
-83.64985
-82.84566
-83.36104
-83.98055
-85.76520
-85.31341
-83.35017
-86.66171
-83.66925
-79.20943
-75.40152
-74.53502
-76.47691
-76.59282
-78.13191
-76.30088
-75.55483
-78.25396
-78.33484
-77.58348
-77.40588
-75.86604
-76.56866
-77.06410
-77.06453
-78.70926
-75.51424
-75.86005
-77.57085
-75.92493
-76.97570
-77.95181
-77.80632
-78.89513
-79.49761
-78.67380
-78.89350
-80.43842
-79.31602
-79.11350
-79.84729
-78.01521
-78.39411
-80.99129
-82.14900
-81.30166
-81.38721
-82.92899
-82.80571
-81.49632
-83.26968
-83.99993
-81.71905
-79.20126
-77.18431
-76.10972
-75.45361
-76.87102
-78.09613
-78.69704
-78.18658
-77.32893
-77.44775
-78.98976
-79.39053
-79.39108
-80.12865
-78.56284
-79.16846
-80.84150
-82.25497
-80.69143
-81.51532
-81.34058
-79.09350
-80.18638
-80.75259
-82.45150
-80.83136
-79.96302
-80.21629
-79.19409
-81.09644
-79.18803
-77.69159
-79.02152
-80.19738
-79.55113
-79.45428
-79.58280
-79.54242
-78.68114
-78.93817
-81.19864
-80.34374
-81.19471
-81.98458
-82.67293
-80.77956
-80.98956
-81.46162
-80.98128
-80.64421
-81.31784
-80.87909
-81.62488
-81.80117
-79.06961
-83.86216
-85.20380
-85.46066
-85.37212
-84.57260
-86.41004
-86.30025
-85.73544
-85.55259
-84.93135
-82.76495
-82.97637
-84.20149
-85.62521
-85.95443
-84.78707
-84.72817
-85.58069
-85.31081
-87.18238
-86.74907
-86.86968
-87.01058
-87.49640
-88.64896
-87.94429
-88.74654
-88.91422
-90.52190
-89.07593
-92.35463
-83.52930
-80.58336
-84.54024
-84.20092
-85.34350
-84.17552
-84.39205
-86.37161
-89.09234
-91.50642
-88.29319
-84.65202
-84.92555
-85.82953
-86.17509
-88.40074
-86.88791
-86.80566
-83.99337
-83.49719
-82.60447
-80.58659
-81.32835
-81.99593
-81.49093
-83.34364
-84.42547
-85.35327
-86.02486
-86.04149
-85.28182
-84.99456
-88.17331
-81.19425
-82.53739
-90.22101
-88.35310
-88.15355
-87.30474
-87.08699
-86.94422
-87.96375
-87.49772
-87.06820
-84.78095
-84.55813
-85.46133
-85.80277
-86.74496
-85.62358
-84.77947
-85.76207
-86.04079
-85.62542
-85.06028
-84.96930
-85.71449
-84.24804
-84.30371
-83.58991
-83.03156
-82.00763
-81.85862
-80.93409
-81.15634
-81.18922
-79.38220
-82.36491
-84.19907
-85.29536
-85.15327
-86.12570
-85.76328
-85.38990
-86.59866
-85.44048
-84.93174
-84.17645
-84.07074
-80.55374
-82.44934
-83.44022
-81.15572
-81.33349
-80.62623
-81.27256
-81.92573
-80.75598
-80.95449
-82.49867
-81.36602
-81.04677
-81.99361
-83.11597
-82.68805
-82.71428
-81.33866
-81.95314
-80.08012
-78.72242
-82.41659
-82.15925
-81.80829
-80.90472
-80.79683
-81.79066
-83.02103
-84.87422
-82.32389
-78.91167
-77.78597
-79.11384
-81.57858
-81.52809
-79.10107
-76.67159
-76.08634
-79.38503
-80.31767
-77.07945
-75.00262
-75.35970
-78.67725
-79.76067
-77.52916
-76.34555
-77.36621
-80.63577
-82.15432
-78.57970
-78.26017
-77.95624
-78.26638
-79.95504
-78.44322
-80.36648
-82.01288
-80.43147
-79.69025
-80.15239
-79.76621
-80.85764
-79.60605
-79.76235
-81.41612
-79.65041
-81.08657
-82.37081
-79.91217
-79.55166
-81.24740
-80.58206
-80.14667
-79.60472
-79.96292
-78.77657
-79.65909
-79.48368
-79.51409
-79.54984
-79.80568
-80.50608
-79.16542
-78.68079
-77.18195
-79.25451
-80.45111
-79.13426
-79.82085
-80.32383
-78.76438
-79.09451
-77.48102
-78.89368
-78.66206
-77.48726
-77.42663
-76.27812
-76.58291
-76.47831
-77.89176
-75.22798
-74.93356
-74.07269
-74.70152
-75.78826
-74.63620
-74.42998
-72.23127
-73.24919
-73.31437
-73.42309
-75.70517
-74.16940
-74.37958
-74.30185
-74.66962
-75.47426
-74.56524
-75.85090
-75.43515
-76.01256
-76.98910
-77.25363
-78.06853
-75.82064
-74.47845
-74.58075
-75.53819
-76.98344
-76.56016
-75.11316
-74.95603
-74.57185
-74.96592
-75.85215
-75.32785
-77.77868
-79.51118
-80.20499
-81.64600
-81.42701
-82.44368
-80.98952
-81.42395
-82.75413
-83.67022
-82.39020
-82.12866
-84.08096
-82.28296
-80.68102
-82.24192
-83.63385
-82.33173
-81.13608
-80.73942
-81.28520
-81.41128
-83.05451
-85.02381
-85.76773
-85.94137
-85.98829
-87.38912
-88.24044
-89.07345
-89.86131
-89.90972
-90.20123
-90.87386
-90.94329
-90.86489
-91.04523
-91.08079
-91.12984
-92.31456
-93.09555
-93.42253
-93.02493
-93.43243
-95.66696
-95.11281
-95.06672
-96.63292
-97.80577
-96.73347
-96.41759
-98.26292
-99.98533
-99.16045
-98.89919
-99.33897
-98.65316
-99.32653
-99.69090
-100.64226
-100.05035
-101.72257
-101.47693
-101.65419
-99.22622
-95.61843
-87.27802
-83.39706
-85.43372
-84.91360
-83.93241
-84.41509
-85.03348
-87.42004
-90.11408
-93.08529
-91.24098
-88.30040
-88.36297
-92.57546
-94.84225
-91.91693
-90.44314
-89.68475
-89.02577
-90.10446
-90.66280
-88.08742
-87.63906
-87.24138
-87.10200
-86.35594
-85.97296
-87.03339
-87.18765
-87.98723
-88.11239
-88.29409
-88.36541
-87.21151
-87.83244
-90.05333
-91.47936
-91.26953
-89.72041
-86.60254
-86.63363
-89.66266
-90.43125
-90.16537
-90.17570
-88.98135
-90.56257
-94.02613
-94.45332
-92.46317
-88.56575
-87.41980
-87.86247
-89.99879
-92.17697
-93.33292
-90.75660
-90.56679
-92.84376
-91.55713
-91.22570
-89.12914
-85.90977
-86.88339
-87.91101
-88.14546
-89.43572
-89.64899
-90.54085
-90.24212
-92.44181
-91.78808
-90.90788
-88.45075
-88.24397
-89.84225
-91.56411
-92.44358
-89.30002
-88.48968
-89.47949
-89.53763
-88.50480
-87.96725
-87.27302
-86.13806
-85.43278
-86.67700
-86.55903
-85.67428
-84.39693
-84.55897
-85.26817
-85.90756
-87.22640
-88.04637
-87.45611
-88.30561
-91.46009
-88.86183
-86.63223
-85.67758
-85.94229
-87.38611
-88.58482
-87.86721
-86.68699
-86.03808
-87.75547
-88.70259
-88.29264
-87.83930
-86.65223
-87.77427
-87.40105
-87.37682
-86.73597
-85.57257
-85.42139
-87.40540
-87.97919
-87.68891
-87.42858
-87.32553
-88.26258
-87.31389
-86.81235
-85.26077
-85.33762
-85.68093
-84.75586
-84.49827
-85.46244
-86.13259
-86.57760
-85.93259
-85.34388
-87.32947
-86.93225
-86.64137
-87.65527
-86.60325
-87.31949
-87.61422
-86.97161
-87.13041
-87.24827
-87.62871
-87.44345
-86.35885
-86.61277
-87.36340
-87.26009
-87.69677
-87.12895
-85.89048
-84.65874
-84.16140
-84.99600
-86.21155
-87.41723
-87.83622
-87.46012
-87.72602
-86.75471
-87.74891
-88.61309
-88.66218
-88.52703
-89.75060
-89.60784
-90.10341
-89.80838
-88.99478
-83.75101
-76.62532
-75.96695
-77.07350
-76.85385
-77.69194
-78.85134
-80.55903
-81.83061
-82.67942
-83.40591
-82.67072
-82.82929
-83.38301
-84.88295
-85.44938
-84.67052
-83.91112
-81.43129
-80.02725
-80.11185
-80.11088
-80.61965
-82.19034
-82.67752
-83.38593
-81.92432
-81.33142
-80.84272
-79.10267
-79.05755
-80.35901
-81.08211
-81.29216
-82.49125
-82.79677
-83.47073
-83.67407
-83.55665
-83.52143
-82.82686
-82.33363
-82.04975
-81.94091
-82.06675
-83.45126
-84.32868
-82.85227
-81.18437
-79.12979
-77.59394
-77.92931
-79.89253
-80.78150
-80.72205
-80.85850
-80.81559
-81.42419
-81.60109
-81.80169
-82.96294
-83.05410
-82.91460
-82.87588
-82.23404
-82.37700
-82.16884
-82.42628
-81.93162
-81.67805
-81.40512
-81.69793
-81.85768
-81.18507
-81.45262
-81.82000
-81.44175
-81.08995
-80.96293
-80.99140
-80.94260
-80.29099
-80.48833
-80.18692
-81.11448
-82.02925
-82.69894
-83.49811
-83.03669
-82.46523
-82.95548
-84.15585
-84.43634
-84.52438
-84.98791
-84.07280
-83.28813
-81.87838
-81.32940
-80.93295
-81.35136
-82.58136
-82.56461
-83.17850
-82.41681
-82.16625
-80.40338
-81.58628
-82.09066
-81.24495
-81.88412
-82.49476
-82.75193
-81.64067
-80.76118
-79.82770
-79.30694
-79.64593
-80.33851
-80.88284
-82.26984
-82.43954
-82.71319
-82.93849
-81.34627
-80.99376
-81.11708
-80.74360
-81.41711
-82.07278
-82.49787
-80.90401
-82.06117
-82.57452
-82.41452
-82.83724
-82.66420
-84.13675
-85.00666
-85.40906
-84.74611
-84.16323
-83.91690
-84.11810
-83.75303
-83.92697
-83.17476
-83.26684
-83.21298
-84.12532
-84.47751
-84.24441
-84.59471
-84.62664
-85.45044
-86.18672
-85.89326
-86.35336
-86.34922
-85.77949
-87.07300
-86.47397
-85.21533
-84.35045
-84.31071
-84.79829
-85.83716
-86.34844
-86.15172
-86.37864
-87.65184
-88.02453
-87.30295
-87.97277
-87.34042
-86.50330
-86.97410
-87.17964
-87.42187
-86.97357
-87.63882
-88.45926
-88.79780
-89.17062
-89.83892
-90.08550
-89.45344
-88.77197
-89.45318
-90.17983
-89.29642
-89.28263
-89.02891
-90.01185
-90.03416
-90.26246
-90.53363
-90.93005
-90.28582
-90.60418
-91.62706
-91.79530
-91.19491
-91.85606
-91.78830
-91.04767
-92.27320
-92.14509
-93.58430
-93.01222
-91.97227
-91.63255
-91.52967
-91.72154
-93.03371
-92.96434
-92.06796
-90.53594
-88.25364
-82.98927
-81.62801
-83.26299
-83.48049
-84.99965
-86.00985
-85.97629
-83.88550
-82.44657
-83.74409
-85.79860
-85.36506
-83.54468
-83.10377
-83.07780
-81.91315
-81.60513
-82.37569
-84.39915
-84.19561
-83.49193
-84.76255
-82.94197
-82.02600
-82.78576
-84.14936
-86.94817
-84.61976
-82.46033
-83.38322
-82.53786
-82.94014
-82.78254
-82.12521
-82.40445
-82.82254
-82.91712
-80.64196
-80.09536
-81.61208
-82.88388
-83.24851
-82.75118
-82.18927
-81.91769
-81.45391
-81.72147
-81.99103
-83.43690
-85.37840
-85.02410
-84.22405
-84.09349
-83.73699
-83.99359
-85.29628
-85.03102
-84.96000
-83.36448
-82.62292
-84.03213
-84.74420
-84.40401
-85.25178
-85.37054
-85.23593
-83.79899
-83.51058
-83.91971
-82.34078
-83.35527
-81.92978
-81.93387
-83.06920
-82.86753
-84.10600
-83.05150
-82.44691
-82.19619
-80.76470
-80.19731
-80.52951
-79.99136
-79.22940
-79.81115
-80.27139
-80.92248
-80.91018
-80.51235
-83.24952
-83.86748
-82.61284
-82.25265
-82.54376
-82.10385
-82.81841
-83.88682
-82.99827
-82.73262
-81.55049
-82.02519
-81.37181
-81.62629
-82.01306
-81.48368
-81.99272
-81.91971
-81.86613
-81.56050
-80.39404
-80.04371
-80.13155
-79.67449
-80.38689
-80.95890
-80.99537
-80.97575
-82.44062
-81.77649
-82.36826
-83.37152
-81.16255
-81.21371
-81.99691
-82.41583
-82.40573
-81.99354
-81.43363
-81.59957
-81.18123
-82.08075
-83.90230
-82.10808
-82.60604
-83.74191
-82.33487
-82.55551
-82.20256
-82.61885
-83.33543
-83.86669
-82.44437
-82.88689
-83.32226
-81.72720
-81.90779
-81.22333
-82.11562
-81.79380
-81.62573
-82.64612
-83.83930
-83.92623
-84.23261
-82.58506
-82.41479
-84.74264
-83.54994
-83.89878
-83.24303
-83.04088
-82.69857
-82.66472
-82.51291
-83.12644
-84.31012
-84.73734
-84.46638
-84.07814
-85.27139
-84.30953
-84.47609
-84.09554
-84.97994
-80.56434
-75.70698
-76.29183
-78.23309
-78.28295
-79.25423
-80.80649
-80.63323
-80.29348
-80.75134
-80.84915
-81.62623
-82.08266
-81.59722
-81.53301
-81.04546
-80.34695
-80.06387
-79.16693
-78.54040
-79.65021
-80.21890
-81.84688
-83.02502
-82.81612
-82.90471
-81.03078
-81.04962
-80.07414
-78.57007
-79.26681
-81.05030
-81.94235
-81.84822
-81.19009
-80.76801
-81.11371
-80.68309
-80.53266
-80.27642
-80.57542
-80.60383
-80.55299
-80.86932
-80.57134
-80.01984
-79.20413
-78.90211
-78.40132
-77.30319
-76.92766
-78.49861
-79.86075
-79.41642
-79.08390
-79.50603
-79.96927
-80.16407
-80.26746
-80.48943
-81.82034
-82.15365
-82.11357
-81.36800
-81.03670
-81.45818
-81.13341
-81.58159
-80.44408
-80.96984
-82.12228
-81.32168
-80.70321
-80.43050
-80.09146
-79.52614
-79.44309
-79.36327
-79.83826
-79.54950
-79.26673
-79.14104
-80.27370
-81.28928
-81.21849
-81.75089
-81.71799
-81.77412
-81.01083
-81.86411
-81.74531
-80.54735
-80.21299
-80.24198
-80.77249
-80.36298
-80.95834
-81.50066
-81.11264
-81.43375
-81.60707
-81.45242
-82.41898
-81.73464
-81.75839
-82.50097
-81.47592
-81.81968
-81.34268
-81.13812
-81.87401
-81.88558
-80.80641
-80.09076
-79.60531
-79.38395
-79.75026
-80.27554
-80.21917
-80.45965
-81.13200
-81.06111
-81.58615
-81.47830
-81.67770
-81.92746
-80.59820
-80.34308
-80.71614
-81.34023
-82.25368
-82.20277
-83.77355
-83.70186
-83.99190
-83.82289
-83.05623
-82.80096
-82.89213
-83.99097
-84.15473
-84.56684
-83.92547
-84.62820
-84.07514
-84.06432
-83.87108
-83.30649
-83.69030
-85.29797
-85.62760
-84.93209
-85.13871
-84.34000
-84.87851
-85.22252
-85.71725
-85.62094
-86.42947
-86.29085
-86.13593
-86.74645
-86.80194
-86.57319
-85.46967
-86.16057
-86.33787
-87.37382
-88.23223
-87.87256
-88.00596
-87.14433
-87.45389
-86.91879
-87.38413
-88.24539
-87.49706
-87.11035
-87.33894
-87.70151
-88.55697
-89.46818
-87.94004
-87.46006
-88.76852
-89.88348
-90.79043
-90.68194
-89.59634
-91.07433
-91.18819
-91.01098
-91.39921
-91.47753
-91.77847
-90.93850
-91.23434
-90.62497
-91.07855
-91.31587
-91.23150
-92.14930
-92.51738
-92.08984
-91.57854
-91.68852
-93.34555
-92.08880
-92.44206
-93.72185
-93.79354
-93.44100
-93.13347
-94.27071
-92.30715
-90.91591
-89.81088
-87.10378
-82.58516
-82.01981
-80.99206
-80.65289
-83.15105
-83.37793
-83.21547
-84.61746
-84.74784
-84.70053
-85.96039
-85.34443
-84.94705
-86.25837
-87.04910
-83.85032
-84.56875
-84.14732
-83.27360
-83.76536
-83.06333
-82.01684
-80.14337
-79.72328
-79.45277
-79.33803
-79.46199
-80.43900
-81.52256
-80.31997
-79.75319
-80.73501
-81.18622
-82.26550
-82.73700
-82.92489
-82.29127
-82.02464
-81.66311
-82.07953
-83.53528
-83.89601
-84.61215
-84.59926
-84.62655
-84.17112
-84.15243
-84.53737
-85.93016
-85.50707
-85.47238
-84.93641
-83.28468
-82.42829
-81.25147
-80.56001
-80.12686
-80.56298
-80.69481
-79.89833
-79.97815
-80.56211
-80.67531
-81.16431
-82.21755
-82.40824
-82.35799
-82.44894
-81.94828
-81.41518
-81.35046
-82.22505
-82.82096
-82.72880
-82.14476
-81.80704
-82.00949
-82.25690
-82.16279
-81.79747
-81.47964
-81.84611
-81.61620
-81.66407
-82.15408
-81.31604
-80.52622
-81.29324
-81.68341
-81.63465
-81.78499
-81.13262
-82.76166
-83.66154
-82.75928
-81.82933
-82.78078
-80.77925
-80.93163
-81.45860
-79.73253
-81.07219
-81.05775
-81.34493
-79.94190
-80.83933
-81.32458
-81.39439
-81.41950
-81.25294
-81.43880
-79.91821
-80.61399
-81.35012
-81.70573
-81.53349
-81.98295
-81.58322
-81.60002
-81.88205
-82.34042
-81.82155
-82.66382
-82.17562
-81.81775
-82.69632
-83.00248
-82.18415
-80.62910
-81.96508
-80.91989
-80.94590
-81.76308
-82.25869
-82.55468
-82.21778
-81.80521
-81.33470
-81.76485
-82.30213
-82.06767
-82.17644
-81.18687
-82.30592
-81.33232
-80.75618
-81.50227
-80.38405
-81.66440
-81.20101
-82.69715
-82.18483
-82.34157
-83.66781
-84.53184
-83.54564
-83.19312
-84.81794
-84.53430
-84.40943
-83.09214
-83.82654
-83.45330
-83.89416
-84.20551
-83.72562
-83.36666
-83.55836
-84.69096
-84.77604
-84.29990
-81.30147
-79.63725
-80.07536
-79.41547
-78.35956
-78.51610
-79.53352
-79.88795
-81.06429
-82.05098
-82.61269
-83.28300
-82.75924
-83.33901
-84.59296
-84.43098
-83.84789
-83.51443
-81.84092
-80.52094
-79.99964
-80.72020
-80.50041
-80.49200
-80.29752
-80.89344
-82.59467
-83.17956
-83.83627
-82.94908
-84.21572
-83.94436
-81.88505
-80.35938
-80.02192
-80.72450
-81.98745
-83.54302
-84.20309
-83.73257
-82.17702
-82.83924
-82.76129
-82.70429
-84.36017
-84.83431
-82.93736
-82.04917
-82.28702
-81.87023
-82.32725
-82.59106
-83.24252
-82.88298
-82.50945
-81.28614
-78.37631
-76.26669
-74.88627
-74.38680
-75.00332
-74.68351
-73.57092
-73.04027
-72.64636
-73.36244
-73.94712
-74.94975
-75.80824
-75.99101
-76.00170
-76.77379
-77.84511
-78.32026
-79.77385
-79.39534
-78.98005
-77.64742
-77.17870
-76.53554
-76.83151
-78.39172
-77.87199
-78.45686
-78.53429
-76.90327
-76.08406
-75.82457
-76.93968
-78.32599
-78.91181
-78.98589
-79.49535
-79.50500
-78.12049
-77.34088
-75.51862
-74.20827
-73.46974
-73.18728
-73.98163
-74.86424
-75.72950
-76.88757
-77.26644
-79.01591
-81.08052
-80.49849
-79.42683
-78.63937
-78.22327
-79.40328
-80.29180
-78.34803
-75.78041
-74.21438
-74.31501
-75.42988
-76.42587
-76.65139
-77.32483
-76.66310
-77.30655
-80.28952
-80.87880
-78.98639
-77.59809
-78.08187
-79.66129
-80.14293
-79.82046
-79.64932
-79.93751
-81.50367
-81.51622
-81.10708
-81.63163
-82.15310
-83.16384
-82.65925
-82.07346
-82.49103
-82.81096
-83.64200
-84.36893
-84.08337
-85.00538
-85.66388
-83.92314
-84.21935
-84.36683
-83.78833
-83.57098
-85.17749
-85.18771
-83.51107
-83.92316
-84.22309
-85.85512
-85.25665
-85.11488
-86.78661
-85.92303
-84.57324
-84.89165
-86.06356
-86.50742
-86.17257
-85.60717
-85.67708
-85.94579
-87.18638
-87.14894
-86.36272
-86.53462
-86.41350
-86.12038
-86.17069
-88.25924
-87.17775
-85.92290
-86.96256
-86.79545
-87.09037
-88.22355
-89.09313
-87.80049
-87.97273
-88.89932
-89.68399
-89.44739
-89.35884
-89.81561
-90.27648
-89.97360
-90.52726
-90.35682
-89.14516
-90.30787
-90.55147
-90.36125
-89.80488
-91.37954
-90.34063
-90.81512
-91.89069
-91.20335
-89.84722
-90.35336
-93.05072
-92.41827
-91.18508
-92.15254
-93.25484
-92.08033
-93.23574
-92.25452
-93.58605
-88.03222
-82.47917
-80.34208
-80.73910
-78.84223
-77.32987
-77.76627
-77.99421
-77.84914
-77.11867
-78.82095
-78.07006
-77.49618
-78.94531
-79.06159
-78.35001
-79.04333
-80.19042
-78.82999
-78.35664
-80.53039
-80.66290
-78.66636
-80.66708
-81.83351
-81.27038
-80.87363
-81.89510
-81.58318
-80.10317
-81.09037
-81.02537
-80.03516
-79.39599
-81.41868
-81.62074
-80.01799
-81.65908
-80.31007
-78.74114
-79.24838
-78.55300
-77.47531
-77.38664
-78.19716
-78.47453
-79.11241
-80.47711
-81.02880
-80.79829
-80.43685
-81.03500
-81.12929
-80.04669
-81.29477
-82.17229
-81.01878
-80.43624
-80.57998
-80.29988
-79.97857
-81.15629
-81.24016
-79.71841
-80.60319
-81.56340
-80.61076
-79.80472
-81.29150
-81.71423
-79.56139
-80.86504
-80.87811
-79.72777
-78.38950
-79.21192
-80.13895
-79.93609
-80.48794
-80.29831
-79.95651
-80.17663
-81.29999
-79.80786
-79.01699
-79.09807
-79.95228
-78.75357
-79.52696
-79.57209
-77.94878
-78.87089
-80.08207
-79.85862
-76.85210
-78.23698
-79.83703
-79.42223
-79.03254
-79.16389
-79.22062
-78.09486
-79.36616
-78.69334
-78.18364
-78.90904
-79.64959
-79.08548
-78.77039
-79.39210
-79.80000
-78.87542
-78.84649
-79.22552
-78.80210
-79.12198
-79.41543
-80.16081
-79.44406
-79.95961
-80.52378
-79.67376
-79.67880
-80.27959
-79.74245
-80.17699
-81.23703
-81.17643
-79.98571
-80.28296
-81.95583
-80.03176
-79.15921
-80.37483
-80.66020
-80.32037
-81.13716
-81.39131
-81.71958
-81.02707
-81.09483
-81.40812
-81.54829
-81.22317
-81.43204
-81.49706
-80.72559
-82.14791
-80.30706
-80.55814
-80.30704
-79.98499
-81.87133
-81.47032
-82.76672
-81.65546
-81.00266
-83.12889
-83.26490
-82.31909
-82.98691
-83.80449
-83.23411
-82.78670
-82.30452
-82.96913
-82.79809
-84.12764
-83.46423
-83.18846
-83.03718
-83.50825
-84.09116
-83.92371
-78.17688
-73.13022
-75.94514
-77.23377
-77.88542
-77.48594
-76.72514
-79.91030
-78.27684
-79.23893
-79.63162
-79.53839
-80.30976
-80.50176
-81.16158
-80.38558
-78.62992
-76.03150
-73.57999
-73.46217
-76.02269
-78.80614
-76.35881
-72.69456
-71.10754
-70.87018
-71.91563
-73.47162
-74.72160
-76.61112
-79.07814
-81.62994
-80.75395
-78.80762
-78.84612
-80.25868
-80.70148
-79.53228
-78.66883
-78.27146
-78.34200
-78.43088
-77.19718
-76.11114
-76.67692
-76.87735
-76.68783
-76.57987
-77.91518
-77.23783
-77.52801
-80.26882
-79.55875
-80.04385
-82.57153
-79.97062
-77.61045
-76.93025
-76.16524
-74.61273
-74.16690
-75.37277
-74.64194
-74.43750
-75.13549
-75.89616
-75.96298
-76.15259
-76.86267
-76.63037
-76.09545
-76.71509
-76.70261
-76.79901
-76.77885
-76.05535
-75.93476
-76.03682
-75.78102
-76.26348
-77.40597
-77.38801
-78.08136
-77.79982
-77.48485
-77.44134
-78.04868
-77.43361
-77.45054
-77.74502
-78.08363
-77.67611
-76.72164
-77.22488
-77.81757
-78.31367
-78.41907
-78.05176
-76.49850
-76.06021
-76.55642
-78.35852
-77.91524
-77.06632
-76.61340
-76.72920
-78.21315
-79.02175
-78.47885
-77.76204
-78.44188
-78.59887
-78.31731
-78.38313
-78.79036
-77.86324
-77.03149
-77.08357
-78.00890
-78.47234
-78.41809
-78.42235
-78.13832
-77.95895
-79.73914
-80.57926
-79.49426
-78.89720
-78.72957
-78.75526
-78.13312
-79.24886
-80.38287
-80.96808
-80.71802
-80.88460
-81.34133
-81.71861
-81.38568
-81.43262
-81.60325
-81.95592
-81.35881
-81.27707
-83.44249
-82.91678
-82.61570
-82.72947
-82.90830
-81.73325
-82.75572
-84.25122
-83.48367
-84.02362
-85.14341
-83.48597
-82.32754
-82.70146
-83.88493
-83.84029
-82.59197
-84.95898
-85.18137
-84.90023
-85.41531
-85.52873
-84.82397
-84.74901
-84.74525
-84.83204
-86.14403
-85.99864
-86.89873
-87.37028
-87.35943
-85.96580
-85.55554
-85.82298
-86.00080
-87.38690
-85.82467
-85.68524
-86.14785
-86.14607
-86.66321
-86.50021
-86.45406
-86.19211
-86.88634
-87.68374
-87.77032
-87.58805
-88.38115
-87.99144
-88.82530
-88.85672
-88.24795
-87.31232
-87.96506
-88.25452
-87.64904
-87.35815
-86.92764
-88.01816
-87.99132
-88.84384
-88.70948
-88.81391
-87.33260
-88.38800
-90.06456
-89.29591
-89.18818
-91.04408
-90.07373
-91.00394
-90.65782
-92.58837
-88.76388
-82.40955
-83.85080
-85.40304
-87.62502
-88.81457
-89.94356
-90.16411
-89.69997
-91.07099
-90.71104
-90.45311
-90.67042
-91.35198
-91.42643
-91.08377
-90.30336
-89.83698
-89.52916
-91.07394
-90.68952
-90.73945
-91.36718
-91.40000
-90.01114
-89.94257
-90.56478
-90.98216
-90.46466
-90.83239
-91.43380
-90.54153
-91.27627
-91.05671
-90.69780
-90.83596
-91.93695
-91.52917
-90.65889
-91.04296
-91.63137
-91.72091
-91.76063
-91.87826
-91.45082
-91.48697
-91.90722
-92.19702
-91.99639
-92.68005
-93.13854
-92.96575
-92.07154
-91.87051
-92.94922
-94.02145
-93.99043
-92.91860
-93.65561
-94.29310
-94.04006
-93.53210
-93.47202
-93.02980
-93.69857
-95.21786
-94.33368
-93.77516
-94.40744
-94.69928
-95.30710
-95.50190
-96.00552
-96.81557
-96.59166
-96.40206
-96.39572
-96.26811
-96.98471
-96.66874
-97.32517
-98.07330
-97.66524
-96.29981
-96.34977
-97.35126
-97.03801
-98.26623
-96.97009
-98.40188
-97.26087
-99.53852
-97.96144
-98.50859
-96.81801
-98.62602
-96.69779
-100.39568
-94.47693
-82.03152
-82.62510
-85.45428
-87.31154
-90.13202
-91.17505
-93.56941
-94.01467
-96.16264
-96.31128
-98.68254
-98.10198
-98.39698
-97.62712
-98.86948
-98.15114
-99.61934
-98.63326
-97.87960
-97.84388
-97.42469
-97.96749
-98.32031
-100.51890
-99.35589
-100.09486
-97.85120
-100.33747
-97.43684
-101.58925
-96.99147
-111.80548
-88.03469
-80.15296
-82.70107
-84.60220
-86.95537
-88.71504
-90.54085
-92.59783
-93.73489
-94.60600
-95.02268
-95.07891
-95.30037
-96.86826
-96.48721
-97.17950
-95.89175
-95.61778
-94.77790
-95.29622
-94.17285
-93.92359
-93.05829
-93.35734
-93.38979
-93.68855
-93.45352
-93.56519
-94.24860
-94.26601
-94.22295
-93.83556
-94.51249
-91.59532
-90.39664
-91.08384
-91.61512
-92.48473
-93.29056
-93.35886
-93.01229
-92.99858
-93.12774
-93.73737
-93.74314
-93.25919
-92.94647
-93.00523
-92.63895
-92.44187
-92.74415
-92.14964
-91.62542
-91.99582
-92.42000
-92.19830
-93.02502
-93.51073
-92.90434
-92.65180
-92.18054
-92.09306
-91.78547
-91.71078
-92.24786
-91.85560
-91.37283
-91.75042
-92.42727
-92.76492
-93.05316
-93.10843
-93.79504
-94.96286
-95.57861
-95.97954
-97.05116
-98.16480
-97.22927
-97.32123
-98.52344
-99.21380
-99.25277
-98.96034
-98.74720
-98.91049
-99.53574
-100.52548
-101.13747
-101.31920
-101.19855
-100.51317
-101.06802
-101.61804
-101.80194
-103.53709
-103.80317
-104.71346
-103.09923
-98.04857
-99.19454
-100.66425
-102.09515
-104.18406
-102.79073
-104.50976
-102.50827
-102.96547
-103.16457
-103.02270
-103.27657
-104.72322
-102.99666
-102.51003
-102.53512
-103.28429
-104.13471
-104.75919
-103.08537
-102.90352
-104.19481
-104.01286
-104.87225
-102.62954
-103.21551
-102.80677
-105.80385
-102.42586
-106.52808
-100.02095
-106.25564
-88.83012
-83.07703
-85.48939
-86.54936
-89.13552
-91.00967
-92.73329
-92.45655
-93.28977
-94.52627
-93.80766
-93.31116
-93.60148
-93.14300
-91.81595
-93.28377
-92.86656
-91.86923
-91.95238
-91.69599
-91.71906
-92.60531
-92.69875
-93.36743
-93.48717
-92.79071
-91.32634
-91.46729
-91.93859
-92.49451
-92.75263
-92.56135
-92.60851
-90.94976
-89.58927
-90.22616
-91.18500
-91.55257
-91.96175
-92.60377
-93.00337
-92.71503
-93.27476
-93.89013
-93.82450
-93.36834
-93.44190
-93.72374
-94.53070
-95.11308
-94.66528
-94.41952
-95.34244
-95.63620
-96.75672
-97.71348
-97.75406
-97.74039
-98.02066
-98.41281
-98.76150
-98.79271
-98.74018
-98.97564
-99.69053
-100.17172
-96.90376
-97.60464
-98.86507
-99.94893
-100.74028
-100.78115
-101.64008
-101.86212
-102.23193
-101.98942
-102.93713
-103.05096
-103.46930
-103.98035
-103.89071
-103.12271
-103.81448
-103.35868
-104.51325
-104.27080
-103.87198
-104.11307
-103.92211
-104.05566
-104.78000
-104.52557
-104.13527
-104.39504
-104.33712
-104.83624
-104.41616
-105.45730
-103.47105
-103.18685
-105.23255
-104.78591
-106.44341
-106.00496
-105.22104
-107.19252
-106.51177
-106.92227
-107.29945
-107.78672
-106.89760
-109.33950
-106.54846
-108.10996
-108.31280
-109.11520
-108.83771
-109.87913
-107.73727
-109.44847
-109.96297
-110.22663
-112.71037
-110.42240
-112.92798
-109.96829
-120.15367
-109.73246
-125.59990
-105.76608
-106.11491
-87.53509
-81.04725
-84.36104
-85.57961
-87.31742
-88.12609
-89.02535
-89.34223
-89.84015
-90.32371
-90.33251
-89.62265
-89.83559
-91.88254
-92.30639
-92.63239
-90.80598
-90.16923
-89.29475
-89.91786
-90.21366
-89.50688
-89.23473
-89.87342
-89.26099
-88.46412
-88.78126
-89.37365
-88.85960
-89.38640
-88.04391
-87.81615
-88.44880
-78.58519
-77.06642
-80.30035
-81.18445
-83.58824
-83.77363
-85.05156
-85.38788
-85.78377
-86.51126
-86.60244
-87.38402
-86.54853
-86.61082
-87.04184
-88.18993
-88.69551
-89.04551
-89.01452
-87.60330
-87.22670
-87.93381
-87.61465
-89.04308
-88.96744
-90.75120
-88.25637
-88.29127
-87.20899
-88.59268
-87.99013
-89.52542
-83.91400
-73.45867
-74.11425
-77.11726
-79.31285
-82.66114
-83.87983
-87.36765
-86.72111
-89.51306
-89.14269
-91.56541
-89.44296
-90.36447
-90.17975
-93.25217
-92.36365
-94.00177
-93.39417
-93.47694
-93.18989
-93.38172
-94.49401
-93.84388
-97.10557
-94.40139
-99.88327
-94.45240
-101.58181
-93.21969
-109.20247
-90.76433
-97.35604
-78.62844
-69.39037
-71.80627
-74.72934
-77.99883
-82.11582
-84.53193
-89.55371
-89.44592
-93.65304
-89.50372
-94.08364
-89.72569
-94.13232
-90.20465
-97.83249
-88.01745
-68.18203
-67.71952
-72.49730
-75.30940
-81.17982
-83.13424
-86.82474
-84.63906
-86.56137
-85.99829
-87.51351
-89.33401
-89.31699
-93.76103
-87.26005
-108.79650
-71.66331
-65.56489
-67.78731
-71.44186
-74.50662
-76.16909
-80.77710
-83.12141
-86.13071
-87.71646
-88.40899
-88.86849
-87.59428
-88.16180
-88.55986
-88.85184
-85.73616
-81.41549
-80.55012
-84.01136
-86.61924
-88.12935
-85.90253
-86.34690
-86.26533
-86.62292
-85.44103
-86.50942
-86.33342
-86.31066
-87.06009
-87.12567
-87.07431
-79.09760
-76.77372
-80.48808
-82.88144
-85.38751
-86.33171
-87.89918
-86.30388
-86.99301
-87.84156
-86.54444
-87.19734
-87.80355
-87.31204
-86.04491
-88.48265
-83.55425
-80.69294
-82.27824
-83.82497
-85.13114
-87.57151
-87.17308
-89.31731
-86.52853
-89.96689
-86.82473
-90.76556
-85.47045
-91.21580
-85.23965
-94.60388
-77.23094
-65.68349
-67.41866
-71.55575
-75.60874
-80.00766
-80.06672
-81.72423
-81.67750
-83.29099
-83.24137
-85.96162
-83.97642
-84.54553
-83.70089
-83.42727
-84.33580
-70.09661
-67.92667
-71.90206
-74.71398
-79.56379
-80.57425
-83.58018
-83.26118
-83.48835
-82.34429
-83.71512
-84.25797
-83.16255
-83.88949
-83.15094
-85.39719
-80.01521
-75.81146
-77.53398
-79.80900
-81.26547
-82.58484
-81.96628
-82.38680
-82.68048
-83.01896
-82.29063
-84.01300
-83.54172
-85.22544
-85.30386
-86.26864
-83.07853
-79.55286
-79.15414
-82.04058
-84.47688
-84.78985
-85.45641
-85.19720
-84.27207
-84.92189
-85.30153
-84.47610
-86.93474
-84.53112
-87.95098
-83.66802
-95.82772
-72.03442
-65.63378
-68.72231
-72.19653
-75.93255
-79.36171
-80.66446
-84.44099
-75.32597
-71.17500
-73.76928
-75.74344
-78.38420
-80.07486
-81.70454
-85.04812
-81.82213
-79.97295
-79.82580
-83.10261
-83.56208
-86.09036
-83.12878
-86.80079
-80.30025
-70.55067
-67.71518
-68.52901
-72.20210
-74.78947
-77.42982
-80.63054
-82.35692
-78.18862
-76.68199
-79.48969
-82.01658
-84.73703
-84.22659
-84.55253
-84.04987
-83.29578
-82.99804
-83.94682
-83.04605
-83.70490
-84.08081
-83.71625
-83.52804
-81.88277
-80.87248
-81.63397
-81.64571
-83.00379
-85.39868
-83.80833
-84.77630
-81.98357
-80.47067
-81.30733
-80.79570
-82.71311
-83.55037
-84.13213
-86.49390
-84.01478
-78.78949
-77.56952
-79.31027
-81.53013
-83.12056
-83.30957
-85.23947
-85.05892
-82.10724
-83.08528
-84.23549
-83.07064
-86.04359
-84.58009
-85.72596
-85.30826
-83.66445
-82.77169
-83.73882
-83.82688
-86.52874
-86.24896
-87.66122
-87.20426
-84.95484
-82.59919
-80.75401
-83.82417
-83.75175
-88.17322
-84.40766
-97.48858
-73.31376
-68.57688
-72.01892
-74.40719
-77.77322
-81.74245
-82.42986
-89.26506
-76.91382
-69.12365
-71.47381
-74.82334
-76.91875
-81.64069
-81.17050
-86.27279
-80.36008
-71.46588
-72.65479
-76.02546
-77.43536
-81.57973
-82.58391
-85.70357
-84.85711
-85.63105
-83.99458
-86.59298
-85.88587
-85.15474
-85.66039
-85.11054
-89.52195
-73.63411
-69.89857
-72.57608
-74.75398
-78.21815
-80.66651
-81.41176
-89.25774
-72.34916
-66.56734
-68.36330
-74.20468
-70.21896
-67.13291
-70.87484
-73.67252
-77.81498
-78.44911
-81.39390
-82.31422
-81.66123
-83.10758
-83.54954
-84.55533
-82.47813
-82.71635
-80.59556
-82.41909
-81.99125
-82.02165
-80.87283
-82.36342
-81.83893
-78.49044
-79.35190
-81.18573
-81.20582
-83.00827
-83.93622
-84.54793
-84.90613
-78.08968
-76.54518
-80.08878
-81.88080
-80.89530
-80.32506
-81.00178
-82.42183
-82.13595
-81.60783
-82.71555
-83.16743
-84.31017
-85.01110
-85.14256
-85.66505
-85.51337
-84.10488
-84.74535
-84.95958
-84.09693
-85.53839
-85.00744
-86.08682
-84.04258
-80.65572
-81.34492
-82.70468
-82.78066
-83.94325
-84.45588
-83.50716
-82.01349
-79.91353
-77.17872
-79.35046
-84.75858
-79.72177
-80.04355
-83.58653
-83.52123
-85.11951
-84.16684
-84.19962
-84.42416
-83.79683
-84.72061
-85.02097
-85.31188
-85.30965
-84.47922
-86.50893
-87.86778
-88.13287
-86.50746
-86.09033
-86.46141
-84.34262
-82.36971
-83.93060
-84.85375
-85.21768
-86.44050
-86.56462
-87.48027
-84.15613
-80.72533
-81.75641
-83.97617
-84.94112
-82.98676
-83.69679
-85.75251
-84.72954
-84.86485
-85.19439
-88.75036
-86.61441
-90.71150
-87.53474
-91.13263
-87.66258
-94.28345
-89.80309
-96.29744
-91.71824
-97.99427
-92.96240
-94.78329
-94.31828
-67.31045
-65.71826
-69.62832
-71.91906
-75.35612
-77.86732
-79.74907
-84.56658
-69.00625
-65.50522
-70.08382
-73.49469
-77.34810
-79.19230
-78.47198
-81.81725
-71.58314
-67.67589
-70.95608
-74.07687
-76.23936
-80.59809
-78.32709
-86.15754
-72.16903
-63.75728
-66.61635
-70.36696
-73.58098
-77.74997
-77.19727
-79.27503
-78.84573
-77.10366
-77.60258
-80.07075
-78.07479
-81.44490
-79.80924
-82.47403
-79.66428
-78.11306
-77.41238
-81.26655
-81.46354
-81.23724
-82.24780
-80.22209
-83.24931
-65.57680
-64.48111
-69.96136
-73.38151
-78.01081
-76.55476
-77.89379
-78.64766
-77.67729
-75.48450
-79.87265
-78.66616
-78.99425
-80.19136
-79.98919
-82.03201
-79.57109
-77.55301
-79.06400
-80.52930
-79.46490
-81.63875
-80.44357
-82.38918
-79.14517
-77.19300
-78.15096
-81.59734
-79.60554
-81.38938
-80.09189
-82.40472
-77.77082
-65.72878
-66.12219
-71.09614
-74.07367
-78.54176
-78.70508
-79.66643
-79.27487
-76.78858
-77.19819
-79.84647
-79.62420
-80.24128
-79.63623
-81.36378
-80.91659
-80.36994
-80.05250
-81.62768
-82.04018
-81.81030
-82.30347
-81.64047
-82.33395
-78.85436
-78.98476
-81.01734
-81.99174
-81.62278
-82.43046
-80.83573
-83.45024
-78.44989
-74.77107
-76.58612
-79.20197
-81.70091
-83.09742
-81.60151
-81.12261
-81.02682
-78.70451
-80.80920
-82.58780
-81.63911
-82.42722
-82.97475
-83.76879
-82.54814
-67.55635
-65.29780
-68.78197
-70.94662
-73.40903
-73.85878
-74.98132
-75.14059
-76.27304
-77.93158
-78.87552
-77.15774
-77.46149
-76.97914
-76.79621
-77.66236
-75.58227
-75.37136
-77.40800
-76.99378
-79.04246
-79.32228
-77.26662
-75.94114
-75.19033
-77.80674
-79.13575
-78.92347
-78.05574
-78.05678
-77.40625
-76.38295
-76.15397
-76.03595
-76.46468
-77.85436
-78.09255
-79.35987
-80.89514
-80.08669
-79.95619
-78.79198
-78.21098
-78.18147
-78.23294
-77.80470
-76.89239
-76.84832
-70.70100
-68.92704
-71.78101
-72.33893
-72.74263
-72.84271
-71.45799
-72.38410
-73.14299
-73.44994
-74.37540
-74.44443
-74.25728
-74.29815
-73.82758
-72.96483
-76.01082
-67.70641
-64.53156
-67.91836
-70.82276
-72.71480
-73.50296
-73.94744
-74.34879
-75.54008
-77.01053
-76.59745
-77.03128
-76.90286
-77.96243
-77.46953
-79.95397
-73.41535
-65.68083
-66.07366
-67.39670
-68.65362
-70.15105
-69.90263
-72.70650
-72.88021
-71.30888
-70.36784
-71.64047
-73.85661
-72.77639
-72.93007
-71.38028
-71.45206
-72.11572
-71.56152
-72.40440
-72.19392
-74.11318
-74.82064
-75.48879
-76.49441
-74.52410
-72.55406
-74.29864
-76.92563
-76.43248
-75.29048
-76.19130
-76.39792
-76.56155
-75.41802
-75.62966
-78.00792
-77.44441
-77.26987
-76.88645
-77.27904
-76.84461
-76.93694
-76.73273
-77.15607
-76.91032
-78.67809
-77.06449
-77.15874
-71.32412
-64.64853
-63.80733
-66.36828
-67.33000
-68.16531
-67.03391
-66.97502
-68.68832
-67.35487
-68.24467
-70.16769
-71.10689
-69.45367
-70.67111
-70.21322
-71.18604
-72.65662
-73.26453
-73.33986
-70.77291
-72.97202
-72.43973
-73.04495
-74.60963
-71.05430
-67.71435
-66.34551
-67.96827
-70.50369
-70.47282
-72.87713
-73.54610
-72.68083
-72.41349
-72.31234
-74.83758
-75.70320
-74.34086
-74.61393
-74.71169
-74.16848
-74.48214
-74.71489
-75.79267
-74.69879
-74.76370
-75.55350
-76.21560
-76.45309
-76.21610
-76.85230
-75.73476
-74.87913
-74.83001
-73.31486
-73.76746
-76.98326
-70.01996
-66.76053
-67.73456
-66.41800
-65.90482
-66.52782
-68.70982
-68.23170
-66.86097
-69.37641
-69.15839
-69.45870
-70.09016
-69.94985
-68.93022
-69.19075
-71.31992
-70.14463
-71.16723
-70.80055
-70.98687
-69.71991
-68.57734
-71.87164
-73.67861
-72.59868
-72.57546
-71.97718
-71.93323
-73.31588
-72.81402
-74.71728
-74.41625
-75.51268
-73.73253
-72.56212
-72.94891
-74.04766
-75.91252
-77.04386
-76.33563
-69.32903
-69.16092
-72.14720
-73.06717
-73.46228
-74.63900
-75.45915
-78.24633
-71.48278
-68.82205
-72.26166
-73.36580
-75.10327
-76.28707
-77.56160
-78.80110
-72.77983
-70.09599
-73.41164
-73.98869
-74.67717
-76.37197
-75.59265
-76.11594
-75.10765
-76.04876
-75.36252
-77.05102
-75.25294
-75.83394
-76.64429
-79.33190
-76.09768
-67.79271
-67.61679
-68.04398
-68.94649
-68.85086
-69.93764
-72.48500
-72.54331
-68.24316
-65.52930
-67.79812
-69.50207
-66.90314
-66.06303
-68.52754
-71.04523
-72.64817
-71.69199
-71.53503
-71.46504
-72.35861
-72.36636
-72.90248
-71.76908
-71.65849
-73.80555
-71.84990
-71.39274
-72.54164
-73.41435
-73.41010
-73.09989
-71.38723
-71.55271
-72.29277
-71.87478
-72.40341
-72.92032
-73.74580
-74.40093
-73.18791
-71.62643
-72.50414
-74.58533
-74.39764
-74.31250
-74.66425
-75.51310
-76.09795
-74.50975
-73.89541
-74.56294
-75.81270
-76.29805
-75.07854
-75.06051
-75.20445
-75.37305
-76.36107
-77.00495
-77.14247
-77.44398
-76.52504
-76.33469
-77.86891
-77.20517
-76.91885
-77.08005
-77.13985
-76.31662
-77.51177
-78.81578
-78.29743
-78.14076
-76.74566
-76.32357
-78.78592
-79.95715
-77.67552
-79.48381
-80.38425
-80.41125
-79.42523
-78.21428
-79.04592
-79.31330
-80.18891
-80.17620
-79.15159
-79.99529
-81.28401
-81.02322
-81.23051
-82.17663
-82.72040
-82.00914
-82.20527
-82.60772
-81.32132
-80.82313
-81.25489
-81.20239
-78.36236
-76.29301
-75.71592
-76.25740
-77.44315
-76.82636
-76.62977
-77.63114
-79.33838
-77.02029
-77.46066
-78.48859
-79.52524
-78.57068
-76.79426
-76.88051
-76.04044
-76.77301
-78.63978
-80.12411
-80.88372
-80.25867
-79.65580
-81.49408
-79.69718
-82.86288
-79.04785
-85.40176
-73.42991
-62.67571
-63.85858
-65.68239
-64.59708
-68.14254
-67.20016
-66.43253
-64.05285
-63.18730
-64.40213
-65.41441
-66.88793
-67.91309
-68.04496
-67.47159
-68.88704
-67.18998
-66.29322
-67.47779
-69.58703
-71.12600
-70.57575
-68.48429
-69.59481
-63.67768
-62.96138
-67.31869
-66.58770
-70.00126
-71.89509
-71.66436
-73.04128
-72.63619
-71.50351
-72.97185
-71.92378
-72.19041
-71.85564
-71.01605
-74.47171
-71.90157
-70.98197
-71.59596
-73.92168
-74.42822
-75.40138
-72.88678
-78.54760
-71.67531
-62.80644
-65.50528
-67.33643
-69.05633
-66.95894
-66.04574
-68.26343
-67.35762
-69.89670
-67.98885
-68.04703
-69.97618
-68.79573
-69.27089
-72.07228
-70.46579
-68.67865
-69.41542
-69.59300
-69.32174
-69.98077
-70.47980
-72.40194
-71.29933
-70.69798
-72.20681
-72.32564
-72.62354
-72.36947
-72.16647
-71.19002
-72.90627
-68.17630
-64.30329
-67.38235
-69.28084
-70.66428
-73.72257
-72.85266
-74.77523
-72.79027
-72.53498
-73.28062
-74.02816
-74.16712
-74.52135
-74.72191
-73.67745
-74.55432
-74.17087
-75.29221
-76.26989
-75.83972
-75.23101
-75.26408
-76.49245
-75.08987
-74.64320
-75.67044
-76.58563
-75.99672
-76.09866
-76.44857
-76.31600
-77.84475
-74.21726
-72.94696
-75.39048
-77.50544
-78.52430
-79.40540
-78.51869
-77.11240
-77.07711
-77.84812
-79.14381
-78.83844
-79.54569
-79.98638
-79.94977
-82.18402
-77.79500
-72.79734
-72.04628
-73.50854
-75.48485
-76.37564
-75.65444
-74.40440
-73.58748
-74.89409
-77.88127
-78.81115
-78.59891
-79.23542
-79.74416
-79.85694
-79.71423
-75.42909
-76.07973
-78.63061
-78.28133
-78.95722
-78.60475
-78.78487
-75.95568
-75.44771
-77.80428
-81.26688
-81.96637
-80.49657
-79.69778
-79.18527
-80.81081
-81.02020
-81.35112
-81.71404
-82.15282
-81.98049
-81.30919
-85.36651
-84.95034
-84.27031
-82.01970
-82.99925
-84.89035
-86.32713
-84.88255
-86.83327
-79.75671
-70.69712
-70.83753
-71.67238
-72.75840
-75.77230
-74.96609
-75.30901
-75.57851
-76.01085
-74.67903
-73.77175
-74.94051
-74.07218
-75.16115
-76.54015
-78.65574
-78.30703
-76.13994
-76.20178
-77.03301
-77.17070
-76.53584
-78.04915
-77.75141
-77.62176
-77.78838
-79.52303
-78.45352
-80.39986
-78.99465
-80.31524
-83.25741
-83.87405
-76.90074
-70.54487
-69.97263
-69.97607
-72.90147
-72.14984
-72.84479
-73.05584
-70.41329
-71.39220
-73.57690
-75.27973
-73.50143
-72.89866
-73.48379
-73.66452
-74.64123
-74.90615
-73.33050
-74.36289
-76.12239
-77.22102
-76.14876
-77.76987
-78.33374
-75.85842
-76.80813
-78.80613
-80.64156
-79.71042
-78.54176
-81.19407
-84.54522
-80.35092
-79.24207
-81.44761
-81.82558
-81.31933
-80.63624
-82.26900
-83.23991
-81.69602
-84.89688
-82.33676
-82.08498
-83.33586
-85.86886
-86.37485
-88.02414
-82.32907
-72.08901
-70.02727
-72.52806
-72.91536
-73.32816
-71.98551
-71.94469
-74.88589
-73.27284
-73.90158
-74.78224
-74.35593
-73.00223
-74.31942
-74.86237
-75.62511
-75.78879
-75.51461
-75.94769
-76.10338
-77.37969
-77.13581
-77.77665
-77.37472
-76.47254
-76.04293
-76.83850
-75.50122
-77.88198
-79.02125
-78.56827
-77.72563
-79.26047
-79.73094
-81.49421
-83.00593
-79.95212
-80.35339
-80.85020
-81.39338
-79.19290
-80.51796
-81.52630
-83.85201
-82.67631
-83.77552
-84.42796
-84.77632
-84.37872
-84.00989
-84.21051
-84.52717
-84.23394
-85.65340
-86.29167
-85.93343
-85.20055
-72.27857
-70.83628
-72.66403
-70.45334
-71.64601
-75.52074
-76.36245
-71.75060
-71.27205
-72.16848
-70.27225
-72.91577
-74.87464
-73.16145
-71.20928
-73.47153
-78.18229
-73.87087
-75.56109
-76.80368
-75.97951
-77.13182
-74.65435
-75.90828
-78.81835
-77.69322
-76.91844
-78.41450
-80.56718
-79.26045
-79.81716
-81.75995
-80.56165
-80.64067
-80.35243
-79.86490
-80.41120
-81.08461
-80.47653
-82.47276
-83.25271
-78.76031
-79.21777
-80.64111
-82.49828
-82.89642
-82.23066
-83.70210
-84.27772
-82.24916
-77.53833
-77.68253
-80.87296
-82.50460
-83.31636
-83.99297
-84.93218
-82.36201
-80.79832
-82.15686
-84.04191
-85.22715
-83.52015
-84.33840
-86.35036
-86.66084
-86.83480
-87.08280
-85.99825
-86.82091
-88.12366
-86.54846
-90.56025
-86.12059
-80.31117
-77.24075
-75.95530
-75.60025
-76.21544
-76.90130
-76.91518
-77.02048
-74.18494
-72.83352
-74.04218
-74.44713
-74.71509
-77.26049
-78.40859
-78.08178
-77.34827
-78.30596
-78.43256
-77.75197
-80.54517
-81.61010
-82.97353
-82.20347
-82.35538
-81.21595
-81.88391
-84.02271
-82.90079
-84.31613
-82.71154
-82.41787
-82.05703
-82.65627
-83.12471
-83.41768
-82.52161
-81.65827
-81.54274
-82.37108
-84.70535
-83.08860
-85.14441
-85.16399
-84.52892
-84.33008
-84.20547
-85.72205
-87.14206
-87.00673
-85.43517
-85.98248
-86.11509
-87.92085
-87.41698
-86.34981
-85.25405
-86.46316
-86.95510
-88.09187
-89.33525
-88.23276
-89.24811
-88.53432
-88.20070
-88.96290
-89.24901
-88.05392
-87.78902
-87.38406
-88.35716
-90.46519
-90.40786
-88.51129
-89.69269
-90.03350
-89.51788
-90.47736
-92.86311
-93.71168
-91.67167
-89.34279
-89.45462
-91.26275
-91.00999
-90.58043
-90.45601
-92.25560
-90.68533
-92.38036
-93.08005
-92.51910
-92.06933
-94.06100
-94.05934
-93.47401
-94.21179
-93.63274
-95.87358
-95.17874
-96.17184
-94.77883
-95.42151
-94.48421
-95.40747
-94.31386
-94.51541
-94.88080
-93.62053
-95.24845
-97.11988
-96.59904
-96.22962
-96.99464
-97.71085
-98.48055
-97.39060
-97.02694
-95.75591
-94.48257
-96.98872
-97.51470
-98.23983
-97.43735
-96.67609
-100.19225
-98.14043
-105.02878
-96.99604
-112.31249
-79.15174
-71.60439
-72.39139
-71.97718
-72.84686
-76.10535
-77.97588
-76.65455
-73.45488
-75.07512
-77.71437
-76.50268
-77.31442
-77.62868
-75.94645
-77.96643
-78.53981
-77.43890
-76.77306
-79.03547
-81.56537
-81.36359
-79.79110
-78.57909
-80.47871
-74.60021
-73.35151
-74.75116
-76.55231
-77.63858
-77.47492
-79.20205
-79.73167
-80.89249
-81.52964
-81.66854
-80.69820
-80.82632
-80.75769
-82.03446
-82.24547
-82.07984
-83.62506
-84.06071
-83.65545
-83.84267
-85.00958
-86.41793
-87.81292
-84.80288
-82.54393
-82.57709
-81.55203
-79.67306
-77.86111
-78.06292
-79.14383
-80.06164
-81.27733
-80.66481
-81.28005
-82.49245
-81.19494
-81.44351
-81.27776
-81.62474
-82.65555
-82.01599
-82.42213
-83.49335
-82.09320
-82.36905
-83.55496
-82.21988
-85.05308
-85.09666
-83.91213
-85.69806
-85.85397
-85.27646
-83.89032
-83.52321
-82.26883
-82.30644
-83.85471
-82.65302
-83.05830
-84.13508
-84.47319
-85.14220
-85.92282
-84.84814
-85.86116
-86.50284
-86.30204
-86.85859
-85.68645
-87.30871
-86.86817
-88.09979
-88.72070
-87.61940
-87.87088
-88.02371
-88.20863
-88.95823
-90.55795
-89.67734
-88.84890
-88.30393
-87.94727
-88.76412
-88.36407
-89.39467
-90.80444
-90.51209
-89.05041
-90.17222
-89.88966
-91.20573
-91.23321
-92.24576
-91.71434
-91.86488
-92.04490
-90.28479
-91.80030
-91.87661
-96.00594
-92.48338
-100.61856
-78.43669
-73.18089
-73.76331
-75.51005
-78.57340
-79.96551
-83.10077
-84.12523
-85.76737
-86.76805
-88.02393
-88.92139
-89.61756
-90.86977
-91.46827
-90.68639
-90.47324
-91.72481
-92.57002
-91.93844
-90.68578
-91.82524
-92.83786
-92.34622
-89.64197
-89.62443
-91.18474
-92.14834
-92.57836
-93.50477
-93.48707
-93.34367
-94.68153
-93.77172
-92.56474
-93.09551
-94.01647
-93.97417
-94.26203
-95.89036
-96.33704
-95.78603
-95.05192
-97.15504
-97.43723
-98.28142
-97.16910
-101.34635
-88.48927
-82.40531
-83.68919
-86.51579
-86.92355
-86.74731
-87.59946
-88.88767
-90.87125
-89.95370
-89.80253
-89.66769
-87.43939
-85.52957
-88.59244
-90.46517
-91.50725
-87.84872
-83.99758
-84.84439
-86.81646
-86.15439
-86.61672
-88.30387
-88.47745
-90.37570
-90.35100
-89.92991
-89.14546
-91.20150
-89.62390
-91.98755
-93.01255
-92.81669
-83.63414
-81.34251
-82.51012
-82.02518
-84.49581
-84.00760
-85.51079
-83.83197
-83.78744
-83.85655
-84.17826
-85.95271
-86.12310
-85.71121
-84.91549
-85.81220
-85.92153
-86.08189
-85.69710
-86.96803
-87.89052
-87.96447
-87.95436
-89.36103
-90.22435
-89.08396
-90.64061
-91.63743
-91.31129
-90.92633
-90.48220
-92.83078
-94.44289
-93.98571
-93.18168
-92.88661
-94.35617
-94.25460
-92.12942
-93.73517
-94.66085
-93.95261
-94.88263
-91.80084
-92.50321
-94.42426
-96.03154
-96.75188
-100.22075
-88.65998
-79.88185
-80.01916
-82.47789
-83.49120
-83.81987
-83.11151
-85.27162
-84.92359
-84.05756
-85.16067
-86.14608
-87.36284
-85.89099
-84.01383
-85.41114
-87.48337
-86.41967
-86.38620
-86.67877
-86.88767
-89.99824
-88.04368
-90.81934
-85.43171
-80.75839
-83.53522
-81.85620
-82.77723
-87.01155
-88.97569
-89.07230
-88.67898
-90.80289
-91.65408
-92.60764
-93.06894
-91.70664
-91.08492
-92.37007
-90.59168
-92.00050
-92.52666
-93.65377
-92.57264
-92.39115
-96.10236
-96.28530
-95.74553
-95.60154
-95.97456
-96.01342
-94.78247
-94.46484
-95.42837
-95.42821
-99.85694
-90.52478
-84.01748
-81.52938
-80.12617
-80.80249
-83.08992
-82.56484
-81.45949
-83.25770
-84.29569
-83.43248
-83.94621
-84.02684
-84.29199
-84.95629
-82.22372
-83.07683
-84.95168
-84.77417
-86.76500
-85.97389
-85.84819
-83.29116
-84.04150
-88.86323
-87.31664
-86.27295
-86.03040
-88.15872
-90.22951
-88.52588
-89.01021
-90.24623
-90.12885
-91.02279
-91.48270
-90.04255
-88.74046
-89.82321
-89.56012
-90.99275
-89.49182
-88.65415
-91.12079
-92.23627
-94.52767
-94.57762
-95.60526
-93.43402
-95.52609
-90.14559
-87.75809
-90.49467
-91.54773
-93.23426
-94.09407
-95.68431
-96.07527
-95.51301
-92.95445
-94.55582
-95.28864
-93.94803
-96.37357
-96.23296
-95.87188
-97.47168
-97.12270
-94.52965
-95.48969
-98.57606
-95.23433
-96.08611
-99.34741
-96.19564
-91.36841
-87.38966
-87.89485
-88.16579
-86.31656
-85.00351
-85.58200
-86.51882
-84.92827
-83.64377
-85.18603
-86.69550
-85.84198
-85.90042
-86.52295
-88.20891
-88.66051
-89.47853
-88.42147
-88.72000
-89.19078
-89.15899
-90.56872
-89.70428
-90.27269
-90.49859
-90.98027
-90.81296
-90.08788
-91.44969
-92.32740
-90.15561
-89.02740
-90.70864
-90.73306
-90.42678
-90.47833
-90.03611
-90.79640
-91.32756
-93.65804
-93.53725
-95.31964
-95.59185
-95.75726
-97.03415
-94.74499
-93.28858
-94.36903
-94.21011
-92.81492
-94.39314
-94.41945
-97.38834
-95.15671
-93.55974
-95.69817
-96.69529
-96.51423
-97.79929
-97.66354
-97.59127
-96.25439
-95.28789
-96.72866
-96.94255
-96.99572
-95.72071
-95.92431
-96.98603
-97.58359
-98.95730
-97.72477
-96.89820
-99.92428
-98.06039
-98.34471
-100.58242
-102.13715
-99.10258
-99.53239
-98.79983
-98.32086
-98.72782
-97.99261
-100.52626
-98.89326
-99.82913
-99.20107
-99.96409
-100.48362
-100.08301
-100.17047
-101.92988
-99.85102
-103.09302
-103.16650
-101.12314
-102.76539
-101.80585
-103.02232
-101.61271
-102.69017
-101.04580
-102.88346
-103.78771
-104.99494
-104.60075
-102.89672
-102.58276
-104.15212
-103.77632
-104.45712
-104.22989
-107.03903
-104.95165
-105.32875
-102.61841
-101.50402
-102.42890
-105.32594
-107.47236
-106.46353
-104.13817
-104.58993
-106.02266
-103.28053
-108.60510
-104.62296
-107.43347
-83.83598
-79.37023
-78.39917
-79.44338
-83.05148
-83.64762
-82.25444
-81.19969
-83.61374
-81.40763
-80.84921
-82.62901
-84.24444
-83.25669
-80.56724
-81.44758
-84.54955
-85.03820
-83.94145
-85.04528
-85.34696
-85.63507
-84.48333
-84.00409
-85.20272
-85.15101
-86.24812
-85.99326
-86.83178
-88.39027
-86.87465
-88.23258
-90.51365
-87.89861
-89.45344
-88.30245
-86.43064
-87.63795
-86.97783
-90.79334
-88.24803
-89.28579
-91.53014
-91.51872
-89.63986
-88.43807
-90.46811
-91.33508
-94.13155
-93.31986
-91.17412
-86.80553
-86.69924
-82.73152
-80.08977
-82.42575
-81.75042
-80.89050
-81.92194
-83.35725
-86.54296
-84.49074
-85.74671
-86.61383
-85.83713
-85.63524
-85.83332
-83.91611
-84.65546
-87.53369
-85.25696
-88.87515
-85.77657
-85.43577
-88.27989
-88.85785
-88.44061
-88.30870
-87.49364
-88.42457
-88.48036
-86.87612
-88.57711
-88.55468
-88.58042
-90.24422
-91.96875
-90.29212
-91.69059
-91.44774
-90.44055
-90.10734
-90.20972
-88.07617
-88.69118
-91.99159
-92.91475
-91.37087
-91.36548
-93.64037
-92.80655
-92.58330
-91.82020
-90.92743
-92.57885
-94.79078
-94.35038
-96.74369
-96.06651
-95.14465
-94.74398
-95.18038
-96.12293
-96.82406
-97.09002
-96.07368
-96.36795
-95.36317
-94.77773
-96.16490
-97.26274
-100.07860
-101.37154
-99.69308
-98.75517
-96.74235
-96.08440
-98.15569
-99.07861
-98.64395
-100.26096
-96.26301
-96.22770
-96.09965
-95.68894
-98.66061
-97.96835
-97.05252
-97.27993
-98.13381
-95.96271
-95.55201
-98.37639
-100.99301
-100.91847
-99.43117
-101.05104
-97.69772
-95.94722
-98.15420
-97.27933
-95.28693
-94.94227
-96.25404
-97.35251
-98.67905
-99.52813
-97.69243
-99.56229
-100.09109
-100.56055
-101.53249
-101.83574
-100.54346
-94.00149
-93.48258
-94.26303
-93.57152
-93.68749
-92.78272
-94.17249
-96.32649
-96.43950
-96.99261
-98.90699
-99.66391
-98.23920
-98.69115
-97.17145
-99.05948
-90.24321
-85.00330
-84.05983
-83.89690
-85.54064
-86.07324
-86.73579
-89.93974
-92.28399
-91.04202
-90.31184
-89.91532
-89.44354
-90.72417
-90.12934
-90.78565
-88.92215
-85.46683
-85.22258
-85.45034
-85.89106
-85.84349
-87.31390
-86.03356
-84.78260
-84.19449
-84.54461
-87.75886
-88.13710
-87.18213
-86.04232
-86.74409
-89.40870
-82.89156
-80.23607
-81.76239
-81.02346
-83.02282
-83.37425
-82.95144
-85.21106
-84.15568
-82.86831
-85.10121
-84.80820
-84.16667
-87.66355
-83.34336
-83.05763
-87.83556
-85.71007
-86.86988
-88.38767
-84.58711
-82.53117
-84.62482
-88.60995
-88.23029
-87.96837
-87.90796
-87.26728
-88.07126
-88.90421
-87.93069
-89.20252
-89.79828
-90.93833
-88.26467
-87.18394
-87.90194
-88.90359
-90.52846
-91.63386
-91.72348
-93.53194
-94.41844
-90.43435
-91.06608
-90.75868
-93.26491
-94.06311
-94.12168
-94.81191
-97.96199
-97.02842
-95.25229
-96.73749
-96.44984
-98.07789
-98.07730
-102.16275
-102.18040
-101.61032
-103.01718
-102.61029
-103.77505
-101.84687
-102.01618
-107.19549
-104.81028
-104.71648
-102.51689
-103.33763
-101.96878
-101.58031
-107.38400
-106.43062
-106.97078
-107.71604
-106.15011
-103.81466
-105.64111
-108.88232
-109.10334
-109.52696
-112.13471
-112.27189
-109.93024
-108.52774
-110.26660
-109.01198
-110.00043
-116.11501
-112.83064
-115.52187
-115.21260
-113.42288
-112.98448
-112.45078
-113.14702
-113.56660
-118.64427
-120.56125
-119.15226
-117.04843
-115.97449
-118.62648
-120.68668
-120.44750
-121.21560
-121.22946
-119.77147
-123.34168
-122.19648
-123.84569
-125.55985
-121.84276
-124.61534
-127.32633
-123.40407
-121.42190
-125.46403
-125.55272
-128.00188
-128.71589
-130.11956
-126.33344
-126.29657
-130.05797
-127.85844
-131.87847
-133.61839
-134.67454
-134.16459
-135.01247
-135.44168
-137.45956
-136.24719
-137.04909
-137.91681
-138.13161
-138.04553
-138.64911
-138.36745
-138.53929
-138.98571
-139.47302
-140.08686
-138.74223
-140.61532
-139.89540
-140.90650
-139.50374
