-97.82950
-79.80271
-74.06466
-75.89795
-75.42712
-76.58348
-77.08526
-77.74958
-78.34824
-78.80055
-79.37274
-80.38309
-80.38062
-81.39244
-82.02201
-82.31582
-83.32579
-83.51554
-84.59370
-84.39457
-85.14528
-84.84701
-85.23532
-79.52375
-78.11028
-78.25077
-77.86623
-77.68059
-77.19550
-77.02517
-76.24914
-79.88615
-85.28511
-84.77527
-76.46650
-74.99044
-75.92370
-76.18678
-77.03394
-77.19018
-78.25806
-77.87096
-79.04600
-78.51024
-79.06455
-78.80258
-78.32554
-78.43673
-78.22997
-77.81596
-77.85491
-77.51001
-77.30720
-79.76190
-81.74788
-81.09247
-79.68622
-80.83928
-81.64996
-83.10144
-82.21029
-82.89397
-81.99083
-81.07429
-80.33924
-80.35457
-80.44009
-74.95686
-76.44330
-79.44896
-78.57299
-80.12450
-80.50175
-80.57287
-82.52905
-82.23515
-83.15872
-86.48932
-86.22030
-87.36803
-87.20068
-87.03597
-85.26199
-85.28968
-83.07969
-83.36453
-81.55627
-83.83260
-82.72020
-78.58993
-80.28794
-81.30645
-80.61421
-80.85944
-80.78356
-80.12530
-80.14786
-79.52437
-78.93786
-72.83917
-72.50771
-73.46490
-73.31069
-74.92074
-75.14482
-76.42639
-76.71616
-77.74643
-77.90280
-79.10744
-77.86338
-78.07512
-78.99114
-79.07660
-79.16502
-79.25801
-79.21994
-79.27417
-79.61754
-79.56606
-80.20278
-76.77862
-78.00035
-78.80817
-80.18863
-82.67847
-86.01004
-88.10125
-87.19714
-85.83668
-83.14408
-81.85219
-73.13869
-72.02953
-74.05880
-76.10648
-77.37322
-77.49940
-79.05953
-79.25045
-79.88805
-80.17330
-81.80921
-83.94879
-83.37888
-82.70055
-83.22211
-81.13087
-80.90535
-79.57813
-79.12008
-78.06027
-78.10517
-76.85012
-75.09136
-74.92298
-77.41666
-79.88628
-81.17406
-83.26262
-84.13758
-85.80355
-85.80974
-84.75401
-83.28725
-73.94598
-71.94374
-74.22762
-72.86403
-73.88247
-74.65159
-75.08452
-75.36237
-75.80287
-75.47061
-77.27565
-78.28974
-79.67316
-79.61404
-82.43238
-80.83734
-82.67213
-80.42625
-81.91642
-79.84674
-81.28390
-79.00529
-76.38389
-76.86840
-76.86143
-78.20466
-78.11942
-81.88936
-76.93866
-83.65497
-74.78095
-101.67066
-63.74925
-58.28075
-62.38772
-64.43187
-69.29621
-73.74774
-75.18148
-78.83107
-75.50105
-81.58530
-76.26776
-82.22781
-75.02259
-82.54342
-75.06505
-89.33645
-69.77760
-54.46882
-56.52091
-62.31624
-65.45973
-72.18185
-74.54996
-75.88817
-78.36087
-74.82985
-97.15483
-60.22674
-54.78071
-61.06480
-64.88527
-71.08454
-78.60208
-63.16488
-59.53205
-63.27285
-65.02040
-71.18324
-72.59530
-73.50159
-76.06685
-76.17510
-79.71859
-75.08514
-82.03143
-73.37057
-85.93856
-72.72778
-83.05289
-62.35528
-54.22578
-58.06489
-62.78788
-66.22360
-73.18560
-75.62476
-78.70620
-77.45854
-77.68596
-80.89862
-57.03139
-56.00757
-64.28337
-65.90750
-75.04671
-71.86241
-60.21047
-59.39796
-63.73871
-65.83094
-73.16609
-71.18427
-75.43103
-72.70852
-75.93013
-79.25951
-79.06624
-86.11175
-79.66026
-103.93758
-76.62522
-79.05811
-58.46963
-55.27742
-60.70167
-63.43274
-67.85151
-73.40002
-77.30989
-85.71330
-78.07046
-118.97244
-70.74783
-54.25386
-56.70773
-64.71980
-66.14550
-78.02666
-67.87774
-59.89489
-60.79309
-65.10905
-67.54817
-76.70785
-73.64575
-82.77562
-74.89776
-84.39489
-77.58791
-83.85193
-76.67766
-80.77310
-77.70697
-79.19665
-78.36373
-54.91922
-55.49929
-61.91364
-64.12781
-71.11733
-74.79149
-75.79471
-82.31880
-75.61213
-85.78225
-63.15253
-54.30786
-58.75652
-64.13467
-68.73817
-80.16978
-64.28528
-58.92427
-61.77249
-64.61743
-68.70412
-72.89186
-71.78021
-75.64241
-72.15770
-76.96761
-71.93190
-78.40888
-73.62361
-92.04214
-74.69840
-87.59590
-66.78715
-54.29833
-57.65950
-62.69249
-65.07683
-72.90088
-75.95633
-79.01148
-82.20313
-77.18122
-90.04443
-59.10283
-55.01931
-61.70293
-64.50936
-72.11678
-75.53989
-62.14350
-59.42905
-63.26702
-65.13609
-71.72193
-73.10229
-75.31321
-76.09164
-74.93516
-78.00392
-74.22856
-79.73150
-72.40080
-83.99526
-72.08379
-80.95110
-60.19409
-54.18788
-58.58083
-61.90845
-67.66144
-73.27264
-75.73713
-79.32084
-77.54051
-79.94175
-77.68475
-55.99070
-55.78754
-63.57512
-65.55647
-77.23457
-70.09523
-60.72351
-60.04338
-64.06387
-66.53560
-73.96492
-72.00906
-75.08380
-72.00667
-74.70108
-74.19614
-76.20870
-77.59350
-77.00611
-81.38882
-72.81544
-106.26032
-57.33192
-54.85993
-60.06180
-62.76062
-69.80283
-76.24074
-76.73243
-83.43485
-76.90825
-92.65303
-68.03662
-55.15968
-57.84085
-64.21942
-66.22249
-81.04365
-65.87453
-58.69395
-61.11320
-64.32093
-67.45592
-72.70423
-70.91866
-76.17946
-71.62987
-77.30223
-72.09332
-78.39839
-74.39137
-80.35189
-74.15160
-79.07568
-71.51478
-54.54799
-55.55402
-61.11299
-64.82289
-72.34812
-74.36565
-74.68640
-78.38646
-73.45785
-101.42503
-61.41652
-54.36060
-59.90259
-64.84536
-69.17234
-80.19546
-62.36521
-58.59563
-62.55176
-64.11430
-68.81467
-70.24291
-71.07087
-73.95668
-71.88761
-76.01167
-71.84333
-77.64922
-71.18074
-78.82380
-70.42239
-87.74392
-63.01040
-53.96934
-57.05387
-61.71333
-66.79778
-74.10776
-74.43751
-76.26237
-76.44457
-75.08868
-84.23199
-57.84301
-55.27907
-61.86157
-64.81730
-72.88516
-73.99023
-61.33180
-59.23814
-63.77396
-65.39562
-72.03728
-71.41704
-74.13416
-74.04701
-76.27893
-78.08033
-75.87275
-78.77517
-72.84929
-81.69883
-70.72972
-90.03005
-58.50323
-53.94015
-59.57641
-63.48952
-68.54571
-73.64802
-75.15085
-78.50026
-74.88276
-82.04653
-72.65087
-55.84983
-56.53053
-64.10840
-66.19036
-80.08521
-68.79429
-59.16792
-60.17142
-63.75709
-65.70124
-70.56163
-69.00818
-72.38972
-69.71507
-73.08917
-71.90755
-74.38094
-71.48363
-72.08358
-72.22238
-71.01085
-75.08689
-56.03045
-55.21047
-61.04417
-63.45809
-68.59399
-73.31169
-74.58145
-77.00180
-72.67092
-85.46012
-64.47691
-54.77855
-58.43879
-64.18232
-67.14202
-81.36945
-64.38502
-58.96081
-60.97839
-63.78322
-67.52146
-70.99962
-70.03040
-73.02355
-70.45361
-74.07415
-70.38561
-74.02633
-70.42195
-74.90817
-70.34948
-76.43666
-66.61719
-54.37611
-56.77153
-61.56801
-64.57372
-70.42451
-71.64501
-72.70901
-75.16886
-73.33917
-91.26890
-60.04326
-54.69612
-61.10236
-64.95647
-69.88602
-75.84902
-62.18847
-58.81226
-62.25676
-63.74158
-67.29079
-68.83937
-71.68836
-75.35749
-74.13021
-77.55703
-71.38304
-73.58142
-69.09005
-73.39139
-68.01942
-84.42071
-61.50843
-54.25521
-58.17850
-62.08588
-66.16832
-70.47622
-70.05636
-70.62132
-69.85279
-70.84729
-75.81629
-56.76252
-55.51237
-62.75592
-65.56468
-74.93834
-72.07944
-60.30353
-58.97633
-63.34778
-64.43429
-70.20590
-68.82313
-71.88510
-71.60562
-74.64323
-75.96670
-75.94819
-74.74906
-70.65131
-72.84590
-68.26570
-78.76644
-57.30898
-54.58057
-59.75112
-62.82941
-68.17714
-72.68796
-71.91990
-74.20993
-71.51916
-76.07572
-68.47411
-55.37943
-57.35273
-64.28397
-66.43410
-80.06730
-67.98233
-58.83059
-60.43641
-64.21662
-65.78966
-73.05974
-70.64019
-76.70921
-71.74640
-76.50853
-71.75339
-75.43429
-73.05147
-75.37817
-74.05408
-75.98853
-76.80775
-55.46699
-55.65938
-61.11192
-64.45381
-71.53769
-73.26272
-72.23419
-77.26669
-74.50341
-82.81500
-63.44197
-54.38075
-59.52237
-64.69217
-68.42912
-79.04042
-63.43655
-58.50570
-61.36417
-63.86818
-67.76639
-71.50251
-70.76603
-74.61270
-71.94079
-78.28635
-73.16930
-78.46838
-70.72554
-79.72215
-71.99018
-94.87446
-66.30694
-54.37366
-57.05254
-61.62932
-65.58056
-71.23703
-75.11771
-77.86815
-81.03601
-75.72730
-97.99642
-59.13508
-55.12944
-61.74706
-64.60181
-71.74294
-75.80521
-61.20033
-58.51976
-62.16045
-64.33572
-70.35892
-70.66103
-72.75896
-74.32816
-74.62947
-78.35888
-75.06763
-77.18953
-72.42170
-83.03597
-71.26151
-87.56891
-60.23686
-54.04629
-59.00362
-62.93518
-67.27768
-73.74553
-75.58870
-80.09599
-76.80306
-78.18851
-74.71868
-56.29093
-55.98835
-63.98320
-65.26926
-74.35965
-70.62328
-59.31829
-59.46113
-63.36302
-64.47011
-70.86991
-69.56650
-73.30535
-71.34729
-72.65378
-70.93693
-72.80769
-73.42396
-73.52423
-77.97758
-72.99554
-93.25737
-56.98071
-54.66857
-60.84710
-63.96971
-68.99322
-74.07662
-72.78390
-77.15852
-73.26724
-83.42049
-66.66674
-55.06288
-58.16447
-64.62451
-66.53032
-73.90214
-65.59906
-58.92204
-60.51322
-64.32340
-66.05198
-70.37618
-67.92699
-70.21559
-68.22629
-72.30178
-71.13749
-76.31166
-71.96041
-77.75777
-73.78115
-78.68487
-70.07641
-55.17314
-56.41874
-61.16109
-64.63837
-70.52385
-72.59490
-71.72757
-74.60691
-71.37691
-81.74474
-60.69103
-54.47943
-60.01844
-64.35661
-68.30537
-71.90506
-62.12295
-58.61516
-61.63474
-63.31213
-66.38213
-67.78287
-68.43957
-70.51849
-69.18934
-71.75494
-68.67951
-73.27149
-69.11778
-75.41087
-69.26200
-81.40204
-61.53229
-53.69709
-57.78052
-61.38719
-63.03581
-66.58240
-67.46954
-69.63976
-72.28950
-70.53770
-75.73102
-57.47868
-55.26330
-62.31463
-64.32206
-68.66939
-66.93773
-59.08731
-58.17583
-62.34662
-62.93571
-66.47694
-66.91212
-68.27520
-67.77438
-68.40725
-68.78600
-66.05631
-66.98265
-68.01622
-72.46511
-68.45447
-92.46168
-58.58901
-54.27298
-59.73917
-62.83958
-66.93401
-68.20723
-66.17146
-68.14668
-68.16962
-71.35594
-70.28511
-55.99794
-56.50316
-63.86308
-65.66251
-75.12694
-66.23751
-58.68164
-59.51405
-62.85728
-63.57679
-66.46753
-66.79674
-68.34095
-67.70202
-68.74925
-67.94078
-69.63135
-66.81447
-67.20861
-66.71390
-66.40176
-70.15398
-55.98048
-55.71427
-60.91101
-63.23097
-68.60769
-71.25966
-70.94343
-71.35598
-69.17724
-72.91320
-62.94189
-54.68539
-58.51856
-64.15428
-66.55715
-73.49148
-64.32615
-58.33986
-59.63296
-62.64802
-63.75097
-65.80129
-64.83696
-66.79202
-65.88808
-69.21345
-67.79760
-70.57376
-67.50682
-71.53538
-68.59261
-72.82617
-65.78397
-54.31375
-56.33459
-60.70036
-64.79677
-70.60698
-69.98517
-68.68118
-69.41925
-67.53937
-73.46904
-59.16737
-54.90608
-60.79604
-64.44211
-67.40171
-70.47619
-60.67986
-57.88465
-62.19320
-63.08652
-66.18644
-65.83978
-66.99240
-65.88790
-66.99090
-69.85148
-69.27385
-71.48809
-70.81230
-71.45474
-70.82907
-72.55901
-71.10177
-73.83975
-72.24785
-75.22665
-71.45855
-74.38047
-70.10687
-69.62472
-69.99793
-71.46068
-70.27644
-70.73023
-70.07797
-70.35668
-71.59632
-72.38328
-73.96480
-53.47314
-51.49272
-54.27174
-54.58623
-56.37356
-56.13805
-57.44396
-57.42241
-58.58610
-59.96341
-60.64023
-61.54683
-61.89312
-63.44404
-62.99084
-68.12161
-56.10215
-54.06139
-59.29284
-61.41273
-66.14440
-67.71452
-66.56570
-68.45607
-66.61374
-69.57406
-64.22034
-55.44555
-57.02236
-64.71768
-64.72112
-76.59600
-65.59557
-52.47232
-52.83240
-53.85612
-54.03706
-56.18794
-56.05204
-57.95024
-58.29275
-61.18073
-61.12118
-62.32776
-61.13041
-62.46517
-62.69631
-64.33959
-64.83218
-54.38386
-55.56958
-59.97423
-62.81053
-68.51362
-68.16160
-70.21563
-71.55780
-68.55538
-74.54793
-61.59235
-54.73845
-58.74246
-64.87567
-65.69451
-79.34773
-59.68805
-51.94178
-53.16852
-54.78624
-55.80692
-55.94246
-56.79041
-57.81318
-58.63443
-60.52568
-60.72322
-62.96876
-61.17519
-64.95571
-62.97454
-69.04126
-61.17464
-53.84486
-56.35821
-59.02946
-62.17309
-64.52732
-63.82899
-64.94167
-65.41460
-65.45609
-67.98392
-57.60726
-55.19422
-60.61781
-63.69107
-66.31607
-70.97401
-55.32958
-51.74212
-53.68192
-53.76571
-55.68888
-55.93767
-57.23016
-57.90963
-59.35789
-60.65705
-60.76990
-61.62300
-61.67087
-63.76765
-62.17919
-68.29602
-58.19739
-54.33231
-57.89378
-61.49309
-64.55074
-66.87533
-66.25627
-67.90453
-66.54399
-67.85725
-66.55051
-55.93699
-56.23693
-63.31630
-64.74575
-71.30549
-67.55308
-53.55437
-52.82554
-54.70806
-55.06868
-56.39841
-56.26010
-57.92626
-57.22600
-59.16593
-59.94711
-61.78342
-61.42924
-62.93325
-64.68367
-64.68080
-68.31867
-56.93781
-55.11306
-59.20656
-62.97726
-66.19703
-69.25883
-67.93820
-70.26347
-67.39463
-71.80057
-63.91263
-55.05845
-58.05854
-64.34184
-65.87211
-79.48365
-63.39206
-54.11944
-54.66015
-56.09877
-56.84360
-57.94598
-57.90552
-59.89111
-59.66922
-61.53724
-61.35774
-62.76831
-62.64055
-64.93944
-64.66107
-66.76534
-65.66523
-54.79128
-55.76344
-60.97306
-64.33200
-68.52830
-70.05371
-70.07743
-73.43544
-70.23468
-81.51199
-60.61545
-54.68251
-60.01994
-64.79204
-68.99721
-76.07770
-59.43367
-51.31325
-53.08450
-55.41220
-54.94746
-55.54922
-56.88742
-58.04582
-57.73965
-60.43079
-59.72761
-61.74680
-60.75543
-63.17718
-62.21738
-67.13327
-59.75466
-53.87195
-57.76197
-61.78756
-65.08932
-67.81687
-68.33104
-70.06817
-71.22314
-66.84928
-69.23783
-57.23331
-55.45479
-61.47267
-64.75335
-65.40281
-68.82610
-55.83405
-51.63797
-56.09332
-55.10432
-55.22918
-55.97865
-56.97995
-58.44836
-58.90279
-60.03071
-60.43276
-61.30526
-61.86023
-63.66489
-62.50858
-68.80778
-56.79882
-53.95277
-58.85338
-62.21675
-64.56735
-66.70582
-68.02318
-69.02018
-67.66900
-69.95543
-67.17439
-55.46584
-56.73546
-63.12326
-64.38329
-68.61941
-66.88601
-54.50938
-52.61162
-55.61362
-54.51412
-55.60107
-56.67065
-58.52507
-58.10360
-59.57344
-60.28856
-61.82916
-62.58321
-63.59603
-64.73355
-63.98619
-66.16311
-55.53777
-55.83452
-61.13572
-63.11563
-65.78936
-68.25570
-68.78944
-70.74823
-67.38984
-73.57481
-62.71264
-54.84353
-58.81651
-64.53645
-66.77924
-71.10428
-63.64390
-53.16942
-54.37966
-56.37163
-54.87082
-56.50063
-56.66282
-58.86301
-58.60211
-60.25857
-60.13050
-61.79288
-61.33549
-63.59916
-63.54862
-65.62424
-63.54241
-54.57889
-56.64440
-62.66687
-64.58852
-67.62487
-69.19912
-70.52428
-71.55839
-70.19545
-78.47403
-59.80981
-54.82629
-61.05550
-64.39065
-69.43483
-72.34723
-58.62881
-51.59919
-52.29466
-55.92293
-55.49189
-56.27513
-56.89529
-57.96267
-58.60771
-60.30245
-60.40755
-63.04337
-61.91968
-64.47310
-62.42520
-68.18582
-59.24616
-53.95108
-58.87197
-60.68489
-66.09475
-69.02271
-66.83300
-68.69031
-68.68003
-69.10431
-71.71584
-56.90127
-55.73103
-62.68893
-66.49579
-70.74645
-80.71627
-52.89808
-51.15868
-55.39703
-53.29223
-56.24685
-56.31409
-58.17072
-58.00572
-59.98417
-60.53315
-61.16560
-62.12372
-62.64094
-64.92462
-63.85365
-68.72403
-56.56699
-54.79997
-58.57126
-63.88730
-66.51484
-68.91505
-68.57812
-69.94083
-68.08776
-70.51003
-65.73209
-54.94225
-57.18844
-63.90146
-66.10119
-73.76138
-69.16061
-53.65969
-51.96225
-54.15985
-54.24811
-56.22825
-55.87396
-57.44954
-57.84707
-59.60407
-59.20555
-60.33680
-60.88421
-61.84531
-62.37674
-62.42824
-62.53892
-55.59138
-55.39794
-58.96200
-62.40223
-64.01089
-66.16461
-65.06228
-66.89172
-64.78616
-68.59517
-59.73775
-54.53339
-59.07929
-63.31662
-66.10843
-72.27781
-61.33676
-52.42951
-53.08716
-54.39125
-54.66931
-56.26963
-56.79149
-58.11763
-58.39375
-59.98692
-59.80644
-61.49266
-61.28062
-63.83622
-62.57030
-65.94040
-61.32090
-54.17396
-56.39664
-60.49617
-62.28515
-65.70323
-66.11951
-66.32009
-66.98761
-65.50019
-68.46257
-57.50152
-55.12025
-60.64263
-64.38500
-65.53229
-70.87250
-56.43945
-51.53874
-54.24645
-54.91686
-56.23499
-56.41803
-58.04092
-58.49077
-59.21944
-60.77139
-60.77898
-63.11973
-62.34396
-65.88230
-63.05743
-69.77858
-58.05358
-53.49586
-57.75908
-60.02583
-62.01314
-63.78311
-63.44074
-65.46031
-63.97361
-64.79001
-64.54218
-55.54502
-56.19113
-62.37463
-62.84933
-65.35804
-64.39007
-52.75161
-51.59614
-54.25327
-53.81966
-56.34776
-55.84701
-57.58112
-58.44267
-59.45852
-60.10361
-61.14103
-61.23838
-61.69131
-63.55571
-62.51680
-66.39689
-54.87516
-54.23551
-59.46644
-61.93027
-65.48737
-64.73943
-64.37205
-65.25196
-64.03988
-66.82888
-62.22374
-55.13607
-57.83835
-63.76274
-63.28451
-69.67491
-61.47915
-51.57974
-52.73952
-54.34038
-54.58415
-56.92382
-56.54478
-58.64872
-58.26524
-59.83318
-59.71481
-62.18695
-60.99120
-62.62266
-62.73066
-64.26802
-63.91545
-53.96384
-55.60470
-60.12336
-63.07112
-67.54256
-67.09343
-67.82005
-68.49218
-65.90991
-70.56799
-59.59629
-54.59971
-59.73513
-64.36664
-66.53641
-71.01768
-59.86161
-53.32580
-54.98877
-55.92259
-56.64283
-57.97756
-58.48423
-59.90562
-59.87058
-61.83616
-62.01890
-64.20715
-62.92147
-65.69080
-64.08018
-68.89582
-60.67066
-54.27016
-57.39891
-60.96118
-64.41555
-68.15532
-67.65663
-67.56882
-66.64165
-66.04795
-69.58362
-57.16755
-55.21898
-62.15517
-63.99221
-67.93190
-68.36479
-56.29694
-53.06433
-53.25330
-52.74663
-55.04330
-56.15505
-57.42540
-58.35428
-59.37115
-60.63160
-60.67609
-61.72997
-61.93841
-63.82669
-62.35978
-66.59976
-56.94166
-54.07278
-57.85067
-60.13684
-64.40994
-66.88943
-66.31444
-68.17294
-66.70948
-66.44458
-64.55197
-55.52935
-56.58529
-62.73004
-64.19613
-69.88930
-65.40886
-55.49143
-53.38961
-53.41851
-53.77554
-56.38920
-56.63031
-58.24062
-58.37007
-59.72841
-60.38330
-61.63491
-62.03882
-63.17409
-63.58157
-64.30831
-65.46162
-55.40856
-55.64878
-59.19398
-60.82802
-65.19921
-67.36030
-66.14604
-67.53311
-66.35951
-71.07160
-61.89564
-54.66190
-58.55598
-64.08574
-64.92008
-70.86109
-61.76376
-53.22045
-52.88713
-53.07141
-54.04442
-56.34837
-56.45053
-57.65718
-57.86574
-60.30616
-60.47019
-62.39104
-61.88107
-64.25346
-63.28615
-65.51458
-62.63821
-54.36697
-56.13093
-59.58892
-62.04287
-66.24238
-66.57652
-66.21183
-67.37326
-66.08234
-71.13461
-58.82902
-54.92974
-60.60032
-64.52030
-67.05180
-71.55736
-58.66031
-51.82429
-52.40662
-52.73249
-55.14013
-57.23907
-57.32538
-58.60445
-58.64760
-59.99033
-60.06152
-62.42802
-61.70388
-64.87778
-62.72772
-68.40898
-59.12266
-54.06352
-57.61552
-60.59961
-64.00208
-69.44094
-67.66226
-68.23768
-68.16456
-68.81761
-69.96472
-56.81007
-55.79645
-62.64751
-65.11489
-69.45272
-72.77056
-53.86920
-53.22286
-53.79984
-53.30075
-56.41795
-55.69744
-57.73372
-57.59684
-59.32521
-59.25451
-60.83847
-61.89699
-62.40704
-63.84225
-63.29768
-67.91963
-56.57859
-53.69114
-60.46345
-61.99540
-64.87029
-69.09264
-65.64366
-69.04739
-67.60090
-73.91406
-66.18709
-55.42579
-57.14698
-64.46186
-65.44184
-75.29533
-65.27204
-55.36609
-51.36704
-53.80387
-55.67074
-55.58751
-56.86368
-57.81023
-58.41498
-59.38419
-60.36373
-61.53701
-62.50371
-63.93309
-64.49478
-65.50450
-66.25090
-54.80008
-56.74881
-60.18666
-62.36128
-68.67726
-65.27896
-66.65789
-66.60396
-65.33899
-67.50092
-60.52990
-54.51699
-59.39396
-64.63446
-66.65624
-74.72093
-61.69944
-52.63600
-52.38154
-54.21998
-54.84191
-56.30033
-56.91478
-58.31747
-58.15841
-60.33264
-60.10851
-61.89236
-60.95470
-62.66015
-61.87717
-65.24650
-61.07305
-54.11944
-56.90380
-59.79075
-63.27334
-65.56870
-65.57103
-65.66283
-65.91325
-65.20796
-68.48193
-57.75590
-55.00606
-61.11847
-64.46636
-67.22865
-71.96138
-58.69838
-52.49744
-53.66634
-54.26957
-55.40663
-55.98256
-57.15107
-57.74919
-58.87588
-60.37215
-60.26749
-61.94260
-61.16939
-63.94403
-62.01025
-67.36315
-58.54480
-54.63108
-58.06718
-60.76713
-64.60081
-65.76266
-65.49770
-65.97418
-65.70903
-66.10052
-66.39931
-55.45916
-56.12005
-62.24652
-64.12490
-66.78586
-66.61253
-57.06247
-52.51501
-54.30777
-54.34028
-56.12878
-56.74929
-58.46072
-58.94547
-60.02609
-60.65796
-61.12555
-62.93240
-63.14401
-65.01867
-64.25114
-68.36262
-56.48678
-55.03432
-58.44776
-61.59627
-63.72311
-64.98685
-64.80763
-65.99495
-64.49113
-67.20143
-62.08224
-54.59966
-58.28409
-62.48185
-64.35531
-66.66653
-64.23175
-53.99201
-52.34679
-54.48519
-54.88243
-56.22961
-56.50128
-58.54005
-58.73419
-59.99966
-59.17561
-60.97647
-61.06425
-62.93607
-63.30187
-65.52978
-64.25430
-55.37055
-55.61906
-59.60104
-62.69377
-64.56731
-66.46746
-65.18819
-67.76629
-65.39820
-71.28657
-58.99720
-54.96690
-60.03712
-63.69110
-67.13897
-70.85112
-60.56648
-52.06940
-53.22684
-54.59346
-55.17577
-56.03133
-56.68763
-58.20655
-58.41736
-60.53849
-60.41908
-62.48692
-61.34223
-63.43790
-62.12980
-65.77813
-60.68309
-54.71659
-56.76947
-61.67412
-64.13485
-66.15914
-69.76952
-70.08058
-71.66087
-68.55800
-72.22481
-56.71726
-55.23460
-62.55146
-63.78546
-71.56845
-73.91684
-56.02845
-52.42432
-55.10666
-55.99455
-57.75462
-58.02914
-59.68085
-60.27141
-61.08154
-61.52277
-62.22724
-63.49637
-62.98874
-65.83573
-63.76523
-69.42345
-57.97196
-54.51271
-58.31125
-62.17070
-65.19839
-68.49475
-67.62553
-72.49781
-70.50285
-74.59027
-69.04481
-55.67177
-56.59462
-64.06697
-65.65995
-75.92662
-68.30961
-51.00511
-50.21438
-53.73270
-54.75064
-56.59813
-55.71058
-57.48874
-57.68537
-59.83432
-59.67719
-60.98114
-61.39071
-62.22859
-62.90193
-63.16647
-64.46256
-54.69015
-54.26853
-58.72889
-62.54645
-66.63160
-66.49508
-67.02879
-72.24691
-67.58693
-70.14323
-60.97967
-54.66765
-58.05947
-64.06816
-64.03953
-74.68019
-58.48324
-49.80702
-51.89551
-54.14224
-55.15283
-55.81185
-55.64171
-57.51652
-57.60867
-59.14833
-58.98316
-61.02598
-60.67541
-63.28685
-62.35880
-65.75707
-61.91381
-54.05756
-56.02065
-60.63203
-64.03990
-66.77255
-65.69329
-65.93074
-66.90608
-66.08030
-71.89725
-59.00616
-54.79050
-60.18968
-64.28121
-65.33093
-78.54033
-55.14313
-49.39940
-52.68230
-54.74909
-56.78815
-56.94167
-57.01142
-58.25653
-58.91188
-60.40705
-60.85858
-63.21971
-61.76253
-65.54353
-62.84856
-67.53905
-59.58439
-54.06633
-57.72107
-62.37913
-66.23664
-68.85034
-68.68610
-72.23220
-71.88163
-73.35613
-73.93810
-57.18057
-55.76404
-62.16120
-63.72789
-67.69775
-69.31070
-52.58142
-50.20102
-53.39344
-55.58197
-56.74510
-55.78358
-57.94671
-58.02056
-59.63130
-59.92728
-61.17898
-62.08073
-62.33726
-63.60112
-63.16915
-67.86650
-56.42196
-54.30453
-59.18095
-63.06898
-66.25369
-67.11040
-67.77196
-70.46120
-67.91268
-70.32079
-65.20927
-55.08879
-57.16368
-63.64966
-65.00000
-70.48877
-64.27127
-52.03652
-50.96193
-55.43524
-54.77313
-56.38440
-56.10658
-57.36975
-57.96429
-59.48844
-60.15041
-61.71656
-62.13524
-63.25802
-64.34552
-64.15782
-65.19375
-55.10242
-55.56418
-60.35566
-63.16625
-66.16863
-66.79486
-65.94814
-69.22643
-67.46020
-79.49114
-61.76404
-54.97159
-58.88696
-65.25484
-65.32867
-94.68010
-58.81743
-51.06956
-54.89209
-53.32085
-55.37524
-57.61162
-57.02911
-59.26921
-59.20892
-61.05960
-60.16379
-62.09639
-61.17992
-64.47913
-62.35760
-66.92940
-60.64115
-53.70955
-56.71033
-60.75382
-63.23844
-68.57416
-66.75074
-68.19486
-68.11126
-67.41017
-70.85535
-58.02185
-54.79066
-61.21880
-64.22768
-66.67772
-73.73700
-55.21449
-51.64425
-53.92454
-54.55322
-55.49790
-56.31845
-57.11775
-58.03183
-58.68522
-59.92854
-60.60371
-61.84718
-61.88573
-63.63010
-62.34227
-66.08668
-58.26824
-53.89697
-57.84549
-61.57432
-64.12757
-66.47884
-65.96592
-67.88675
-66.45855
-66.90463
-65.22879
-55.56363
-56.07290
-62.48809
-64.38138
-68.98048
-65.84994
-54.14683
-52.68215
-54.13575
-54.26899
-56.60877
-57.17653
-59.13951
-58.89253
-60.90832
-61.08189
-61.37528
-62.13006
-62.48203
-63.90006
-63.13163
-66.36329
-55.51824
-54.13172
-59.81718
-60.60372
-63.48429
-64.68339
-64.68136
-65.47950
-63.19665
-65.95026
-61.13405
-54.77565
-57.84492
-62.38622
-62.80063
-65.14999
-61.74796
-53.93125
-52.40102
-54.61344
-54.79850
-56.42775
-56.42045
-58.20501
-58.61665
-60.80568
-60.84720
-62.57756
-62.98438
-64.46242
-64.85796
-66.20419
-64.85487
-53.98205
-55.88156
-59.68055
-61.37862
-64.27300
-64.12723
-65.10729
-66.24752
-64.64017
-68.77120
-59.11731
-54.67328
-59.46313
-63.05072
-64.41225
-67.92616
-59.43518
-52.89739
-53.58156
-54.25039
-55.21051
-55.53509
-56.53298
-58.27615
-58.49030
-59.64920
-59.87287
-62.33852
-61.12400
-64.25954
-62.66294
-67.61294
-60.12978
-53.96656
-57.53596
-60.20928
-63.57424
-67.37750
-65.99550
-66.43575
-66.86837
-66.85030
-70.21636
-57.03001
-55.90992
-61.37526
-64.61643
-68.54335
-69.44248
-58.43191
-52.53385
-53.88115
-54.12563
-55.80067
-56.40801
-58.23664
-58.76559
-59.44772
-60.86083
-61.11922
-61.99227
-61.74825
-64.98550
-63.03181
-68.54319
-57.92726
-55.21492
-57.92413
-62.31731
-65.48279
-66.72625
-68.91460
-69.90983
-69.27968
-69.07614
-66.93596
-54.76837
-56.61071
-64.30144
-63.93526
-77.01139
-66.22848
-55.20035
-54.81832
-55.96053
-56.19035
-57.92452
-58.27835
-60.07882
-60.48934
-62.24688
-61.80292
-63.32880
-63.19591
-64.27657
-64.79178
-65.54397
-67.51796
-56.27836
-55.34229
-60.46653
-63.49954
-66.75781
-70.69315
-69.73700
-74.20490
-69.96701
-79.77880
-63.60325
-54.81616
-58.67159
-64.73241
-67.62533
-82.17275
-64.31272
-54.60231
-55.33683
-55.77689
-54.86646
-56.18264
-56.78469
-58.56377
-58.84775
-60.43584
-60.11008
-61.96360
-60.82966
-62.26224
-61.92926
-64.63445
-60.99066
-53.82856
-56.11703
-60.21580
-62.66642
-64.68450
-64.58347
-65.23521
-66.93584
-64.89077
-68.00550
-58.13278
-54.75173
-60.10286
-63.37381
-65.71346
-69.67740
-59.84089
-54.40670
-55.45246
-54.28708
-54.44791
-55.75420
-57.40278
-58.41000
-58.86332
-60.12260
-59.25997
-61.72105
-61.47779
-64.23174
-63.33373
-68.17937
-59.26717
-54.20849
-58.76837
-62.19771
-63.17744
-65.96570
-65.83043
-66.58700
-67.14160
-67.69196
-69.42762
-56.37548
-55.80051
-62.51439
-63.69612
-66.75446
-67.67085
-56.50633
-53.73620
-55.30092
-54.03592
-55.18127
-56.02395
-57.74120
-58.33237
-59.18501
-59.83027
-60.78145
-62.09744
-62.06056
-64.84286
-63.65617
-67.64164
-56.94427
-54.86216
-59.66986
-61.57845
-64.30476
-67.64775
-69.26315
-71.62280
-69.62227
-73.94938
-66.68996
-55.18585
-57.28893
-64.12118
-65.41959
-71.03185
-64.66349
-55.59205
-55.03169
-55.23876
-54.20239
-56.51403
-56.53214
-58.17671
-58.22172
-60.17269
-60.33625
-62.08161
-61.91608
-63.22429
-64.24295
-65.15989
-65.21059
-55.08735
-56.00844
-60.56301
-62.52944
-66.28274
-69.67157
-70.29409
-72.82706
-68.48579
-76.45712
-61.27140
-54.92934
-59.17247
-65.16717
-66.36646
-82.87948
-60.76021
-54.31755
-53.89441
-52.79607
-54.94803
-55.72946
-56.87574
-57.58318
-58.47883
-60.44939
-60.99108
-62.33466
-61.76646
-63.63603
-62.60047
-65.37739
-62.11167
-53.95680
-56.61898
-63.31443
-63.21345
-69.20153
-69.24417
-72.20250
-74.78592
-71.51177
-77.07640
-58.11210
-55.20617
-61.50529
-65.22701
-71.06482
-76.37928
-58.33221
-50.96936
-52.52593
-55.15191
-54.93535
-56.57333
-57.81092
-58.26823
-59.30729
-60.50733
-61.65498
-62.62757
-63.20193
-64.30636
-65.70541
-66.56044
-66.43250
-67.10516
-67.22436
-69.52800
-68.92353
-70.02094
-67.74803
-69.06583
-68.02715
-69.52574
-69.52297
-71.76234
-70.92512
-73.80844
-72.49755
-77.37076
-74.89990
-55.86192
-54.43569
-55.95827
-55.75625
-57.30534
-57.28238
-58.17277
-58.96102
-60.77280
-60.83726
-62.08220
-63.06091
-63.36051
-64.67332
-63.72880
-67.58153
-56.25024
-55.29590
-59.87513
-62.66355
-68.14541
-70.62183
-70.58136
-73.75863
-70.85003
-79.82718
-66.06730
-55.02252
-57.94637
-64.55394
-66.36212
-77.31964
-64.21990
-52.81966
-52.13393
-53.26018
-54.31502
-56.38335
-56.85705
-58.91401
-58.59442
-61.11380
-60.64191
-62.34767
-61.76039
-63.95922
-63.72966
-65.72812
-64.73388
-54.45525
-55.98964
-60.96827
-63.16973
-67.77417
-70.32776
-70.24593
-73.66508
-71.07997
-86.13395
-61.23963
-54.81135
-60.31300
-64.94140
-69.20459
-79.58783
-61.16822
-54.44775
-55.58252
-55.82569
-56.50016
-57.23035
-57.68668
-58.84168
-59.23507
-61.24805
-60.64263
-63.09843
-62.14606
-65.68139
-63.87860
-69.32682
-61.19917
-54.30124
-57.23513
-61.09576
-64.78847
-70.29840
-71.09602
-74.11449
-74.94709
-74.21030
-85.24195
-57.87428
-55.44209
-62.20984
-65.86872
-70.80435
-79.54059
-54.95846
-50.87199
-53.52616
-54.23025
-55.91366
-56.67537
-57.91237
-58.75179
-60.01277
-61.10336
-61.90944
-63.20607
-63.13331
-65.55251
-64.09162
-69.99239
-57.73972
-54.08872
-58.95598
-63.17638
-67.64626
-70.49149
-71.13422
-73.91351
-72.46795
-77.85063
-71.76056
-55.89806
-56.72296
-64.33728
-66.29665
-77.32995
-68.55186
-55.77464
-53.99566
-55.88560
-55.44719
-57.03174
-57.24386
-58.93388
-58.81842
-60.11063
-60.73330
-62.07047
-62.69590
-63.82106
-64.41072
-65.16031
-67.60132
-55.66966
-55.14556
-59.88893
-62.70192
-66.34421
-70.85602
-72.82251
-78.81838
-72.67683
-92.32094
-64.01695
-54.89110
-58.47441
-65.18565
-67.30748
-92.12229
-62.31086
-52.74042
-54.08926
-55.13642
-55.55605
-57.86736
-57.71280
-59.30086
-59.35732
-61.23166
-61.42879
-63.36212
-62.99534
-66.34819
-64.77274
-68.86217
-64.05464
-54.29888
-56.61944
-61.04826
-64.32525
-70.50145
-72.50403
-72.74727
-75.11813
-71.82806
-84.50070
-59.67664
-54.89569
-60.73654
-66.06797
-69.30231
-91.92911
-58.56363
-51.65297
-52.76552
-53.76882
-56.40761
-56.63008
-57.84273
-58.69948
-59.19435
-60.69076
-60.58925
-62.99674
-61.39390
-63.65998
-61.67824
-67.08251
-58.42441
-53.57444
-56.99443
-60.49925
-64.59653
-67.54023
-65.35086
-65.03020
-65.25023
-65.82894
-67.64026
-56.73473
-55.62432
-62.32166
-65.61544
-71.63366
-75.19065
-55.11047
-51.51491
-53.41566
-54.20658
-56.90631
-56.82760
-57.67641
-57.93092
-59.68730
-60.59916
-61.24016
-62.58405
-62.37317
-65.24330
-63.81906
-70.07456
-56.84889
-54.46894
-58.89997
-61.94416
-67.75965
-70.07532
-68.11378
-69.93218
-68.31490
-75.30331
-67.35029
-55.24669
-57.19862
-63.00395
-64.03830
-70.98666
-65.22623
-52.29285
-51.41594
-53.34777
-54.06149
-57.38456
-56.92848
-58.96187
-58.91720
-61.06799
-60.87318
-62.31863
-62.27362
-64.03544
-64.32201
-65.34299
-66.94887
-54.96298
-55.04904
-59.68643
-63.19580
-69.44400
-72.76291
-71.19655
-74.09997
-69.74856
-81.12574
-61.75871
-54.85024
-59.34256
-64.68790
-65.05444
-75.61389
-59.55502
-51.27091
-52.26529
-53.53769
-55.72736
-57.01148
-56.91899
-58.79600
-59.06238
-60.50652
-60.82216
-63.28741
-62.23418
-65.32584
-63.44581
-67.84625
-62.64482
-54.12022
-56.32485
-60.53424
-64.97260
-71.81368
-70.83686
-72.85757
-71.70114
-70.22557
-76.13828
-58.85576
-54.90099
-61.76512
-64.86054
-72.07023
-73.28824
-57.99220
-52.25733
-52.70321
-55.66692
-55.93307
-56.80812
-57.72077
-58.29797
-59.60139
-61.11647
-61.08106
-63.13778
-62.51907
-66.15021
-63.78910
-71.99174
-58.36790
-54.60549
-59.38028
-60.16985
-69.59750
-71.11181
-71.98366
-76.36954
-74.72234
-78.44097
-77.15837
-56.31639
-56.18941
-63.46441
-66.09016
-72.21281
-74.09839
-53.05114
-51.23359
-56.15056
-53.91741
-56.50275
-56.44524
-58.18810
-58.90178
-59.87266
-60.33688
-62.26801
-62.62257
-63.60079
-65.09685
-65.18861
-68.73728
-57.05533
-55.28064
-58.42737
-65.59489
-66.73501
-71.95798
-71.92473
-74.26553
-72.73459
-84.50081
-66.63187
-54.89574
-58.18938
-64.15741
-67.04777
-80.53069
-65.26296
-53.66189
-52.55903
-54.58963
-55.04402
-56.73415
-57.18859
-58.63803
-58.80547
-61.04654
-60.77100
-62.44713
-62.48380
-63.89709
-64.38160
-66.78510
-64.91905
-54.67524
-55.36449
-59.84282
-62.85485
-67.21752
-70.64041
-70.70972
-73.48678
-70.09745
-88.31141
-60.75014
-54.71001
-59.78719
-65.82317
-67.38205
-96.48399
-58.45576
-51.47361
-54.46145
-54.80422
-55.94119
-56.58129
-57.53097
-59.22650
-59.11947
-60.78933
-60.79022
-63.21067
-62.50190
-65.98433
-63.71602
-69.64267
-60.92224
-54.46920
-58.35013
-62.39138
-66.15574
-70.55311
-71.55583
-72.67871
-73.82724
-73.14544
-80.45429
-57.60095
-55.40074
-62.14238
-65.39335
-71.08611
-75.76403
-57.87493
-51.70169
-53.47285
-54.35913
-55.87531
-56.72771
-57.93176
-58.65951
-60.13041
-61.13987
-61.48225
-63.09339
-62.78014
-66.08620
-63.78823
-70.63352
-57.45388
-54.13909
-58.15502
-61.67384
-65.29214
-70.05363
-69.40903
-75.51198
-72.85030
-80.11035
-71.55727
-55.92379
-56.69062
-64.15096
-65.94615
-77.41832
-69.11184
-52.66148
-52.66970
-56.08106
-55.50121
-56.81498
-57.27550
-58.52118
-59.01391
-61.08543
-60.63342
-62.30331
-62.01713
-64.10565
-64.77737
-65.71654
-68.19607
-55.74439
-55.55303
-60.90452
-64.60396
-70.05709
-73.75883
-73.54477
-78.80573
-72.59510
-88.00293
-64.63689
-54.88606
-58.72943
-64.51261
-67.93132
-78.46603
-63.64094
-52.79433
-51.97534
-53.79432
-54.98380
-56.66230
-57.02292
-59.18695
-58.93255
-61.51385
-60.98537
-63.00028
-62.24937
-64.53928
-64.16916
-67.32813
-63.39298
-53.99390
-55.92469
-60.40493
-63.74851
-68.60341
-70.68291
-71.62948
-74.04376
-70.39395
-93.36581
-59.62642
-54.90862
-60.86918
-65.22570
-70.02008
-79.60811
-59.82544
-52.30885
-54.28131
-54.87938
-55.87839
-57.17215
-57.43195
-58.95044
-59.03572
-61.10755
-60.80823
-63.04073
-62.81550
-65.96660
-64.32505
-70.81673
-60.58658
-54.44234
-58.10220
-62.46654
-66.19071
-71.54734
-70.89436
-72.21687
-71.89705
-72.61201
-75.42912
-57.02801
-55.76745
-62.94328
-65.55268
-72.96334
-71.01963
-54.80783
-51.46582
-54.88482
-55.75197
-56.10492
-57.00533
-57.63725
-58.57718
-59.88551
-60.69477
-61.74078
-61.94153
-61.00664
-62.29383
-62.50812
-66.86122
-56.09371
-53.81012
-58.82019
-63.59810
-66.61801
-66.74487
-65.47886
-65.10855
-64.47678
-66.28472
-64.20360
-55.29105
-57.30291
-64.01397
-66.23434
-75.76941
-66.27105
-52.64269
-52.02434
-55.77185
-55.46634
-56.26512
-56.32748
-58.29274
-58.02048
-60.49128
-59.89316
-62.03574
-61.75887
-62.64363
-63.90668
-64.98581
-66.47172
-55.14701
-55.59502
-61.29960
-65.55714
-67.27688
-68.42510
-68.02460
-71.03747
-68.99531
-81.65486
-62.22332
-54.73400
-59.23831
-64.44855
-66.51052
-77.58954
-60.92689
-51.77368
-53.73744
-55.96067
-55.61252
-56.87964
-56.80777
-58.49549
-58.53244
-60.48375
-60.74258
-62.69831
-61.81294
-64.65204
-62.87924
-66.76695
-62.26551
-54.14129
-57.01579
-62.76468
-66.23748
-68.25299
-70.50519
-70.21265
-70.61816
-68.58392
-75.47055
-58.40448
-55.33524
-61.55475
-65.03378
-68.85321
-75.55155
-57.46487
-51.89400
-55.04033
-55.37508
-56.34165
-56.41445
-57.84220
-58.95061
-59.53192
-60.87750
-60.71616
-63.05178
-62.37081
-65.75041
-62.93961
-70.75293
-58.56447
-54.37004
-58.45044
-63.71820
-66.78692
-68.75083
-71.26667
-74.75856
-71.54395
-73.60032
-72.51083
-56.29393
-56.16768
-63.40375
-65.76915
-74.40364
-70.71924
-53.07591
-53.07319
-55.01647
-54.33136
-57.11471
-56.15028
-58.64781
-58.36150
-60.29706
-60.52074
-61.91780
-62.61953
-63.53292
-65.06390
-64.57309
-70.17808
-55.70339
-54.29727
-60.15922
-62.48919
-68.34516
-72.85771
-71.34052
-78.53011
-72.69664
-87.76506
-67.20268
-55.19151
-57.83484
-65.23274
-66.55145
-82.07486
-65.78185
-55.74674
-52.69829
-53.67956
-55.98326
-56.47065
-57.44035
-58.75938
-58.97338
-60.12028
-60.98580
-62.57713
-62.75490
-64.44145
-64.98973
-66.38667
-66.85593
-58.18233
-60.04488
-62.68763
-63.96921
-74.56169
-70.12148
-75.96031
-74.33673
-77.51997
-76.89888
-77.09716
-81.75809
-78.16654
-104.74970
-75.31497
-77.99280
-59.45290
-52.83315
-54.20897
-54.85324
-56.44738
-56.65574
-57.83142
-58.74253
-59.77676
-60.55795
-61.72509
-62.82502
-63.07604
-64.22600
-64.51687
-66.08535
-66.29044
-67.84941
-68.28581
-69.92135
-70.21412
-72.78362
-72.35740
-72.86332
-73.13421
-75.07127
-76.53800
-75.78679
-75.94762
-73.23144
-78.92588
-73.04124
-97.95992
-58.57593
-52.87998
-54.53351
-55.21513
-56.37883
-56.71873
-58.43732
-58.66816
-60.02070
-60.97246
-61.71556
-62.91816
-63.42235
-64.50592
-64.83929
-66.05133
-67.00934
-69.18659
-68.63946
-70.33231
-68.91291
-71.47627
-70.09562
-73.63435
-72.53788
-75.19526
-73.72166
-76.45827
-75.32601
-77.11399
-76.05703
-81.51171
-74.18970
-54.36766
-53.23530
-54.37221
-54.92019
-56.45442
-56.89205
-58.31168
-58.97705
-60.60001
-61.31887
-62.50903
-62.97283
-64.76471
-64.96697
-66.02584
-66.40110
-68.01465
-69.06728
-70.11772
-71.17505
-72.19205
-74.52799
-73.42056
-74.64622
-73.35514
-75.03103
-73.77846
-80.47877
-78.20261
-85.96126
-77.65804
-86.24476
-66.72844
-53.63221
-53.36923
-54.95646
-55.40217
-56.70622
-57.14610
-58.67459
-59.27092
-60.65969
-60.87891
-62.30588
-63.26051
-64.34255
-64.93738
-66.68495
-67.06569
-68.25214
-68.90952
-69.48373
-70.84147
-72.46512
-72.09043
-73.49868
-75.66529
-74.00727
-75.34115
-73.14527
-74.90559
-73.62695
-88.98583
-73.61548
-81.67085
-58.90213
-52.50909
-54.26894
-54.37643
-55.81193
-56.37851
-57.95134
-58.57092
-59.92325
-60.82323
-61.38263
-62.96730
-63.44524
-65.12434
-65.81396
-67.28313
-67.64628
-69.69858
-69.11682
-71.11231
-71.43837
-74.56369
-73.54565
-74.39307
-74.24353
-74.59054
-73.89917
-72.74601
-73.38735
-71.24135
-75.65558
-79.00479
-126.20784
-56.94964
-53.40396
-55.22225
-55.55495
-57.31079
-57.68450
-58.52318
-59.07404
-60.62283
-61.13190
-62.36094
-62.92089
-64.15444
-65.08722
-66.18338
-67.03128
-67.83305
-69.26753
-69.21973
-71.04079
-72.30636
-72.93504
-72.11177
-72.70724
-72.41877
-72.86816
-72.61462
-72.79250
-72.49378
-73.28348
-73.14967
-72.73420
-70.50474
-69.35008
-70.50737
-71.92381
-72.29702
-72.48324
-71.75279
-72.75923
-74.73454
-74.52693
-74.51968
-72.34846
-69.37017
-68.70068
-70.29439
-72.36559
-71.87310
-70.55279
-70.96785
-72.05215
-72.22149
-71.54033
-69.80324
-68.21090
-68.06391
-68.68775
-70.95182
-73.26486
-74.50484
-73.42126
-73.14586
-71.64118
-71.32401
-67.80728
-66.32570
-67.91802
-69.53365
-72.19361
-71.77541
-70.62354
-69.93234
-71.34848
-71.02169
-71.84287
-72.07765
-71.17083
-71.69547
-74.62710
-77.04359
-76.91564
-76.22159
-75.85896
-76.25658
-73.73895
-72.77324
-70.59990
-70.86494
-71.72358
-73.55842
-75.12998
-75.07630
-74.37337
-73.19905
-71.91857
-72.05581
-74.19045
-70.36848
-67.58630
-67.21961
-69.86880
-71.48137
-71.57120
-72.89156
-72.51885
-73.66330
-77.32682
-78.09176
-78.13397
-78.15579
-77.56469
-81.02588
-80.77253
-82.56144
-82.96192
-83.10823
-82.61056
-80.70415
-79.57906
-75.60881
-73.73844
-75.22017
-76.38942
-76.80335
-76.74086
-77.52437
-78.13707
-77.82209
-77.93909
-72.25231
-68.42513
-68.03408
-69.35588
-70.87696
-73.12375
-75.79532
-75.72024
-75.44893
-76.20920
-77.51468
-78.07163
-77.46679
-77.03372
-78.04398
-79.08476
-79.05993
-79.40085
-79.35906
-79.75128
-78.80674
-79.20048
-78.08596
-77.71492
-77.04208
-76.76872
-78.00131
-81.52215
-81.61199
-83.56622
-83.93008
-85.83139
-85.02837
-71.75736
-69.49904
-68.42943
-69.10556
-71.54266
-72.95950
-75.51800
-75.64469
-75.77789
-76.47578
-78.85130
-78.95983
-78.56029
-78.74775
-79.13257
-80.60105
-80.76159
-82.02018
-82.31607
-83.87015
-83.78565
-86.94482
-81.96900
-78.60409
-78.75702
-79.29191
-80.00878
-80.44421
-80.19077
-80.56396
-82.67141
-81.64392
-85.70139
-71.98625
-69.43513
-67.63317
-66.71899
-69.61199
-71.07036
-73.24644
-74.37168
-75.19897
-75.12085
-77.75286
-77.25588
-77.65428
-78.04849
-78.67353
-79.15653
-79.57470
-79.07317
-79.67051
-80.68483
-81.37464
-82.80427
-77.75458
-76.56173
-76.71718
-77.48473
-78.61824
-79.54050
-80.61159
-81.79723
-82.78114
-84.67811
-85.76404
-85.38088
-82.85486
-80.14633
-79.41253
-78.65243
-78.31847
-78.70866
-78.02512
-79.38670
-86.05621
-87.80201
-83.32930
-82.66634
-83.01760
-83.47821
-83.64069
-83.90388
-84.07257
-84.35632
-85.07042
-86.23683
-86.88974
-87.41587
-87.21261
-86.07884
-86.88121
-87.16334
-88.10340
-87.76656
-87.95885
-87.59449
-88.60798
-88.22402
-86.46570
-82.51805
-80.03451
-80.60185
-80.68976
-81.25879
-81.74282
-83.29240
-84.28440
-86.28868
-88.22227
-89.39775
-90.04431
-90.07051
-90.63497
-90.48313
-91.20682
-90.55776
-90.49714
-89.42744
-89.59907
-89.08031
-88.11993
-86.10555
-85.30609
-85.90938
-86.69330
-87.68395
-88.74880
-90.48645
-91.43195
-93.14727
-94.77871
-95.89440
-95.95180
-93.59402
-91.24225
-90.34786
-89.45325
-88.73395
-88.63594
-90.06958
-92.99458
-95.95584
-96.02792
-93.31039
-92.90730
-93.46268
-94.14542
-94.56466
-95.02192
-95.98742
-96.01440
-96.59433
-97.28639
-97.45302
-99.34437
-101.18876
-99.71496
-99.34810
-98.19817
-98.01652
-98.16423
-100.66459
-101.64516
-98.66491
-97.34750
-95.91076
-93.68319
-91.65177
-91.89256
-92.10999
-92.91207
-93.59978
-94.88707
-95.58412
-97.54993
-100.16582
-101.99323
-103.44016
-102.46487
-102.88342
-101.55676
-101.92235
-101.59757
-104.94267
-103.17873
-100.94931
-99.51912
-98.90768
-97.50943
-97.39155
-98.09276
-99.47804
-100.50166
-102.25224
-103.54767
-104.21367
-105.29809
-107.07994
-98.19039
-88.42334
-79.81250
-72.16028
-66.75441
-63.81616
-63.63521
-64.66284
-65.31980
-66.10286
-67.31297
-69.18083
-72.89888
-78.73240
-82.00761
-79.42610
-75.79516
-73.29007
-70.98640
-67.49263
-64.23380
-62.77414
-62.62519
-63.25654
-64.30054
-65.55725
-66.84290
-68.38026
-70.04652
-70.17114
-69.32701
-68.03592
-67.56655
-68.17324
-68.53094
-68.87543
-68.33942
-67.49189
-67.62348
-67.52060
-66.53381
-65.77552
-65.46554
-65.38583
-65.60997
-65.76109
-65.97039
-66.23068
-66.67339
-67.31884
-67.98816
-69.04195
-70.33789
-72.21194
-73.63672
-74.70285
-78.62788
-81.62870
-77.76360
-73.32570
-70.29350
-68.22572
-66.87390
-66.14291
-65.94984
-66.26213
-66.87982
-67.32520
-68.19069
-69.57130
-70.98526
-73.36144
-77.64261
-84.64820
-81.03529
-75.95031
-73.27446
-71.52863
-70.71343
-69.75518
-68.93280
-68.18696
-67.63172
-67.24478
-67.22766
-67.85143
-69.30014
-71.24844
-73.65858
-75.16977
-74.78497
-73.93609
-73.87650
-74.33781
-74.80825
-75.66592
-77.36945
-79.50602
-80.22557
-80.79871
-81.37593
-80.83343
-79.58292
-77.67981
-76.33263
-75.68036
-75.99352
-76.96481
-78.08490
-79.18720
-79.54221
-79.90904
-79.88402
-80.27239
-79.78513
-80.09430
-79.91172
-79.48851
-79.45561
-80.15909
-81.13676
-82.53648
-84.21031
-84.81387
-84.45078
-83.86049
-82.00499
-81.44617
-82.03625
-82.67817
-81.36945
-82.56543
-81.04056
-75.10480
-72.49393
-72.90739
-75.27111
-74.45473
-73.68762
-73.72714
-74.49904
-74.33840
-76.92551
-76.14258
-78.45823
-78.19335
-76.51024
-76.78704
-75.02349
-73.96336
-71.87285
-72.21998
-71.10241
-71.08470
-71.01425
-72.04632
-72.36439
-75.17007
-75.55420
-74.24143
-72.85874
-72.91937
-71.95399
-72.65227
-74.48436
-75.80233
-78.20017
-76.63630
-77.20352
-75.98185
-75.10306
-72.84098
-73.84085
-73.15681
-74.41830
-75.15462
-75.20617
-74.56688
-73.94186
-74.01648
-74.74502
-73.23865
-72.34989
-72.52720
-73.13566
-72.93049
-72.23655
-74.41387
-74.22011
-75.38104
-73.89373
-72.44070
-70.73271
-70.94418
-71.12119
-72.31721
-72.79715
-74.04396
-75.38221
-73.44817
-73.97177
-74.39127
-75.67626
-74.94838
-74.94397
-74.65610
-73.46442
-73.98698
-75.62469
-76.71430
-77.48422
-77.41437
-76.62111
-76.30493
-77.25178
-77.91230
-76.77975
-76.84253
-81.31701
-84.17828
-80.01332
-76.82939
-75.56901
-74.84034
-72.86813
-72.23037
-71.97406
-72.37862
-73.12122
-73.72046
-76.32953
-78.87735
-80.65486
-79.28350
-78.69800
-79.44104
-78.75430
-75.40245
-74.56661
-77.26279
-77.27194
-76.74999
-76.87981
-77.47859
-79.01056
-81.61691
-84.47632
-86.90449
-82.07096
-77.03412
-76.92228
-76.89314
-77.46788
-78.36887
-80.16798
-80.91857
-81.09398
-82.79536
-83.41198
-83.93456
-79.73509
-80.61083
-78.19875
-76.63851
-73.91937
-70.53915
-66.27634
-63.58969
-63.66081
-63.88423
-64.50431
-65.88817
-66.85065
-67.19142
-67.60741
-67.55900
-67.44047
-67.63755
-68.43057
-68.42317
-67.89168
-66.22005
-64.26444
-63.41932
-63.76601
-64.11558
-65.05846
-65.09030
-65.02123
-64.89468
-64.45696
-63.99007
-63.43213
-62.44279
-61.94746
-61.96754
-61.75019
-62.90189
-62.57461
-63.20432
-64.50696
-66.46544
-68.80711
-69.46304
-69.76875
-69.02370
-68.41751
-68.30905
-68.51460
-68.10705
-67.27919
-66.52209
-65.36163
-64.64230
-65.10228
-64.96336
-64.66835
-64.25209
-64.05474
-64.20196
-64.01763
-63.85980
-64.47893
-64.93759
-66.20523
-67.26401
-68.24043
-69.62246
-70.79609
-71.89999
-70.19062
-68.67221
-68.13202
-67.72555
-67.76305
-68.05882
-68.00324
-68.61790
-68.47994
-68.63091
-69.11931
-69.30443
-69.79550
-70.09795
-70.66822
-69.08888
-67.92823
-66.92151
-65.92003
-66.61787
-67.69372
-68.72729
-70.81222
-72.99919
-74.30010
-75.70721
-75.76007
-74.53115
-74.33366
-73.91851
-73.68810
-73.62978
-74.68356
-78.91388
-80.73686
-79.78032
-77.34926
-78.36704
-74.85338
-75.05189
-77.09908
-75.44124
-75.61778
-74.94314
-75.14095
-74.23565
-75.31159
-74.72501
-74.31494
-74.13397
-75.75782
-77.26147
-79.13155
-78.93567
-77.36298
-77.84411
-76.65129
-77.78219
-77.60742
-78.18148
-78.36299
-77.02946
-71.08444
-68.17313
-68.47126
-67.18853
-65.38099
-65.49303
-66.89046
-65.98135
-65.73267
-65.57175
-65.89207
-67.15592
-68.12823
-70.10043
-69.87498
-69.65346
-68.81324
-69.05369
-67.79471
-66.98587
-67.77835
-69.60885
-71.23663
-70.18052
-69.17630
-68.30297
-66.63271
-65.60654
-65.40210
-66.55881
-68.81445
-70.46830
-71.44073
-70.00285
-69.37331
-68.30071
-68.79664
-68.68660
-69.29832
-69.08871
-71.41860
-68.60236
-66.46999
-68.21258
-68.48123
-67.91847
-68.12968
-67.42882
-67.95249
-68.08707
-67.38331
-67.71750
-65.54919
-66.78200
-67.09501
-67.38535
-66.14519
-68.30515
-69.88513
-69.48192
-68.53271
-68.09870
-67.92755
-68.72018
-68.22416
-68.36735
-68.28135
-69.16350
-68.68672
-66.20547
-67.54995
-64.85493
-67.39511
-66.81701
-66.75490
-67.56277
-68.67499
-69.37162
-68.87515
-69.81583
-70.19543
-72.71053
-75.15908
-73.46405
-72.67860
-74.88103
-71.66018
-71.06451
-70.73877
-70.78390
-69.34579
-69.54311
-69.32419
-69.61815
-69.09752
-69.55105
-68.79226
-67.73595
-68.44811
-68.76843
-68.12815
-66.65535
-67.25519
-67.92799
-68.81085
-68.99190
-69.25770
-70.08532
-70.05530
-69.61012
-69.27714
-69.46689
-68.88861
-68.89233
-65.29630
-67.16152
-70.29192
-67.20063
-70.01892
-66.94996
-68.74487
-67.51233
-69.47292
-65.66098
-58.13693
-62.10400
-66.49789
-64.29328
-72.14829
-62.12925
-52.91346
-53.12481
-54.89166
-54.85841
-56.37563
-56.86686
-58.02516
-58.50910
-60.78780
-60.50755
-61.89333
-62.08248
-64.32321
-64.39940
-66.04250
-65.41205
-57.52779
-60.11540
-62.87451
-64.52423
-66.75831
-66.94258
-67.15267
-70.42667
-68.82172
-69.28601
-62.96125
-58.69745
-63.15405
-67.54346
-65.54468
-73.07485
-60.34285
-52.57076
-53.65008
-54.16191
-55.19047
-56.42971
-57.42003
-58.20281
-58.80217
-59.94714
-60.21170
-61.93805
-61.97916
-64.17070
-63.40788
-67.27573
-62.75017
-58.61986
-60.46318
-63.83152
-66.43005
-67.58787
-68.61152
-70.52255
-70.55191
-71.19292
-71.77916
-60.42052
-59.26094
-65.31840
-67.67095
-69.95071
-77.00768
-56.79535
-52.47573
-54.08959
-54.58404
-56.25580
-56.52073
-57.60292
-58.78863
-59.53523
-60.72110
-61.56915
-62.43834
-63.12362
-64.77030
-64.74099
-67.91233
-60.99973
-58.59900
-61.42064
-65.95567
-68.09318
-69.77741
-71.95190
-73.73263
-74.21161
-77.00788
-72.06823
-59.48199
-60.90201
-67.69979
-69.30937
-76.92051
-69.28332
-55.24130
-53.55373
-55.49019
-55.57660
-57.10206
-57.50744
-59.14365
-59.38270
-60.86977
-61.17391
-62.55399
-63.15587
-64.44968
-66.08741
-66.45268
-69.52343
-56.71835
-53.33362
-55.63181
-56.48928
-57.87489
-58.62782
-59.44870
-60.91641
-60.83205
-63.21716
-61.63909
-59.03839
-61.25703
-65.87462
-64.97065
-71.71041
-60.68375
-52.32607
-52.77680
-55.20886
-56.20295
-56.29605
-57.37373
-58.59614
-59.19128
-60.54674
-60.39910
-62.37468
-62.13782
-63.72880
-63.86768
-66.92960
-64.88515
-58.05057
-59.59882
-65.17752
-69.53793
-69.78148
-70.98167
-71.97705
-72.33211
-70.38375
-76.17073
-63.07308
-58.98478
-64.20531
-69.30834
-70.22008
-90.43868
-58.12373
-51.41121
-53.51409
-54.87482
-56.14023
-56.64502
-57.65029
-58.60871
-59.50059
-61.26431
-61.38101
-62.88531
-62.88630
-65.05686
-64.42466
-68.71715
-62.19341
-58.02834
-61.17871
-66.77707
-68.59092
-68.58945
-69.72920
-71.46555
-71.47000
-71.31096
-73.41966
-60.50410
-59.74334
-66.40454
-69.30641
-73.24070
-76.57510
-55.52399
-51.61468
-54.96384
-55.65246
-56.40235
-57.03750
-58.11239
-58.45776
-60.09684
-60.78497
-61.68799
-62.89103
-63.51142
-65.46846
-65.01156
-68.82750
-59.87535
-58.37054
-63.24801
-68.16247
-69.00764
-71.31961
-72.05404
-75.60988
-72.83239
-78.67915
-70.78470
-59.38860
-61.14811
-68.54019
-70.11869
-80.97113
-68.89001
-53.88989
-52.87063
-55.31780
-55.72897
-56.65111
-57.26873
-58.54539
-58.85800
-60.16034
-60.93472
-62.59943
-62.98588
-63.90353
-65.24359
-65.37577
-68.23370
-57.72497
-54.11248
-55.79312
-54.97834
-55.83379
-57.16028
-57.74859
-58.81790
-59.60511
-60.99211
-59.93317
-58.19072
-60.06236
-65.02605
-64.26526
-70.83695
-60.06037
-52.39678
-53.74568
-55.19196
-55.42712
-56.33790
-57.46149
-58.52883
-59.01234
-60.15691
-60.83964
-63.55663
-62.68069
-65.44131
-64.50177
-67.26102
-63.88557
-58.03556
-60.90326
-65.55290
-68.04798
-71.11714
-70.71318
-70.29392
-71.33843
-69.91620
-74.29704
-61.42277
-59.18602
-65.08939
-69.45414
-71.72017
-83.06179
-58.41135
-52.34944
-53.42207
-54.06656
-55.97693
-56.57099
-57.99530
-59.05937
-59.59906
-60.30009
-61.04492
-62.49591
-62.80815
-65.61524
-64.27366
-69.47739
-61.11831
-57.49743
-60.74288
-63.50108
-66.47669
-69.44890
-69.80977
-71.85834
-71.54028
-72.13373
-71.44708
-60.08220
-60.33393
-66.24250
-67.90145
-71.66898
-72.72792
-55.77527
-53.09584
-55.51631
-55.28254
-56.55619
-56.77364
-58.45668
-58.76598
-60.23712
-60.37352
-61.41505
-62.50930
-63.48172
-64.77702
-64.66243
-66.89069
-59.72015
-59.02997
-62.71182
-66.49182
-69.57371
-72.89540
-72.49372
-76.58763
-72.44397
-80.06441
-68.35309
-59.06247
-61.57015
-68.54654
-69.56446
-84.03694
-65.50785
-53.79622
-53.23411
-53.77741
-54.97959
-56.59089
-56.94867
-58.74446
-58.69329
-60.48923
-60.89568
-62.74685
-62.39271
-64.48839
-64.34410
-66.02298
-65.67371
-57.97359
-59.30765
-63.27347
-65.16369
-67.73000
-69.88883
-70.71251
-72.40187
-69.41810
-71.97381
-63.39703
-58.78113
-63.36074
-68.86800
-69.21774
-85.96965
-60.84902
-53.31984
-54.69586
-55.42812
-56.30787
-56.98548
-58.41598
-59.19476
-59.75041
-61.33714
-61.38498
-63.36602
-62.95364
-65.54625
-64.08362
-68.74672
-62.96709
-57.89449
-61.23032
-65.23586
-67.94410
-70.47729
-70.34035
-72.54132
-72.74893
-71.84300
-77.11518
-61.44371
-59.43351
-65.73666
-68.70007
-72.39945
-77.33700
-57.47607
-53.03100
-54.81118
-55.29106
-56.62423
-57.38025
-58.55705
-59.48439
-60.46932
-60.89855
-61.56090
-63.24505
-63.51277
-65.71333
-64.82057
-69.09378
-61.15188
-58.08575
-61.98660
-64.19072
-66.58358
-69.12385
-69.29973
-71.21523
-70.32113
-72.71094
-69.40314
-59.59606
-60.83528
-66.46762
-68.00202
-70.34833
-68.00271
-56.11864
-53.79727
-55.42029
-55.84127
-57.50780
-57.42206
-59.01093
-59.47620
-61.09174
-60.92924
-62.32635
-63.17909
-63.92547
-65.36958
-65.76857
-68.22543
-59.86262
-58.93977
-63.21337
-66.97625
-68.59502
-71.16262
-69.91457
-74.04900
-69.47259
-78.34879
-66.97015
-58.97897
-62.43323
-68.44379
-69.24738
-73.69049
-67.57647
-54.60497
-53.79865
-55.24924
-55.86440
-57.08143
-57.55864
-59.29215
-59.69571
-61.07889
-61.41123
-63.00084
-63.62129
-64.41038
-65.72101
-65.64241
-68.11107
-56.55741
-52.88339
-54.23870
-55.31367
-56.58463
-56.86037
-58.40011
-58.68673
-59.64312
-60.94150
-59.24226
-57.97697
-61.63543
-62.56929
-65.91408
-61.13993
-53.34715
-53.63400
-54.55047
-55.40577
-56.45011
-56.89022
-58.81164
-59.02437
-59.88940
-60.81128
-62.47892
-62.31832
-63.99909
-64.28542
-65.75706
-64.50383
-59.03272
-59.79248
-63.28497
-66.64363
-67.15142
-67.19290
-67.99184
-74.95867
-67.81598
-67.23678
-60.61867
-59.17113
-64.17204
-66.63166
-67.24377
-68.56432
-58.48780
-52.69153
-54.05426
-54.87287
-55.97120
-56.52776
-57.80052
-58.49439
-59.42547
-60.45359
-61.14451
-62.70449
-62.62620
-64.85069
-64.02129
-68.20702
-61.99349
-57.80815
-60.45289
-64.25981
-65.93368
-68.70571
-68.40261
-71.96879
-70.54679
-71.37456
-70.23080
-59.34851
-60.22046
-65.79554
-67.91882
-70.00784
-69.88029
-56.08998
-52.71669
-54.65705
-54.90946
-56.28880
-56.90385
-58.06303
-58.61880
-59.94070
-60.35940
-61.56375
-62.65682
-63.19392
-64.62421
-64.69007
-67.51170
-58.87249
-58.45839
-63.71857
-65.69129
-68.03673
-69.37020
-69.65669
-71.90842
-71.75737
-75.13888
-67.41130
-59.07951
-61.80623
-67.22271
-70.19750
-75.78538
-67.05599
-55.12096
-53.80589
-55.58668
-55.90334
-57.57292
-57.60975
-59.29972
-59.27697
-61.08844
-60.77062
-63.10761
-62.64604
-65.12212
-64.15341
-66.84864
-65.35131
-54.99507
-54.43774
-55.62017
-57.01051
-57.75786
-58.75075
-59.47160
-61.04029
-61.50168
-63.47410
-60.65944
-58.60905
-61.65187
-64.42406
-64.84492
-70.76089
-58.05623
-51.49877
-53.00843
-54.91707
-55.99022
-56.13255
-57.69574
-58.31222
-59.54931
-60.53940
-60.57588
-62.32832
-61.75503
-64.29176
-63.96990
-67.01245
-62.60968
-57.56627
-60.06688
-65.22069
-69.25584
-69.18178
-67.34701
-68.66030
-68.00509
-69.04062
-69.60997
-60.92469
-59.13685
-64.48008
-66.51986
-68.27508
-71.90987
-56.00502
-52.07190
-54.06684
-54.91419
-55.99563
-56.32255
-57.55090
-58.59776
-59.65397
-60.45172
-61.35688
-62.36448
-62.59580
-64.74697
-64.40683
-67.35034
-60.19445
-57.96586
-61.78462
-65.91006
-67.42717
-66.94299
-66.78163
-69.74624
-68.94412
-70.27672
-69.12157
-59.47137
-60.30483
-67.04662
-67.39805
-74.13862
-67.48575
-53.38772
-52.24249
-54.77616
-55.80682
-56.82323
-56.59436
-58.45125
-58.63156
-60.41895
-60.46349
-61.87568
-62.24402
-63.77643
-64.86709
-65.62818
-67.00183
-59.05836
-58.98708
-64.16462
-68.25132
-69.02417
-71.06084
-71.20744
-72.68878
-71.07701
-79.89860
-66.63587
-58.96820
-62.21951
-69.32036
-69.16344
-81.50550
-62.60334
-52.49635
-53.29095
-55.75455
-55.78453
-56.47662
-57.02389
-58.84903
-58.77089
-60.65012
-60.85824
-62.98325
-63.06146
-64.62100
-64.84659
-65.84879
-66.27524
-53.18160
-52.46834
-54.38426
-55.25723
-57.34800
-56.66451
-58.78309
-59.49225
-59.93373
-61.40159
-59.06774
-58.29799
-61.30189
-63.66939
-64.62528
-70.66395
-56.15117
-51.74338
-54.27126
-54.02642
-56.10500
-56.53882
-57.69582
-59.18482
-58.98325
-60.84611
-60.91935
-62.65422
-62.23735
-64.18709
-63.90642
-66.49470
-61.30507
-58.30846
-62.15768
-65.37640
-66.71076
-68.10509
-67.27935
-68.62442
-69.94838
-71.44558
-72.35179
-60.30845
-60.07888
-66.70002
-68.24906
-70.82469
-71.02641
-56.75820
-53.08151
-54.72875
-54.56042
-56.41207
-56.97848
-57.93898
-58.73416
-59.31935
-60.20940
-60.75367
-61.91490
-63.27280
-65.10662
-65.22707
-68.19963
-59.97267
-58.09246
-60.70768
-63.46002
-65.91931
-68.36380
-68.43928
-69.78115
-67.81914
-69.71465
-66.60879
-59.56362
-60.83713
-66.79882
-66.53330
-72.61979
-64.26190
-53.03664
-53.67208
-55.15022
-55.09256
-56.73849
-56.97522
-58.54450
-58.94009
-60.46675
-60.91502
-62.41969
-62.55735
-63.82360
-64.25693
-65.68671
-65.49738
-58.84949
-59.93350
-65.11960
-68.07453
-70.58102
-71.17788
-70.88870
-73.48072
-71.21928
-79.05608
-64.96475
-58.90130
-63.31928
-68.40369
-70.19694
-78.37515
-63.82131
-53.29784
-53.06443
-54.62862
-55.57614
-57.14909
-57.35130
-58.73657
-59.49293
-60.72426
-60.53962
-62.69611
-62.69976
-65.01986
-63.91889
-66.53289
-64.04716
-57.83565
-59.37434
-62.54950
-64.89136
-67.62714
-68.73451
-68.59416
-70.12753
-68.04504
-70.12665
-61.36584
-59.13657
-64.56841
-68.49263
-69.55183
-76.17099
-59.02809
-53.04769
-54.72612
-55.43704
-56.51252
-57.29523
-58.16386
-59.17697
-60.16801
-61.40700
-62.05405
-63.49711
-63.54468
-65.52799
-64.34742
-68.00294
-61.84254
-58.29342
-62.21765
-65.81156
-68.41619
-70.97053
-70.73766
-74.43519
-72.15230
-72.85088
-73.25934
-59.91136
-60.56515
-66.11780
-68.34319
-72.37470
-71.65298
-57.38320
-53.16718
-55.04572
-55.40543
-57.08240
-57.32359
-58.34805
-59.27822
-60.41644
-61.29330
-62.21772
-63.24136
-63.86899
-65.73150
-65.37955
-68.30867
-59.26694
-58.63914
-62.86573
-65.04549
-67.24551
-68.47625
-69.38923
-70.13879
-69.70208
-74.56809
-66.38465
-58.84854
-61.47846
-66.24175
-67.89055
-71.27642
-64.88505
-54.78004
-54.33019
-55.40687
-55.47419
-57.67799
-57.82106
-59.41704
-59.36583
-61.28078
-61.18200
-63.08038
-63.38201
-64.79021
-64.52077
-66.18420
-65.80950
-58.24565
-60.21972
-64.26488
-66.32548
-69.90820
-70.46847
-71.40792
-72.62784
-70.24504
-77.98227
-63.23737
-58.79590
-63.58341
-68.95480
-69.60177
-77.06361
-59.93964
-53.72653
-54.41509
-55.04084
-56.32785
-56.89499
-58.19783
-59.08686
-60.00952
-61.32372
-61.81005
-63.32815
-63.65242
-65.72225
-65.06725
-68.20901
-63.45784
-54.54382
-54.40797
-55.59669
-55.57892
-56.60018
-57.36431
-58.27395
-58.86007
-59.75615
-60.67363
-58.84842
-58.37143
-62.39607
-62.99170
-64.90023
-61.78102
-54.83246
-52.58780
-54.10045
-55.24838
-56.25744
-57.16918
-57.64628
-58.79988
-59.99822
-60.45486
-61.34204
-62.46378
-63.87306
-64.22229
-66.57698
-62.56012
-58.55520
-60.66809
-64.34534
-67.83885
-68.74044
-70.84318
-70.46872
-70.53013
-69.19799
-69.92430
-59.29865
-59.83150
-64.83236
-65.67957
-70.87977
-69.37782
-63.05269
-54.51250
-53.23065
-54.15668
-55.07451
-56.07891
-56.90045
-57.86776
-58.82026
-59.85830
-60.69134
-61.70518
-62.49622
-63.44675
-63.69686
-66.03484
-60.53831
-58.24457
-62.48163
-65.99978
-67.18705
-69.55774
-68.18325
-69.37275
-68.43956
-69.55683
-66.86698
-58.87800
-61.53916
-65.04610
-66.62910
-68.12267
-66.08841
-59.22569
-53.10237
-53.56053
-54.30594
-55.11154
-55.98779
-57.18484
-58.25413
-59.56105
-60.57468
-61.28744
-62.52551
-63.04432
-64.36847
-65.17428
-66.66231
-58.21052
-58.77748
-63.76215
-65.45602
-68.27861
-71.52688
-72.34262
-76.81314
-72.91156
-81.15520
-65.44968
-58.77656
-63.65034
-67.37077
-71.89962
-70.83205
-68.95130
-56.50495
-53.11719
-54.67510
-55.66722
-56.63844
-56.96472
-58.57386
-59.59278
-60.39997
-61.57767
-62.22632
-63.07675
-64.31368
-65.83523
-66.84969
-65.58142
-56.86920
-54.30145
-56.12081
-56.21657
-57.40564
-58.29023
-59.41753
-60.52539
-61.46891
-62.66657
-59.44499
-58.55143
-62.82748
-64.42640
-67.22249
-66.99429
-64.90239
-54.94507
-52.73559
-55.76370
-54.87594
-56.12818
-57.17725
-57.91371
-58.91437
-59.95132
-60.61335
-62.08789
-62.08032
-64.37381
-64.37463
-67.18819
-61.47979
-57.89843
-62.53255
-67.55974
-71.29057
-69.59385
-73.22785
-74.59140
-76.58184
-75.59104
-77.52312
-60.02365
-60.68336
-67.07294
-69.23124
-75.23451
-72.08240
-63.27593
-53.32504
-54.12811
-55.57037
-55.15467
-56.27710
-57.43126
-58.69964
-59.04089
-60.46890
-61.37825
-62.31360
-63.08552
-64.64677
-64.52691
-67.09614
-59.10307
-58.59681
-64.02404
-68.80222
-70.42110
-70.16211
-73.05407
-74.26368
-74.21626
-77.44256
-69.35379
-58.78225
-62.72177
-67.33436
-72.51881
-75.16385
-72.54746
-59.57819
-53.10322
-55.11473
-55.46375
-55.72807
-56.48802
-57.76029
-58.31328
-59.32946
-60.66076
-61.62844
-62.44012
-63.32039
-64.17917
-65.45652
-65.38342
-57.96006
-60.12300
-65.98426
-69.67559
-69.60063
-71.76871
-74.19213
-77.16107
-74.53742
-84.59286
-65.16860
-58.71137
-64.99596
-68.12591
-77.01256
-75.54858
-70.75732
-56.40043
-53.49335
-55.68276
-54.77609
-55.69025
-57.03268
-58.07541
-58.99997
-60.29323
-60.77714
-61.91883
-62.58836
-64.18715
-64.38427
-66.53633
-63.56380
-56.21879
-53.30270
-53.35387
-54.76050
-55.37395
-56.21421
-57.56079
-58.51828
-59.39337
-60.56400
-58.11438
-58.23743
-62.57178
-63.35418
-65.52889
-65.48954
-62.50819
-54.19847
-52.49223
-54.63412
-55.06110
-56.44038
-56.90359
-58.31376
-59.19719
-60.03581
-61.04836
-62.10844
-62.62858
-64.32714
-64.37077
-67.83863
-60.46580
-57.61972
-61.27921
-63.76206
-67.01780
-68.68997
-70.99977
-72.11235
-73.83759
-74.26515
-70.26005
-59.22041
-61.05361
-66.65262
-69.05838
-72.20418
-70.62223
-60.42629
-53.59318
-54.01299
-54.61718
-55.36472
-56.26418
-57.50456
-58.14351
-59.19561
-60.16429
-60.79586
-61.74341
-62.39285
-63.34018
-63.28352
-64.99478
-58.78225
-59.76202
-65.18787
-68.00721
-71.33319
-71.89441
-73.46928
-75.09907
-73.60221
-75.07093
-65.93538
-58.47149
-63.28448
-66.96958
-71.07402
-72.30584
-69.89223
-58.57514
-52.21200
-53.27576
-54.56906
-56.00190
-56.91876
-57.86861
-58.51675
-59.46943
-60.31324
-61.43267
-62.08881
-63.58228
-63.72916
-65.22366
-63.36634
-57.49543
-59.43993
-61.95140
-64.67361
-67.29491
-69.62535
-70.62701
-72.29244
-72.34127
-76.65707
-62.45455
-58.74390
-64.81923
-66.94192
-71.17144
-71.45740
-66.45490
-55.90635
-53.69426
-54.59509
-55.23954
-56.60006
-56.93036
-58.25354
-58.72212
-60.02129
-60.57412
-61.54194
-62.21501
-64.10028
-63.65944
-66.25422
-61.81388
-58.45762
-62.72400
-65.86607
-69.08699
-72.44719
-70.09389
-71.62210
-72.71171
-72.30970
-71.74426
-60.60462
-60.17162
-66.90484
-68.59543
-74.55682
-73.12883
-63.97721
-63.76960
-67.82091
-69.47643
-76.46560
-75.49003
-79.14147
-76.20522
-76.35395
-76.28312
-77.96287
-80.64899
-77.29482
-80.49326
-74.28716
-95.52574
-61.17992
-58.67749
-63.86523
-67.09006
-72.18145
-73.81485
-73.51250
-79.64969
-76.99871
-81.67785
-69.09694
-57.80654
-61.26229
-65.35717
-68.13458
-71.72549
-72.12057
-77.68305
-79.35877
-77.92444
-72.17571
-72.22298
-71.78099
-75.75463
-74.96730
-75.25460
-73.41565
-73.60771
-71.44871
-71.05571
-72.79494
-76.83638
-72.41236
-68.59645
-67.83931
-71.13398
-74.96388
-71.20744
-69.42030
-71.81329
-72.73934
-66.86780
-63.64247
-63.27397
-65.75467
-71.95908
-75.00578
-70.87588
-71.91838
-74.36196
-73.72478
-71.34819
-71.09081
-72.48088
-75.95747
-78.95978
-78.70064
-77.36171
-78.52603
-78.81472
-77.73528
-77.57459
-78.71318
-77.21773
-76.54441
-80.50469
-78.41779
-74.36302
-74.77890
-81.11854
-78.92364
-75.14327
-77.89984
-84.04544
-81.48325
-79.14034
-81.90870
-86.22149
-83.59978
-81.45101
-81.77750
-82.52743
-84.23374
-85.76192
-86.15265
-85.20581
-86.44058
-88.38316
-86.68158
-84.17409
-85.20918
-86.53994
-88.42470
-88.42972
-87.45810
-86.52855
-87.96538
-89.30946
-87.28635
-85.96631
-88.06138
-92.38398
-89.83297
-88.01287
-89.92803
-92.41533
-91.35967
-89.52606
-89.40533
-89.61355
-90.96928
-93.07669
-92.97909
-92.58276
-94.37587
-97.24619
-93.73709
-90.98209
-87.25235
-82.10995
-76.28681
-74.24047
-71.32546
-70.11382
-71.12868
-72.14742
-74.84335
-76.93223
-77.36966
-76.21819
-76.92675
-78.44422
-83.86275
-88.80012
-91.64036
-83.78080
-81.02445
-81.05564
-76.96612
-76.14226
-74.32137
-73.50664
-72.27766
-70.93478
-70.20746
-70.25059
-70.96700
-73.11334
-74.17152
-72.35755
-72.15334
-72.51023
-74.43676
-75.80538
-77.45679
-77.55412
-75.04142
-74.44205
-72.24226
-71.87285
-73.77504
-74.93293
-75.04369
-77.13934
-79.69762
-80.79143
-85.36132
-84.61956
-77.45346
-73.39430
-72.47053
-72.94435
-75.62958
-78.70036
-81.27577
-82.46890
-80.40032
-79.67426
-78.95882
-76.29507
-73.65127
-71.76650
-71.09605
-71.68912
-72.91613
-75.48468
-78.22431
-80.21449
-82.52399
-85.41861
-82.31648
-77.08651
-75.02887
-75.35474
-77.78612
-82.47675
-85.45462
-85.66194
-86.50924
-81.25459
-76.42208
-75.09133
-74.57286
-73.50376
-72.16962
-71.65113
-71.61475
-71.80059
-71.44386
-69.93057
-69.30999
-69.68636
-71.30790
-74.19692
-77.16591
-79.57297
-81.54919
-82.54669
-79.33040
-75.45320
-73.70660
-73.41507
-73.80398
-73.89313
-73.87437
-74.43714
-75.31879
-76.49702
-77.33109
-78.02158
-78.06501
-77.70873
-77.39686
-76.74615
-75.09474
-74.10644
-75.13757
-77.44364
-78.58329
-78.71535
-78.23767
-76.47846
-76.66426
-75.72393
-74.28808
-73.13846
-71.37626
-70.55965
-70.08562
-69.83212
-70.07463
-70.34010
-71.25082
-72.64364
-73.34282
-74.17989
-74.53367
-74.65113
-74.95199
-76.43735
-77.27373
-77.78857
-79.34759
-80.80564
-80.49597
-78.59573
-76.34930
-74.29084
-74.00403
-74.60449
-75.91760
-77.44153
-79.15005
-76.22280
-71.63917
-69.42049
-68.87004
-69.36145
-70.96541
-72.84314
-74.20812
-74.30909
-74.47331
-74.38586
-75.03934
-76.78993
-77.18097
-77.15963
-78.39652
-77.85068
-78.38606
-78.57869
-78.09606
-74.87257
-67.51621
-65.10858
-62.38566
-60.85558
-61.57744
-62.61890
-64.36044
-66.44225
-68.37989
-67.94186
-67.13022
-66.57660
-67.83716
-69.55629
-70.51703
-68.67591
-66.46380
-64.90940
-62.54048
-61.44636
-60.93962
-60.37246
-61.12715
-62.23573
-61.93788
-61.98496
-62.09888
-61.12893
-59.57016
-59.04642
-58.99282
-58.95118
-59.48017
-60.82718
-61.95828
-62.45759
-62.76113
-63.06472
-63.39544
-62.26650
-61.37178
-61.20458
-61.65368
-62.15470
-63.94351
-64.50646
-63.09912
-62.28285
-60.58541
-59.40770
-59.53746
-61.09076
-61.40561
-60.36305
-60.89695
-61.67017
-62.40252
-63.00687
-62.41808
-62.24839
-62.10910
-61.31498
-60.79254
-60.64524
-60.27724
-60.31619
-60.64727
-60.89532
-61.61026
-61.63169
-61.95791
-61.53696
-61.19172
-61.58272
-60.62677
-59.51165
-58.18734
-58.01967
-57.73413
-57.34287
-57.28795
-56.84811
-56.66054
-56.84313
-56.89006
-57.39106
-58.23419
-58.34959
-58.80833
-59.20954
-60.45214
-61.07817
-61.78874
-63.12359
-63.19463
-63.21802
-62.62844
-62.34734
-62.17991
-62.14691
-61.89438
-61.48586
-61.27702
-60.14874
-59.78650
-59.89738
-59.57474
-60.29874
-61.30575
-61.39870
-62.06009
-63.72410
-64.36758
-63.80954
-63.31715
-62.98664
-62.83732
-63.08115
-62.85757
-62.61748
-62.58215
-62.55251
-62.32692
-62.67943
-62.62658
-62.27290
-62.73008
-62.95309
-63.23267
-63.59727
-62.88520
-62.31267
-62.37883
-61.76363
-61.32531
-61.16872
-60.98388
-60.70367
-60.44350
-60.23201
-60.58911
-60.49774
-60.54216
-61.03758
-61.13727
-61.87662
-62.79722
-63.21416
-64.03036
-65.33121
-66.60158
-67.79514
-68.87930
-70.10662
-69.96313
-68.98451
-67.74618
-66.63610
-65.23895
-64.36250
-64.08273
-63.12616
-62.30098
-62.08728
-61.62931
-61.41821
-61.15631
-61.19844
-61.64882
-62.14911
-63.29651
-64.38386
-65.49334
-67.51544
-69.73209
-71.54296
-72.22328
-71.43262
-70.16892
-69.28788
-69.06578
-67.93496
-67.07539
-66.78148
-66.96856
-66.82638
-67.08949
-67.13730
-66.98550
-67.01877
-66.73417
-67.19025
-67.81802
-68.08002
-68.72763
-69.49288
-69.89911
-70.41289
-70.62996
-70.87102
-70.69818
-71.31779
-71.93421
-72.58868
-73.48006
-74.57240
-75.19697
-76.24417
-77.46418
-78.36429
-79.82453
-80.58380
-81.87874
-81.97752
-80.74778
-76.80032
-75.32094
-72.27868
-68.86154
-66.80302
-65.97748
-68.52262
-71.26853
-73.14226
-73.15439
-70.42036
-68.46532
-67.21093
-67.66472
-67.34453
-66.67956
-65.63019
-64.92398
-63.77089
-63.76240
-64.63861
-64.74916
-65.90216
-67.53169
-68.72215
-67.82914
-66.67634
-66.36929
-68.79412
-70.36427
-67.06273
-63.50894
-62.43992
-62.37754
-62.86383
-63.90896
-64.18742
-63.77256
-63.49001
-63.53858
-62.22893
-61.76526
-61.81709
-62.54166
-63.14333
-63.16287
-63.04041
-62.64122
-62.63214
-63.17172
-64.93704
-67.22931
-69.96480
-70.62399
-68.84280
-67.30355
-66.98734
-68.61384
-71.27076
-72.84835
-72.70729
-72.16452
-72.36920
-73.81236
-75.12517
-72.73283
-69.65948
-67.95537
-67.37676
-66.95189
-66.74845
-65.88534
-64.64493
-63.88761
-63.31416
-63.71564
-65.48491
-69.20630
-74.77762
-72.48472
-67.05024
-64.24703
-62.51429
-61.91600
-61.79907
-61.75582
-61.47520
-61.31152
-61.96927
-63.33791
-65.35425
-68.23697
-71.31526
-73.64896
-74.57668
-73.65278
-73.04432
-74.05298
-75.94002
-75.07135
-72.29277
-70.20372
-69.72589
-69.35850
-69.06584
-68.56104
-68.55253
-69.44851
-71.36343
-72.53153
-69.89682
-66.18717
-63.67771
-62.33685
-61.41159
-61.02508
-61.14331
-61.77731
-62.93851
-65.07575
-67.68465
-70.39201
-70.98562
-69.44451
-68.15599
-67.83770
-69.01746
-71.07330
-73.16702
-72.54022
-70.33249
-68.55622
-67.45408
-67.27818
-68.28698
-69.55448
-70.45335
-70.41414
-70.39864
-70.14087
-71.15566
-73.97234
-77.33686
-81.03770
-79.73677
-77.21878
-73.88694
-71.87693
-70.39035
-68.70138
-67.24524
-66.93300
-67.94543
-69.57302
-72.18607
-74.64374
-74.61089
-74.15836
-74.81056
-77.16786
-75.62594
-70.69317
-67.72572
-65.59755
-64.39921
-63.82585
-64.66387
-66.65467
-69.48294
-72.23550
-72.29074
-71.23247
-70.30906
-69.49897
-68.85926
-67.62622
-67.14384
-66.09494
-65.60569
-65.53178
-63.67235
-63.82911
-64.15369
-64.38382
-63.74270
-62.55236
-62.18769
-62.62237
-63.28993
-63.38184
-63.16347
-62.30270
-61.37221
-60.23239
-59.83624
-59.91742
-60.02470
-60.93797
-62.40922
-64.17553
-65.64417
-64.48071
-63.29043
-61.94922
-60.80937
-60.27569
-59.77596
-60.09600
-60.34514
-59.70547
-59.11011
-58.29268
-58.28031
-58.15822
-58.38027
-58.82243
-59.12129
-60.32616
-60.12002
-59.62706
-59.43602
-59.04465
-57.98796
-57.29925
-57.09753
-57.02898
-57.04282
-57.38014
-58.53041
-60.09372
-60.45458
-60.04542
-60.28333
-60.75035
-59.95752
-60.56173
-60.44315
-60.04098
-61.02728
-61.23726
-60.96737
-60.99830
-60.93345
-59.78991
-60.47081
-59.05908
-58.68074
-58.92108
-58.60725
-58.94859
-58.80362
-59.13619
-59.27686
-59.59810
-59.39513
-59.56824
-59.40776
-59.67669
-59.93275
-59.47496
-60.01331
-59.44334
-58.95142
-58.50530
-58.41302
-58.29579
-57.90926
-57.86423
-58.24194
-58.00867
-58.16756
-59.06341
-58.84069
-58.73877
-59.01266
-60.31499
-60.42207
-62.11666
-62.87270
-64.33307
-64.13419
-63.38337
-62.99790
-61.85881
-60.76353
-59.70331
-58.92389
-57.92301
-58.11753
-57.53342
-57.32813
-56.81919
-57.26450
-57.47291
-57.93036
-58.33974
-59.37468
-60.66993
-61.39416
-62.53742
-63.22413
-62.78805
-62.56587
-61.08619
-60.38151
-60.70673
-61.04664
-63.10954
-64.18086
-66.52548
-65.94219
-65.32110
-64.34374
-63.22853
-61.85132
-61.12748
-60.60933
-59.72336
-59.26835
-59.24240
-58.97984
-58.55331
-58.42606
-58.64432
-58.85827
-59.15650
-59.97888
-59.88226
-60.81441
-62.13408
-62.82570
-62.98148
-63.66401
-63.96992
-64.54446
-64.79470
-64.99776
-64.59886
-63.67246
-63.33564
-62.26071
-61.62128
-60.89935
-60.01090
-59.69756
-59.52419
-58.83253
-58.65716
-58.47879
-58.39376
-58.63090
-59.29167
-60.63347
-61.98668
-63.62359
-66.06374
-68.70606
-71.14704
-72.91389
-72.93920
-72.31154
-72.06002
-72.64007
-72.38866
-72.44583
-71.97056
-70.27923
-69.54684
-69.36754
-69.13323
-69.44378
-69.28863
-69.91590
-70.40661
-70.34614
-71.61207
-71.81795
-72.45876
-72.91842
-73.56303
-74.52678
-74.20790
-73.94218
-74.20653
-74.44607
-75.55076
-75.66781
-75.62616
-75.21687
-74.93127
-74.70319
-74.18851
-74.73364
-75.05664
-74.89031
-70.20847
-68.17345
-68.05253
-69.54405
-72.20068
-72.75609
-72.95910
-72.60289
-72.15614
-71.94637
-72.45118
-74.10411
-74.67836
-73.68492
-72.50181
-70.33697
-69.67286
-69.29732
-68.65853
-68.29278
-68.35350
-66.61896
-64.09015
-62.95599
-62.73747
-63.37272
-64.83796
-66.71567
-67.84606
-66.61467
-65.93611
-66.73770
-67.73804
-69.05614
-70.41632
-71.36558
-69.82347
-69.02513
-67.88000
-66.33924
-66.19039
-66.72056
-67.33037
-68.06022
-68.93435
-69.42540
-69.72922
-69.76285
-70.92208
-70.93436
-70.42579
-69.38462
-67.35475
-66.11054
-65.51554
-65.09514
-64.68605
-64.52999
-63.93751
-63.26796
-62.96087
-63.09298
-63.67644
-65.12158
-66.21292
-67.31556
-68.88262
-69.23064
-68.97446
-67.80001
-67.08097
-67.15239
-67.96598
-68.50297
-68.44119
-68.20717
-67.84826
-67.46212
-66.50614
-65.36387
-64.40701
-64.58719
-66.34796
-69.61696
-70.40555
-67.52117
-65.54394
-64.99469
-65.28172
-65.69318
-66.51602
-67.18657
-67.94030
-69.11966
-70.12845
-71.32695
-72.01038
-71.69339
-72.78852
-73.28643
-71.69806
-70.42876
-69.08168
-68.58024
-68.20762
-68.11604
-69.17028
-70.58560
-71.64733
-71.96651
-71.99291
-71.35743
-70.61636
-70.77582
-70.61630
-70.95677
-71.09383
-70.51521
-70.05945
-69.33716
-69.24825
-69.49850
-70.00500
-71.55512
-72.74683
-72.94733
-72.82942
-72.67129
-73.84099
-74.91264
-74.55997
-74.85289
-75.82624
-76.20552
-75.32712
-73.69681
-72.57249
-72.76267
-73.98283
-75.18558
-76.50236
-75.14045
-74.85845
-76.53178
-76.68582
-76.19146
-75.95825
-75.92043
-75.29278
-75.94657
-77.61262
-78.62632
-79.21168
-79.08068
-77.56545
-77.43933
-78.26829
-77.69730
-77.24240
-76.96429
-76.42210
-75.19987
-74.45402
-74.95079
-74.81427
-74.81372
-74.89387
-74.98519
-75.28232
-75.27869
-74.89897
-71.28975
-67.90157
-67.02213
-65.13012
-63.80964
-64.22213
-64.54126
-65.98938
-68.84548
-72.92620
-75.23450
-74.36339
-73.74146
-74.24338
-76.31850
-78.54899
-77.07103
-71.73101
-69.04451
-66.75969
-65.12893
-65.19796
-65.08633
-65.32142
-66.03837
-67.13749
-69.01084
-72.35438
-75.55363
-75.02557
-74.22340
-71.11380
-66.46541
-64.19490
-64.21225
-65.74639
-67.95148
-71.37402
-73.67099
-71.26440
-70.71011
-72.21896
-72.49773
-74.63503
-79.09381
-75.96909
-71.71316
-68.72141
-67.83761
-67.75597
-67.73795
-70.07957
-74.51234
-73.52168
-69.66628
-66.50084
-66.90620
-64.10539
-60.77694
-61.02229
-60.44210
-59.40581
-58.16186
-57.09836
-57.21646
-57.79328
-58.29678
-59.06230
-59.30159
-59.41655
-59.32073
-59.07551
-58.85069
-58.60401
-58.15752
-57.66650
-57.05760
-55.95531
-55.77678
-55.64313
-55.30388
-55.79181
-56.22993
-56.71884
-57.76737
-58.26259
-58.43131
-59.45627
-61.06976
-61.60981
-61.88864
-61.69907
-61.43616
-60.34132
-58.56674
-57.60855
-56.80522
-55.67841
-55.01525
-55.05357
-55.33484
-56.33787
-57.41773
-58.52134
-59.83796
-60.22398
-60.89013
-61.46719
-61.09795
-60.77680
-60.68250
-61.53989
-62.63022
-60.96926
-58.05554
-56.90486
-56.81593
-57.34804
-58.00141
-58.65186
-59.26668
-59.63700
-61.55285
-65.49072
-67.33852
-64.63157
-62.80335
-62.16182
-61.78650
-62.08642
-62.23667
-62.23211
-62.95832
-64.12356
-65.50560
-65.54028
-66.36871
-68.19330
-69.53227
-67.91129
-66.42808
-67.59877
-68.70329
-68.43929
-68.62286
-69.95511
-69.32894
-68.58873
-67.98408
-67.46387
-66.31414
-65.59310
-64.95847
-64.55191
-64.47657
-64.00325
-64.25705
-65.41318
-66.76908
-68.74826
-70.84869
-72.48507
-72.58041
-70.92542
-70.94351
-71.01504
-71.37603
-69.29459
-68.38784
-67.56184
-66.98045
-66.29346
-65.02164
-64.38753
-63.91761
-64.36462
-63.94510
-63.88907
-64.09316
-64.63479
-65.23025
-66.48339
-68.53444
-70.36553
-72.98007
-75.59451
-76.95552
-77.68329
-78.89188
-78.85677
-79.48124
-78.02394
-76.63820
-75.73558
-75.31881
-75.17185
-74.93958
-75.02461
-75.04143
-75.32898
-75.44144
-74.78845
-73.77205
-73.14075
-73.05800
-73.63167
-74.44540
-75.62056
-77.18024
-79.55708
-80.79613
-82.41148
-83.03750
-81.84683
-80.25050
-78.62571
-77.42791
-75.98262
-74.61495
-72.21277
-70.24637
-68.06256
-66.90414
-66.04312
-65.15590
-65.59742
-66.58310
-66.81031
-66.80558
-65.96415
-65.94446
-66.66748
-66.66694
-67.08419
-68.19064
-68.60167
-67.62992
-67.00988
-66.96290
-67.37662
-67.28446
-67.89378
-70.13063
-72.20964
-71.60795
-70.34657
-68.87543
-68.72491
-68.53553
-69.34925
-70.00307
-70.46476
-72.92395
-73.60677
-72.86676
-71.72220
-70.87084
-70.50019
-69.86469
-67.04129
-65.42927
-65.46674
-65.92563
-66.77985
-68.06396
-69.79225
-71.18280
-69.69351
-68.24512
-67.60189
-68.69681
-69.21580
-69.84925
-72.93550
-73.18736
-71.36157
-69.44170
-68.42064
-68.10876
-68.05410
-67.14144
-66.56333
-66.89938
-67.70337
-68.71444
-70.25425
-72.82699
-73.33381
-71.26798
-71.14738
-70.34364
-68.42916
-67.20592
-66.91663
-67.61511
-69.34502
-70.29211
-70.61399
-71.07121
-71.56262
-71.89340
-70.13906
-68.12157
-67.37914
-68.61622
-69.33649
-69.78471
-68.96212
-68.42083
-68.74129
-69.20530
-68.51170
-67.11622
-66.65423
-66.13902
-66.51177
-67.33044
-68.43237
-69.09209
-69.39318
-69.54350
-69.07596
-68.57623
-68.85867
-68.71903
-67.46218
-66.98631
-66.76882
-66.72107
-67.41115
-67.74838
-67.91603
-67.78451
-67.56441
-67.90073
-68.07118
-69.01522
-70.52627
-71.42785
-71.87721
-72.05572
-71.53744
-70.71992
-70.52544
-70.76311
-71.80731
-71.88380
-71.96302
-72.61645
-73.32696
-74.01608
-74.04523
-73.97416
-74.08782
-75.08371
-75.82181
-75.56574
-75.12449
-75.36261
-74.76414
-73.54256
-73.50865
-73.98121
-72.22892
-71.76876
-72.48058
-72.73472
-73.82666
-76.75883
-78.59810
-78.91358
-78.35632
-77.23412
-76.76880
-76.80923
-77.95932
-77.31894
-77.48695
-76.68379
-75.93297
-74.80905
-74.33847
-73.40039
-72.74128
-73.20430
-74.54228
-75.48722
-76.46328
-76.45158
-75.39048
-74.72327
-74.63409
-70.39310
-66.04979
-67.39139
-67.31858
-65.64575
-65.88868
-66.72670
-68.04729
-69.44247
-70.78711
-71.50041
-73.46960
-74.18211
-74.06848
-74.08651
-73.17063
-70.49544
-66.41302
-63.44105
-63.39900
-65.01399
-66.23657
-65.93347
-62.73417
-60.77822
-60.76781
-61.80156
-63.33764
-64.66361
-66.50711
-68.42844
-72.67857
-72.92497
-69.32968
-67.62584
-67.42557
-67.69344
-66.04304
-64.47464
-64.69655
-64.90211
-64.90867
-64.78376
-64.32553
-65.58546
-65.91409
-65.95099
-65.84555
-65.77798
-65.19342
-64.88454
-66.00894
-67.79712
-69.95888
-73.81610
-71.86059
-68.40215
-67.64133
-63.84849
-61.83383
-60.47531
-58.22767
-56.46258
-55.82929
-56.64807
-57.16349
-56.96848
-57.55171
-58.82062
-60.18507
-60.77931
-62.58741
-63.80607
-63.41750
-62.87186
-61.98992
-61.14650
-60.44654
-58.77858
-58.32563
-59.53821
-58.62179
-57.08156
-55.65065
-55.01459
-54.38931
-54.16825
-54.05640
-53.97957
-54.09203
-54.13098
-54.71568
-55.34604
-56.37595
-57.44451
-58.78320
-60.21449
-61.44038
-60.94845
-59.64420
-59.49462
-60.04403
-59.97462
-59.08508
-58.72260
-57.95349
-58.17035
-57.54208
-56.94360
-57.38783
-56.33602
-56.49758
-57.16563
-57.87651
-58.73842
-58.27903
-57.53615
-58.39190
-59.19010
-59.18837
-59.57825
-60.32918
-62.22221
-63.76530
-64.18501
-63.78078
-63.35332
-62.40576
-61.66394
-61.02159
-60.64258
-60.61104
-61.09851
-60.30537
-59.40407
-58.78069
-58.75854
-59.04212
-59.01781
-59.43166
-59.29260
-59.02286
-58.91244
-59.31048
-59.13778
-59.23475
-59.95058
-60.63906
-61.77400
-63.01141
-63.54959
-65.16685
-67.06841
-68.09041
-69.22245
-69.65033
-70.49051
-70.65365
-70.21101
-68.87778
-67.79944
-67.67375
-67.55772
-67.56011
-67.45776
-67.27232
-66.88521
-66.07748
-66.02654
-65.50592
-65.40643
-65.93531
-65.12504
-65.03081
-65.87000
-66.94148
-68.72433
-69.70803
-70.01828
-70.47151
-70.69922
-70.25954
-70.43227
-70.94908
-70.74345
-70.56927
-70.01694
-68.90379
-68.81577
-68.97461
-69.27076
-69.85908
-70.20697
-70.12953
-70.42833
-70.65530
-70.22696
-70.43255
-70.61529
-70.68193
-71.09080
-70.58314
-70.31193
-70.61884
-70.52921
-71.22211
-71.33926
-71.87157
-72.91082
-73.68741
-72.85419
-75.42453
-74.85924
-77.60869
-76.39910
-78.23672
-75.63686
-78.75654
-68.88847
-59.56825
-60.65427
-62.20059
-63.16595
-64.41302
-66.77476
-63.71359
-63.75997
-71.08042
-70.55227
-71.96146
-70.43699
-69.40461
-66.40238
-65.07627
-64.19360
-63.26678
-62.14501
-61.26001
-61.13018
-60.66633
-60.27966
-60.11426
-60.41607
-60.99903
-61.41278
-61.86231
-62.35334
-63.08399
-64.10564
-64.84004
-65.74818
-66.42124
-67.94585
-68.29499
-69.19230
-70.43967
-71.04775
-71.12979
-71.24681
-71.86833
-72.20983
-71.59634
-69.96837
-69.41858
-68.41832
-68.49679
-68.59314
-68.02832
-67.45768
-67.80966
-68.22304
-68.77846
-69.50634
-69.56033
-70.44418
-70.68033
-72.32858
-74.05760
-75.12958
-74.94376
-74.93039
-75.50351
-74.47296
-73.23506
-71.18675
-69.86866
-69.40668
-68.74959
-68.13997
-68.34201
-68.40480
-68.06767
-68.73042
-69.49434
-71.20665
-72.07698
-72.63871
-74.69849
-76.61930
-78.08934
-78.47254
-79.11892
-78.09834
-78.50746
-76.85852
-76.99051
-75.90545
-76.79339
-76.11965
-77.01491
-76.08919
-77.64494
-76.67054
-79.01118
-76.94711
-79.82445
-74.17657
-60.82322
-61.39680
-64.44847
-66.22960
-69.38205
-70.13555
-73.51674
-73.19989
-76.19802
-76.52427
-76.45760
-79.01831
-79.32318
-76.98492
-81.91778
-77.42114
-79.28109
-81.69835
-78.84244
-79.80487
-79.81542
-78.79677
-79.44756
-81.57730
-78.52095
-80.52589
-79.63973
-82.52910
-79.42622
-85.97991
-78.94577
-121.92803
-68.63472
-60.67082
-62.67169
-63.76279
-63.50185
-62.46912
-64.46584
-65.76134
-66.85445
-67.96269
-66.27594
-66.42530
-68.45136
-69.48040
-68.45367
-68.70209
-67.37539
-66.08366
-65.52152
-64.96497
-63.27086
-62.67418
-62.04586
-62.20526
-62.50890
-62.49091
-62.14203
-61.72779
-62.28194
-61.75460
-62.05063
-62.71591
-62.57358
-62.24935
-62.42801
-62.69408
-62.84005
-62.79107
-62.70545
-62.86117
-62.59169
-62.65755
-62.27407
-62.38185
-61.93594
-61.84004
-61.68187
-61.55826
-61.60350
-61.53778
-62.36452
-62.48312
-62.54153
-62.83341
-63.53711
-63.10664
-62.58926
-62.29850
-61.85336
-61.64922
-61.07666
-60.68289
-60.34424
-60.29599
-60.27531
-59.56368
-60.08685
-60.43988
-61.02915
-61.25222
-61.74340
-60.58446
-59.41479
-62.31045
-61.82089
-62.52248
-64.84666
-65.35512
-66.05653
-66.39776
-67.83216
-68.02740
-68.84064
-69.58512
-70.57008
-70.49385
-70.83689
-70.66739
-70.89307
-71.62427
-72.18819
-72.62970
-72.05527
-71.76088
-71.95564
-71.86870
-72.15215
-72.55515
-72.28533
-71.86201
-72.70595
-73.91694
-73.46411
-74.55161
-74.80386
-75.28031
-75.67394
-76.27155
-76.27964
-76.24723
-76.44366
-76.72698
-76.27023
-77.15476
-77.44296
-77.71793
-78.71664
-78.99535
-78.58785
-78.78814
-79.29029
-79.12940
-80.72417
-79.69820
-81.00913
-79.61766
-82.24025
-79.75035
-85.46266
-78.75892
-82.76866
-64.70319
-58.74226
-61.33905
-62.86408
-65.53003
-67.83229
-68.73968
-70.13059
-71.39257
-72.04806
-71.32939
-70.90924
-71.67930
-71.75572
-72.25983
-72.40062
-71.13564
-70.17959
-69.02185
-69.72373
-69.14262
-68.55458
-67.78653
-67.56631
-66.77851
-66.89774
-66.26964
-65.69524
-64.90467
-64.06137
-63.78909
-63.82261
-63.81815
-63.12397
-62.72453
-61.99632
-61.94513
-61.99760
-62.73525
-63.92097
-63.79614
-63.53439
-63.93259
-65.38498
-65.81938
-65.75035
-66.91313
-66.39149
-66.90458
-67.50998
-66.88130
-65.86254
-65.13228
-64.64568
-64.74309
-65.60066
-65.45425
-65.67666
-65.69567
-66.72624
-66.97011
-66.46051
-66.00289
-66.48109
-67.56298
-68.21449
-69.52482
-70.38775
-71.72113
-72.65613
-73.24799
-72.63807
-72.55215
-73.26565
-74.31065
-74.99472
-74.99191
-74.74119
-76.21726
-76.74947
-76.55520
-76.89387
-77.19593
-78.09835
-79.07489
-79.83952
-79.44427
-79.75141
-79.50723
-80.04521
-80.94823
-81.26102
-80.90248
-80.50909
-80.50269
-81.23591
-81.24376
-81.58672
-80.24602
-79.43311
-82.69618
-83.86424
-82.55878
-81.66192
-80.77172
-82.15664
-82.84554
-83.74647
-83.45768
-83.72096
-82.95778
-85.24265
-85.14266
-86.85825
-85.54713
-86.54075
-86.84604
-89.00932
-88.68347
-87.71444
-87.15641
-86.64657
-91.55708
-91.35074
-99.75035
-90.33777
-107.06732
-87.97260
-100.13548
-83.84993
-84.32156
-66.46564
-59.69129
-62.40393
-62.94151
-63.62874
-63.56059
-64.66343
-64.33001
-65.00280
-66.33404
-67.36460
-67.91358
-68.62027
-70.75271
-72.34728
-71.84025
-70.57502
-70.39376
-69.50438
-69.75353
-70.08426
-70.29025
-69.82603
-69.59735
-67.40783
-67.09982
-66.91122
-67.15354
-66.47503
-64.83906
-63.56177
-63.36603
-62.69779
-59.84082
-59.09643
-60.31731
-59.48700
-59.40756
-59.80598
-59.56415
-59.38399
-59.13440
-59.29733
-59.14318
-59.73375
-60.01246
-59.96275
-59.42367
-59.64041
-60.37215
-61.02668
-61.71632
-61.85377
-61.52506
-62.28429
-62.59602
-62.67871
-63.37554
-63.16363
-63.21115
-62.96160
-63.26573
-64.09303
-64.37333
-65.03917
-64.24091
-62.19227
-62.85136
-65.30490
-68.48766
-69.07153
-68.92535
-67.94469
-67.21614
-67.54968
-68.75125
-70.19560
-69.48748
-69.37392
-69.19270
-70.87650
-71.65657
-72.85341
-73.04347
-72.60299
-73.22613
-73.93993
-73.90092
-74.36471
-75.54347
-75.66355
-76.56033
-77.22865
-77.62184
-76.14078
-77.34441
-76.62410
-80.59541
-73.44543
-67.25763
-69.53570
-71.31234
-72.67243
-73.81398
-73.83947
-75.07499
-75.33081
-77.72889
-77.39538
-78.65388
-77.04847
-77.38996
-76.91860
-79.86222
-78.39574
-70.17303
-70.04731
-73.52197
-73.36574
-74.83239
-75.14375
-76.81765
-77.53530
-78.27975
-79.62141
-79.38102
-83.37548
-80.17522
-87.23479
-78.00708
-91.82289
-61.78858
-56.25677
-59.22303
-60.57868
-62.47954
-63.83220
-66.78010
-68.86716
-70.69257
-71.33774
-70.50618
-70.09857
-67.37541
-64.84984
-63.01291
-61.37994
-60.42870
-59.92651
-59.02869
-58.34996
-58.14818
-57.95427
-57.73395
-57.74585
-57.71206
-58.23458
-58.51653
-58.79644
-59.18253
-59.78599
-60.69828
-61.38307
-61.59531
-62.70443
-63.32144
-63.61589
-64.75821
-66.15933
-66.77936
-66.62351
-67.55340
-67.53060
-67.00700
-66.11137
-65.20277
-63.97494
-62.98268
-62.40849
-61.76767
-61.10214
-60.87285
-61.04668
-61.93021
-62.02542
-63.11869
-61.58209
-61.09277
-65.60316
-65.03750
-66.93896
-67.50097
-65.34685
-65.60354
-64.89217
-64.79626
-63.42002
-62.36397
-61.87609
-61.37860
-61.50076
-61.97509
-61.87255
-61.92616
-62.27627
-63.85923
-64.66923
-65.97449
-66.94158
-68.49729
-70.24513
-71.47655
-72.89257
-68.56360
-67.88558
-69.70855
-71.05824
-71.54059
-71.34957
-71.80754
-71.88834
-71.64871
-72.07859
-71.68378
-72.86492
-71.91360
-73.44203
-71.54460
-77.44700
-66.24205
-59.61634
-62.42149
-64.30475
-66.93988
-68.56226
-69.61858
-71.71785
-71.38375
-74.26382
-74.57318
-73.49329
-75.04228
-75.40345
-74.76956
-78.01932
-74.43029
-76.02926
-75.22256
-75.71455
-75.33728
-75.82870
-76.08030
-75.68127
-74.81122
-75.04755
-75.74082
-76.35127
-76.27231
-75.59233
-80.11847
-74.90423
-100.85426
-62.14453
-58.30365
-61.67866
-62.20875
-62.52216
-61.98892
-64.76123
-66.16068
-64.78867
-63.18114
-64.29408
-64.94574
-66.92144
-67.17400
-67.82339
-67.36235
-65.75935
-66.28842
-64.57356
-63.60649
-62.67198
-62.57486
-62.05928
-61.87943
-61.68943
-60.93148
-60.09619
-60.66669
-60.92640
-61.05866
-61.76608
-62.00297
-62.30973
-61.65216
-61.35756
-61.76536
-61.68851
-61.98027
-61.81653
-61.62722
-61.79380
-61.77070
-61.84339
-60.88823
-60.91902
-60.54225
-60.62515
-61.22301
-61.31290
-61.88938
-61.63686
-62.24538
-62.84900
-62.98716
-63.06726
-62.89660
-62.53478
-62.20984
-62.42296
-61.56387
-60.42698
-60.20468
-60.09775
-60.05968
-59.84225
-59.71502
-60.07758
-60.77037
-60.94356
-60.85043
-61.35547
-59.80683
-60.25210
-62.26398
-61.30318
-63.21525
-65.25945
-65.35101
-66.29412
-66.30644
-67.53810
-67.81209
-68.26947
-69.38237
-70.16399
-70.16555
-70.06380
-69.61373
-70.46983
-71.46574
-72.17869
-71.55354
-71.15305
-70.78655
-70.78476
-71.69861
-71.84116
-72.73205
-67.73495
-66.23684
-68.58821
-70.31035
-70.94546
-72.50058
-72.03018
-73.56141
-69.44572
-65.85826
-68.58780
-70.02238
-70.62364
-71.99767
-71.45262
-75.29545
-70.72724
-65.44919
-67.17729
-69.39640
-70.04901
-72.33667
-72.68876
-74.31317
-74.61313
-74.46510
-74.11810
-74.53129
-75.79239
-75.49001
-76.74891
-75.12767
-75.37292
-60.00862
-57.38680
-60.70211
-62.32259
-65.58445
-65.81272
-67.94641
-70.64692
-64.59560
-61.58860
-63.69472
-66.23570
-65.81041
-64.56565
-67.38161
-68.06028
-67.67138
-67.19761
-66.82002
-68.54568
-68.22504
-67.40616
-67.53364
-67.29583
-66.10791
-66.51302
-66.22280
-65.10262
-63.88990
-63.75362
-63.41578
-63.79392
-63.59523
-63.40237
-62.12323
-61.58225
-61.96371
-62.45744
-63.43172
-63.49765
-63.65896
-63.51457
-64.44076
-65.52378
-65.27278
-65.32470
-65.95649
-65.89266
-66.34183
-66.19768
-65.64238
-64.88432
-64.76820
-64.44435
-64.72557
-65.18597
-65.40588
-65.46883
-65.97355
-66.63920
-66.01951
-65.68604
-65.89249
-66.84039
-67.23512
-68.68223
-68.41239
-69.34429
-70.48400
-71.19164
-71.22687
-71.34231
-71.58322
-71.68103
-71.70341
-70.65306
-72.03825
-73.21107
-73.48052
-73.12555
-73.76245
-72.70771
-73.24523
-73.71408
-74.77758
-74.46364
-75.13378
-75.32578
-75.21124
-75.43582
-75.21135
-75.89735
-76.24156
-77.14798
-76.59187
-77.48009
-76.97326
-78.01493
-75.14782
-73.90326
-76.24105
-76.57900
-75.86173
-76.20849
-76.82226
-77.52609
-76.42509
-74.98266
-76.01616
-77.12787
-76.89176
-77.46874
-77.14920
-78.71886
-78.40308
-77.77310
-78.43321
-80.57303
-79.99072
-83.41882
-81.09688
-82.91672
-82.37466
-84.39027
-82.93081
-84.48676
-84.28932
-83.81535
-85.09405
-81.81827
-89.55276
-59.09893
-57.59065
-61.04498
-61.53826
-63.96667
-63.34642
-64.36591
-63.27031
-61.57578
-60.09205
-60.39623
-59.74087
-58.78918
-58.48318
-58.26228
-58.29721
-58.31816
-57.80549
-58.44655
-58.53995
-58.24446
-59.16221
-59.11046
-59.10948
-59.17076
-58.73168
-59.67147
-60.21902
-60.95130
-61.90284
-62.14874
-62.37599
-61.81876
-61.80042
-61.66491
-62.67900
-63.21022
-63.42332
-63.15920
-62.83650
-63.19040
-63.47038
-62.62230
-62.87259
-62.59320
-62.37140
-62.80705
-63.84521
-64.36622
-64.40179
-64.56593
-64.26876
-64.34379
-64.46150
-64.52192
-64.44148
-64.73773
-64.84228
-64.67409
-64.97532
-64.74843
-65.53484
-65.99624
-64.66047
-65.58105
-63.47781
-63.47859
-63.97357
-64.66494
-66.40917
-68.74982
-70.67060
-71.80064
-71.80103
-69.78225
-70.56073
-69.76030
-69.10738
-69.01303
-69.47919
-69.30941
-68.82785
-66.46923
-67.19743
-68.28246
-68.12443
-67.98602
-67.62975
-67.69573
-67.87271
-68.38485
-69.63501
-70.54036
-70.54220
-70.77733
-70.69458
-71.61436
-72.13788
-72.38812
-71.37618
-72.46344
-72.91809
-73.50015
-73.60827
-73.84747
-74.91021
-74.57341
-73.92784
-75.55848
-76.45457
-76.79196
-77.02747
-76.72594
-77.06960
-75.55932
-75.97130
-75.74839
-76.73877
-75.97284
-78.12654
-76.36543
-79.20874
-78.06000
-80.56965
-79.65802
-83.97337
-80.88973
-83.90972
-82.29139
-86.56077
-79.68026
-58.16630
-56.66926
-58.79024
-59.49257
-60.53831
-61.01375
-62.22886
-62.76863
-64.11115
-64.62519
-64.75435
-62.20976
-60.96527
-60.42452
-59.83871
-58.82224
-57.73850
-57.19466
-56.44960
-55.61634
-55.23923
-55.36385
-55.12276
-54.80685
-55.19094
-55.64840
-56.15224
-56.20955
-56.53656
-57.36831
-58.05950
-58.15821
-57.46927
-57.50675
-58.14323
-59.50843
-60.56319
-61.37344
-62.49513
-62.90461
-62.58637
-61.66185
-61.62251
-60.94737
-60.16027
-58.99878
-57.72746
-57.39738
-56.64085
-56.41571
-56.42138
-56.89257
-57.25493
-57.04400
-57.58685
-57.84107
-58.08351
-59.20675
-60.34500
-61.41779
-61.68216
-61.67560
-60.64869
-60.27472
-59.41254
-57.51069
-55.86689
-54.54342
-53.97573
-53.30112
-52.78000
-52.50151
-52.74379
-52.48704
-52.71087
-53.25842
-54.10759
-55.31812
-56.77218
-58.15662
-59.95991
-61.02376
-59.26748
-59.36395
-58.99837
-58.53338
-58.42625
-58.30649
-57.74401
-57.27220
-57.06836
-56.47206
-56.95394
-57.58407
-57.51355
-58.51816
-58.30101
-59.27699
-57.84397
-58.86287
-60.51121
-60.11087
-61.26015
-58.45753
-61.56096
-61.18574
-60.85284
-61.23916
-59.62893
-59.94411
-60.26062
-60.20393
-61.10952
-63.29406
-63.20489
-65.46929
-66.08812
-69.33731
-70.18103
-68.89817
-67.42171
-66.42292
-66.98484
-67.64194
-69.39345
-70.00636
-67.76372
-70.69549
-67.63995
-68.24745
-67.01223
-59.10584
-58.49178
-58.10814
-57.64740
-56.77440
-57.02729
-58.01223
-59.12659
-60.45597
-61.38839
-62.01690
-62.93790
-64.00644
-63.84096
-64.10002
-62.99616
-62.69973
-62.09309
-61.78211
-59.43486
-59.56741
-58.76815
-59.12129
-59.11681
-58.50639
-58.09734
-57.21033
-58.96365
-58.66383
-59.01025
-58.63385
-58.93971
-58.77623
-58.88354
-58.88173
-58.77195
-59.17456
-58.14725
-59.08713
-58.52561
-58.29220
-58.26760
-58.41492
-58.38869
-57.59367
-57.75069
-57.75782
-58.15239
-58.10298
-58.72421
-58.92746
-58.77875
-59.00454
-58.89722
-58.63189
-58.26959
-58.41616
-57.88418
-57.83748
-57.43162
-56.72671
-56.70066
-56.42081
-56.52305
-56.60722
-56.33998
-56.31965
-56.31281
-56.83807
-57.52644
-57.78435
-57.54816
-57.89842
-57.95246
-57.83318
-58.15415
-57.89482
-58.11096
-57.30984
-57.15293
-57.66240
-57.58676
-58.03245
-58.54349
-58.23586
-58.19757
-58.92800
-59.40033
-60.12030
-60.84387
-60.22337
-59.75262
-59.76901
-59.67549
-59.33880
-58.48665
-58.40798
-58.43703
-57.80655
-57.47713
-58.11050
-58.00043
-57.75640
-57.30742
-56.84602
-57.44343
-57.18517
-57.09161
-57.15369
-56.74498
-57.35804
-56.97574
-56.66722
-56.96881
-56.60365
-56.60505
-57.33306
-57.67711
-56.57994
-57.38580
-58.58302
-58.52738
-58.71660
-59.50260
-59.55106
-59.81779
-60.24848
-60.90180
-61.89619
-62.77406
-60.40624
-54.95426
-56.53053
-59.58990
-59.10107
-59.79415
-58.90936
-62.22820
-60.75855
-57.79545
-57.88362
-58.04310
-59.94629
-59.77816
-59.29017
-61.27165
-61.39123
-61.36728
-61.35101
-61.41791
-62.53176
-62.04322
-61.84403
-62.15005
-62.32533
-62.39025
-63.03514
-62.74072
-60.90620
-59.92156
-59.09107
-59.20835
-59.20021
-58.48405
-58.61607
-57.99921
-57.39432
-57.61330
-57.08201
-57.05733
-57.34489
-57.62465
-57.95559
-57.11002
-57.90961
-57.01911
-57.13308
-58.71374
-58.89854
-60.28661
-59.50734
-58.51936
-57.30023
-56.69445
-56.89243
-56.45349
-56.01513
-55.69885
-55.21959
-56.15077
-55.80983
-55.55711
-55.03739
-54.63965
-55.38234
-55.93052
-57.22452
-57.32142
-57.76407
-58.08683
-58.30388
-58.23987
-58.25351
-57.77989
-58.47146
-59.30521
-60.01485
-59.12123
-59.25686
-59.92014
-59.84828
-60.15654
-60.27129
-61.16949
-61.80869
-63.96118
-64.70894
-65.81854
-64.47656
-64.54996
-63.54447
-64.51979
-65.11474
-64.97673
-66.08931
-65.98364
-66.23635
-66.65621
-66.67749
-65.38668
-66.30101
-65.85179
-65.08007
-64.77896
-63.82073
-63.02510
-63.16695
-62.35707
-62.89267
-63.73910
-64.29884
-65.50934
-66.25771
-68.06243
-69.65308
-70.38650
-70.74278
-72.21053
-71.12736
-68.93896
-68.55666
-67.77344
-69.73944
-70.55100
-72.43260
-70.49307
-68.56581
-67.46781
-70.03658
-69.68715
-78.31841
-65.14064
-56.42682
-59.37038
-59.76056
-59.21958
-59.97458
-59.80004
-58.60755
-57.27965
-57.16754
-56.49325
-56.15727
-55.02984
-54.66052
-54.61800
-55.29037
-55.29301
-54.98613
-55.32112
-55.17137
-55.21114
-55.74998
-56.02820
-55.90737
-56.15629
-56.05090
-56.28285
-57.08758
-57.33512
-57.73514
-58.34814
-58.37751
-58.61205
-58.35849
-58.56593
-58.98548
-58.45440
-58.64880
-58.34449
-58.83394
-58.60491
-59.28359
-59.01799
-58.86356
-59.49755
-59.20925
-59.66686
-59.64830
-60.93798
-61.23561
-60.92475
-61.25551
-60.89739
-60.69689
-60.06066
-59.18139
-59.51964
-59.65379
-60.17236
-60.16829
-60.60143
-60.10401
-59.93423
-60.13198
-60.13928
-59.47875
-59.06793
-59.73671
-60.73135
-61.69302
-61.21183
-60.82774
-60.85059
-61.46313
-61.88142
-62.02587
-61.26997
-61.22853
-59.99571
-60.22553
-60.35066
-60.08976
-59.20276
-58.05187
-58.15156
-57.96836
-58.37200
-58.62481
-57.93157
-57.16341
-57.10717
-57.93141
-58.24096
-58.39223
-58.03324
-57.11518
-57.38556
-57.92716
-58.57907
-58.67687
-59.11270
-58.82176
-58.95347
-59.17784
-59.31420
-59.71231
-59.92318
-59.71963
-59.44909
-60.11721
-60.47603
-60.06545
-59.44460
-58.55816
-57.86191
-57.72083
-58.17593
-61.31566
-63.77641
-63.33703
-64.82176
-65.79333
-65.57393
-65.71811
-64.59840
-64.64668
-64.68725
-65.14121
-65.18432
-66.27437
-66.24428
-67.56057
-63.68602
-62.24863
-62.51427
-61.55068
-62.88422
-62.46660
-62.76736
-62.17776
-65.09667
-63.83598
-64.90486
-63.30039
-62.52866
-61.39601
-59.54814
-59.44194
-58.01806
-57.94410
-57.12776
-57.28631
-56.47787
-56.42674
-56.12356
-56.71301
-56.60790
-56.96929
-57.65977
-58.17924
-58.60299
-58.86730
-60.01357
-60.47717
-61.66636
-61.81768
-62.49015
-62.86553
-63.44300
-64.44986
-65.56856
-65.62878
-65.87299
-65.86898
-66.11129
-64.51404
-64.54416
-62.96132
-62.21681
-61.14661
-60.12294
-60.70949
-60.69920
-61.04519
-60.62129
-60.99685
-61.36190
-61.25559
-61.82463
-62.44511
-63.21234
-64.77020
-64.41833
-64.86332
-65.41485
-64.30304
-62.00553
-60.16110
-58.75638
-57.45768
-56.44637
-56.08275
-55.84604
-55.79875
-55.87199
-56.34411
-56.65450
-57.37395
-58.55324
-59.32225
-61.13061
-62.51626
-64.92620
-65.03083
-64.09147
-63.28900
-63.26656
-63.34404
-62.81456
-62.09704
-61.24581
-60.76777
-60.55298
-60.70299
-61.11305
-61.64242
-61.82903
-62.41741
-62.66932
-64.36924
-65.58443
-67.16926
-66.93672
-67.13958
-64.73806
-64.23622
-67.14724
-65.33567
-66.51111
-64.50506
-64.27480
-64.41117
-64.18788
-65.47657
-66.18033
-67.78834
-67.71018
-69.73920
-71.80974
-73.14098
-71.20826
-71.14792
-75.39225
-75.69634
-74.59186
-74.62217
-73.92024
-74.14349
-73.25441
-75.43781
-74.53983
-76.45932
-72.57804
-67.84599
-65.61955
-65.66711
-65.05052
-63.70768
-65.02088
-65.62287
-66.45518
-66.43346
-67.12723
-66.82111
-67.33587
-66.75349
-67.55884
-68.20701
-68.79932
-67.10337
-67.23618
-66.71320
-65.13065
-65.61417
-64.44802
-65.38848
-64.71509
-64.74840
-64.64843
-65.29156
-64.82224
-65.35798
-66.32150
-65.99526
-66.23489
-66.35816
-66.93297
-65.99585
-66.15405
-66.40386
-66.54187
-66.63481
-66.42801
-66.18817
-66.68110
-66.79916
-66.16436
-66.24247
-65.94273
-65.80530
-66.07810
-66.07482
-66.93571
-67.15524
-67.33757
-67.30633
-67.92273
-67.90091
-67.19650
-66.81574
-65.66207
-65.36036
-64.69403
-64.19615
-64.26978
-64.56755
-65.38578
-65.40165
-65.27576
-65.14363
-64.29158
-64.54066
-65.13954
-65.66459
-66.37874
-66.14415
-66.67081
-67.12142
-67.39347
-67.60024
-67.19052
-67.50437
-67.66789
-68.17571
-68.16605
-68.66072
-69.19149
-68.59317
-68.92979
-69.24811
-69.18482
-70.17234
-70.42778
-70.00962
-69.25891
-68.96084
-68.73028
-69.10241
-69.50907
-68.73120
-68.69543
-67.73064
-68.51522
-69.03576
-69.22845
-68.95388
-68.17468
-68.34181
-68.20767
-68.26683
-67.94063
-67.67875
-67.79898
-67.50009
-67.07564
-67.50453
-67.14023
-67.45923
-68.08418
-68.49386
-67.91676
-67.47925
-68.40657
-68.68251
-68.83461
-70.12210
-71.09756
-70.59852
-70.90413
-71.73606
-72.76003
-72.87125
-73.37694
-70.94674
-68.96538
-68.85762
-67.91096
-68.29045
-69.07988
-69.08265
-70.01019
-70.80233
-68.40761
-67.45996
-66.46952
-64.93628
-65.00985
-65.21807
-65.81562
-65.38898
-65.32472
-66.22904
-66.93080
-67.45328
-68.43179
-69.89314
-70.89840
-71.18746
-71.05073
-71.81051
-71.36058
-70.31011
-70.42974
-69.44547
-68.38155
-69.23707
-68.87943
-68.72063
-67.59217
-67.72731
-68.91771
-68.44611
-69.05187
-69.27285
-70.45927
-71.30265
-71.79410
-72.42309
-72.64762
-73.09912
-72.83600
-72.83516
-73.17802
-72.77526
-70.62926
-69.66831
-69.99237
-70.03397
-69.94957
-70.45487
-70.24011
-69.56946
-70.42498
-70.56146
-70.50271
-69.88992
-70.07913
-70.93101
-71.73255
-72.38123
-72.46411
-73.13550
-72.90209
-72.86854
-71.95727
-72.72359
-73.81735
-73.69386
-74.59699
-75.39888
-75.09786
-75.22042
-75.48237
-75.99624
-75.54346
-74.59244
-74.84404
-76.17851
-77.66826
-77.63182
-78.26424
-78.28575
-78.11328
-77.89775
-78.69744
-79.26412
-78.30656
-79.33206
-80.22879
-79.79252
-80.45161
-79.75804
-80.21986
-79.54062
-78.40440
-78.71719
-78.60304
-79.16181
-79.16246
-79.34186
-80.52391
-80.95295
-81.08447
-81.48813
-82.63820
-83.85681
-84.40518
-84.73882
-85.10742
-85.18164
-83.39937
-81.92685
-81.52470
-80.81372
-81.45560
-81.63404
-81.81025
-83.15213
-82.55916
-83.85822
-83.84415
-86.32765
-86.17067
-90.14888
-75.45081
-69.56702
-69.80069
-69.57976
-70.82521
-71.89405
-71.46046
-70.72298
-71.42315
-70.45486
-70.04125
-70.73491
-69.93086
-71.46777
-71.67040
-70.92245
-72.00874
-71.12826
-70.23427
-70.26938
-70.69989
-71.05535
-69.73070
-70.55957
-72.35089
-72.48430
-72.87425
-72.72558
-73.81530
-74.17440
-73.17499
-73.74100
-73.16210
-73.39563
-73.92153
-72.93821
-73.06807
-74.11505
-73.69950
-74.08273
-74.67308
-74.78059
-76.09708
-76.02665
-77.06929
-76.94832
-77.89160
-79.39121
-79.40090
-78.96805
-78.31573
-75.92691
-75.06845
-74.62813
-72.88605
-72.27073
-72.60000
-73.64474
-73.31629
-73.88201
-73.70627
-74.57496
-75.28617
-75.61859
-75.25173
-74.82199
-76.53591
-78.20264
-77.11810
-75.69781
-76.24083
-75.47496
-74.76285
-74.35275
-76.73235
-77.66984
-76.51661
-76.36384
-76.85917
-77.45820
-76.74033
-76.55271
-76.84055
-77.35938
-76.61771
-76.01524
-77.22722
-77.73470
-77.38414
-77.40958
-78.24457
-79.30429
-79.28078
-79.86705
-80.14093
-79.55418
-79.15533
-80.24529
-80.86736
-81.91839
-80.73329
-79.81316
-80.22816
-80.21323
-80.56040
-80.25156
-80.40620
-81.02538
-80.42591
-79.89660
-80.10951
-80.10794
-81.06097
-81.73988
-81.68582
-81.77231
-82.23182
-82.59707
-81.95358
-81.40466
-82.76491
-83.16091
-83.17925
-83.87884
-84.50993
-83.93770
-84.05388
-84.40316
-86.09928
-87.60351
-89.70830
-83.93327
-78.42998
-78.73991
-78.87338
-78.99521
-79.90092
-80.00610
-79.16638
-79.69541
-81.85946
-82.78186
-82.19113
-82.27097
-81.81834
-80.84063
-81.61920
-82.40931
-82.72323
-84.72283
-83.87299
-82.02659
-83.31522
-84.07577
-83.17680
-81.84905
-81.48837
-82.59550
-82.99398
-82.79598
-82.75392
-82.80677
-83.66035
-84.88301
-86.81461
-86.59543
-85.28670
-85.59639
-85.67620
-85.63261
-86.36141
-87.23372
-86.72657
-87.48024
-88.20873
-89.11600
-90.52833
-90.10328
-93.37248
-80.90855
-76.73054
-78.48305
-79.96085
-80.63556
-80.66402
-81.32983
-82.70669
-84.18703
-83.83797
-82.88911
-82.51382
-80.97371
-79.98835
-82.04993
-83.82333
-84.46948
-82.41791
-82.09733
-83.08494
-83.99688
-84.16094
-84.56206
-85.93355
-85.96453
-86.10878
-84.40045
-83.89545
-84.29811
-84.96707
-83.45058
-86.09975
-89.15686
-87.83498
-80.94037
-78.71985
-79.28099
-79.06226
-81.00977
-82.13441
-83.27897
-80.48441
-79.44675
-79.33672
-80.64886
-81.93191
-81.06617
-81.39641
-81.37593
-81.60755
-81.39422
-81.50418
-81.58166
-83.15771
-83.32697
-83.34778
-84.25951
-85.86569
-86.54660
-85.41194
-86.16307
-86.44688
-87.15179
-86.52779
-86.54074
-90.38163
-90.15755
-89.04633
-89.42199
-89.10502
-89.19670
-88.47887
-87.19575
-88.49809
-89.27047
-88.59388
-89.39639
-88.52058
-87.97790
-87.56404
-90.89592
-91.45752
-94.58679
-82.55060
-76.42106
-77.27111
-77.62194
-78.22808
-78.79456
-78.76662
-80.38819
-81.86470
-82.67302
-82.03093
-81.46009
-81.33221
-81.24314
-80.55541
-80.90095
-82.42116
-81.18261
-81.37507
-82.55871
-83.33094
-82.99896
-82.66795
-83.68590
-83.16633
-83.60585
-83.64325
-83.39422
-84.03431
-85.06416
-85.46215
-86.08043
-86.02608
-85.83154
-86.66402
-86.56504
-86.81189
-87.47695
-87.34914
-85.19460
-84.12368
-85.49735
-85.72897
-85.51479
-86.47130
-86.56689
-87.83838
-88.86903
-88.69127
-89.33397
-89.17504
-87.37432
-87.16843
-87.29212
-88.08927
-87.75720
-88.72158
-83.85173
-79.40056
-79.04021
-78.04991
-77.97131
-78.67078
-79.87596
-80.70230
-81.77118
-82.73876
-82.70319
-82.44008
-82.12247
-81.70847
-82.34436
-81.73697
-81.85774
-84.36627
-82.48555
-83.27913
-82.74639
-81.48765
-82.48291
-83.51254
-84.10985
-83.47968
-83.04457
-84.16109
-86.80361
-86.37690
-85.23324
-85.99251
-88.61447
-89.26965
-87.56672
-85.07052
-85.47930
-87.62341
-87.42279
-87.03674
-85.07223
-84.76682
-85.55312
-86.52266
-88.90890
-88.71643
-87.91398
-88.80227
-89.84445
-91.33793
-91.85506
-89.98734
-87.88458
-87.55411
-89.99489
-91.37197
-92.39328
-91.60508
-91.93375
-90.52103
-89.44530
-90.67697
-91.52076
-92.66441
-91.37398
-89.81041
-90.89716
-90.28429
-87.65587
-89.87129
-91.78220
-90.90216
-90.23877
-96.68343
-85.50053
-80.57104
-80.00009
-79.67246
-80.76137
-80.51520
-80.83965
-81.33520
-82.62747
-81.13596
-79.02405
-78.86748
-79.64190
-79.86385
-79.77716
-80.62674
-82.46066
-83.15294
-82.89137
-82.29012
-82.75036
-82.35630
-83.27558
-85.87008
-84.78884
-84.75256
-84.28205
-83.95981
-83.54643
-82.21450
-82.60422
-84.38758
-83.90298
-83.25668
-81.89929
-81.36080
-82.47874
-84.30105
-84.99253
-85.19079
-85.94713
-87.08505
-86.84778
-87.36511
-87.78645
-87.22516
-88.29160
-86.81329
-87.08104
-86.48661
-84.78561
-83.95360
-85.05220
-86.21982
-86.44657
-87.06520
-87.23800
-87.86912
-88.63217
-87.89795
-89.38400
-90.92443
-90.48975
-90.44477
-89.12420
-89.52048
-88.39037
-87.24718
-86.88380
-87.19789
-88.26637
-90.08931
-90.56959
-89.12531
-88.47658
-89.97664
-90.11911
-89.76149
-90.76139
-90.50556
-91.09448
-92.56441
-92.22443
-91.28623
-90.45154
-89.65744
-90.19210
-90.37272
-91.88112
-92.37608
-92.46455
-92.76090
-89.84066
-89.42672
-91.29247
-90.97086
-93.28135
-94.22970
-93.01252
-92.02797
-91.47465
-93.70504
-93.23419
-91.03413
-90.25898
-92.39767
-93.86352
-93.68140
-93.67663
-91.14493
-89.92213
-91.31024
-92.67203
-93.60136
-94.81698
-96.13133
-93.75911
-92.75533
-91.92832
-90.88795
-91.67332
-94.85472
-94.98431
-93.98230
-93.60493
-93.14190
-92.72868
-94.20616
-96.03140
-95.45178
-92.42366
-80.23087
-76.99018
-76.60938
-75.64567
-76.23990
-77.20391
-78.13604
-78.32662
-80.04603
-81.06396
-80.50162
-80.78709
-81.90324
-81.29231
-80.25426
-81.31090
-81.19199
-82.83732
-82.27183
-81.18099
-81.92524
-82.08892
-82.49655
-82.55389
-82.93430
-82.26745
-82.44035
-83.55036
-85.32004
-84.46138
-83.74133
-83.95407
-84.59124
-84.00794
-84.97430
-85.24333
-84.80868
-86.85174
-86.58613
-87.84948
-86.73137
-87.19964
-88.08082
-87.25283
-85.61747
-86.15399
-86.29503
-88.01397
-90.01877
-90.37715
-90.24850
-81.79883
-77.47487
-76.63943
-76.62114
-77.42171
-78.42971
-78.66624
-79.32646
-80.61614
-81.17173
-79.89977
-80.98051
-81.80603
-80.33986
-79.62838
-82.14458
-81.34019
-80.82261
-81.88419
-81.86856
-83.87338
-82.63859
-84.15832
-83.09559
-81.35929
-80.92863
-81.40045
-82.98456
-85.28980
-86.53748
-85.51482
-83.31452
-80.81539
-80.80839
-82.91468
-84.78632
-84.20847
-83.96209
-82.74166
-82.09284
-80.95532
-80.75583
-80.51678
-80.87476
-84.61431
-87.02829
-85.44444
-87.09599
-90.30460
-88.25127
-85.82375
-84.54863
-83.27891
-83.38391
-84.95711
-85.56595
-86.78975
-87.07765
-86.53475
-85.98849
-86.32665
-87.08244
-88.24616
-87.55202
-87.29587
-87.69940
-85.84333
-85.02034
-85.98169
-87.74745
-90.46046
-90.69823
-89.75718
-88.95749
-86.23525
-86.25638
-87.70970
-89.17734
-90.65618
-91.10837
-84.65038
-82.81623
-83.14894
-83.20512
-84.50556
-84.59337
-85.02573
-84.60091
-85.15353
-84.88946
-85.17390
-85.21486
-86.23105
-87.17218
-87.25961
-87.89900
-85.65709
-83.82294
-83.92307
-83.21279
-82.06465
-81.22023
-81.69102
-84.34982
-86.04677
-87.69985
-87.45818
-88.32305
-88.08145
-88.54489
-87.96813
-87.81261
-86.96123
-82.22361
-81.00113
-80.81131
-79.89969
-79.92740
-80.24880
-80.95186
-83.34251
-86.11708
-87.72515
-88.25287
-88.02512
-87.03582
-86.94936
-85.57943
-86.00106
-83.07688
-80.44743
-80.00224
-79.42921
-79.34016
-80.26045
-81.93420
-83.11788
-84.22412
-83.87377
-84.36158
-82.55041
-82.46510
-83.10786
-83.42993
-84.53802
-84.05667
-82.19257
-80.19607
-80.12478
-80.18499
-79.75031
-79.87055
-80.81836
-80.97928
-81.12473
-81.79172
-83.01361
-82.72420
-82.98539
-83.59103
-83.20964
-84.47492
-83.05842
-81.46146
-79.35170
-77.92382
-79.16766
-80.52597
-80.85399
-82.03938
-82.48624
-82.99336
-83.72795
-81.42621
-82.19645
-85.26109
-83.89180
-83.91634
-86.56132
-85.20626
-85.45556
-85.38381
-82.33765
-83.82184
-87.20388
-85.99065
-85.63090
-85.92023
-85.74393
-84.20594
-84.73799
-86.69085
-86.63377
-88.41333
-87.72277
-90.03047
-89.17618
-86.73045
-86.78378
-85.72666
-87.42163
-88.81431
-90.09587
-93.38046
-90.62708
-86.68633
-87.08660
-88.46337
-90.44642
-92.64279
-94.01854
-95.75266
-96.11663
-94.98559
-93.70446
-94.49566
-94.06738
-94.52809
-94.80466
-97.38272
-99.11218
-97.50672
-97.21920
-96.20356
-97.87641
-98.76127
-99.04023
-98.91980
-98.96683
-100.08175
-98.93048
-97.26130
-98.14581
-99.10462
-100.81918
-103.00219
-102.63957
-102.10991
-101.94941
-100.46519
-100.70864
-103.56407
-105.17248
-105.37920
-107.06370
-107.84722
-106.25375
-103.97445
-101.10944
-100.47706
-100.91690
-106.49055
-111.10656
-112.87604
-110.12654
-107.60315
-107.73975
-107.85572
-110.13676
-109.53366
-112.04407
-111.86322
-112.79092
-111.64175
-109.22517
-109.99308
-112.99300
-113.37045
-115.54735
-116.70880
-115.01926
-116.56741
-115.59455
-118.65775
-118.08497
-116.03356
-118.07688
-121.03875
-119.51726
-115.61519
-117.46135
-117.59583
-118.49856
-121.60070
-123.88781
-121.47026
-120.54474
-122.20486
-120.74639
-125.22615
-128.35783
-130.51336
-132.25583
-132.30346
-131.49443
-133.49459
-133.18109
-135.15956
-140.43465
-142.27150
-145.31382
-147.73233
-147.81920
-147.64487
-151.74016
-150.24984
-155.75704
-151.46952
-161.20696
-157.71708
-167.14782
-156.89820
