-106.91020
-81.16847
-77.02788
-78.07251
-78.35288
-79.87923
-79.93745
-81.24672
-81.45968
-82.57605
-83.02680
-83.64070
-84.03818
-84.66898
-85.37319
-86.23916
-86.75993
-87.84969
-88.61331
-88.96854
-90.23303
-90.29772
-90.46219
-84.43089
-83.35398
-83.51098
-83.24956
-83.10012
-82.23149
-81.68730
-80.82593
-83.73351
-90.97882
-87.89496
-78.38274
-76.89490
-78.27073
-78.46525
-79.75640
-80.45372
-81.19402
-81.99762
-82.42637
-82.37854
-83.07159
-81.75709
-82.00771
-82.23369
-82.38660
-82.09639
-82.65811
-82.33969
-82.48180
-84.23817
-85.18906
-85.40129
-82.37941
-83.35265
-83.73003
-84.40695
-84.35525
-84.67497
-82.86494
-83.38903
-80.53595
-82.99087
-82.72711
-76.35016
-77.06450
-76.87256
-78.68932
-79.27719
-79.99776
-80.95937
-81.37725
-82.17827
-82.23055
-82.96267
-83.11583
-84.07745
-84.24127
-84.62057
-84.09050
-84.97493
-83.78062
-83.86170
-83.30934
-85.79892
-86.27334
-84.21800
-84.29833
-84.16566
-84.50304
-84.15956
-83.03356
-82.43643
-81.94883
-80.59292
-80.43051
-76.06612
-75.18828
-76.42545
-76.36453
-77.53076
-78.20384
-79.11500
-79.52264
-80.58443
-80.86120
-81.78067
-83.20651
-83.45844
-83.47335
-83.70631
-83.83966
-83.96745
-84.47462
-84.16208
-84.31534
-84.09264
-83.66872
-80.79117
-80.82368
-82.12589
-82.20023
-82.62694
-83.07126
-82.89684
-82.68687
-82.48066
-81.31225
-80.60964
-74.64559
-72.91946
-75.24721
-76.84161
-77.32326
-78.20532
-79.27765
-79.03234
-79.75752
-80.01240
-80.94467
-80.51384
-81.29344
-81.52787
-81.78554
-81.97482
-81.47695
-81.78058
-81.65964
-82.23693
-82.06809
-81.81201
-79.29848
-79.35245
-81.48145
-83.39190
-84.00303
-85.44244
-84.80522
-85.05288
-84.07191
-84.48023
-81.16584
-74.88417
-74.55265
-74.14100
-75.40094
-76.54805
-76.93077
-78.07735
-78.10154
-78.93288
-79.37445
-80.00725
-79.67387
-80.18800
-81.08199
-82.60915
-81.86785
-83.35758
-82.84308
-84.37036
-83.19032
-85.30195
-82.62498
-80.60869
-80.65919
-80.68768
-82.22848
-82.76802
-83.32352
-83.82107
-84.73943
-82.00727
-86.74087
-72.39285
-70.37024
-74.07412
-73.44970
-75.06972
-75.40748
-77.57439
-78.77221
-78.47555
-80.08636
-80.10519
-82.08290
-79.96119
-82.42165
-79.47857
-86.95581
-76.05073
-69.18255
-75.42928
-80.07661
-82.42266
-85.15749
-81.25615
-79.83028
-79.77215
-79.87135
-81.86350
-73.14759
-72.06052
-78.66038
-79.86114
-82.57970
-82.26340
-72.72877
-71.63150
-75.11565
-73.93959
-76.23327
-75.91135
-76.57736
-77.04210
-79.61065
-79.86673
-80.86818
-80.29218
-79.08918
-82.11937
-79.84415
-87.58183
-72.65524
-70.18306
-76.83140
-80.26457
-82.98926
-84.47504
-81.29314
-80.92967
-79.92282
-81.38501
-79.24214
-71.46424
-73.60448
-79.90450
-79.54245
-83.98829
-78.41882
-70.97642
-72.37040
-74.75680
-74.30925
-75.79255
-75.26131
-77.11013
-75.88552
-77.96505
-78.77893
-80.98919
-80.67347
-81.29244
-81.49157
-81.40515
-83.69232
-70.41735
-71.97865
-80.18222
-80.49044
-83.96339
-82.72884
-80.49480
-80.79922
-79.62679
-82.36267
-77.08196
-70.12864
-74.16316
-79.36409
-79.83018
-86.03690
-76.31507
-70.36139
-72.86613
-74.10898
-74.70818
-75.98543
-75.41893
-76.69808
-75.92254
-77.55876
-76.58712
-79.70485
-77.61462
-80.51776
-78.37278
-81.82507
-76.80559
-68.43481
-73.04421
-78.07571
-79.72154
-84.00053
-81.03757
-79.51889
-79.96276
-80.46075
-83.27496
-74.36545
-70.69507
-75.77780
-78.79906
-80.77061
-84.17679
-72.39496
-69.65342
-73.46232
-73.28029
-74.30540
-74.42852
-74.96994
-75.23184
-75.27292
-75.86659
-75.59065
-77.58091
-78.26561
-83.13416
-79.22059
-88.90616
-73.33593
-68.77003
-76.06457
-78.54133
-80.96463
-83.95193
-80.57820
-79.11824
-79.59041
-80.22298
-80.61225
-71.83375
-71.83316
-77.89634
-78.34796
-81.53933
-80.03455
-71.16926
-70.41125
-73.78107
-72.95449
-74.96433
-74.58028
-75.33132
-74.54450
-75.63978
-75.37875
-76.10712
-76.24782
-75.16535
-77.50492
-78.18118
-82.89976
-70.02192
-69.69862
-76.90089
-77.62382
-81.50339
-82.04445
-79.41338
-79.07479
-78.91370
-80.09460
-77.58280
-70.40335
-72.60883
-77.93616
-78.25590
-82.35591
-76.24702
-70.24801
-70.81562
-73.06694
-73.65335
-74.31025
-73.91203
-74.80659
-73.97332
-75.56306
-74.95038
-76.51706
-76.28580
-77.39020
-76.99368
-77.42758
-79.87346
-70.09060
-71.54145
-76.91437
-78.74909
-83.51709
-82.01833
-79.35493
-78.58343
-79.43441
-82.85141
-75.45884
-70.72969
-74.39602
-77.55168
-78.58863
-82.91768
-73.93680
-68.99433
-71.47380
-72.09409
-72.74811
-73.59664
-74.33606
-75.12524
-74.39966
-75.80856
-74.97703
-77.40537
-75.96791
-78.20335
-76.50950
-78.94133
-74.13610
-68.44696
-73.21720
-78.07931
-80.77247
-85.73214
-80.86980
-77.87429
-78.43250
-78.33855
-80.45714
-72.56303
-70.63946
-76.63637
-79.00995
-80.77076
-81.57257
-71.12935
-68.50443
-71.20543
-71.03595
-72.28346
-72.11015
-73.69677
-74.21845
-74.71049
-75.36526
-75.46464
-76.55180
-75.67319
-77.31966
-75.42792
-78.94963
-70.99061
-68.37011
-73.70012
-78.00333
-82.82632
-85.02738
-79.04884
-77.48588
-77.54944
-78.37327
-77.92407
-71.41759
-72.66839
-78.23995
-78.80117
-82.06734
-79.50572
-70.36359
-70.21845
-72.52959
-72.36295
-74.28968
-73.91218
-75.94722
-75.78454
-77.77813
-77.66709
-78.93853
-78.04415
-77.88417
-78.40181
-77.51144
-79.76048
-69.86531
-70.05775
-76.43862
-76.11109
-80.01003
-84.64704
-78.65029
-78.64231
-78.25599
-80.76936
-76.73635
-71.05123
-74.36329
-79.68236
-80.66476
-87.09150
-77.50406
-69.11935
-70.53590
-71.37024
-71.36185
-72.53836
-72.64725
-73.70050
-73.20427
-74.57440
-74.73611
-75.61921
-73.74189
-74.83232
-74.12528
-75.41322
-74.35044
-69.16041
-71.40551
-75.23179
-75.43957
-76.60083
-77.21284
-77.58612
-77.94926
-77.38980
-79.66185
-73.88993
-70.70899
-75.00625
-78.37720
-78.83059
-83.82537
-72.62761
-68.16320
-70.67843
-70.86875
-71.59876
-71.91262
-72.50331
-73.08679
-72.91167
-73.95747
-73.20492
-74.45301
-74.41961
-76.04507
-74.60028
-77.73552
-72.01539
-68.01528
-72.80987
-74.75574
-75.31541
-76.11428
-74.73093
-74.08381
-76.08369
-77.90855
-78.59907
-71.97050
-71.19204
-76.44947
-76.60608
-79.34687
-78.37846
-70.13334
-68.79320
-70.66008
-69.66707
-71.17696
-72.05795
-73.60690
-74.29312
-75.24940
-75.51550
-74.92791
-73.98935
-73.16334
-74.46227
-73.41820
-76.73614
-70.12811
-68.79533
-74.00777
-74.75399
-75.70554
-74.66302
-73.41823
-73.14165
-72.40460
-74.49573
-75.55781
-70.79091
-72.33791
-77.19579
-77.43318
-80.95236
-75.88206
-68.94161
-69.79148
-71.17815
-71.08330
-72.08167
-71.63139
-73.18845
-73.02855
-75.12505
-75.36785
-76.65994
-74.53556
-73.99314
-74.03598
-73.92943
-75.38063
-68.46574
-70.52954
-76.67402
-76.98704
-78.68468
-76.05771
-74.14891
-73.74417
-73.67651
-73.71052
-72.34700
-70.66357
-74.34747
-78.70613
-78.63474
-83.91778
-74.30276
-67.66803
-69.44222
-70.82122
-72.34460
-73.49057
-73.09219
-74.82832
-74.37726
-75.64810
-74.31746
-75.51798
-75.10619
-76.75729
-75.14795
-76.42114
-74.80126
-68.77233
-72.76796
-78.18044
-78.46105
-80.64755
-76.28284
-74.42442
-74.90700
-75.18061
-76.53413
-71.56201
-69.75158
-75.25038
-79.07348
-79.00762
-81.24952
-71.18277
-67.77695
-70.06112
-70.33724
-71.84299
-72.02025
-73.02483
-73.39311
-74.25126
-75.92695
-75.54392
-76.15352
-75.04603
-77.32956
-76.15904
-82.01513
-72.67456
-68.81158
-74.67666
-77.26467
-78.76647
-80.39153
-76.83189
-75.16217
-74.79892
-74.76457
-75.08732
-70.66158
-70.96721
-73.26506
-74.87528
-80.66930
-79.94243
-70.29811
-68.79895
-70.73116
-70.17716
-72.16298
-72.34653
-73.53067
-73.35227
-74.72649
-75.56638
-77.13042
-76.02050
-75.54551
-77.33705
-76.06307
-79.36623
-70.16666
-69.51398
-75.49728
-77.22207
-79.16556
-79.06211
-76.57863
-76.29858
-76.29540
-77.27329
-74.83670
-70.53073
-71.75142
-74.30754
-72.51310
-75.60959
-76.98245
-68.35104
-68.73394
-70.24767
-70.38522
-72.02473
-72.16492
-73.35856
-73.34858
-74.09350
-73.24009
-75.16040
-74.45555
-75.91809
-75.91115
-77.50503
-77.00620
-69.20003
-71.39229
-76.00318
-76.20829
-78.71728
-77.82774
-75.66961
-76.03530
-75.53605
-76.92533
-73.21034
-70.27345
-73.17089
-73.81252
-73.41975
-74.42342
-70.04822
-67.36479
-69.14882
-69.31041
-70.10171
-70.56083
-70.47975
-70.85286
-71.09790
-72.16136
-72.66264
-72.68269
-71.87439
-73.19767
-71.84806
-72.40299
-69.46498
-66.97595
-69.81235
-71.49361
-72.19243
-72.57514
-71.48293
-70.24966
-70.98040
-71.55883
-70.56833
-68.00452
-67.69392
-69.68051
-69.55035
-69.56149
-68.95224
-65.74926
-63.61776
-64.70946
-64.81828
-64.88605
-65.41036
-66.62114
-67.75421
-67.88916
-67.21012
-66.99037
-66.86602
-65.18440
-66.33461
-67.26237
-68.77318
-66.09900
-64.23319
-64.83078
-64.30371
-63.73388
-65.00947
-65.76025
-67.15167
-70.21808
-70.31094
-70.99685
-67.07304
-68.01497
-70.22301
-68.99490
-67.91506
-66.50623
-64.30639
-64.06367
-65.01341
-65.00005
-66.83113
-67.06761
-66.94990
-66.90176
-67.53931
-67.13885
-64.98144
-64.72872
-67.30734
-68.19274
-69.53642
-72.19281
-67.96546
-68.69096
-73.32933
-70.19423
-68.33344
-67.52908
-65.68256
-67.26615
-67.71985
-68.84729
-70.18092
-68.04008
-69.84583
-71.63771
-70.31223
-71.49596
-68.59937
-64.55427
-66.09221
-66.80373
-66.51801
-67.59132
-67.98311
-67.12307
-68.21129
-68.09630
-68.17199
-68.29395
-65.93252
-66.42550
-65.13560
-65.99837
-66.60966
-65.97762
-68.26617
-70.44236
-70.87804
-71.05416
-69.94630
-70.20314
-70.29543
-70.16609
-70.38382
-68.68141
-69.16170
-70.30765
-70.10751
-70.21409
-72.16243
-68.00452
-65.76794
-66.40988
-65.82260
-66.48600
-66.98994
-66.63164
-66.92425
-68.20965
-69.01345
-70.05452
-69.98422
-69.44890
-71.85524
-71.81532
-73.47500
-69.69436
-66.76877
-70.20760
-71.90387
-73.51866
-73.98060
-71.76442
-70.18197
-69.89448
-71.05385
-70.89696
-68.89842
-68.54831
-69.20302
-69.06129
-68.54359
-69.31546
-66.16510
-64.26534
-65.77879
-66.27970
-67.35436
-66.63609
-66.86057
-66.12670
-67.77277
-70.82335
-70.03736
-71.06704
-71.73961
-71.58411
-71.94804
-72.56253
-72.98194
-73.87703
-72.65628
-73.31023
-71.31716
-72.63100
-71.05426
-69.69234
-70.71887
-71.67971
-71.92869
-72.25905
-71.60791
-72.89726
-73.16582
-77.22053
-72.35051
-60.97755
-61.58452
-62.73070
-61.97734
-64.07239
-64.97541
-65.28062
-65.25309
-65.51409
-65.78895
-67.51421
-67.04933
-67.93595
-68.01124
-69.11066
-68.95970
-65.52107
-66.32077
-68.82685
-68.95438
-69.99551
-70.09377
-68.21117
-68.03443
-68.21581
-68.64310
-66.91887
-67.50843
-69.20187
-71.52302
-70.23276
-73.75368
-68.39100
-60.38909
-60.81680
-60.56118
-61.20068
-62.28582
-62.09386
-63.50820
-64.21523
-64.86228
-64.61516
-64.69292
-64.78646
-64.68834
-65.75925
-67.52142
-66.76121
-64.78744
-65.06535
-66.31734
-67.38434
-70.14686
-68.75859
-68.65665
-68.18928
-67.81657
-68.70857
-68.44486
-68.07976
-69.85142
-69.43982
-69.19952
-70.76696
-66.62105
-64.42415
-63.78698
-63.59373
-63.92907
-64.69020
-65.30204
-66.32236
-66.62637
-68.66743
-69.33195
-69.24299
-67.76612
-68.04168
-70.03308
-71.99291
-69.26472
-64.40342
-65.29966
-65.46615
-66.46167
-66.96771
-65.93143
-66.48277
-66.83514
-67.49455
-67.04822
-66.52936
-67.34597
-68.86875
-68.73115
-69.36920
-70.23719
-61.91963
-59.79892
-61.27831
-62.39491
-63.32609
-62.87794
-64.13354
-64.33830
-65.67164
-65.38157
-65.13116
-65.53403
-65.54051
-65.48625
-66.56362
-67.48408
-65.04307
-65.56085
-67.10889
-63.46101
-62.40749
-63.18682
-62.03788
-62.70117
-62.86406
-63.31408
-64.17838
-64.99234
-66.09486
-67.22372
-66.64048
-67.62974
-66.22120
-61.77031
-61.43730
-61.07666
-61.85618
-63.55324
-63.94130
-65.03349
-65.38555
-66.64994
-66.52067
-65.31605
-65.77028
-67.57527
-67.58230
-67.96962
-68.53409
-66.73082
-66.45184
-67.97283
-69.39032
-71.00883
-70.68424
-70.24874
-70.95580
-69.16451
-69.44198
-67.59813
-68.37556
-70.54465
-72.84786
-71.75742
-76.58279
-68.68346
-60.93849
-61.71473
-61.63965
-62.00339
-62.61695
-63.19632
-63.72355
-64.13629
-65.18850
-65.14242
-65.83559
-65.92300
-66.54507
-66.42275
-67.29392
-67.00510
-65.55245
-67.53420
-68.35622
-68.83212
-69.08769
-68.44005
-69.72552
-70.71815
-70.85890
-70.50544
-68.61714
-68.98896
-70.94516
-72.44484
-79.22719
-69.16055
-61.62846
-59.83480
-61.13176
-61.98760
-63.17543
-63.91710
-63.96089
-64.81238
-65.38461
-64.65548
-64.13624
-65.03965
-64.85818
-66.26329
-66.78626
-67.70349
-65.10503
-64.96884
-66.47154
-66.23053
-68.10069
-68.61361
-67.92964
-69.69580
-72.44322
-65.87922
-63.00841
-62.60435
-62.44400
-63.09934
-63.51814
-63.26573
-64.68757
-61.14616
-59.06851
-61.22820
-62.55754
-63.74796
-63.52682
-64.42665
-64.82834
-64.71251
-65.10134
-65.49423
-65.66831
-65.41413
-65.65584
-66.69035
-67.64499
-63.86429
-61.47181
-62.22526
-62.37731
-62.55273
-63.64315
-64.71218
-65.20133
-64.93009
-65.88926
-66.14234
-65.60729
-64.81148
-64.99367
-64.99064
-65.94011
-65.30169
-62.19493
-60.24494
-60.04032
-60.82958
-62.30095
-63.46744
-62.30992
-62.22363
-63.07254
-64.10641
-65.53442
-65.60376
-65.73335
-66.30880
-65.41125
-64.66193
-64.13432
-65.25797
-66.25098
-65.81661
-66.93228
-66.61462
-66.10744
-67.62552
-68.66717
-69.17022
-67.90855
-66.84928
-68.56582
-69.17353
-69.64440
-71.42119
-65.42573
-64.02485
-63.96520
-62.39853
-63.65023
-63.47129
-63.82920
-64.69013
-65.86313
-66.64190
-66.88523
-66.77679
-65.38734
-65.13734
-65.69344
-66.92368
-66.86200
-65.61495
-67.40429
-67.90743
-67.59721
-68.92958
-68.67679
-69.38289
-69.03648
-70.06106
-69.91502
-68.66255
-68.87732
-71.40665
-71.66447
-71.77155
-70.03103
-63.47592
-62.55394
-63.27625
-64.01420
-64.85984
-63.80092
-64.65761
-65.73182
-67.37054
-67.34616
-68.54257
-68.94426
-69.25555
-70.19490
-69.36167
-71.33676
-67.64765
-67.29845
-70.60849
-71.17668
-71.38642
-71.07522
-69.21753
-69.30859
-69.20507
-68.95427
-68.84500
-68.72285
-70.91392
-77.97999
-77.26165
-82.45392
-76.51114
-63.17740
-62.10112
-63.06837
-64.29095
-65.91142
-65.69507
-66.58437
-67.20681
-68.18254
-68.25411
-68.17800
-67.32965
-68.18406
-68.55219
-69.25745
-69.18551
-66.37172
-66.52556
-67.97005
-68.59962
-70.24492
-70.66470
-69.47560
-69.86394
-69.09450
-69.40995
-68.30959
-67.16420
-69.59407
-72.05707
-71.24740
-77.06019
-71.20879
-62.13896
-61.82683
-63.10848
-63.27170
-63.06023
-63.07371
-62.32410
-63.37696
-64.30172
-61.40040
-61.62628
-61.87437
-61.77181
-61.42148
-61.48553
-61.59857
-61.52950
-63.37517
-64.01576
-62.87350
-62.85492
-63.15881
-63.38559
-63.62612
-63.63653
-63.50108
-61.98765
-62.01668
-62.13618
-63.25708
-65.03731
-67.72674
-63.38145
-60.33621
-61.05287
-60.97586
-61.02327
-60.05601
-60.57610
-60.65930
-61.19152
-61.40394
-61.12785
-60.70931
-60.57430
-60.53039
-60.40791
-60.57313
-60.04430
-59.52749
-59.35626
-59.45206
-59.08487
-59.60746
-59.98611
-60.40183
-60.53077
-60.41259
-60.32303
-60.54007
-60.27918
-60.41726
-60.33624
-59.45645
-59.06222
-59.02997
-58.89039
-59.50683
-62.05514
-63.28585
-65.52978
-66.71222
-65.93356
-67.41106
-67.21129
-66.70755
-67.49700
-67.08811
-67.31628
-67.50737
-67.66566
-64.98079
-62.53052
-64.36642
-64.53997
-63.62545
-62.77038
-63.09214
-63.79657
-62.49926
-61.75350
-61.90583
-61.56790
-60.63876
-60.70300
-60.32024
-60.03389
-59.35988
-58.21437
-57.68181
-58.29972
-58.80915
-58.84563
-58.93466
-58.98807
-59.49351
-59.75770
-60.29218
-60.46511
-60.00271
-60.53894
-60.68206
-61.49217
-63.43958
-63.07529
-64.44762
-65.94760
-67.35218
-63.28836
-60.24363
-60.04368
-59.58607
-60.18415
-59.87051
-60.13823
-61.08532
-61.91929
-61.93291
-60.68814
-60.65538
-60.58665
-59.17972
-59.31740
-59.20644
-59.53149
-60.21582
-59.86467
-59.68265
-60.43786
-61.27276
-60.43849
-60.93597
-61.29340
-61.19887
-60.48423
-61.87046
-64.08801
-64.15497
-65.07494
-66.22857
-67.42680
-67.98528
-67.55289
-67.42567
-68.04683
-66.94593
-66.82857
-65.65712
-66.65396
-68.11109
-69.58626
-68.45331
-69.04160
-64.63193
-60.72967
-61.55489
-60.92259
-61.49546
-61.31827
-62.13637
-62.48273
-62.86629
-63.51600
-64.02131
-65.30361
-65.27966
-65.12314
-65.23959
-65.56857
-63.09909
-63.13787
-63.83872
-64.32705
-65.10484
-65.95425
-65.51469
-64.63774
-64.23351
-63.73777
-64.09692
-64.11106
-64.30866
-65.13343
-64.53662
-65.87406
-66.94180
-61.52411
-60.19653
-60.80510
-60.28214
-60.85593
-61.21632
-61.72363
-61.49904
-61.48398
-62.39191
-62.00349
-60.66760
-61.71474
-62.45427
-61.43216
-62.43318
-62.29931
-61.72552
-62.72727
-63.14868
-61.38469
-60.44066
-60.18837
-61.61647
-61.87578
-60.32606
-59.56959
-59.51096
-59.55987
-60.10495
-60.92354
-62.48915
-63.19609
-61.37117
-61.22559
-60.29171
-61.08963
-61.83725
-61.41148
-61.24839
-62.23911
-62.56479
-62.68232
-64.38826
-64.31769
-64.21799
-64.05033
-64.11230
-63.81483
-60.85056
-60.82642
-62.27023
-61.71967
-62.65393
-62.47927
-63.09327
-62.70349
-62.89140
-62.57806
-61.75453
-61.69595
-62.91687
-65.23527
-64.59952
-66.44909
-64.40268
-61.29459
-61.90725
-60.81748
-61.53410
-62.36156
-61.11860
-61.23766
-61.16543
-62.39351
-63.20938
-63.55685
-63.60080
-65.53674
-64.49861
-64.04053
-63.99958
-61.66330
-61.50076
-61.58287
-61.63803
-62.38901
-62.81837
-63.17057
-63.22740
-63.69383
-64.59119
-63.47399
-63.79334
-64.22440
-64.39400
-64.27681
-65.39499
-62.77407
-63.34749
-64.12403
-61.54829
-62.47310
-62.50261
-63.14378
-63.20063
-63.50367
-64.05060
-64.38077
-63.76800
-63.29833
-63.41489
-63.19469
-63.89726
-62.98859
-62.40018
-63.44116
-63.00211
-62.91018
-63.21372
-62.92680
-63.04235
-62.88534
-62.98156
-62.84987
-62.78135
-63.06503
-63.42923
-63.12681
-63.36667
-63.12812
-61.54507
-62.62577
-63.74789
-63.59517
-63.76704
-63.04192
-63.59573
-63.74001
-64.74483
-65.34722
-65.93498
-66.11897
-67.22060
-68.89811
-68.24231
-67.70502
-65.15556
-65.79815
-67.73631
-67.85766
-68.07394
-68.20178
-67.36080
-67.49620
-67.21247
-67.85739
-66.37973
-65.14755
-66.51805
-67.55242
-66.98339
-68.83926
-67.34827
-61.64765
-62.45601
-62.67422
-63.14197
-64.27411
-63.71008
-63.81751
-63.78193
-65.06851
-65.83582
-67.03069
-66.76195
-68.35736
-68.48391
-70.54666
-69.28761
-66.12494
-67.84555
-69.53261
-67.70903
-65.96434
-64.46144
-64.26376
-64.71844
-63.81326
-63.94878
-63.67356
-64.34934
-66.24179
-68.96732
-67.30813
-70.16050
-64.93028
-61.47864
-63.64109
-62.94736
-63.08049
-63.00458
-64.43295
-64.64764
-64.10761
-64.49982
-66.94811
-66.92573
-66.01097
-66.99762
-66.47403
-68.57918
-65.97927
-64.16882
-64.72045
-65.23988
-65.56992
-65.74375
-65.06160
-64.26771
-64.15733
-64.53716
-65.02168
-65.13130
-66.12754
-66.71366
-68.15576
-70.63985
-73.13398
-62.93740
-60.25777
-61.62104
-62.02721
-62.93665
-62.41816
-62.40605
-61.98748
-63.14131
-62.77573
-63.54084
-63.26942
-62.87984
-62.61324
-62.24360
-63.32082
-61.95902
-62.05745
-62.45570
-62.42592
-62.54309
-63.15924
-63.23084
-63.10261
-63.08336
-64.17782
-64.44174
-63.62793
-64.31138
-64.11729
-63.38558
-63.59864
-63.10276
-61.41039
-61.18398
-62.35673
-64.50230
-66.12977
-67.00237
-67.92880
-68.54485
-68.91295
-68.21259
-68.85123
-69.74986
-70.65196
-71.16526
-72.36111
-72.70305
-65.99818
-64.86972
-66.36056
-65.64373
-65.54296
-64.85679
-65.14536
-64.92026
-64.80760
-65.01200
-63.56566
-63.78925
-63.87215
-63.06490
-62.84971
-63.37270
-62.76016
-59.59580
-59.83110
-60.33010
-60.30884
-61.19999
-61.29108
-62.18520
-61.78216
-62.60863
-62.16765
-61.73871
-62.36263
-63.03375
-63.81375
-64.97145
-65.86971
-64.55188
-66.99458
-64.85842
-62.23144
-62.60108
-61.57978
-61.79575
-62.23552
-62.93195
-63.13603
-62.43229
-63.02250
-64.16638
-64.58263
-64.41253
-65.00687
-61.28335
-59.74660
-61.04357
-61.11065
-61.83605
-62.62775
-63.77204
-62.86525
-62.66758
-63.93167
-63.57848
-62.61888
-63.62856
-64.94587
-63.45951
-65.03716
-66.16590
-65.81036
-66.65281
-67.91973
-69.23198
-69.74346
-70.15665
-71.89157
-70.36681
-69.13583
-68.56561
-67.14878
-69.92329
-71.68856
-72.66788
-74.15620
-76.15460
-63.68192
-61.01709
-62.19480
-61.36559
-62.41024
-62.55840
-63.90683
-63.58340
-64.33116
-64.36934
-64.91732
-65.31618
-65.24654
-65.71609
-65.57450
-66.20494
-64.78959
-65.84661
-66.69007
-66.48767
-66.60380
-66.88829
-67.23482
-68.48197
-68.21558
-68.32468
-67.08664
-66.02533
-66.78897
-68.61213
-68.45977
-70.92465
-69.70816
-61.52163
-60.90283
-61.55339
-62.45468
-63.65057
-63.43589
-64.21660
-63.84927
-63.92386
-62.31641
-62.84922
-64.83420
-64.85637
-64.88937
-64.20029
-62.58547
-61.11016
-62.03958
-62.28745
-63.42358
-64.37767
-63.48184
-64.40059
-65.08289
-64.35146
-61.54585
-60.84048
-61.41047
-61.68313
-62.49138
-62.57203
-64.22078
-63.80912
-61.19474
-61.78400
-62.12239
-62.80730
-63.52667
-62.64630
-63.09833
-63.18018
-63.89720
-64.18761
-64.88550
-65.00870
-64.94288
-65.06876
-65.37116
-65.50343
-61.87028
-62.30100
-62.50292
-61.76138
-62.74856
-62.77608
-63.52692
-64.21666
-64.08653
-64.23700
-63.48822
-63.28919
-65.38291
-65.25765
-65.32499
-67.39923
-63.60662
-61.18787
-62.18339
-61.77986
-62.48771
-62.75487
-63.37127
-62.56738
-62.46118
-62.95174
-63.67855
-64.84234
-65.36924
-66.90683
-64.83287
-64.47393
-64.11965
-64.82011
-65.62997
-66.74602
-66.71021
-66.38281
-65.91650
-66.73808
-67.38399
-67.44634
-67.55688
-65.79551
-65.91170
-66.39440
-66.45839
-68.33317
-67.63411
-63.50210
-64.75454
-64.05131
-62.16038
-62.58594
-62.88327
-63.72895
-64.31733
-64.39605
-64.55254
-65.84301
-65.48666
-64.50047
-64.44308
-64.42358
-64.78662
-63.60971
-64.12844
-65.37257
-64.24446
-64.27825
-64.88822
-65.37859
-65.60496
-65.28261
-64.96119
-65.11953
-64.65454
-64.65184
-65.15474
-65.68100
-66.65741
-64.68981
-62.53085
-63.38791
-64.00048
-64.75567
-64.91735
-65.02602
-65.68675
-65.90924
-66.01446
-65.73993
-66.37955
-65.89207
-67.06617
-67.00420
-68.25661
-68.26793
-65.86319
-66.88883
-68.20070
-67.75703
-67.89330
-67.59207
-67.40779
-67.87072
-67.92851
-68.34092
-67.01682
-67.08355
-68.30927
-68.77358
-68.05201
-72.13215
-66.89084
-62.48427
-63.67034
-63.60385
-64.75250
-65.07838
-65.86545
-67.08862
-66.66613
-65.72506
-64.93153
-64.82975
-64.55081
-65.34088
-65.99891
-66.72420
-65.45612
-64.71765
-65.77593
-65.99178
-68.14971
-70.27884
-68.34459
-67.98423
-67.57097
-68.95723
-69.19277
-67.48842
-66.94192
-66.42317
-66.09419
-66.96675
-69.82700
-64.83483
-63.55037
-64.48650
-64.73765
-65.08056
-64.30476
-65.97457
-65.88073
-66.09406
-65.70985
-64.24907
-64.77324
-65.18881
-64.52786
-64.24262
-64.75765
-63.90823
-64.85835
-66.18739
-64.89115
-65.78767
-66.02338
-66.87414
-67.25987
-66.48552
-65.61061
-65.15299
-65.66146
-64.83200
-65.48402
-66.40881
-68.63190
-67.73167
-61.92590
-61.41338
-61.83506
-61.57884
-62.96363
-63.45625
-63.10180
-63.16843
-64.40160
-64.33417
-63.93631
-63.64579
-64.46594
-64.82381
-64.53216
-63.93755
-63.08152
-63.03726
-64.75687
-63.70171
-63.04347
-64.74574
-64.57868
-64.58230
-64.26443
-65.40409
-63.74635
-63.29764
-66.78994
-64.89697
-63.55329
-65.14738
-63.54270
-62.88294
-62.37245
-63.73873
-65.51138
-66.33003
-67.43648
-67.78611
-69.59199
-68.48492
-68.79715
-69.74222
-69.49130
-70.84633
-71.43371
-72.02905
-69.57125
-64.21446
-64.66997
-65.77147
-66.11751
-67.03192
-66.41729
-66.26337
-66.13168
-65.37343
-65.92444
-65.36527
-64.97406
-66.07320
-66.75333
-67.05865
-65.96492
-62.94744
-60.51992
-61.55891
-61.80068
-62.24575
-62.26568
-62.65760
-64.22110
-63.96789
-64.18057
-64.11234
-63.84949
-64.85441
-64.49838
-64.52632
-67.14118
-65.39073
-64.61438
-67.71415
-64.29814
-61.39164
-62.16093
-62.02662
-61.92707
-62.15240
-63.34002
-63.60831
-63.64633
-64.65232
-65.79334
-65.13009
-65.37024
-65.60690
-61.76121
-61.03044
-62.09252
-62.41152
-62.41828
-62.97137
-64.21945
-64.93081
-65.92333
-65.69476
-64.60130
-64.07801
-65.42673
-66.55953
-65.84611
-67.72772
-66.90434
-66.25332
-67.84528
-68.66702
-70.04476
-69.85706
-69.94197
-71.11490
-69.66591
-69.24620
-68.08588
-67.72415
-70.25399
-72.00448
-72.27440
-74.72482
-72.86108
-63.20581
-61.37588
-62.37208
-62.67783
-63.22077
-62.93806
-63.52692
-64.57124
-65.41770
-65.67807
-66.43873
-66.23900
-66.06242
-66.13404
-66.77787
-67.03540
-65.94941
-67.32082
-68.31390
-67.67241
-68.37836
-68.22823
-68.55076
-69.63448
-69.43708
-69.49822
-67.64383
-67.94272
-69.28012
-70.76130
-72.15274
-76.81799
-68.54339
-61.20862
-62.04271
-61.21441
-61.28833
-62.12374
-62.17804
-63.75165
-64.52915
-65.44307
-65.37320
-64.77733
-63.53265
-63.28706
-63.28159
-64.94583
-63.46250
-62.99409
-64.25700
-64.94402
-64.51382
-63.48301
-62.89228
-63.83997
-65.58751
-63.28490
-61.47772
-61.04688
-61.04398
-61.23653
-61.70740
-62.41178
-64.01818
-61.94628
-60.17332
-60.73775
-61.24872
-62.03993
-61.87523
-62.32028
-63.26078
-63.20252
-64.04947
-63.73228
-64.74742
-64.30852
-64.63796
-65.76064
-65.44915
-63.72955
-60.89222
-62.27986
-62.28871
-62.14270
-63.17567
-63.04967
-62.96182
-63.10513
-64.10646
-63.64501
-62.86431
-64.12880
-65.22246
-65.06289
-65.04675
-65.15344
-61.12160
-60.17883
-60.54031
-60.79366
-61.89652
-60.40179
-62.36417
-63.06783
-63.12232
-62.95890
-64.09548
-64.68075
-64.66199
-64.56365
-63.85643
-65.39304
-63.83627
-65.26963
-66.54722
-66.05495
-66.71001
-67.04558
-66.34280
-67.11553
-67.80034
-67.56795
-67.49015
-66.67474
-66.21074
-67.53916
-67.97765
-68.98488
-66.83237
-64.52570
-66.01907
-63.70257
-63.09630
-63.34462
-64.11251
-63.64508
-63.29938
-66.21159
-65.70727
-65.82153
-64.65415
-64.61725
-64.94958
-65.24860
-65.97829
-64.55754
-66.08238
-65.55791
-66.08067
-67.57624
-67.24665
-67.53599
-67.31672
-66.79998
-66.33214
-66.28552
-66.74423
-67.97737
-68.72332
-68.73172
-69.56420
-65.42787
-62.52293
-63.77874
-63.22945
-63.05023
-63.20195
-64.19359
-65.57032
-67.02650
-68.07991
-68.35957
-67.96868
-67.39600
-69.16016
-68.45281
-69.21284
-66.80611
-66.44132
-69.12091
-70.43638
-71.09105
-71.88294
-71.38413
-71.65781
-72.15022
-72.65290
-72.11868
-68.14107
-69.34472
-72.91975
-73.82201
-72.81569
-75.78967
-64.49038
-61.64655
-63.23037
-63.47279
-65.14646
-64.95181
-65.64454
-65.68271
-67.11736
-68.02921
-68.93262
-68.74804
-69.53467
-69.49640
-70.11855
-70.35602
-69.18725
-67.77466
-68.04022
-69.32570
-69.10249
-68.55894
-67.63664
-68.67207
-67.22013
-67.20630
-67.70087
-70.11580
-70.88822
-73.68120
-71.72288
-76.10307
-70.48300
-64.41057
-67.37016
-67.75929
-67.64997
-66.85894
-67.77252
-68.86391
-69.38530
-69.15369
-68.75533
-68.69681
-68.18291
-68.64361
-66.81783
-67.13583
-67.17530
-62.84140
-66.02223
-68.01412
-65.42127
-68.35330
-67.44117
-68.70787
-68.75117
-67.90041
-67.51831
-67.18364
-66.32010
-67.27823
-67.86236
-67.97327
-70.23170
-65.99905
-65.19138
-66.28144
-65.93797
-67.05737
-67.56926
-69.16825
-70.05625
-68.91747
-67.58569
-67.57796
-68.52509
-68.00228
-69.57811
-68.22805
-68.53226
-66.19395
-63.48228
-67.99378
-69.42275
-67.73136
-69.25086
-69.86769
-70.24761
-69.83433
-69.68764
-69.18043
-66.73019
-67.47347
-70.68105
-68.13155
-70.05515
-70.44242
-64.62659
-66.53761
-68.91317
-67.79816
-69.42605
-68.97883
-69.17969
-68.65815
-70.14780
-70.09588
-71.34434
-71.43033
-70.29484
-71.99737
-70.62607
-75.81147
-67.04661
-65.49732
-72.14281
-71.50076
-72.29435
-72.80295
-70.95498
-71.60853
-72.39163
-73.34407
-73.11516
-67.84496
-70.68561
-75.29965
-72.53209
-77.00230
-70.25421
-64.37823
-67.46419
-70.16112
-69.37385
-71.02439
-71.67109
-73.25533
-71.15075
-72.84052
-73.22997
-74.33435
-72.57901
-73.22317
-73.36587
-72.13526
-74.03905
-64.84270
-67.29430
-74.28370
-71.77175
-74.45432
-72.68292
-73.43752
-72.39723
-72.19534
-75.96302
-72.15975
-67.56899
-72.11980
-75.18189
-74.44583
-80.05195
-69.08988
-65.35975
-69.10700
-68.85538
-69.73173
-70.94561
-71.03631
-72.64524
-71.22033
-72.43549
-72.39737
-75.18563
-72.63965
-75.34192
-72.52451
-74.99641
-72.37328
-65.22010
-69.93217
-73.61282
-73.82083
-75.33283
-74.13515
-74.53864
-74.69118
-74.56721
-76.40984
-70.36141
-68.80763
-75.34718
-76.35167
-77.60908
-81.18762
-67.79658
-65.85202
-70.29168
-70.00489
-72.59095
-72.33678
-72.96153
-73.92711
-74.78266
-74.99726
-75.18149
-76.14740
-73.64584
-77.53663
-74.29855
-80.21234
-70.43219
-65.88310
-73.81746
-75.89832
-77.44796
-78.45453
-76.27585
-76.58974
-75.43480
-75.67037
-73.81306
-68.35352
-69.98939
-79.05256
-77.05323
-83.99769
-74.73300
-65.13097
-66.06273
-67.53653
-66.09617
-67.83796
-66.79357
-67.79197
-68.65066
-69.27181
-69.62015
-70.82909
-69.93865
-67.76861
-66.87030
-66.53788
-67.23327
-62.97101
-63.72676
-67.37434
-67.53029
-67.65648
-66.22216
-66.09088
-66.49901
-66.13767
-66.25741
-65.22675
-64.91289
-65.72515
-68.12104
-67.87485
-69.06672
-66.81369
-63.19288
-65.90388
-66.03094
-66.71266
-67.70940
-66.31139
-66.91661
-65.88708
-67.31295
-67.39091
-67.79862
-69.14860
-67.96298
-68.52885
-68.04326
-68.16282
-64.13897
-65.95913
-69.77032
-69.36094
-70.17910
-69.68941
-70.47994
-68.85355
-67.94252
-68.49418
-66.27261
-64.48427
-68.75275
-68.16221
-68.10429
-70.06944
-65.27799
-63.48930
-65.02532
-64.56138
-66.99144
-66.62081
-66.30564
-69.94213
-69.70823
-71.77050
-70.21045
-71.68452
-70.98295
-72.33039
-69.42865
-70.28038
-68.26260
-64.37967
-69.47704
-70.71414
-71.00315
-73.89514
-73.50384
-73.45444
-72.40252
-71.76889
-71.40842
-67.37924
-66.92502
-70.21014
-68.55639
-69.64872
-71.12176
-65.17912
-64.73180
-67.22940
-67.87632
-69.25265
-68.24920
-69.14958
-68.71651
-70.55037
-71.90279
-71.97755
-72.44902
-71.58792
-73.10242
-71.10568
-74.81181
-67.78667
-65.66370
-71.88876
-71.53212
-71.07096
-71.94321
-71.39098
-71.76748
-71.39399
-72.29292
-71.45917
-68.51878
-69.50898
-73.24742
-72.24511
-75.55429
-70.83741
-63.42460
-66.27288
-68.92225
-68.85174
-70.71946
-69.86463
-72.08670
-71.13229
-74.09430
-73.73916
-74.66720
-72.71852
-73.12371
-75.35205
-73.94246
-79.13033
-66.74379
-67.54981
-75.85251
-74.30823
-79.24552
-76.97525
-74.60654
-76.10280
-76.28544
-80.15483
-74.12267
-68.08659
-72.50960
-77.75245
-75.19543
-79.42156
-69.96297
-64.44477
-64.85330
-65.16988
-68.03180
-69.41139
-70.34097
-72.78812
-72.19663
-74.06096
-73.11018
-77.08857
-75.20501
-77.94869
-76.25479
-78.87274
-76.14845
-66.21667
-70.44019
-76.62399
-76.56826
-80.29000
-76.71233
-74.04727
-73.47801
-74.70665
-78.62821
-71.54746
-68.35566
-75.25890
-76.45339
-76.76817
-80.25639
-67.10808
-64.12496
-67.12852
-66.27977
-67.00948
-67.45059
-68.26146
-69.75399
-69.44550
-70.78823
-68.85640
-68.71944
-68.37862
-69.53737
-67.31435
-69.50605
-67.07853
-63.84113
-69.30381
-68.05562
-67.51979
-69.23260
-69.58444
-70.91655
-69.38856
-68.14396
-68.38128
-66.87387
-66.60518
-69.02546
-68.61083
-70.84453
-71.54820
-64.95198
-66.19242
-67.90712
-65.75997
-68.14012
-68.34375
-69.77771
-69.82930
-69.32076
-68.34096
-68.92495
-70.41098
-70.49614
-71.23288
-69.04146
-71.11913
-66.30833
-65.24162
-71.13219
-69.52069
-69.50082
-71.40229
-70.27197
-70.78608
-71.06877
-71.08952
-69.50678
-66.72818
-69.56685
-72.09434
-69.55824
-72.48636
-68.59803
-64.52531
-66.30358
-66.14980
-66.49097
-68.25183
-68.18992
-69.56653
-69.20455
-71.18436
-70.88042
-73.13472
-72.29751
-72.80578
-73.71159
-73.73780
-75.59445
-65.38983
-67.61029
-73.87736
-73.26223
-75.98448
-75.07129
-73.73529
-73.97984
-72.50890
-73.47831
-70.88166
-66.94340
-72.58352
-75.06809
-74.77355
-79.55999
-68.59107
-64.26146
-67.70251
-68.22339
-68.74178
-69.37459
-69.03459
-71.33456
-69.71232
-71.70504
-73.38178
-74.42039
-72.61812
-74.77160
-72.95708
-75.33146
-71.98917
-65.05479
-70.08951
-75.42095
-75.04780
-78.24768
-74.97294
-74.19517
-73.24453
-73.70143
-75.17446
-69.90864
-67.90593
-73.78896
-73.98062
-74.74650
-77.62475
-67.09954
-66.45840
-69.08731
-68.08234
-70.36927
-70.65297
-72.43690
-73.03201
-72.97300
-74.77282
-74.62263
-75.74752
-73.32778
-77.05715
-74.04532
-80.38099
-70.20382
-65.58282
-73.92851
-75.24354
-76.88205
-79.51250
-76.69235
-77.16379
-76.15207
-76.87196
-77.52323
-69.07480
-69.96680
-77.79513
-76.03135
-79.79947
-77.58623
-66.15275
-66.30411
-69.60524
-68.90905
-71.02833
-70.41550
-72.17183
-71.42517
-73.31731
-72.35834
-73.16682
-72.79665
-73.29652
-76.77878
-74.70817
-81.63660
-67.75850
-67.26533
-77.18155
-77.09723
-80.94400
-80.06927
-76.36010
-75.55421
-76.32015
-78.37580
-75.01591
-68.46695
-72.26806
-77.45453
-76.24141
-81.00989
-66.25122
-63.11510
-66.59990
-67.23146
-67.58341
-69.06729
-69.03116
-69.35511
-69.56668
-70.25282
-70.40122
-71.33685
-68.37507
-67.06866
-66.77785
-68.38070
-67.73680
-63.48151
-65.61914
-69.69176
-69.73631
-68.67972
-67.51244
-67.25893
-67.33102
-67.23544
-67.45288
-65.70600
-65.43285
-68.09646
-69.46064
-69.20056
-71.10739
-65.81451
-62.71178
-64.67929
-64.92011
-68.65789
-67.62284
-66.62639
-68.43359
-66.74775
-68.21030
-67.81070
-69.37161
-68.17087
-68.92905
-68.41478
-69.30942
-68.52985
-64.27123
-68.66742
-71.24879
-70.62406
-70.71890
-70.23495
-70.29773
-69.90962
-69.63485
-69.76953
-66.61321
-66.42067
-71.30320
-69.96294
-71.11850
-70.98158
-65.15477
-64.88875
-64.69741
-64.00065
-66.16049
-65.17799
-67.24861
-68.47855
-68.69976
-69.90623
-70.82895
-72.53511
-70.78782
-70.88651
-69.23591
-71.48017
-66.52943
-65.67752
-72.78683
-72.21323
-73.40828
-75.55893
-74.07202
-73.21081
-71.78331
-71.85003
-71.45139
-67.21885
-68.48125
-72.50773
-70.76227
-74.44906
-70.07400
-63.41240
-64.71834
-67.09684
-67.39024
-69.05660
-68.78286
-69.69046
-69.17106
-72.00762
-71.92316
-72.42018
-71.48382
-72.18400
-72.85509
-71.84058
-74.07118
-65.57421
-66.84203
-72.92511
-72.21458
-73.57109
-73.85699
-73.15732
-73.48318
-73.25077
-74.92347
-71.59695
-67.71465
-71.06915
-74.02341
-74.01181
-80.27786
-68.43550
-63.74047
-67.62687
-67.31878
-68.52163
-70.19934
-70.12011
-72.67102
-72.45383
-74.37975
-72.98750
-75.25282
-73.01067
-76.29447
-74.19856
-75.61204
-74.31513
-65.12325
-69.13486
-74.33371
-72.83762
-78.02790
-79.23868
-76.26408
-76.85132
-76.27946
-79.93841
-71.37440
-68.54038
-75.64168
-78.59178
-77.76450
-83.93422
-67.90764
-63.08141
-67.00165
-68.57117
-70.54096
-71.83606
-73.10429
-73.84847
-74.56439
-75.92463
-75.25601
-76.27371
-75.13929
-77.32151
-75.81323
-77.49594
-75.34471
-70.32936
-73.92868
-77.48117
-77.23917
-79.19702
-76.66788
-76.90907
-77.52065
-79.36327
-77.96310
-79.11437
-78.80886
-79.84065
-81.30331
-80.79353
-83.51396
-70.33968
-66.31105
-67.71046
-68.49291
-69.18017
-69.58208
-69.82535
-69.86402
-71.67520
-71.61982
-69.72599
-71.29225
-70.65203
-69.40268
-69.12022
-70.32748
-70.13558
-70.17167
-71.54040
-69.16574
-69.49696
-70.39445
-69.72948
-70.58117
-70.46532
-69.76308
-72.15832
-73.72337
-70.64440
-70.70145
-71.41354
-71.61669
-72.32632
-68.79727
-68.11379
-66.73010
-66.24217
-68.67386
-69.78787
-71.23637
-70.04182
-69.28939
-70.22200
-70.82723
-70.72944
-71.24111
-71.75125
-71.46683
-70.97307
-71.79981
-71.99111
-72.05378
-70.55960
-70.71200
-72.00868
-71.43420
-72.06181
-71.14051
-70.87385
-71.25318
-72.66809
-73.53314
-72.71893
-71.96408
-73.70672
-72.59929
-70.54382
-67.60527
-65.40322
-67.49725
-69.19068
-70.20643
-70.66150
-71.47991
-72.47087
-72.35458
-74.24463
-73.58986
-74.30666
-73.87135
-74.64025
-75.05608
-73.94880
-74.69863
-74.96601
-75.94306
-76.36042
-75.68574
-74.16782
-74.09356
-72.97912
-73.68852
-74.48562
-76.42329
-77.46641
-77.93445
-77.17612
-77.21680
-71.08755
-66.20473
-66.80663
-67.65430
-69.44639
-70.19729
-70.43741
-71.58900
-71.75898
-72.55863
-73.69683
-72.86655
-73.47077
-73.81302
-74.97658
-74.74375
-73.91007
-76.21430
-76.15499
-75.62683
-74.85887
-76.27348
-73.91568
-73.29753
-73.61518
-73.29084
-72.62633
-73.57733
-73.06524
-74.45725
-77.20292
-77.44078
-79.05344
-72.25173
-69.35341
-67.20427
-67.34310
-68.92293
-70.09427
-71.77536
-72.74897
-74.26768
-74.63719
-75.79399
-77.42839
-77.11984
-77.12834
-77.89081
-78.46863
-79.38747
-78.37997
-78.56172
-79.18017
-79.00222
-80.80119
-77.36833
-76.50242
-75.71487
-75.98762
-75.52833
-75.28105
-75.08241
-74.02467
-75.82410
-82.30568
-80.60781
-67.41376
-66.13892
-67.70748
-68.98676
-70.74022
-71.42184
-72.40209
-73.57072
-74.96809
-74.91802
-76.37603
-75.43072
-75.97724
-76.49885
-77.12514
-77.71187
-78.00129
-78.13704
-78.25306
-79.45269
-82.82992
-80.48486
-77.51055
-76.06933
-76.95469
-75.78248
-76.50826
-75.42252
-75.63613
-73.94348
-75.15226
-70.42203
-63.72088
-64.47287
-66.36287
-67.82840
-69.25217
-71.05229
-71.66668
-72.46347
-73.74617
-72.37106
-73.41577
-73.43416
-71.33125
-71.06726
-71.64212
-71.69666
-71.72804
-72.34158
-72.58347
-73.38312
-72.65660
-71.71653
-70.48813
-69.54102
-70.80022
-70.84291
-71.58107
-71.94290
-73.61230
-72.71171
-73.13528
-71.34945
-72.99640
-68.23463
-62.75267
-63.36195
-65.19078
-68.19660
-69.80952
-70.65362
-69.79481
-71.17639
-72.14419
-71.80089
-72.86247
-72.36549
-72.97695
-74.29736
-74.65106
-74.66858
-75.40351
-74.68375
-74.78193
-74.42887
-74.26731
-72.85920
-73.29327
-73.24673
-73.81124
-73.56300
-73.97758
-73.83589
-74.63349
-73.45602
-73.91614
-73.48935
-70.00322
-66.59865
-62.00984
-63.45489
-66.41416
-67.77963
-70.84077
-72.14282
-73.46543
-75.48570
-76.70978
-76.42533
-76.98073
-76.09064
-76.55938
-77.20952
-79.60908
-78.99755
-79.18423
-78.31775
-79.06185
-78.53053
-75.43002
-74.27011
-75.81415
-76.67375
-76.76343
-76.98995
-76.85059
-78.17766
-77.03658
-78.97718
-69.33632
-64.30311
-64.84310
-65.96947
-67.89200
-70.31137
-72.58334
-73.66590
-73.52734
-74.34513
-75.71271
-76.43034
-76.17084
-76.49301
-76.94642
-78.19728
-78.47346
-79.24193
-79.31417
-80.06508
-79.21535
-80.33651
-77.90137
-76.07292
-76.36501
-76.30337
-77.22626
-79.55972
-79.50571
-80.90306
-81.17438
-81.79129
-82.96663
-67.27901
-64.28881
-65.07543
-66.04733
-68.13835
-69.69883
-72.57929
-73.23021
-74.05125
-74.80019
-77.10942
-77.10178
-76.35068
-77.05091
-77.33723
-78.09848
-78.20171
-79.69540
-79.58070
-81.68879
-81.02928
-83.27919
-78.29809
-75.60262
-76.46795
-76.61955
-77.21832
-77.36397
-78.42968
-78.39478
-81.22253
-79.33074
-85.84568
-68.53090
-64.11434
-64.09025
-64.15320
-66.78643
-68.01005
-69.91331
-71.69849
-73.14762
-73.22711
-75.88137
-75.64703
-75.96271
-76.53260
-76.91044
-77.60623
-77.81449
-77.50134
-77.93490
-78.86739
-79.47818
-81.11970
-75.68509
-74.29248
-74.29271
-75.02517
-76.06073
-76.74407
-77.64456
-79.07307
-80.47222
-82.22549
-82.71323
-82.81115
-80.84306
-77.98852
-77.47181
-77.11287
-76.29928
-76.23956
-76.11353
-77.46816
-84.57591
-85.90542
-81.16849
-80.33632
-80.50218
-80.95187
-81.15810
-81.22014
-81.69443
-82.38284
-83.01579
-84.09961
-84.40044
-84.62488
-84.24383
-83.11576
-83.53502
-83.59274
-84.06104
-83.70026
-83.97353
-84.87137
-86.51696
-86.33921
-84.23745
-80.61618
-78.04345
-78.45075
-78.82378
-79.24302
-79.64197
-81.10025
-82.27989
-84.29310
-86.19361
-87.46478
-88.09661
-88.24026
-88.95923
-88.33917
-88.91165
-88.28342
-88.68511
-87.63032
-87.51320
-87.08605
-85.82426
-83.91124
-83.19707
-83.83989
-84.56078
-85.67171
-86.55860
-88.14350
-89.33793
-91.26622
-92.80219
-94.06265
-94.90375
-92.48300
-89.95078
-89.05730
-88.22440
-87.34280
-87.40529
-88.43835
-91.18277
-94.29339
-94.05359
-91.59299
-91.08311
-91.48268
-92.13154
-92.75416
-92.86510
-93.76687
-94.02609
-94.85614
-95.53698
-95.53884
-96.85070
-97.89368
-96.47034
-96.25972
-95.71498
-95.68149
-95.54748
-96.80443
-98.07648
-96.76983
-95.56920
-94.30170
-91.85666
-89.79351
-90.07214
-90.33733
-91.16644
-91.69590
-92.84775
-93.64275
-95.87898
-98.25670
-100.40901
-101.40396
-101.07698
-101.78505
-100.52679
-100.71121
-100.49475
-102.59459
-101.15991
-98.67204
-97.42298
-96.75949
-95.45959
-95.51560
-95.83632
-97.37762
-98.12182
-100.15637
-100.73424
-102.62493
-102.53780
-106.02694
-97.07582
-90.04510
-79.33614
-71.82226
-69.21192
-68.67367
-69.27221
-70.22741
-70.38253
-70.97161
-72.67169
-74.81761
-77.62141
-79.06757
-79.17870
-79.19371
-78.39069
-78.30047
-76.55516
-72.03839
-69.00920
-67.96384
-67.74586
-67.72289
-67.70257
-68.55193
-70.06004
-71.32936
-72.16667
-73.13390
-73.52506
-72.49038
-72.35955
-73.57983
-74.04163
-74.44081
-74.23437
-72.82419
-71.29012
-69.91989
-68.96118
-68.72064
-69.40429
-70.18276
-70.94675
-71.42872
-71.55971
-71.83118
-72.67366
-73.85793
-74.20341
-74.56221
-75.08835
-75.58000
-76.87830
-78.81013
-81.83237
-83.46363
-82.37223
-79.79613
-77.28627
-75.67316
-74.41221
-73.67365
-73.21544
-73.40787
-74.00462
-74.48245
-75.43893
-76.44268
-77.63613
-79.97447
-83.80987
-86.67448
-82.38646
-78.55445
-76.09541
-74.69077
-73.92500
-73.02751
-72.43463
-72.25116
-72.62519
-73.05278
-73.47984
-74.08893
-74.69550
-75.85582
-77.05210
-77.66969
-78.31084
-78.77715
-79.12866
-79.54134
-79.81559
-80.14792
-81.95220
-84.13694
-85.53538
-85.70457
-85.40867
-84.72738
-84.33056
-84.03376
-83.37567
-83.09043
-83.40644
-84.24753
-85.04138
-85.94342
-85.75853
-85.89057
-86.29650
-86.48111
-85.32620
-85.56854
-85.66882
-85.04445
-84.52739
-85.56521
-87.58115
-87.87695
-86.90815
-86.56668
-86.38510
-87.61507
-86.47720
-85.41246
-85.65263
-85.94253
-85.04747
-84.78935
-81.65400
-73.39245
-71.00186
-71.32449
-71.65183
-71.82235
-72.51688
-73.70526
-74.57369
-75.75798
-76.68734
-76.23523
-77.04069
-77.97611
-76.80290
-76.64664
-75.35742
-74.15344
-73.26034
-73.30160
-72.90453
-72.29047
-72.82004
-74.41811
-75.12443
-76.07218
-77.18830
-76.90963
-76.01552
-75.33383
-75.01175
-75.19566
-75.80642
-76.21348
-77.57022
-76.11845
-75.14314
-75.83675
-75.52176
-75.36569
-76.31756
-76.87458
-77.82986
-78.38210
-78.14068
-77.55022
-76.45802
-76.73904
-78.37541
-77.87630
-75.82172
-74.29447
-74.88188
-74.38875
-73.32037
-74.83723
-76.38266
-78.33306
-79.10276
-77.76630
-76.35509
-76.12884
-76.41909
-77.85057
-78.45389
-79.69032
-80.06502
-78.72436
-78.15697
-77.22561
-77.81199
-78.41387
-79.16385
-79.26370
-78.64351
-78.95480
-80.29346
-79.64496
-79.30814
-79.10365
-78.51571
-78.00299
-78.16047
-78.64634
-78.11253
-78.65369
-80.28730
-82.03432
-80.53205
-78.46704
-78.26226
-78.54552
-77.86566
-77.34299
-77.57681
-78.35252
-78.13763
-78.79190
-78.53059
-77.82931
-78.19155
-77.09906
-77.14072
-78.57501
-78.30255
-76.45137
-76.82345
-76.51140
-76.83615
-77.60562
-76.88973
-77.69953
-78.86858
-79.35758
-80.26172
-81.10022
-78.42092
-77.92423
-79.04381
-78.87393
-79.61648
-78.17333
-77.95244
-77.86418
-76.90181
-76.67027
-76.61999
-78.39434
-78.41709
-78.39694
-77.83386
-76.18058
-74.20296
-71.19936
-69.04522
-68.26917
-68.57135
-68.65411
-68.70868
-70.11757
-71.13429
-71.05321
-70.22064
-69.70425
-69.40300
-69.20791
-69.75985
-70.66382
-70.10518
-68.34887
-67.43248
-67.87474
-69.41237
-69.38423
-69.52101
-69.14064
-68.88887
-68.79044
-69.04218
-69.58393
-69.87576
-68.46749
-66.88607
-66.24800
-66.39219
-67.37132
-66.63318
-67.82542
-69.38719
-70.69951
-71.59316
-71.90240
-72.91662
-72.14816
-71.77044
-71.56853
-72.94620
-73.47160
-73.23696
-72.88313
-71.21773
-70.33390
-69.55099
-69.79432
-69.21904
-67.81318
-67.01747
-68.06713
-68.98261
-67.68631
-68.11111
-68.78562
-69.65754
-69.81541
-69.76078
-71.07489
-72.41107
-73.77911
-74.05283
-73.11739
-73.70806
-73.86714
-73.70280
-72.82877
-71.85243
-72.52232
-72.14899
-72.74599
-72.97665
-73.22334
-72.28350
-72.60321
-73.94103
-73.03404
-73.36634
-71.38029
-70.70048
-71.84412
-72.79911
-73.45110
-73.69694
-74.94843
-75.84104
-76.27796
-76.89236
-76.77746
-76.02759
-75.61150
-75.45578
-75.13189
-75.88399
-77.98254
-78.54851
-78.38179
-76.56011
-77.42845
-75.22622
-73.56460
-74.01979
-72.51387
-71.67194
-70.21959
-69.60533
-69.68248
-70.42317
-70.32301
-69.53099
-68.94018
-69.77605
-71.25263
-73.70122
-76.28492
-75.64723
-74.21628
-72.33748
-74.10259
-74.64320
-75.09286
-73.78734
-73.27187
-73.52744
-72.60406
-72.37017
-69.29784
-67.62440
-67.57870
-68.86190
-68.50838
-68.08895
-68.18286
-68.46022
-69.06802
-68.78455
-69.09429
-69.37980
-68.38402
-67.96261
-68.53058
-68.18189
-68.37389
-67.67590
-67.83646
-67.87647
-68.05469
-68.02712
-67.33221
-66.93492
-66.36163
-66.81525
-67.28665
-67.64192
-67.83574
-67.70206
-66.87981
-66.18353
-65.78745
-65.49159
-65.56985
-65.84162
-66.17980
-67.43745
-67.15352
-66.68023
-66.79996
-66.36048
-66.10631
-66.65078
-66.79911
-67.68328
-69.32290
-69.81194
-69.16146
-67.53553
-67.35285
-67.00445
-67.81454
-67.81049
-68.42648
-69.64954
-69.84852
-69.91328
-70.20474
-70.53672
-70.82047
-70.60975
-70.28673
-70.16010
-70.16878
-70.14068
-69.02684
-69.09819
-68.61515
-69.76985
-69.27760
-68.75012
-69.52682
-69.36196
-70.35372
-70.60339
-71.11485
-71.01585
-71.32719
-72.55363
-71.49534
-72.50211
-73.26627
-74.08252
-73.38539
-72.01377
-70.85468
-70.07040
-70.77795
-70.31929
-70.26474
-70.07782
-71.33816
-70.34389
-69.02921
-68.73837
-68.63304
-69.04909
-68.77949
-69.00464
-69.50547
-69.31414
-69.22164
-68.43307
-69.05553
-69.64460
-68.37214
-69.44040
-69.21898
-68.30100
-69.33629
-68.98192
-69.37921
-68.86631
-68.14194
-69.41611
-69.31546
-68.05598
-67.26816
-66.36204
-65.41392
-65.28150
-67.23682
-69.00625
-68.16775
-70.25390
-65.64877
-61.77264
-61.86146
-62.32751
-62.89602
-61.96609
-62.39627
-63.46360
-61.63590
-61.75046
-62.26330
-64.41165
-64.23535
-64.21974
-65.95668
-66.66702
-65.25770
-61.86122
-64.91347
-64.17800
-63.93821
-66.23833
-66.44168
-67.18140
-70.66658
-65.58522
-60.28520
-61.51192
-62.78901
-63.27895
-60.95220
-58.96275
-60.98260
-64.10222
-65.70017
-66.15927
-65.43197
-64.21069
-62.25239
-63.84664
-65.60878
-64.88025
-65.05145
-65.76001
-66.42150
-67.45959
-66.47500
-65.09486
-70.07183
-67.11948
-64.88319
-63.98300
-60.69017
-60.32266
-61.12949
-63.67736
-65.85929
-65.29749
-66.10504
-64.45967
-61.74287
-62.20958
-61.77693
-63.35278
-65.32094
-65.44715
-65.07009
-64.22986
-63.86779
-63.97728
-67.01871
-66.90189
-67.88999
-66.87392
-64.53132
-65.47214
-68.69461
-67.78170
-68.81594
-68.07047
-67.20071
-69.35962
-65.17697
-66.66391
-68.68894
-69.94160
-68.10044
-67.00254
-69.47406
-68.85756
-70.37652
-70.67055
-69.45334
-67.10493
-68.74532
-70.01079
-70.79965
-70.23184
-66.23768
-65.63233
-67.51356
-69.90984
-70.18565
-71.48935
-69.84481
-67.62349
-66.13916
-68.11061
-68.86373
-70.87720
-70.57955
-67.24333
-69.81129
-73.93128
-71.56972
-65.53895
-66.23891
-67.63446
-67.14666
-67.20289
-67.53813
-67.77247
-68.89204
-67.64027
-67.25050
-67.71805
-67.00745
-68.18916
-69.01323
-70.41808
-71.01847
-65.31226
-60.00822
-60.97136
-62.12196
-62.75123
-63.47678
-62.59777
-63.33045
-65.49362
-66.65423
-65.79105
-65.60560
-64.75251
-65.47116
-64.89601
-66.66041
-64.62660
-63.65174
-65.12418
-66.64621
-68.54746
-66.89839
-68.65274
-67.27985
-66.59568
-64.58940
-64.17819
-65.67218
-66.65183
-68.72226
-66.89983
-65.98352
-67.00229
-65.09417
-65.05240
-66.09168
-65.12152
-65.89198
-65.27899
-66.57580
-67.83949
-68.42539
-67.64992
-67.66028
-69.17887
-68.38874
-68.22615
-70.26263
-73.58189
-68.17292
-68.92382
-71.83429
-70.48963
-69.33906
-67.98094
-69.14699
-70.40657
-70.55636
-69.88627
-69.91049
-68.07234
-67.88855
-69.01253
-69.98689
-72.85342
-69.13465
-66.42501
-68.43914
-69.55725
-70.17501
-71.02410
-71.45217
-71.05336
-70.37257
-71.69360
-70.35110
-70.72909
-70.87852
-72.64975
-72.12339
-72.14469
-72.34451
-67.36540
-70.03828
-72.79330
-71.59033
-71.35066
-72.29216
-72.49777
-71.53409
-72.92173
-74.05376
-70.84241
-68.11807
-70.79087
-71.78552
-71.90600
-74.02193
-70.56367
-68.90064
-71.86370
-71.92217
-72.85321
-73.62122
-73.90301
-74.24223
-73.29971
-74.66872
-75.15965
-75.59459
-72.59839
-74.23187
-73.38697
-74.98186
-72.58932
-65.91511
-66.20075
-67.44047
-66.46655
-66.75840
-67.37206
-67.26666
-67.35952
-67.61781
-66.85510
-66.04833
-65.63651
-66.25672
-68.42215
-69.37603
-72.43156
-67.34130
-65.36190
-66.14762
-65.73614
-66.72364
-65.60667
-67.17401
-68.36091
-68.25008
-67.55863
-68.81306
-70.59201
-70.18755
-69.59058
-69.04765
-70.64874
-67.14131
-66.05013
-68.48096
-69.55765
-69.78272
-69.88930
-69.64431
-69.22587
-68.88976
-68.70998
-68.01952
-65.12107
-65.36170
-68.60221
-69.69268
-70.99297
-69.64252
-66.66418
-68.62528
-69.13097
-69.26771
-70.00128
-70.14781
-70.46342
-71.36815
-67.65712
-60.87284
-60.32216
-61.20429
-65.52460
-72.16636
-72.16963
-75.62611
-67.38297
-65.67123
-67.41950
-67.74562
-69.23851
-68.04311
-67.95605
-68.43162
-68.78610
-69.66695
-67.28154
-65.93872
-66.17322
-67.40078
-67.65360
-69.85574
-67.25757
-64.59044
-66.57078
-67.31786
-67.77426
-68.84670
-68.83671
-67.77310
-67.78048
-68.01483
-69.71715
-72.16067
-70.25836
-69.82385
-69.37993
-69.90922
-70.51500
-66.82233
-68.90544
-71.09196
-70.98221
-73.07636
-70.97880
-71.44142
-70.30199
-69.13916
-72.41372
-69.20505
-66.99369
-69.77083
-69.32969
-69.75157
-70.52507
-68.24883
-63.89359
-63.05346
-62.25169
-62.24454
-63.36972
-63.76361
-65.68518
-65.87829
-65.50344
-64.87157
-67.72014
-67.33238
-66.08144
-65.86603
-65.99430
-65.26374
-62.07205
-61.34967
-61.74764
-60.26624
-60.25088
-63.17168
-65.77034
-66.22482
-64.28914
-62.53966
-61.84660
-62.72476
-63.47601
-64.41126
-65.94189
-68.22508
-63.01802
-59.70413
-59.91302
-60.21859
-60.57847
-60.41965
-59.44395
-60.64309
-63.69145
-64.89165
-65.68188
-65.64576
-63.60822
-61.68507
-63.43769
-65.69497
-64.83255
-63.58827
-66.07276
-65.53181
-66.01116
-64.82745
-63.31608
-66.82950
-66.35498
-66.38104
-66.97574
-65.39911
-65.78138
-66.49281
-65.94189
-66.99087
-65.27243
-62.26999
-60.40864
-60.92601
-60.73164
-61.51482
-64.74839
-64.60691
-63.76443
-64.67292
-63.17442
-60.24522
-61.61647
-63.02667
-63.34889
-64.93102
-65.68410
-62.95591
-61.09043
-62.82663
-62.40607
-61.35021
-61.15698
-62.29262
-63.32978
-63.40739
-65.56478
-63.75216
-62.96790
-63.81042
-62.83897
-64.01255
-61.89926
-60.22311
-62.38030
-64.40367
-64.40206
-65.06110
-65.99631
-65.47882
-63.89811
-64.11515
-65.43621
-64.92073
-64.24033
-63.79190
-63.97304
-63.47707
-66.22315
-65.51910
-65.88570
-65.17472
-63.21855
-64.47889
-63.92691
-62.98654
-62.87140
-65.66348
-64.60365
-65.89472
-65.88544
-64.12698
-64.58929
-65.30719
-65.51662
-66.17941
-64.71774
-64.75399
-66.70091
-65.52422
-66.32900
-65.93283
-66.56739
-66.98469
-67.17795
-63.35661
-62.65939
-63.99763
-64.72718
-65.95674
-63.51636
-63.76918
-64.69841
-62.86339
-62.63752
-63.78919
-64.26508
-62.84673
-62.77104
-63.96607
-63.62654
-63.14408
-63.91757
-64.42980
-64.21175
-64.88432
-64.83542
-66.02916
-62.45775
-59.10946
-59.50178
-59.21488
-59.11545
-59.93867
-60.66001
-61.40934
-59.88334
-58.95433
-59.12125
-61.24186
-61.47509
-62.02670
-61.44620
-61.21222
-62.30389
-62.92419
-63.74454
-61.33285
-62.99229
-62.67534
-62.07982
-62.65843
-66.53200
-61.13193
-57.94871
-59.23602
-59.54542
-60.56231
-60.25570
-59.05843
-57.94048
-60.01486
-61.82310
-62.22130
-62.33531
-63.36649
-62.78777
-62.54616
-63.77291
-62.06246
-61.91464
-63.84855
-63.64397
-64.45962
-64.01527
-63.36921
-65.15892
-63.87384
-61.82067
-59.84948
-59.28434
-60.14120
-60.88750
-61.92295
-64.15202
-63.79209
-62.63712
-61.58722
-60.82912
-61.18497
-61.23710
-63.59164
-64.54530
-62.16798
-61.88771
-62.19817
-63.00890
-63.98672
-64.35035
-63.40075
-63.50043
-64.31616
-64.01420
-65.08293
-66.90287
-66.01079
-65.92668
-64.08700
-64.36386
-65.56258
-63.14746
-66.05192
-67.36842
-67.66915
-64.72356
-64.49223
-67.18902
-66.86751
-68.47038
-67.65147
-64.48446
-63.92860
-66.88446
-66.38592
-67.70062
-68.04571
-65.27776
-63.92987
-67.42798
-67.42876
-67.21379
-68.71885
-66.63047
-65.54161
-64.14422
-67.83827
-68.21491
-68.83046
-68.52381
-67.42045
-66.54301
-67.30521
-67.85719
-64.46723
-65.04256
-64.46074
-64.70636
-65.43861
-64.63484
-63.49097
-64.96545
-66.43128
-65.64492
-65.35577
-63.75394
-63.57356
-65.36602
-65.75280
-66.63815
-61.87189
-59.63356
-61.10831
-60.46904
-62.07513
-61.40064
-61.21930
-62.01822
-63.46481
-63.23712
-61.81344
-63.48037
-63.57700
-64.17887
-64.77934
-65.09519
-63.40805
-64.12332
-64.03919
-63.76845
-66.32326
-65.68769
-65.48872
-64.67021
-65.61943
-63.36864
-61.54644
-62.80152
-62.54312
-64.28248
-64.61388
-63.62377
-63.78846
-63.47144
-63.22791
-63.23006
-63.20059
-63.85275
-63.83983
-63.55402
-64.68729
-65.34729
-64.76903
-65.79903
-67.24293
-66.03657
-65.83660
-68.65010
-68.26293
-65.11920
-66.28637
-66.19549
-66.00677
-66.77606
-66.24453
-64.98009
-66.10524
-67.90720
-65.86960
-65.65686
-65.27320
-65.33376
-66.10146
-66.05375
-67.30665
-64.34241
-63.52398
-65.49092
-64.63441
-66.60222
-66.63954
-66.79847
-65.80856
-65.84691
-69.05007
-67.58126
-67.98576
-67.52167
-70.01914
-69.22495
-69.01758
-69.10673
-65.67209
-67.50191
-68.79932
-68.80731
-67.69453
-69.39652
-69.91745
-68.26005
-69.19986
-70.07115
-66.81844
-65.45824
-67.85179
-67.51962
-67.44184
-68.04479
-66.81106
-66.67049
-68.96299
-69.58830
-69.32096
-69.39621
-70.43615
-70.31662
-69.56281
-69.61307
-70.64782
-69.89634
-70.28248
-70.26816
-68.83357
-70.90151
-67.91267
-65.30492
-67.12782
-66.89247
-65.72751
-65.81735
-66.39662
-66.91911
-65.16980
-66.05863
-64.92704
-63.86699
-63.27404
-63.70345
-65.32378
-65.69186
-66.71544
-63.82839
-62.31628
-63.56396
-64.64558
-64.87099
-64.46667
-65.18543
-65.78210
-64.74618
-65.00458
-66.04325
-66.93859
-66.60945
-65.58335
-65.66565
-66.69762
-64.44749
-64.54442
-65.56832
-65.74240
-65.91063
-65.90614
-65.25086
-65.81705
-67.05605
-67.45411
-67.05018
-63.95017
-64.79209
-66.23457
-66.72575
-66.50481
-65.37228
-64.64441
-66.22876
-66.02584
-66.75114
-65.55911
-66.48217
-67.57878
-67.91679
-65.27385
-61.13667
-61.03359
-60.03488
-65.38359
-69.70529
-69.72064
-72.64272
-65.60088
-64.45251
-65.20277
-64.95865
-65.94580
-65.88307
-65.57608
-66.18687
-66.46021
-66.12830
-65.84851
-64.76586
-64.17944
-64.73216
-65.05630
-66.63585
-64.50848
-62.78170
-64.26042
-65.31977
-65.45664
-67.17955
-67.60373
-67.37935
-67.02193
-67.90539
-68.25453
-68.45811
-67.02369
-67.96543
-68.55066
-68.92931
-67.69517
-65.22172
-67.48894
-68.11671
-69.55256
-68.56859
-68.79000
-68.36114
-68.00404
-67.23002
-70.01853
-66.77101
-64.44742
-67.17790
-66.11831
-67.39997
-67.28307
-65.61589
-62.55719
-62.14982
-62.30297
-62.65236
-63.33495
-62.67666
-64.52136
-63.46652
-63.71117
-66.42616
-66.09414
-66.17618
-65.09339
-65.82976
-65.72844
-63.50974
-61.53639
-60.89122
-61.47780
-61.31952
-62.23484
-62.87300
-64.38064
-65.15453
-63.60298
-62.44327
-61.91889
-62.87447
-63.22670
-64.31719
-66.44558
-67.34432
-61.17668
-59.51303
-61.32811
-61.00652
-62.63566
-62.95858
-61.48018
-60.75592
-61.61625
-62.61979
-64.84188
-65.41314
-64.66503
-63.35880
-62.38776
-64.11198
-63.40239
-63.84896
-65.29512
-65.37726
-65.29048
-63.94317
-64.53243
-67.20180
-65.63849
-66.32260
-66.25970
-63.20035
-63.64165
-63.70846
-64.13162
-65.43614
-63.41659
-61.15168
-60.36460
-60.65873
-61.62109
-62.67669
-64.17261
-64.64132
-64.31456
-64.75458
-62.90148
-61.39607
-62.63886
-63.16599
-64.77533
-65.24672
-64.07098
-62.45235
-60.76749
-62.46193
-61.54619
-61.35528
-62.14408
-62.11579
-62.23309
-64.08159
-65.25280
-63.49286
-63.73885
-61.25563
-61.75795
-63.50403
-61.49697
-59.59354
-60.56419
-61.67050
-62.80150
-64.00540
-63.83906
-64.00249
-64.23988
-65.36123
-64.40492
-64.61636
-64.13104
-64.76445
-63.95228
-63.79226
-65.05677
-63.69679
-64.67291
-65.68815
-64.09301
-64.59867
-64.34756
-63.27120
-65.10109
-66.13662
-65.89547
-64.02796
-63.15967
-62.96386
-63.40497
-63.90310
-65.50972
-65.08631
-63.69253
-65.75911
-66.10348
-67.12814
-66.19659
-65.85047
-66.89809
-68.05943
-66.44089
-63.81794
-63.90343
-64.58225
-66.12670
-66.41241
-65.55650
-65.66890
-65.42673
-63.59147
-63.47775
-65.13018
-65.12144
-64.20162
-65.34948
-65.47288
-64.68044
-64.66866
-63.82713
-63.97992
-62.89034
-63.67123
-65.18753
-65.53640
-67.40188
-62.49662
-59.08555
-59.84370
-62.33823
-62.99663
-62.46572
-63.70885
-63.84859
-63.41191
-64.31483
-65.03679
-65.45176
-66.39607
-66.71271
-66.22489
-65.72448
-64.83866
-65.43249
-64.71672
-66.95968
-67.58074
-67.31065
-68.91508
-67.50519
-65.66224
-62.90067
-64.13619
-62.32021
-61.26810
-62.01759
-63.30618
-65.15787
-65.06790
-64.49085
-65.52141
-66.43942
-64.74272
-63.89425
-63.49777
-63.78600
-64.48993
-66.84768
-66.14163
-66.96681
-69.93503
-70.92013
-68.46829
-67.10514
-69.27939
-69.14182
-66.74481
-66.96159
-66.51107
-63.69414
-62.68849
-63.27588
-63.56330
-64.09477
-65.45237
-65.16814
-66.05876
-66.46507
-66.42309
-63.06378
-62.31455
-64.08755
-65.41555
-66.22681
-63.71797
-66.26989
-69.19626
-68.41449
-68.32876
-68.77399
-68.60405
-68.52142
-68.34071
-66.48214
-67.17467
-69.19417
-69.43652
-69.33487
-69.63338
-69.61495
-70.27300
-70.61671
-68.59749
-68.95954
-71.99537
-70.96099
-70.87141
-69.34366
-67.68749
-67.93543
-69.70767
-69.69970
-70.55024
-70.10511
-68.92189
-70.11768
-68.55500
-69.64045
-71.29040
-72.35397
-73.79464
-72.61678
-71.28626
-71.80984
-72.41871
-74.47918
-73.42345
-73.25410
-75.40276
-73.77647
-69.57869
-62.77128
-61.99906
-63.89028
-64.28024
-65.63972
-63.85828
-63.39350
-66.18211
-66.81136
-65.81264
-65.34791
-63.92994
-63.92862
-65.04499
-66.32920
-66.68708
-64.19946
-64.58252
-65.75189
-64.13182
-65.65416
-66.54629
-65.86646
-67.31363
-67.83762
-67.23828
-67.58569
-69.57808
-68.36172
-68.36081
-67.95294
-67.83952
-68.13194
-69.70626
-71.94563
-70.06087
-70.93772
-72.11846
-72.10367
-70.32773
-72.87102
-73.02263
-70.27302
-67.64132
-65.78359
-64.55090
-63.46976
-65.24883
-66.45969
-67.03214
-66.74176
-65.65398
-64.83437
-66.80884
-67.85555
-68.45022
-68.73159
-66.47366
-67.49430
-69.66794
-72.18668
-70.18084
-70.58848
-70.32648
-69.39151
-69.84569
-69.72823
-72.16258
-70.21369
-69.59416
-69.34687
-67.99775
-69.89847
-68.46182
-66.27627
-66.91699
-69.10928
-69.39925
-68.87863
-68.75727
-68.62753
-67.84061
-68.43508
-70.51143
-69.38927
-70.63992
-71.81981
-72.01131
-69.53776
-70.61660
-71.86261
-70.69612
-70.46424
-71.93393
-71.05355
-70.74918
-73.14611
-70.38060
-73.57968
-75.33939
-75.57557
-75.04788
-74.76597
-78.00935
-76.93051
-75.88518
-77.14910
-74.09157
-71.69301
-72.19733
-73.57265
-75.96946
-76.19569
-74.67993
-73.69211
-73.49046
-73.70456
-75.18466
-74.54248
-74.98403
-74.85352
-75.91170
-77.15604
-77.06776
-76.55699
-77.79708
-79.66247
-78.17391
-81.30286
-74.81629
-71.47595
-71.74157
-71.61183
-72.02342
-70.82046
-71.11037
-73.59635
-77.29058
-79.53612
-76.04923
-71.46819
-71.68951
-73.05900
-74.07576
-76.53216
-75.18303
-73.74989
-71.37160
-70.66935
-70.23272
-68.61510
-68.60296
-68.46385
-68.27446
-70.23558
-71.21706
-72.17118
-72.87448
-73.23226
-72.04453
-71.70548
-74.06118
-71.25116
-72.01652
-76.10553
-76.04229
-74.82613
-74.44799
-73.60622
-73.92006
-74.42169
-74.03148
-73.18710
-71.04352
-71.74870
-72.57024
-72.55273
-73.52761
-72.38099
-71.01456
-71.82454
-72.17859
-71.96898
-71.13109
-71.03591
-71.61181
-70.32270
-70.14528
-69.55839
-68.64188
-67.82390
-67.30461
-66.71560
-66.57963
-67.34835
-68.33522
-70.14151
-71.64366
-72.72700
-72.41527
-73.85693
-73.30666
-73.51461
-75.08110
-74.06598
-72.28538
-71.22480
-71.27856
-68.69129
-70.61703
-71.28747
-68.80184
-68.73004
-68.26976
-69.37549
-70.16448
-69.28788
-69.57622
-70.36643
-68.69777
-67.99523
-68.93900
-69.77007
-69.87924
-69.66123
-68.73508
-68.99193
-68.10425
-67.53376
-68.85256
-68.67065
-68.78383
-68.69394
-69.11324
-69.95577
-71.05763
-72.36234
-70.52708
-67.31234
-66.21368
-67.23148
-69.34362
-69.88330
-68.98886
-67.08391
-66.45790
-68.88104
-69.46760
-67.46195
-65.65824
-65.70212
-68.24434
-68.83414
-67.22034
-66.55999
-66.54537
-69.35669
-71.04998
-67.09992
-66.14240
-67.63811
-68.35589
-67.46104
-66.39074
-68.72910
-70.73044
-67.54445
-67.51387
-68.95361
-68.05167
-68.45880
-67.34560
-68.59653
-70.73257
-68.24641
-69.68939
-72.13901
-69.01925
-69.00585
-71.11355
-70.92798
-70.16393
-69.53115
-70.80005
-69.77395
-70.06824
-70.16725
-70.67137
-70.54516
-70.93695
-70.80530
-70.02934
-70.26948
-68.74279
-69.70453
-70.64532
-71.09419
-71.37274
-69.98963
-68.77422
-71.28068
-69.55978
-70.53495
-69.41814
-68.93406
-69.07347
-67.73997
-67.90158
-66.43088
-68.30083
-66.89511
-68.56671
-66.82320
-66.10922
-66.48730
-65.55280
-66.49878
-64.07092
-65.85534
-65.16671
-64.67534
-67.20624
-65.17308
-66.71712
-66.82731
-65.80846
-65.22781
-63.85328
-66.86430
-67.31576
-66.51468
-66.69251
-67.44621
-67.87340
-64.29328
-61.60792
-61.36817
-63.35904
-66.79658
-68.51460
-66.11731
-66.57401
-67.06870
-66.56173
-66.55665
-65.49293
-68.09928
-69.84043
-70.58676
-72.34434
-71.25319
-72.42282
-71.58885
-71.31858
-72.02223
-73.04579
-70.90872
-70.27923
-73.44362
-70.85529
-68.07314
-69.54940
-72.88989
-71.37290
-69.54507
-70.38673
-71.99717
-71.76515
-72.10160
-74.45088
-76.05130
-75.43039
-74.96113
-76.45664
-77.26606
-77.50229
-78.76642
-79.12506
-78.88923
-79.80457
-80.27995
-79.40860
-79.02443
-79.45169
-79.54402
-80.71266
-81.61076
-81.57162
-80.61834
-81.06385
-83.54393
-82.71599
-81.96037
-83.95140
-86.09056
-84.13381
-83.11301
-85.27234
-87.27674
-86.01577
-85.54048
-86.39199
-85.55725
-85.77461
-86.98270
-87.75059
-87.26014
-88.67083
-89.55959
-88.55286
-86.47843
-83.33469
-76.42269
-72.40596
-73.31053
-72.30962
-71.13827
-71.58040
-72.26211
-74.87028
-77.56045
-78.97185
-77.58682
-76.20368
-76.63756
-80.79503
-83.75990
-81.46050
-78.96073
-77.71419
-77.55350
-77.45372
-76.94866
-75.03567
-74.35319
-73.54811
-72.85105
-72.03548
-71.93515
-72.80145
-73.84561
-74.65679
-73.89703
-73.90177
-74.13497
-74.30604
-74.97829
-77.49058
-78.75532
-76.89080
-75.98463
-73.49742
-73.21575
-75.40502
-76.54062
-76.37470
-77.03407
-76.78001
-78.50024
-82.48133
-82.58792
-78.68067
-74.78822
-73.88230
-74.18608
-76.82008
-79.39040
-81.11066
-79.12872
-78.52310
-80.24984
-79.18270
-77.49197
-75.14867
-72.83487
-72.89552
-73.57210
-74.62393
-76.56665
-77.34845
-78.41728
-78.61018
-81.42208
-80.14921
-77.68388
-75.63290
-75.65912
-77.46627
-79.73216
-81.59927
-78.45373
-77.15524
-78.14909
-77.24428
-75.91550
-75.25355
-74.16787
-73.02645
-72.40173
-72.94304
-73.09472
-72.67418
-71.05400
-70.72831
-71.31420
-72.63840
-74.72628
-76.16615
-76.14786
-77.22202
-80.11537
-77.35406
-74.67247
-73.44184
-73.52918
-74.61557
-75.24661
-74.58732
-74.28597
-74.28354
-75.70645
-76.69414
-76.94627
-76.41691
-74.73671
-75.51136
-75.72765
-75.10980
-74.20176
-73.59887
-74.16022
-76.21965
-76.73913
-76.01951
-75.25477
-75.22477
-75.68699
-74.80049
-74.03654
-72.54711
-71.95373
-71.92802
-71.31645
-71.33616
-71.87900
-72.61313
-73.52360
-73.40032
-73.60938
-74.90725
-74.58860
-74.58148
-75.67463
-75.04678
-75.75204
-75.83999
-75.39923
-75.63840
-75.84225
-75.54646
-74.70479
-74.09572
-74.53707
-75.52883
-75.63965
-76.62781
-75.54737
-72.83775
-71.07738
-70.59017
-71.20342
-72.60886
-74.15505
-75.01681
-74.51027
-74.63355
-74.35997
-75.10967
-76.30455
-76.72983
-76.49111
-78.28873
-78.29376
-78.43208
-78.38990
-77.18161
-72.76365
-65.56069
-64.14903
-63.76073
-63.19173
-64.19438
-65.13778
-67.30188
-70.06113
-71.40410
-70.49569
-68.89075
-68.69831
-69.98062
-72.31397
-73.54072
-72.18281
-70.28517
-68.38929
-66.38432
-65.79447
-66.15056
-67.12847
-68.79525
-69.37609
-69.73811
-68.54093
-67.43580
-66.30797
-64.59552
-64.49479
-65.89543
-66.79229
-67.43436
-68.34636
-68.91087
-69.65112
-69.82292
-69.78244
-70.19931
-69.52739
-68.18359
-67.83934
-68.16422
-68.47130
-70.12907
-70.89573
-68.90776
-67.06640
-64.54177
-62.89152
-63.32866
-65.58535
-66.36328
-66.30601
-66.38769
-66.38268
-67.10380
-67.25158
-67.59727
-68.50382
-68.77602
-68.64058
-68.79277
-68.19447
-68.26017
-68.00950
-68.25414
-67.58995
-67.39978
-67.31511
-67.45191
-67.80279
-67.06354
-67.31676
-67.78835
-67.23595
-66.70150
-66.90076
-66.93298
-66.84032
-65.97628
-66.26812
-66.06551
-66.89663
-68.05848
-68.81617
-69.72391
-69.15072
-69.18805
-69.70799
-71.19905
-72.17605
-72.64413
-72.89867
-71.99147
-70.53046
-68.92258
-68.08390
-67.64059
-68.36771
-69.76000
-70.40441
-70.73875
-70.04555
-70.04496
-68.72021
-69.28302
-69.42200
-68.96518
-69.71821
-71.05654
-71.19795
-68.97117
-67.36153
-66.24630
-65.73199
-65.89166
-66.86265
-68.17545
-70.14081
-70.39513
-70.14496
-70.16420
-69.66386
-68.69282
-67.95312
-67.30012
-67.50342
-69.04895
-69.76742
-68.58135
-69.09462
-69.43340
-70.00551
-70.87160
-70.84720
-71.89505
-72.22791
-73.00920
-72.32595
-71.70516
-71.25975
-71.13144
-70.85741
-70.53561
-70.03527
-70.06836
-70.46830
-71.28597
-71.88996
-72.04883
-72.31621
-72.22309
-73.32702
-73.82973
-73.75686
-74.85489
-74.66021
-74.03865
-74.74803
-74.09276
-72.49345
-70.82009
-70.72774
-71.42150
-72.58101
-73.70159
-73.38990
-74.01961
-74.96095
-75.68199
-75.77753
-75.61542
-74.94527
-74.26049
-74.70709
-74.59771
-74.53052
-74.03130
-74.29475
-75.54059
-76.69596
-76.75727
-77.20775
-77.73576
-77.28394
-77.27464
-78.07282
-78.06268
-76.77937
-76.58974
-76.50441
-77.75702
-77.85232
-77.80413
-78.56492
-79.06747
-78.12020
-78.74383
-80.39257
-80.63380
-79.71983
-79.52028
-79.60428
-79.56563
-80.81152
-80.69559
-82.74677
-82.59907
-81.15964
-80.50923
-80.02901
-79.83301
-80.78917
-81.44948
-80.28213
-78.50352
-75.80421
-70.93243
-69.06672
-69.96790
-71.27695
-72.72872
-73.25197
-73.42654
-71.67731
-70.30859
-70.95538
-72.46042
-71.98489
-70.60873
-70.01787
-69.65793
-68.44526
-68.02016
-68.78956
-70.21213
-70.56447
-70.16491
-71.03530
-69.98220
-69.01993
-69.40360
-71.39174
-73.96473
-71.60061
-69.13257
-69.09564
-68.50059
-68.76153
-69.03294
-68.69349
-68.73428
-68.92484
-68.95612
-66.87405
-66.38061
-67.61018
-68.75251
-68.92723
-68.66892
-68.45057
-67.91709
-67.67025
-67.96509
-68.75023
-70.51164
-72.42966
-72.18383
-71.16006
-70.70700
-70.47971
-70.73828
-72.09387
-72.35101
-71.99688
-70.65380
-69.70866
-71.05976
-72.49770
-72.43263
-72.83996
-72.74497
-72.49777
-70.85024
-70.46452
-70.70892
-69.05860
-69.24411
-68.43477
-68.58990
-69.89778
-70.41885
-72.00966
-70.84375
-69.82074
-69.27367
-67.40412
-66.79876
-67.17984
-67.12077
-66.22166
-66.28576
-66.88606
-67.86052
-68.13529
-68.46457
-71.26380
-72.36446
-71.33667
-70.48592
-70.92586
-70.79204
-71.84211
-72.78224
-71.81292
-70.73046
-69.44479
-69.65211
-68.94118
-69.19680
-69.67341
-69.28259
-70.25123
-70.80800
-70.13427
-69.20271
-67.90476
-67.14783
-66.61742
-66.18098
-66.86979
-67.53508
-68.23779
-69.01887
-70.51564
-70.70351
-71.57991
-71.63493
-69.05301
-69.02468
-70.11225
-71.04568
-71.03415
-71.07478
-70.53964
-70.46329
-70.31946
-70.79688
-72.15165
-70.94195
-71.08136
-72.07797
-71.44775
-71.48890
-71.51158
-71.92008
-73.31764
-73.44830
-71.90411
-72.41007
-72.21282
-70.80837
-70.41134
-69.49768
-70.17914
-69.84442
-69.98677
-71.50918
-72.63668
-73.53905
-73.53665
-71.82372
-71.53227
-73.84057
-73.37655
-72.18758
-70.70697
-70.09227
-69.58472
-69.27450
-69.85346
-71.14895
-72.58806
-73.15287
-73.08560
-72.58974
-73.67721
-72.75393
-72.33445
-71.90210
-72.17373
-68.80381
-64.63320
-64.67555
-65.13460
-65.53770
-66.65098
-67.87648
-67.91240
-67.33556
-67.45197
-67.53499
-68.20326
-68.62325
-68.46531
-67.83548
-67.33031
-66.32117
-65.87402
-65.31495
-64.65738
-65.60025
-66.64123
-68.54961
-70.23121
-69.92659
-69.46900
-67.53091
-66.83750
-65.58999
-64.09226
-64.88863
-67.07239
-68.39632
-68.46919
-67.26097
-66.75903
-66.91103
-66.45707
-66.23826
-66.17497
-66.80247
-66.29582
-66.38874
-66.79661
-66.61862
-66.03073
-64.95170
-64.38099
-63.85373
-62.70616
-62.27767
-64.01906
-66.13422
-66.38926
-65.85157
-65.92045
-66.06331
-66.07424
-66.11183
-66.51746
-67.77282
-68.20113
-68.37374
-67.93149
-67.42617
-67.52962
-67.20647
-67.54502
-66.59996
-67.38839
-68.26571
-67.80343
-67.46530
-66.81151
-66.19351
-65.20769
-65.36663
-65.16753
-65.52779
-65.28411
-65.24878
-65.43434
-66.17377
-67.38709
-67.64152
-68.39583
-68.56764
-68.84284
-68.08402
-68.73499
-68.09971
-66.99346
-66.67016
-66.86470
-67.48260
-67.47345
-67.91565
-67.93812
-68.22965
-68.37671
-68.97998
-68.96994
-69.73361
-68.93346
-69.22247
-69.96217
-69.57000
-69.11071
-67.92738
-67.97746
-68.27997
-68.84836
-67.56881
-66.57817
-65.66277
-65.46529
-65.96097
-66.56966
-66.83099
-67.42958
-67.91079
-67.77671
-68.39125
-68.64400
-68.79386
-68.70671
-67.40894
-66.80437
-67.18137
-67.76725
-69.02367
-69.45489
-71.36182
-71.52431
-72.16042
-71.99532
-70.95046
-70.38863
-70.12495
-71.23470
-71.13742
-71.41769
-71.16648
-71.83758
-71.64565
-71.18720
-70.35100
-69.99963
-70.40764
-72.02880
-73.35371
-73.24150
-72.87732
-71.99878
-72.51142
-72.33336
-72.76106
-73.00698
-73.65719
-73.69144
-73.42583
-74.05216
-74.13127
-73.79068
-73.06947
-73.65474
-73.79860
-74.81103
-75.55437
-75.03489
-74.78150
-73.93484
-74.16664
-74.07379
-74.58874
-75.27367
-74.21507
-73.63320
-74.34454
-75.34248
-76.38141
-76.61952
-75.54286
-75.44348
-77.11168
-78.58144
-79.25875
-79.12041
-78.51359
-79.07594
-78.80220
-78.89853
-78.92768
-79.00774
-79.20520
-79.07820
-79.33541
-78.70337
-79.14617
-79.43229
-79.71437
-81.30505
-81.54243
-81.26529
-79.99281
-79.67222
-81.11088
-80.39613
-81.44550
-82.42777
-81.77324
-81.20435
-81.12927
-82.06343
-80.45074
-78.83397
-77.89105
-74.93086
-69.60460
-68.02937
-68.54041
-69.61541
-71.07211
-71.09102
-71.92867
-72.47507
-72.78808
-73.60504
-73.95992
-73.85523
-73.78946
-74.31040
-74.44604
-71.85698
-72.34587
-72.36901
-70.40069
-69.62449
-69.32009
-68.22229
-66.19238
-65.63679
-65.07911
-64.85235
-65.30928
-66.36838
-67.42318
-66.02507
-65.36158
-66.27980
-67.14778
-68.36240
-69.01442
-69.39437
-68.41910
-68.10733
-68.00782
-68.41421
-70.22683
-71.11071
-71.26945
-71.25278
-71.62709
-71.09992
-71.22601
-71.77234
-73.23206
-73.18458
-73.19019
-72.44548
-70.11785
-68.53654
-67.08373
-66.32452
-65.98717
-66.37843
-66.54607
-65.83102
-65.91572
-66.45685
-66.93108
-67.55663
-68.24525
-68.87927
-68.91252
-68.81576
-68.27473
-67.95916
-67.96742
-68.99775
-70.06521
-70.09320
-70.01754
-69.67731
-69.38149
-69.63432
-70.17474
-69.55986
-68.71403
-68.77962
-69.12645
-69.88942
-70.24887
-69.30594
-68.66629
-68.91838
-69.09538
-69.70085
-69.98613
-69.75005
-71.42936
-72.04653
-71.12250
-70.74174
-71.24179
-69.33316
-69.95068
-70.25909
-68.23039
-68.78822
-68.76426
-68.90290
-67.87642
-68.56974
-69.13598
-69.90200
-70.05048
-69.79323
-69.80054
-68.42707
-68.70470
-68.94905
-69.93804
-70.58541
-71.23612
-70.34370
-70.18879
-70.60050
-71.06347
-70.12658
-70.46974
-70.78233
-70.14618
-71.51906
-72.45552
-71.56080
-69.95984
-71.05116
-69.88042
-69.43588
-70.83053
-72.09466
-71.56009
-70.95033
-70.69708
-69.97175
-70.80675
-71.90389
-72.28895
-71.04625
-70.28275
-71.63403
-69.80081
-69.52248
-70.33610
-69.60619
-70.18253
-69.51954
-71.51786
-71.76389
-71.39380
-72.66679
-73.19677
-71.82551
-72.45712
-74.35176
-73.61253
-73.03717
-71.84467
-72.12870
-71.28527
-71.78661
-72.66081
-72.00104
-71.84095
-72.43642
-72.82236
-73.04001
-72.85290
-69.28359
-67.10217
-67.11271
-66.06160
-65.08237
-65.22701
-65.84166
-66.64730
-68.23354
-70.07728
-71.20659
-71.66334
-70.89209
-71.18331
-72.83827
-73.08850
-72.68972
-71.29071
-68.97269
-67.17649
-66.06349
-66.76445
-66.56820
-66.72924
-67.08296
-67.71706
-69.27060
-70.62028
-72.42483
-70.80646
-71.76338
-71.02559
-68.07715
-66.15630
-65.74514
-66.89430
-68.40581
-70.92340
-72.56434
-71.19072
-69.59206
-70.27028
-70.05014
-71.12371
-73.66700
-73.31128
-70.78579
-69.14107
-69.17890
-68.91939
-68.93097
-70.15363
-71.64152
-70.73399
-69.46576
-67.89440
-66.18079
-63.70328
-61.53479
-61.19405
-61.14315
-60.25775
-59.25138
-58.55624
-58.30008
-58.93354
-59.71041
-60.73002
-61.50358
-61.90094
-62.15672
-62.62742
-63.99419
-65.60304
-67.42512
-67.74752
-66.83316
-64.63821
-63.52751
-63.43694
-64.07804
-65.25109
-65.04056
-65.39315
-65.63258
-63.56034
-61.75822
-61.76769
-63.17966
-64.79174
-66.00858
-66.96520
-67.54670
-66.61910
-65.18787
-63.70602
-61.48295
-59.81649
-58.90798
-58.70026
-59.57735
-60.53811
-61.48498
-62.70636
-63.25132
-65.68103
-69.07309
-68.67298
-66.29159
-65.19293
-64.89945
-66.08690
-67.82761
-65.20445
-61.51491
-59.80472
-59.85069
-61.11775
-62.29736
-62.74359
-63.37760
-62.57378
-63.67090
-67.44954
-68.37702
-65.71848
-63.99151
-65.13225
-66.84632
-67.07562
-66.62313
-66.09658
-66.86521
-68.46885
-68.73802
-68.01111
-68.31099
-69.60238
-71.07853
-70.10899
-68.91613
-69.57367
-70.33932
-71.64366
-71.54964
-71.69625
-72.91293
-73.93939
-72.55580
-71.66915
-71.53352
-70.93677
-70.73764
-72.20087
-73.10511
-71.26826
-71.12400
-71.95981
-73.61803
-72.40290
-72.57041
-75.22645
-73.67909
-71.63861
-71.91622
-73.55084
-74.31551
-74.18242
-73.67355
-73.25344
-73.43025
-74.46981
-74.27521
-73.11937
-73.26992
-73.35672
-72.88287
-73.72719
-75.69406
-74.03726
-72.50943
-73.63989
-73.88035
-74.24475
-76.04921
-76.77870
-75.55827
-76.13276
-77.41992
-78.13685
-77.48029
-78.02287
-78.89209
-78.42643
-77.97295
-78.59477
-77.86483
-76.37453
-77.77302
-78.49241
-78.45250
-77.95837
-79.47459
-78.49477
-79.04453
-80.84873
-79.59151
-77.49547
-78.29851
-81.49578
-80.73782
-79.71574
-80.99176
-81.28800
-79.99290
-80.96663
-80.30093
-81.17044
-75.64711
-69.98620
-67.52320
-67.95832
-66.24447
-64.30945
-64.44285
-64.67632
-64.45623
-63.96297
-65.12366
-64.44716
-64.34074
-65.79270
-65.72918
-65.19416
-65.87912
-67.00541
-65.88640
-65.31609
-67.51220
-67.89765
-66.18762
-68.53942
-70.50676
-69.56548
-68.77814
-70.03129
-69.20786
-67.49247
-69.29119
-69.33969
-67.87357
-67.26314
-69.79279
-70.22562
-68.06658
-69.97713
-68.43979
-66.36500
-66.70606
-65.27274
-63.73189
-63.68062
-64.44876
-64.93002
-65.81861
-67.93482
-69.34491
-69.01276
-68.37781
-69.22673
-69.23230
-67.91530
-69.64446
-71.05346
-68.94826
-68.04364
-68.12117
-67.56672
-67.47461
-68.83477
-69.17118
-67.17706
-67.94607
-69.82049
-68.98729
-68.10855
-70.37641
-70.29254
-67.36624
-69.27179
-69.06519
-66.95495
-65.69012
-66.65769
-68.12012
-68.31058
-68.97509
-68.92355
-68.32931
-68.67156
-71.15904
-69.09233
-66.73267
-66.51288
-68.16896
-67.32704
-68.05083
-68.23617
-66.18076
-67.43098
-69.20846
-68.41501
-65.23155
-66.83373
-68.20925
-67.38647
-67.21325
-68.09834
-68.00262
-66.79502
-68.03206
-67.03918
-66.11598
-67.24602
-68.87902
-67.81941
-67.61848
-67.80668
-67.96243
-67.26613
-67.36461
-67.93583
-67.48315
-67.58539
-68.01530
-68.83692
-67.98746
-68.83854
-70.39586
-68.46364
-68.50838
-69.86227
-68.47038
-68.58834
-69.82156
-70.42142
-68.25158
-68.82421
-70.60821
-68.78693
-67.74085
-69.14065
-69.36906
-68.40804
-69.96913
-70.81927
-70.52400
-69.69562
-70.35868
-70.48902
-70.19807
-70.10107
-71.29332
-70.06213
-69.62967
-70.84884
-69.01129
-69.27670
-69.39334
-69.39900
-70.30598
-70.16541
-71.37837
-70.91974
-69.53105
-71.55960
-71.76355
-71.06475
-72.23334
-73.05247
-71.95289
-70.76069
-70.39849
-70.69670
-71.04892
-72.42097
-72.29787
-71.28553
-71.59983
-72.17743
-72.42063
-71.87491
-66.55560
-62.03456
-63.85810
-65.70633
-65.69180
-65.51501
-65.26026
-67.52666
-67.04387
-67.51304
-67.72984
-67.77826
-68.52054
-68.73807
-69.57629
-68.52151
-65.99886
-62.21960
-59.46128
-59.41589
-62.61313
-66.39325
-63.00961
-58.62020
-56.74652
-56.57673
-57.68236
-59.23551
-60.62110
-62.81276
-65.77962
-69.74247
-68.55313
-65.65237
-65.74746
-67.10994
-67.84507
-66.53446
-65.24281
-64.84630
-65.20840
-65.07988
-63.37544
-62.26324
-62.82774
-62.87780
-62.85783
-63.08228
-63.92214
-63.55010
-63.83123
-66.87353
-66.71501
-67.38234
-70.77997
-67.31579
-64.58365
-64.59321
-63.69321
-61.76946
-61.67583
-62.38434
-61.40966
-61.17300
-61.78625
-62.12862
-62.25087
-62.58286
-62.95513
-63.32442
-63.17006
-63.12108
-63.52004
-63.90200
-63.39607
-63.08313
-62.83746
-62.64135
-62.20304
-62.67528
-63.87494
-64.15617
-64.65001
-64.46069
-64.43180
-64.60285
-64.94532
-64.20739
-64.50033
-64.55949
-64.62467
-64.29484
-63.84518
-63.82107
-64.06880
-65.14345
-65.75524
-65.06795
-62.74036
-62.22193
-63.04792
-65.02951
-64.68685
-63.53089
-63.14326
-63.33735
-65.16671
-66.23162
-65.56643
-64.96787
-65.55914
-65.67995
-65.44749
-65.57964
-65.47190
-64.45407
-63.40326
-63.52583
-64.71187
-65.16439
-65.26757
-65.07262
-64.93697
-65.08157
-66.84260
-68.17842
-67.20983
-66.03902
-66.05962
-65.95306
-65.00640
-66.53414
-67.96634
-68.53377
-68.18825
-68.53216
-68.53984
-69.03748
-69.13885
-68.86478
-69.21203
-69.17941
-68.59306
-69.15292
-71.44486
-69.87868
-69.77837
-69.96480
-70.55994
-69.62479
-70.22331
-72.38897
-71.43509
-71.84890
-73.09746
-71.41582
-69.75814
-69.92788
-71.58465
-71.30604
-69.73088
-72.84145
-73.73121
-73.17676
-73.53230
-74.19754
-73.21266
-72.17068
-72.86749
-73.44144
-74.15914
-74.08742
-75.52322
-75.63911
-75.56392
-74.24907
-73.19561
-73.16420
-73.66531
-74.96990
-73.41939
-73.16562
-73.63041
-73.74971
-74.47355
-74.58487
-74.28513
-73.77186
-74.65478
-75.83174
-75.75663
-75.70860
-77.22761
-76.61808
-76.87171
-76.97843
-75.92448
-74.39352
-75.22146
-75.54019
-75.10844
-74.87024
-74.36840
-75.50325
-75.50468
-76.57105
-76.93314
-76.61708
-74.56304
-75.83238
-77.23707
-76.82412
-76.78504
-79.32138
-78.02513
-79.20962
-78.45995
-81.27495
-75.38137
-67.79236
-69.32828
-71.18435
-73.47641
-74.93019
-76.47217
-76.83537
-76.62070
-78.41632
-78.27286
-78.12559
-78.25065
-79.02746
-78.92446
-78.77871
-77.94957
-77.38937
-77.02873
-78.48333
-77.81608
-78.15766
-78.44537
-78.31202
-77.22936
-77.14540
-77.58284
-78.00830
-77.68602
-78.07976
-78.60725
-77.68117
-78.70539
-78.31837
-77.84377
-77.96389
-79.04091
-78.90161
-78.25262
-78.93553
-79.61630
-79.62580
-79.73748
-80.16603
-79.55729
-79.72407
-79.89425
-79.57359
-79.42464
-79.76752
-80.37117
-80.32369
-79.21683
-78.93091
-80.02520
-81.35094
-81.46884
-80.49898
-80.97029
-81.20341
-81.23427
-81.08844
-81.08028
-80.87045
-81.58466
-82.98906
-81.44909
-80.42846
-81.33427
-81.79524
-82.57525
-82.56591
-83.11824
-83.76236
-83.89107
-83.77883
-83.64491
-83.63981
-84.34565
-84.22238
-84.90212
-85.72300
-85.00493
-83.88631
-83.71309
-84.72884
-84.09926
-85.44344
-84.18938
-85.90623
-84.52720
-86.70498
-84.69670
-86.18383
-84.12674
-86.17215
-83.75311
-88.19864
-80.69192
-67.24093
-67.74499
-70.63390
-72.54841
-75.54433
-76.68956
-79.26743
-79.76709
-82.50084
-82.69220
-85.45045
-84.48637
-85.04655
-84.14344
-85.65349
-85.23558
-86.53325
-85.57759
-84.90768
-84.87713
-84.60508
-85.15201
-85.22278
-87.75358
-86.21998
-87.63856
-85.25197
-88.80450
-84.43083
-89.79814
-83.56624
-106.93887
-73.57625
-65.34911
-67.89006
-69.83016
-72.24488
-74.10146
-76.00460
-78.26970
-79.63496
-80.61801
-80.72816
-80.95005
-81.43904
-83.00849
-82.48816
-83.17928
-81.57106
-81.34805
-80.53712
-81.01913
-79.93767
-79.55207
-78.66656
-79.11158
-79.08163
-79.38020
-79.10828
-79.28596
-80.03737
-79.93057
-79.93546
-79.57299
-80.10263
-77.05904
-75.79063
-76.46242
-77.06667
-78.01712
-78.95594
-79.00218
-78.62653
-78.68341
-78.93892
-79.43594
-79.21806
-78.83786
-78.48079
-78.62252
-78.22088
-77.95002
-78.27100
-77.72623
-77.15604
-77.44005
-77.94457
-77.72488
-78.68576
-79.31384
-78.60676
-78.05321
-77.62215
-77.64466
-77.42277
-77.30169
-77.71456
-77.20235
-76.67428
-77.14924
-77.84501
-78.17372
-78.36531
-78.50358
-79.25832
-80.45924
-81.19119
-81.62680
-82.66443
-83.98698
-83.04764
-83.03585
-84.23300
-84.86071
-84.94846
-84.55867
-84.19694
-84.38459
-85.15558
-86.12950
-86.81887
-87.14287
-87.11967
-86.40069
-86.83907
-87.41142
-87.60433
-89.36983
-89.49986
-90.35667
-88.52565
-83.32999
-84.51429
-86.09108
-87.62727
-89.89660
-88.54551
-90.42011
-88.22963
-88.65048
-88.85637
-88.71443
-88.84264
-90.39881
-88.54957
-88.11923
-88.18027
-89.00477
-89.87040
-90.34007
-88.61061
-88.35971
-89.68357
-89.47703
-90.40838
-88.00791
-88.68700
-88.12654
-91.24614
-87.70574
-91.95601
-85.16104
-92.33730
-74.16651
-68.19841
-70.64774
-71.85642
-74.57639
-76.55180
-78.30678
-78.13592
-79.28819
-80.79433
-80.06449
-79.40502
-79.62688
-79.43442
-78.19279
-79.37646
-79.00485
-77.97293
-77.76762
-77.68345
-77.72872
-78.79913
-79.06748
-79.85999
-79.97406
-79.35825
-77.69470
-77.65562
-77.96136
-78.59332
-78.84955
-78.46322
-78.66673
-76.95483
-75.43836
-75.98309
-76.95716
-77.39571
-77.72838
-78.39280
-79.00925
-78.73206
-79.22294
-79.83673
-79.69133
-79.14216
-79.21659
-79.29832
-80.09837
-80.67709
-80.26036
-80.12705
-81.01098
-81.39724
-82.44348
-83.35414
-83.43391
-83.46095
-83.63884
-83.96766
-84.34223
-84.27895
-84.12563
-84.49936
-85.34367
-85.82073
-82.35402
-83.02160
-84.55805
-85.60047
-86.32773
-86.28310
-87.06016
-87.24384
-87.70725
-87.56377
-88.58368
-88.59787
-89.07647
-89.50207
-89.33608
-88.60914
-89.24596
-88.85590
-89.99116
-89.65458
-89.10725
-89.37024
-89.20712
-89.33508
-90.02516
-89.84985
-89.41684
-89.60715
-89.52276
-90.05317
-89.63839
-90.65125
-88.71103
-88.42865
-90.59680
-90.18346
-91.67328
-91.21172
-90.42311
-92.49219
-91.82568
-92.21466
-92.54072
-93.11312
-92.16805
-94.68717
-91.88292
-93.47894
-93.80082
-94.49684
-94.33140
-95.23411
-93.17360
-94.89305
-95.57079
-95.78018
-98.72309
-95.95203
-99.03003
-95.75876
-107.63750
-95.29071
-108.11234
-91.05266
-91.09709
-72.75177
-66.18525
-69.50800
-70.78772
-72.84585
-73.77213
-74.80554
-75.22675
-75.72446
-76.28196
-76.16902
-75.58556
-75.66899
-77.98063
-78.72950
-79.10665
-77.15038
-76.26442
-75.31141
-76.04146
-76.57494
-75.99621
-75.74555
-76.62356
-75.87411
-74.95051
-75.14311
-75.86119
-75.28009
-75.52249
-74.19149
-73.91803
-74.52301
-64.12312
-62.48833
-65.78602
-66.75880
-69.03510
-69.26835
-70.80063
-70.97568
-71.62784
-72.53666
-72.61848
-73.41509
-72.49365
-72.50099
-72.83408
-73.99312
-74.58084
-75.03794
-74.82519
-73.80627
-73.51865
-74.34942
-74.01039
-75.57282
-75.56485
-77.44570
-74.66516
-74.79730
-73.33255
-74.63834
-73.96848
-75.31227
-69.87309
-59.38202
-60.04914
-63.04700
-65.21909
-68.56772
-69.84152
-73.25051
-72.72445
-75.46568
-75.45971
-77.70386
-75.31793
-76.32020
-76.29713
-79.17674
-78.54702
-80.03883
-79.51148
-79.46054
-79.12472
-79.26979
-80.24387
-79.81145
-83.14495
-80.93009
-85.54053
-80.64619
-87.77551
-79.66700
-92.75012
-77.32883
-85.33821
-65.58715
-56.26629
-58.67162
-61.58738
-64.79307
-68.77028
-71.01793
-76.16919
-76.69802
-81.63303
-77.46408
-82.70597
-77.84916
-82.59014
-78.09545
-86.40987
-75.82632
-55.96543
-55.50768
-60.39569
-63.14027
-68.42455
-70.43450
-76.11916
-74.15915
-76.29251
-75.67147
-77.08692
-79.44238
-77.84548
-82.58613
-74.28605
-114.06492
-58.19562
-52.03960
-54.25300
-57.79381
-60.97714
-62.62026
-66.97417
-69.45276
-72.99487
-74.95888
-75.77024
-76.45844
-75.26311
-75.56606
-75.80871
-75.90784
-73.01290
-69.21335
-68.16034
-71.19105
-73.32814
-74.71090
-72.49536
-72.84282
-72.98276
-73.18859
-71.90291
-72.96935
-72.75079
-72.64591
-73.23879
-73.24039
-73.51320
-65.76537
-63.39293
-66.97078
-69.56587
-71.76917
-72.80570
-74.81335
-73.06618
-73.49993
-74.44685
-73.09590
-73.62783
-74.53234
-73.76795
-72.82577
-75.12848
-70.90686
-68.28887
-69.73282
-71.25071
-72.29103
-74.28026
-74.11382
-75.83419
-73.84035
-76.79529
-73.88873
-76.95369
-72.56273
-77.32772
-72.56429
-79.48650
-65.36204
-54.35688
-55.97229
-59.87507
-63.56257
-67.30364
-67.66868
-70.55425
-71.01745
-72.34195
-72.08126
-74.37054
-72.20148
-72.09962
-71.66693
-71.19807
-72.48289
-57.54321
-55.30391
-59.24642
-62.05321
-66.86268
-67.80396
-71.28294
-71.38365
-72.01586
-70.64956
-71.73484
-72.67014
-71.43519
-71.70007
-70.91641
-73.38334
-67.18717
-62.70686
-64.38920
-66.55670
-68.31430
-69.42357
-69.13887
-69.97430
-70.65943
-71.27826
-70.45418
-72.16673
-71.29945
-73.10302
-72.74075
-74.04224
-71.12438
-67.46825
-66.93426
-69.76210
-72.12050
-72.48763
-73.11853
-73.06334
-72.01543
-72.86898
-73.14155
-72.50473
-74.38298
-72.30933
-76.22703
-71.51904
-86.01932
-59.28813
-53.06207
-56.23992
-59.74532
-63.09069
-66.47661
-67.81603
-73.02113
-62.28379
-57.47760
-60.15469
-62.12406
-64.89006
-66.64502
-68.45284
-72.04420
-69.13785
-67.40614
-67.32045
-70.49401
-70.46009
-73.58116
-70.15530
-73.66469
-67.25371
-57.26862
-54.52833
-55.44813
-59.23310
-61.76088
-64.23696
-67.71439
-69.58723
-65.75505
-64.26002
-66.86778
-69.40544
-72.25151
-71.63641
-71.76506
-71.08647
-70.05515
-69.65046
-70.94961
-69.77271
-70.24585
-70.59656
-70.39925
-70.24941
-68.90193
-67.99968
-68.80464
-68.65932
-69.52634
-72.39097
-70.50990
-71.49897
-68.64757
-67.13976
-68.53241
-67.51691
-69.29059
-70.26878
-70.87869
-73.16825
-70.89665
-66.32944
-64.94933
-66.37825
-68.26833
-69.78325
-70.19449
-71.94783
-71.79813
-68.66619
-69.87563
-70.95167
-69.99971
-73.65127
-71.79455
-72.94702
-72.47493
-70.96564
-69.97795
-70.98772
-70.82675
-73.50423
-72.92648
-74.28356
-73.89977
-71.69866
-69.57930
-67.55501
-70.71793
-70.41529
-74.59106
-71.10812
-83.34391
-60.35657
-55.61567
-59.01124
-61.44708
-64.69332
-68.66874
-69.19432
-76.73409
-63.96493
-55.97972
-58.36601
-61.61325
-63.72100
-68.34350
-68.02550
-73.53243
-67.29998
-58.05414
-59.09562
-62.55868
-64.21653
-68.34324
-69.09151
-72.48708
-71.72569
-72.44810
-70.89634
-73.40363
-72.77833
-71.96467
-72.50121
-71.93689
-76.85658
-59.86606
-56.04938
-58.85474
-61.05514
-64.40153
-66.72441
-67.86686
-75.53782
-59.23327
-53.37004
-55.07722
-60.77570
-57.42531
-54.51733
-58.29466
-61.10361
-65.13558
-65.48682
-68.22793
-69.87603
-69.28236
-70.96673
-71.24329
-72.28166
-69.67763
-69.50260
-67.68472
-69.28145
-68.56397
-68.62790
-67.63473
-69.06308
-68.80060
-65.41772
-65.95830
-67.94043
-68.08884
-69.65966
-70.64746
-71.33150
-71.97635
-64.95320
-63.36561
-66.94777
-68.97124
-68.27763
-67.62751
-68.20011
-69.57772
-68.87122
-68.20150
-69.37509
-69.66906
-71.01080
-71.96222
-72.20102
-72.66679
-72.67567
-71.32110
-71.65089
-72.09195
-71.05403
-72.45550
-72.15967
-73.08656
-70.90423
-67.32162
-68.31035
-69.86478
-69.72563
-70.89905
-71.57534
-70.51546
-68.96177
-66.95506
-63.86161
-66.04674
-72.26876
-66.99255
-67.39644
-71.24901
-70.69314
-72.21936
-71.26120
-71.30053
-71.59714
-70.92482
-71.77416
-72.28808
-72.39159
-72.29764
-71.54249
-73.32986
-74.99800
-74.99714
-73.48859
-72.87836
-73.68287
-71.40458
-69.31805
-71.21199
-71.87202
-72.35769
-73.69464
-73.51600
-74.38940
-70.97777
-67.56981
-68.54706
-70.81614
-72.02909
-70.26405
-70.88298
-72.94487
-72.02028
-71.70688
-72.30880
-75.98972
-73.92077
-78.45832
-75.17384
-78.47799
-75.25699
-81.41472
-76.95445
-82.44695
-78.86087
-83.93820
-80.04100
-81.24134
-82.44288
-54.79453
-53.04927
-56.72037
-58.79331
-62.01179
-64.28434
-66.75301
-71.38186
-57.59997
-54.14939
-58.67223
-61.80206
-65.06393
-67.36868
-66.43106
-70.36054
-59.33150
-55.07382
-58.38164
-61.37582
-63.50245
-67.39096
-65.71878
-72.17442
-60.60798
-52.62959
-55.23950
-58.41903
-61.06597
-65.39563
-65.41397
-67.81555
-67.93788
-64.57065
-65.33365
-67.63847
-65.70588
-69.12491
-68.04959
-69.96135
-67.79004
-66.14333
-65.21258
-68.62909
-69.53262
-69.07409
-70.13213
-68.67213
-70.39452
-55.63988
-54.50802
-59.63447
-62.68832
-66.72459
-65.88942
-67.75551
-68.13278
-66.51211
-63.84412
-67.96217
-67.02928
-66.92191
-68.99953
-68.16076
-70.31266
-67.29767
-64.95388
-66.89181
-68.36377
-67.21933
-69.65489
-68.62855
-70.11887
-67.59710
-65.40721
-66.40421
-70.48277
-67.69611
-69.17592
-68.24636
-70.98591
-66.94565
-54.49072
-54.86175
-59.75614
-62.31409
-66.88062
-67.90727
-69.03419
-68.98152
-65.62837
-65.90708
-68.54692
-67.76921
-68.49062
-67.96800
-69.36337
-69.57721
-68.50257
-67.85905
-69.64403
-70.06657
-69.65901
-69.92066
-70.13067
-70.67394
-67.46650
-67.23780
-69.16548
-70.13484
-69.72675
-70.21281
-68.86644
-71.75291
-66.99747
-63.79633
-65.57954
-68.08871
-70.28181
-71.55297
-70.64700
-70.97270
-70.17451
-68.17870
-70.01181
-71.79862
-70.98244
-72.73543
-73.41215
-73.66658
-72.84432
-54.38063
-52.05477
-55.54738
-57.50628
-60.19058
-60.76157
-61.83021
-61.81300
-63.07344
-65.16923
-65.93244
-63.61336
-63.87986
-63.43515
-63.15453
-64.36590
-62.80616
-62.99483
-64.27234
-63.19763
-65.29750
-65.51118
-63.48322
-62.07890
-61.63549
-64.62313
-65.68830
-65.24479
-64.16945
-64.13197
-63.45702
-62.17013
-61.87957
-61.90167
-62.46298
-63.79269
-64.34810
-65.48586
-67.03898
-66.32556
-65.91029
-64.91969
-64.24929
-64.04736
-64.03039
-63.38382
-62.48347
-62.64192
-57.52200
-55.88137
-58.65295
-59.44164
-59.78968
-59.41471
-57.95675
-59.10859
-59.82064
-59.90702
-61.01489
-61.72390
-61.11253
-61.02585
-61.23318
-60.26671
-62.52429
-55.74491
-52.88153
-55.98251
-58.45848
-59.73681
-60.29730
-60.59655
-61.10634
-62.50720
-63.93322
-63.25931
-63.58953
-63.22690
-64.26206
-64.00611
-66.27029
-60.15168
-52.93398
-53.45609
-54.44838
-55.72740
-57.38931
-57.59129
-60.65337
-60.52753
-58.69096
-57.37541
-58.71466
-61.19384
-60.52941
-60.83549
-58.80953
-58.87725
-59.40380
-58.65415
-59.65168
-59.54773
-61.56845
-62.48542
-63.23753
-64.67417
-62.03197
-59.43169
-61.07245
-64.91667
-64.85812
-62.86508
-63.53371
-63.67949
-64.52223
-62.80244
-63.06000
-65.82055
-65.74477
-65.21583
-64.45471
-65.30409
-64.81589
-65.50886
-66.10860
-65.63032
-65.15731
-68.71051
-65.86167
-65.56946
-60.48181
-53.32824
-51.90735
-54.24754
-55.19043
-56.01456
-54.58363
-54.53094
-56.20542
-55.00384
-55.79600
-57.84631
-59.62642
-57.90167
-59.16894
-58.20303
-59.44019
-61.08531
-61.41207
-61.31060
-58.92174
-61.00070
-60.19590
-60.90525
-62.33424
-58.38764
-54.94041
-53.41383
-55.26579
-58.23942
-58.09964
-61.12134
-62.24383
-61.66044
-60.68233
-60.15733
-63.29080
-63.95007
-62.29150
-62.50935
-62.28160
-61.43555
-61.69098
-62.44805
-63.85900
-62.30919
-62.16073
-62.77834
-63.89752
-64.17905
-64.31282
-64.38443
-63.32879
-62.93962
-62.76764
-61.59078
-61.50136
-64.86228
-57.38868
-54.74152
-55.51146
-53.88411
-53.24615
-53.70503
-56.29571
-56.01603
-55.00740
-56.78546
-56.66165
-57.09792
-57.97855
-57.72629
-56.76236
-57.73389
-59.97438
-58.53145
-58.72383
-58.19480
-57.95942
-57.12176
-56.66134
-59.53622
-61.11362
-60.00136
-59.91901
-59.12175
-59.94945
-61.15965
-60.30126
-62.80763
-61.94153
-62.99275
-60.87674
-59.56703
-60.32163
-61.91402
-63.23048
-64.63739
-63.61746
-56.45902
-56.30317
-59.24360
-60.48028
-62.01656
-63.04659
-63.16064
-66.04128
-58.55781
-55.79667
-59.31425
-60.64115
-62.42910
-64.27612
-65.31718
-67.76329
-60.40111
-57.14359
-60.40169
-61.74172
-62.67484
-65.09077
-65.66188
-66.51751
-65.48996
-67.59188
-64.31798
-65.99442
-63.76554
-63.16399
-64.54918
-66.94664
-64.67341
-54.61530
-54.64766
-55.67577
-56.59180
-56.86829
-57.64381
-60.52283
-60.29241
-55.39226
-52.60676
-55.20431
-56.94939
-54.30398
-53.38315
-55.86654
-58.49814
-60.22644
-59.17926
-58.83079
-58.76928
-60.00108
-59.96879
-60.34426
-59.53443
-59.10734
-61.50352
-59.25871
-58.78900
-59.97551
-60.28453
-60.71047
-60.31205
-58.76446
-58.96024
-59.24500
-58.98657
-59.49168
-60.06416
-61.07955
-61.53087
-60.76880
-58.84094
-59.16999
-61.84811
-61.61215
-61.46951
-61.90612
-62.61148
-64.06334
-62.36756
-61.03510
-61.92027
-63.42367
-64.55371
-62.82139
-62.20905
-62.44242
-62.86595
-64.08523
-64.15305
-64.51432
-64.79405
-64.00077
-63.85784
-65.46389
-64.80943
-64.11331
-64.39339
-64.41953
-63.09893
-64.20616
-65.94030
-65.27546
-65.10077
-63.95566
-63.44161
-66.01269
-67.15968
-64.92447
-66.97531
-67.67391
-67.64062
-66.61651
-64.96288
-65.59252
-66.71119
-67.32812
-66.91035
-65.83088
-66.52587
-68.26732
-67.76489
-67.87502
-68.86073
-69.80003
-69.02431
-69.40053
-70.07117
-68.64495
-68.31453
-69.07850
-69.38568
-67.16409
-64.80294
-63.61209
-64.10449
-64.37781
-63.82652
-64.46600
-65.47460
-66.57979
-65.23143
-66.09230
-66.96708
-67.80248
-67.15216
-66.52417
-65.82752
-65.21531
-65.49847
-66.78427
-68.84575
-69.15534
-68.98982
-68.46100
-70.16372
-68.18680
-72.34076
-67.68496
-77.98640
-61.37623
-50.24679
-51.60511
-53.30767
-52.14991
-55.58134
-54.90198
-53.76691
-51.51630
-51.52301
-52.66825
-53.48134
-54.70543
-55.31754
-55.28230
-55.46410
-57.42580
-54.81170
-54.07687
-55.13562
-57.22692
-58.37940
-58.23572
-56.22698
-57.27764
-51.84170
-51.28096
-55.60342
-54.66474
-57.81969
-59.57998
-59.60662
-60.76963
-60.38863
-58.64217
-60.55147
-59.60926
-59.68906
-59.49461
-58.65698
-61.64345
-59.27958
-58.37748
-59.00177
-60.91135
-62.00562
-62.77862
-60.92229
-65.59020
-60.47510
-52.51719
-54.94822
-55.83322
-57.08228
-54.65263
-53.52984
-55.38145
-55.01866
-57.96476
-55.57156
-55.69910
-57.51689
-56.22838
-57.24280
-60.47228
-58.48222
-56.80008
-57.65969
-57.55130
-56.94239
-57.78011
-58.35068
-59.92921
-59.07653
-58.26677
-59.84752
-60.14088
-60.48101
-60.15039
-59.86377
-58.99277
-60.30050
-56.33468
-52.99816
-55.82913
-57.56434
-58.65110
-61.20886
-60.20295
-61.73694
-60.17165
-60.20591
-61.28758
-62.12946
-62.06661
-62.22342
-61.84004
-60.94550
-62.59113
-61.63929
-63.05820
-63.99421
-63.23128
-62.91481
-63.37855
-63.95401
-62.25578
-62.06186
-63.38931
-64.04236
-63.31381
-63.72046
-63.58477
-63.23956
-64.75443
-62.20868
-61.11306
-63.55151
-65.27083
-66.25581
-66.87748
-66.65656
-64.90692
-64.81278
-66.46597
-66.77618
-66.37917
-67.28177
-68.23817
-67.94685
-69.97099
-66.82588
-62.41130
-61.13833
-62.37325
-64.19515
-63.87366
-62.70708
-60.64814
-59.73625
-61.33997
-64.72276
-65.35105
-64.89882
-65.50462
-65.78488
-66.13750
-66.18502
-63.19930
-63.79025
-65.36265
-64.75658
-65.07766
-64.82221
-64.78806
-62.03290
-61.79570
-64.32143
-67.77999
-68.16386
-66.38321
-65.82148
-65.22042
-66.79442
-67.01147
-67.51484
-67.70043
-68.12599
-68.05355
-67.52360
-71.58028
-70.97918
-70.83650
-68.49831
-69.02205
-71.06755
-72.79376
-70.96766
-73.10605
-66.47133
-57.83859
-58.02808
-58.89343
-59.99468
-63.00227
-62.17922
-62.14117
-62.16236
-62.68999
-61.40417
-60.47004
-61.58299
-60.41812
-61.74405
-63.30879
-65.54006
-64.98231
-63.06973
-63.19462
-63.83991
-63.91021
-62.98084
-64.56481
-64.23398
-64.13310
-64.32198
-66.16934
-64.82950
-66.86922
-65.57225
-66.64765
-70.14115
-70.30799
-64.34064
-58.30563
-57.63678
-57.37136
-60.37553
-59.92442
-60.69568
-60.64871
-57.91651
-58.66911
-60.51978
-62.48466
-60.73646
-59.99141
-60.76802
-60.86805
-61.80790
-61.86727
-60.27875
-61.96449
-63.46459
-64.31243
-63.11554
-64.77526
-65.33149
-62.38214
-63.46802
-65.85044
-68.06198
-66.94517
-65.23627
-68.05892
-72.23586
-67.57066
-66.31937
-68.23228
-68.60756
-67.92685
-67.12252
-69.16441
-70.47873
-68.70601
-71.81403
-69.25958
-68.96250
-70.03793
-72.65812
-73.07793
-74.76402
-69.37560
-60.06950
-58.17998
-60.55240
-61.14434
-61.19449
-59.63449
-59.38830
-62.55514
-61.57085
-62.78866
-63.01581
-62.27095
-61.33798
-62.32065
-62.26818
-63.37875
-63.82990
-63.10955
-63.75444
-63.81139
-64.94546
-64.27152
-65.37700
-64.84047
-64.84576
-65.40540
-67.23932
-66.52329
-68.25788
-68.55795
-66.95972
-66.18199
-67.55267
-67.83018
-69.49576
-69.99120
-67.21374
-67.66537
-67.87283
-68.28847
-66.54999
-67.82135
-68.71314
-70.95606
-70.36394
-70.86958
-71.37127
-71.86635
-71.26652
-71.35191
-71.05821
-71.38048
-71.08810
-72.32999
-73.22250
-72.45205
-72.11089
-59.98082
-58.82606
-60.15063
-57.76371
-59.04118
-62.84485
-64.12819
-60.09532
-59.63102
-59.88411
-57.72301
-60.39911
-62.65124
-60.69794
-59.67589
-61.83530
-66.14969
-61.86906
-63.17591
-64.69738
-63.29592
-64.58300
-62.74008
-64.20212
-66.25119
-65.51419
-64.64337
-65.72520
-68.31721
-67.39697
-67.69220
-69.11300
-68.25216
-68.40361
-67.93922
-66.49543
-67.47845
-68.14189
-67.63412
-69.27343
-70.97199
-69.00973
-69.70176
-71.54312
-73.29871
-73.09308
-71.16911
-72.40973
-72.33068
-72.21969
-72.15635
-71.07388
-71.98000
-72.70920
-71.64884
-71.49191
-72.15032
-72.43510
-72.01783
-71.50126
-71.92182
-72.67781
-71.82379
-72.41798
-73.38449
-73.76153
-74.45792
-74.30832
-73.02286
-73.93788
-74.62105
-73.30516
-76.57413
-73.88373
-69.04516
-65.05804
-63.27033
-63.00200
-63.07825
-64.48213
-64.21492
-65.70625
-65.70576
-64.31329
-64.67251
-63.14726
-63.21824
-66.10395
-66.80670
-65.19259
-64.58133
-65.34996
-65.18284
-64.73301
-67.44043
-68.98210
-69.98932
-69.24085
-69.32407
-68.37587
-68.80557
-71.07954
-69.66672
-70.89181
-69.44970
-69.09596
-68.87486
-69.11833
-69.48128
-69.94149
-68.97192
-67.97178
-67.96220
-68.69608
-71.30594
-69.98606
-72.05502
-71.68984
-70.74163
-70.69337
-70.52251
-71.98459
-73.59074
-73.65281
-71.78336
-72.33742
-72.51211
-74.43943
-73.90423
-72.73485
-71.45621
-72.65566
-73.16044
-74.13981
-75.81270
-74.53551
-75.95887
-74.87275
-74.35056
-75.22687
-75.57709
-74.48520
-74.07062
-73.64549
-74.66299
-76.83452
-76.73976
-75.57696
-77.15738
-77.54115
-76.60108
-77.33818
-79.77192
-80.44252
-78.33382
-75.78180
-75.84252
-77.52725
-77.33569
-77.05148
-76.89571
-78.41267
-76.98592
-78.57615
-79.42667
-78.68052
-78.01521
-80.10998
-80.34517
-79.72463
-80.39007
-79.89394
-82.39138
-81.46025
-82.57431
-81.16535
-81.77821
-80.91260
-81.51595
-80.79817
-81.24596
-81.83327
-79.79231
-81.76299
-83.32716
-83.29428
-82.27956
-83.53190
-84.65544
-85.82385
-83.75193
-83.57093
-81.86401
-80.55924
-82.84501
-83.61853
-84.32191
-83.39744
-83.05583
-85.45964
-85.12802
-88.93213
-85.22538
-95.78578
-70.01939
-61.92798
-62.36239
-61.26121
-61.51899
-64.68940
-66.02144
-64.00209
-61.33600
-63.61981
-65.78561
-64.29419
-65.02179
-65.12134
-63.54008
-65.67006
-66.56776
-66.55563
-65.84954
-67.01053
-69.87315
-69.01369
-67.66623
-66.36853
-69.04809
-68.20187
-65.94028
-65.84421
-68.63217
-68.11857
-67.32097
-69.16816
-70.04923
-70.32032
-70.89643
-70.68194
-69.48946
-69.74259
-68.62055
-69.89336
-70.16840
-69.71776
-71.57129
-72.17014
-71.66729
-71.76554
-73.08436
-75.32628
-76.17021
-75.39758
-74.05476
-71.90921
-70.30728
-68.11388
-65.80335
-65.32745
-66.40857
-67.96005
-69.26627
-68.91354
-69.52053
-71.19936
-69.52845
-69.73791
-69.04246
-69.21772
-70.28285
-69.79191
-69.99170
-70.97609
-69.73556
-69.69422
-71.13198
-69.70262
-72.76845
-72.23498
-71.11247
-72.98725
-73.25280
-72.76475
-71.04210
-70.89607
-72.19448
-73.33729
-73.18268
-71.37817
-72.18354
-73.08608
-72.72802
-73.67615
-74.20839
-73.14409
-74.31464
-75.05340
-74.56087
-74.74770
-73.05118
-75.24418
-74.89091
-75.86428
-76.36610
-75.01785
-75.65134
-75.69166
-75.68279
-76.11999
-78.03384
-76.90777
-76.23208
-75.15635
-75.00854
-75.70499
-75.48943
-76.33310
-78.00854
-77.93498
-76.40397
-77.64534
-77.69823
-78.61526
-79.06217
-80.00768
-79.05651
-79.84854
-80.10864
-77.72769
-78.71423
-79.57446
-82.95527
-81.47501
-83.58429
-73.87890
-70.25961
-71.65095
-72.63934
-73.24165
-74.16479
-75.18624
-73.67293
-74.52252
-75.97281
-77.27912
-77.06056
-77.15483
-77.96674
-78.01707
-77.32049
-77.49029
-78.58856
-79.87498
-78.67597
-77.48416
-78.51359
-79.76042
-78.87879
-76.09820
-76.14765
-78.14845
-78.91623
-79.31949
-80.13029
-80.31096
-79.89670
-81.64619
-83.88807
-82.92040
-81.83021
-82.05120
-81.09049
-81.53129
-83.22032
-83.24977
-82.58037
-81.62111
-83.80811
-84.23082
-85.31919
-84.04854
-88.56534
-75.38238
-69.42086
-70.80632
-73.38584
-73.86116
-73.66172
-74.87604
-76.69472
-78.43436
-77.11363
-76.66973
-76.60792
-73.90401
-72.19924
-75.19367
-77.43970
-77.81007
-75.43237
-74.32321
-75.17810
-76.89487
-75.93635
-75.75771
-77.85521
-77.31997
-79.57884
-78.99271
-77.47955
-76.33104
-78.73450
-76.50453
-79.33959
-81.07428
-80.12341
-72.76731
-70.85552
-71.55257
-70.21231
-72.84927
-72.14871
-73.79086
-71.64515
-71.10659
-70.86388
-71.49783
-73.46904
-73.09599
-73.07277
-72.36879
-73.39164
-73.49725
-73.41421
-72.88225
-74.74731
-75.72029
-75.36842
-75.26490
-76.86627
-77.38761
-75.74405
-77.65865
-78.94465
-78.77270
-78.06415
-77.17471
-80.28549
-81.51136
-80.90415
-80.27186
-79.80086
-81.47147
-80.83071
-79.04900
-80.69259
-81.76584
-80.86289
-81.47041
-78.94193
-79.48990
-81.06969
-82.97976
-83.24778
-87.13919
-75.96865
-68.59150
-69.34688
-72.12647
-73.15851
-72.77934
-71.71786
-73.80995
-74.01610
-74.13255
-75.01709
-74.57201
-75.25230
-74.00959
-71.81998
-72.55131
-75.69553
-73.81853
-74.45020
-74.57234
-75.69659
-77.27951
-76.12049
-77.03388
-76.19354
-75.00239
-75.83704
-75.84977
-75.37144
-79.23796
-79.18318
-78.37234
-77.63133
-78.80893
-80.60048
-80.21935
-80.90723
-79.55960
-79.55398
-79.37612
-77.70868
-78.88671
-79.73253
-80.34238
-80.11618
-79.89719
-82.99718
-83.28045
-82.74184
-82.64140
-83.09428
-82.81798
-81.65761
-81.40061
-82.39732
-82.65618
-86.00996
-77.77926
-71.75265
-69.43167
-67.78500
-68.06251
-70.08251
-70.04439
-69.13809
-71.00086
-72.41578
-71.63299
-71.70814
-72.05172
-71.67422
-72.16438
-70.51463
-71.23622
-73.46340
-72.73412
-74.82672
-73.83062
-72.53034
-71.17440
-72.37030
-76.02939
-74.88273
-74.13756
-73.47569
-75.72443
-77.44260
-76.19573
-76.95922
-78.00199
-77.84415
-78.92587
-78.27102
-77.26322
-77.09367
-77.00592
-76.84776
-77.78223
-77.68342
-77.26487
-79.07711
-80.90962
-82.93843
-82.74730
-83.32326
-81.21118
-83.59672
-82.59210
-81.11570
-81.56070
-80.29653
-82.18417
-82.73605
-83.33768
-84.17738
-85.45035
-82.80763
-82.95150
-83.02913
-81.32070
-84.23176
-84.01436
-82.90995
-84.63558
-83.69555
-81.42507
-82.82037
-85.41625
-82.18460
-83.19074
-86.30584
-84.45800
-79.48392
-74.84795
-75.16319
-75.29778
-73.12685
-72.16098
-72.55239
-74.34902
-74.42766
-72.59159
-73.46195
-74.61350
-73.37259
-73.08804
-73.92667
-75.56550
-76.41727
-77.14019
-75.68162
-76.09103
-76.32899
-76.33970
-77.88170
-76.48317
-77.11344
-77.41343
-77.35852
-77.73670
-76.60153
-77.93731
-79.05015
-76.83816
-75.76452
-76.98691
-77.02706
-76.88023
-77.00607
-76.62645
-77.31571
-77.97371
-80.69135
-80.28812
-82.16501
-82.45675
-82.45292
-83.87324
-81.24523
-79.74746
-80.79767
-80.66270
-79.30416
-80.82900
-81.04607
-83.78132
-81.58637
-80.04959
-82.18452
-83.25135
-82.66231
-84.23262
-84.30082
-84.29810
-82.98084
-81.68215
-83.10870
-83.34148
-83.33523
-82.07221
-82.20997
-83.49061
-84.24566
-85.51648
-84.15262
-83.29856
-86.79429
-84.73823
-84.68323
-87.01074
-88.54982
-85.38880
-85.97408
-85.38413
-84.62136
-84.96222
-84.31563
-86.92737
-85.22123
-86.23698
-85.62183
-86.28828
-86.95347
-86.03466
-86.20980
-88.17277
-86.21150
-89.52597
-89.55077
-87.42729
-88.85002
-87.84469
-89.29385
-87.89625
-88.72513
-87.01387
-88.90911
-89.83686
-91.11147
-90.66318
-88.92158
-88.65016
-90.09302
-89.84244
-90.15699
-90.42087
-93.11961
-91.19372
-91.14877
-88.67418
-87.28666
-88.39421
-91.11353
-93.82341
-92.12848
-90.34965
-90.22461
-91.99837
-89.08614
-95.14827
-90.29232
-95.39971
-71.80340
-66.85640
-66.02038
-67.13498
-70.36277
-70.65096
-69.71714
-68.49215
-71.23001
-69.77272
-69.03417
-70.19403
-71.73771
-70.52500
-68.30468
-69.87740
-72.10419
-73.38961
-72.06925
-72.79612
-73.06409
-73.13131
-72.46719
-72.05379
-72.91949
-72.72226
-73.79190
-73.71795
-74.81274
-76.08534
-74.96328
-75.72974
-77.62909
-74.91108
-76.29905
-75.42839
-73.96846
-75.41761
-74.49094
-78.29422
-75.72232
-76.73235
-79.20488
-78.83724
-77.05210
-76.03804
-77.45778
-78.96245
-81.22790
-80.68847
-78.50852
-74.01320
-73.56241
-69.90696
-67.48675
-69.58391
-69.09325
-68.25040
-69.40642
-71.02199
-74.57518
-72.25730
-73.32370
-74.21597
-72.98224
-72.76255
-74.01240
-71.41221
-71.87217
-75.06889
-73.07855
-76.98515
-73.19933
-73.41526
-75.56340
-75.59394
-75.28605
-75.28164
-74.80084
-76.26256
-76.73922
-74.96194
-75.97480
-75.08990
-75.54724
-77.26807
-79.07574
-77.68298
-78.76647
-77.92644
-77.01768
-76.53535
-76.58310
-74.98678
-75.72939
-79.27078
-79.64784
-78.25686
-79.00622
-81.28360
-80.53234
-80.19323
-79.43266
-78.17161
-79.00573
-80.93930
-80.78287
-83.52454
-82.74128
-81.97546
-81.63000
-81.93189
-82.57117
-83.28510
-83.84986
-82.61996
-83.27603
-81.89347
-81.16636
-82.74114
-83.85558
-86.83380
-88.39828
-86.36855
-85.09201
-82.73754
-82.09077
-84.26464
-85.33120
-85.54995
-86.98665
-82.84842
-82.69560
-82.32821
-81.99388
-84.97256
-84.06925
-83.13719
-83.22670
-84.03002
-82.10473
-81.84739
-84.61343
-87.22508
-87.09522
-85.47300
-87.02631
-84.25993
-82.64034
-84.43835
-83.43425
-81.41829
-80.87787
-81.95825
-83.25019
-84.83773
-85.85126
-83.89504
-85.73474
-86.28482
-86.71140
-87.64613
-87.69981
-86.54354
-80.38739
-79.70744
-80.11500
-79.42712
-79.45019
-78.71878
-79.96084
-82.09717
-82.79705
-83.46881
-85.14530
-85.83360
-84.57023
-84.71406
-83.30206
-84.82978
-77.17590
-72.20057
-71.32892
-71.06365
-72.38709
-73.15005
-74.03316
-77.14867
-79.63572
-78.18689
-77.53096
-76.43451
-76.41603
-78.22912
-77.09792
-77.83426
-76.49104
-73.54564
-72.89079
-73.11797
-73.54093
-73.09664
-74.40985
-73.51678
-72.33585
-71.74220
-71.96960
-74.90676
-75.23706
-74.31156
-73.29845
-73.91831
-76.56182
-70.65011
-68.05887
-69.01885
-68.04390
-69.69167
-70.53829
-70.41938
-73.01800
-72.50865
-71.27316
-73.10034
-71.91333
-71.57171
-75.03782
-71.84105
-71.54273
-76.35117
-74.20945
-74.66972
-75.59006
-71.41028
-70.58347
-73.37563
-76.42115
-76.03216
-75.54172
-75.17525
-74.39704
-75.51129
-76.80140
-76.15687
-77.22458
-77.38735
-78.82138
-75.80529
-74.85452
-75.78414
-76.16534
-78.04514
-78.79259
-79.12999
-81.69231
-81.66083
-77.30905
-77.69161
-77.95532
-80.58569
-81.81268
-81.86932
-82.56182
-85.59547
-84.51488
-82.66025
-84.32159
-83.97677
-85.19269
-85.27310
-89.28659
-89.32684
-88.49397
-89.87223
-89.11671
-90.65860
-89.07899
-89.12761
-94.26210
-92.09687
-91.84837
-90.02116
-90.39972
-89.01215
-88.76683
-93.86213
-93.72502
-94.32039
-95.25796
-93.49058
-90.90803
-92.78413
-95.67965
-96.33911
-96.55050
-99.24560
-99.39416
-97.07004
-95.69984
-97.10347
-96.01434
-96.50419
-102.59656
-100.05287
-102.99809
-101.90287
-100.21706
-100.03323
-99.30737
-99.72711
-100.34366
-105.75741
-107.16466
-106.50371
-103.62283
-102.18819
-104.62281
-107.21009
-106.86875
-107.99217
-108.60836
-106.40235
-109.99940
-108.79085
-110.75371
-111.96283
-108.48865
-111.59793
-114.49842
-110.24808
-107.80838
-112.12742
-112.71852
-115.09059
-115.53084
-117.31352
-113.02030
-112.96634
-116.97490
-114.33058
-119.34469
-121.73863
-123.42249
-123.35865
-124.12848
-125.10945
-128.86737
-127.30434
-128.04318
-132.26131
-134.48284
-133.96410
-136.97067
-136.20670
-136.96925
-138.27286
-138.40091
-139.34797
-137.91941
-140.38685
-138.46945
-140.85165
-138.47851
