-94.61360
-75.46570
-70.08071
-71.69162
-71.38216
-72.52107
-72.92655
-73.72200
-74.15407
-74.77641
-75.32644
-76.24509
-76.39073
-77.32547
-77.93266
-78.34180
-79.25695
-79.52590
-80.58814
-80.40734
-81.29595
-80.94917
-81.43632
-75.41246
-73.79064
-73.89874
-73.56729
-73.33257
-72.86041
-72.71453
-71.83022
-75.60971
-80.96228
-80.69630
-72.46354
-71.00693
-72.11538
-72.21264
-73.25109
-73.34040
-74.40584
-74.20118
-75.24744
-74.76235
-75.43972
-75.08544
-74.45723
-74.61062
-74.37070
-73.97155
-74.00792
-73.65042
-73.47177
-75.92645
-77.89953
-77.11302
-75.75310
-76.90273
-77.58902
-78.91593
-78.56434
-79.17011
-78.51041
-77.54068
-76.65141
-76.74487
-76.53649
-71.37857
-72.49092
-75.33879
-74.82434
-76.12244
-76.86808
-76.78976
-78.52780
-78.59693
-79.14104
-81.92843
-81.73032
-82.40203
-82.10256
-81.95777
-80.52018
-80.35340
-78.53932
-78.87330
-77.16947
-79.69318
-78.83330
-74.84115
-76.43534
-77.46981
-76.85553
-77.09762
-76.96973
-76.28091
-76.18990
-75.21568
-74.83648
-68.98736
-68.50622
-69.42410
-69.37779
-70.91855
-71.16734
-72.59541
-72.86134
-73.88870
-74.02878
-75.07856
-74.10813
-74.41924
-75.22350
-75.30238
-75.35434
-75.46698
-75.46982
-75.43841
-75.82546
-75.70739
-76.19251
-72.75767
-73.78936
-74.60172
-75.92000
-77.97877
-80.47131
-82.37724
-82.30838
-81.35277
-78.61946
-77.72557
-69.04354
-67.67940
-69.90506
-72.09219
-73.19055
-73.64351
-75.10705
-75.31268
-76.01838
-76.07547
-77.80183
-79.16101
-79.03788
-78.52435
-78.84540
-76.96434
-76.60848
-75.36382
-74.88507
-73.88384
-73.91197
-72.99370
-70.84546
-70.74931
-73.13970
-75.50853
-76.70821
-78.75182
-79.68578
-81.41917
-81.29717
-80.93397
-78.28614
-69.78679
-68.20668
-70.03376
-69.18506
-69.99560
-70.96792
-71.26021
-71.74372
-72.13343
-71.96148
-73.50801
-74.67590
-75.70035
-75.96314
-78.34783
-76.98070
-78.76993
-76.39951
-78.03282
-75.87112
-77.48294
-74.97158
-72.77871
-72.83301
-73.39519
-73.99159
-74.69955
-77.00809
-73.82821
-78.19487
-71.78479
-85.98899
-60.69145
-57.39768
-64.12032
-65.71054
-68.73547
-69.57182
-71.03067
-72.12953
-71.43375
-74.52038
-72.16268
-75.90618
-71.27108
-76.04757
-71.31578
-81.75684
-66.66280
-54.88848
-58.20057
-64.23262
-67.73396
-72.54484
-72.01653
-72.07327
-73.00666
-72.01718
-81.89337
-59.60456
-55.31496
-61.82768
-65.30048
-71.35526
-76.35516
-60.97551
-59.10461
-65.47908
-65.51451
-68.99455
-67.86141
-68.78916
-70.21841
-72.28861
-72.89571
-71.60840
-73.99332
-69.77047
-75.99073
-69.84666
-94.81842
-61.12182
-54.92882
-59.72073
-65.28616
-68.45160
-73.55619
-72.24406
-73.32665
-72.04987
-73.12723
-72.43236
-56.77684
-56.69846
-64.87582
-65.86467
-73.92394
-68.81845
-58.29318
-59.84400
-66.19527
-65.30368
-68.76788
-66.88173
-69.91398
-67.87938
-70.80345
-73.51059
-74.46623
-78.35801
-76.69245
-82.43972
-74.86734
-87.78062
-57.92757
-56.13787
-63.79844
-65.60247
-69.31733
-74.19584
-75.44015
-80.15089
-74.58845
-87.55241
-68.27950
-54.46428
-57.26410
-65.31259
-66.60091
-80.93777
-65.88669
-58.45696
-62.11825
-67.08775
-67.91379
-72.42874
-69.29539
-73.73466
-70.19348
-75.43108
-72.83469
-76.92842
-71.77681
-75.45023
-72.22755
-75.27354
-71.46398
-54.96145
-56.58746
-64.06241
-66.15372
-72.62545
-73.23435
-71.37025
-74.66082
-71.81491
-86.86039
-61.92165
-54.60445
-59.15566
-64.54367
-68.90662
-81.93062
-61.73294
-57.90435
-64.29857
-65.41197
-66.84560
-67.41708
-67.35856
-68.85147
-67.65738
-69.76406
-67.40257
-71.00589
-69.66419
-79.84421
-71.16483
-111.28782
-64.48047
-55.00736
-59.68776
-64.61599
-66.74260
-74.49444
-73.95975
-74.54498
-75.54210
-73.79306
-82.31619
-58.64923
-55.81080
-62.50912
-64.89947
-72.11370
-73.18881
-60.06138
-59.43141
-65.76255
-65.53765
-69.13733
-67.99355
-70.32068
-69.71952
-70.22079
-70.99222
-69.92612
-71.70364
-68.20397
-73.40094
-69.01936
-93.12083
-58.86006
-54.94509
-60.79073
-63.27733
-69.06583
-73.37799
-72.17569
-73.90429
-72.25927
-74.47895
-71.47989
-55.85549
-56.22136
-64.14197
-65.99391
-76.57011
-67.75581
-59.08917
-60.93279
-66.35235
-66.39162
-69.70660
-67.25320
-68.61365
-66.54516
-68.73094
-68.44572
-70.48404
-70.73580
-72.30119
-72.80319
-69.02770
-76.32316
-57.29796
-55.89773
-61.18362
-64.59535
-72.34370
-75.33459
-73.22362
-75.38462
-73.10839
-85.71822
-66.06956
-55.56516
-58.60274
-64.44743
-66.18579
-78.24698
-63.50989
-57.63446
-61.93993
-64.41832
-64.67134
-66.30907
-65.88529
-68.23521
-66.53510
-69.38287
-66.75116
-70.29091
-69.21618
-72.34422
-68.58742
-72.04208
-66.15508
-54.65498
-56.75450
-63.00135
-67.01563
-75.06684
-72.69715
-69.60866
-71.29775
-69.12208
-76.98675
-60.05129
-54.64347
-60.53998
-65.25564
-68.87153
-76.13434
-59.95611
-57.40035
-62.98559
-62.70884
-64.32327
-64.15917
-65.37536
-66.79388
-66.55564
-68.22428
-66.72863
-69.30699
-66.57348
-70.04385
-66.04884
-72.58209
-60.30378
-54.05648
-58.17704
-63.50308
-69.25624
-75.57787
-71.09411
-70.31317
-69.96277
-70.09533
-71.99022
-57.61298
-56.14217
-62.63395
-64.95717
-72.20221
-70.40012
-59.23041
-59.25487
-64.19878
-64.42293
-67.74225
-66.26574
-68.33091
-68.15086
-71.07518
-71.21799
-71.25436
-70.98535
-68.68467
-71.85974
-67.39527
-75.72229
-57.79936
-55.03274
-61.30927
-64.31815
-69.27462
-74.05579
-71.07744
-72.13782
-70.01611
-74.80780
-68.16678
-55.87646
-57.27029
-64.68902
-66.55858
-81.11668
-66.52862
-57.18320
-60.21048
-63.10375
-62.56425
-64.82578
-63.81330
-65.64049
-64.26141
-66.47105
-66.37807
-67.95244
-65.55041
-66.26564
-65.82885
-65.98595
-66.82319
-55.78016
-55.92493
-62.28090
-64.57139
-67.14707
-69.39248
-69.59984
-70.35360
-67.97012
-73.22366
-62.43389
-55.13915
-58.97495
-64.41951
-66.35183
-76.96692
-61.68904
-57.30337
-62.08668
-63.01871
-64.03121
-65.26352
-64.79270
-66.19465
-65.08345
-66.93229
-65.02019
-66.88944
-65.33473
-67.84283
-65.25989
-68.94613
-62.58382
-54.82852
-58.61962
-62.98300
-64.41249
-67.08030
-66.63693
-66.90079
-68.82210
-68.92797
-74.05409
-59.17537
-55.36187
-61.70175
-64.69681
-68.69113
-71.29557
-59.36196
-57.73620
-61.71698
-60.68883
-62.39565
-63.23029
-66.33133
-68.99509
-69.41134
-70.21154
-66.38340
-66.33225
-64.16121
-65.91708
-63.58388
-70.79787
-59.50076
-54.70492
-59.82800
-63.38174
-65.71915
-66.19888
-64.69680
-65.06696
-64.08083
-65.79950
-68.09933
-56.31231
-55.99977
-63.22661
-65.73528
-73.20124
-67.67930
-58.40046
-59.92247
-64.51977
-62.74448
-65.05248
-63.80913
-66.01564
-66.10419
-69.09333
-69.85712
-71.15887
-68.27211
-65.82941
-65.76093
-64.02179
-67.67278
-56.50189
-55.89314
-61.41109
-64.69724
-69.15310
-68.09802
-67.77398
-68.21572
-66.69592
-69.54414
-65.13586
-55.74547
-58.01071
-64.98304
-66.59551
-82.35896
-65.44445
-56.98151
-60.24202
-63.51068
-64.28923
-67.87427
-66.51334
-69.90320
-67.16208
-69.89055
-66.75129
-69.06525
-67.87815
-69.69768
-68.19899
-71.16200
-69.85542
-55.55764
-56.92069
-63.05549
-65.99342
-73.45848
-70.57907
-66.89462
-70.49898
-70.34513
-104.55059
-62.27904
-54.74417
-60.21884
-65.22689
-68.41333
-77.93053
-60.70960
-57.44213
-63.58676
-63.73796
-65.22195
-65.78095
-66.02777
-67.84385
-67.39732
-70.86986
-68.85647
-70.65862
-66.08738
-71.48168
-67.83861
-83.33944
-64.01434
-54.73765
-58.09815
-62.87843
-67.04527
-69.89406
-71.15117
-72.87407
-73.48063
-71.72560
-75.03966
-58.71201
-55.72702
-62.05202
-64.91817
-71.50855
-73.26896
-58.92430
-58.72059
-64.53940
-63.22766
-66.44553
-65.68124
-67.50376
-68.48089
-69.95063
-71.57318
-71.12977
-69.96613
-68.45389
-73.03969
-68.04805
-79.91730
-59.10432
-54.90468
-60.36060
-64.84427
-69.09033
-72.47584
-71.98800
-74.03312
-71.62019
-72.48105
-68.63288
-56.08120
-56.50404
-63.66449
-63.81333
-70.40411
-67.92460
-57.42659
-58.99608
-63.43495
-62.81550
-65.97394
-64.96252
-67.21930
-66.21062
-66.98054
-65.45767
-67.52278
-67.52831
-68.72682
-70.42610
-69.44513
-73.63651
-56.75935
-55.62474
-62.09187
-65.65480
-69.05561
-70.18163
-68.13853
-70.34100
-68.71405
-73.49607
-63.91275
-55.26659
-58.68921
-63.94775
-64.33835
-68.71713
-61.74982
-57.43283
-61.23665
-63.62647
-63.27926
-64.12210
-62.78878
-63.43792
-62.97138
-65.47232
-65.86969
-68.73942
-66.53088
-70.42204
-68.07518
-70.83778
-64.91686
-55.05828
-57.82298
-62.74328
-65.12596
-69.90695
-68.33299
-66.29436
-67.19491
-66.70434
-68.80950
-59.06539
-54.90543
-60.52559
-62.77121
-63.76269
-65.79027
-58.58466
-57.74066
-61.47710
-60.10461
-61.10548
-61.12021
-62.15825
-63.07003
-63.12756
-63.91323
-62.74792
-64.92783
-63.41765
-66.46536
-64.53580
-68.31800
-58.18638
-53.74879
-57.20528
-57.90169
-57.68161
-59.46530
-60.59917
-62.90220
-66.01155
-64.81658
-66.66343
-56.51710
-55.70135
-61.85512
-62.03352
-62.43589
-60.68490
-56.11045
-56.18923
-59.31990
-58.71646
-60.26829
-60.90758
-61.57591
-61.02060
-61.81263
-61.41643
-59.20598
-59.29089
-61.91837
-63.90046
-63.73416
-70.83751
-57.83291
-55.41573
-61.35373
-61.94585
-62.44510
-61.83517
-59.46449
-61.39663
-61.56428
-64.10789
-64.54208
-55.62768
-57.22539
-63.67487
-63.49284
-68.48259
-61.65882
-56.02307
-57.90167
-59.83262
-59.40307
-60.62940
-61.28065
-61.19583
-61.80110
-61.92890
-61.61922
-62.60103
-59.77570
-60.15099
-59.22407
-59.71076
-61.50532
-55.13728
-56.04097
-61.37707
-63.33196
-65.40194
-65.74796
-65.24658
-64.98638
-64.27679
-65.11301
-59.93519
-54.89858
-58.43341
-62.60894
-63.31764
-67.50066
-60.43170
-56.40764
-57.98052
-58.30226
-58.95376
-59.63161
-59.18295
-59.86025
-59.92902
-62.03240
-62.13160
-63.39913
-61.90262
-64.89570
-63.39678
-65.96457
-61.46081
-54.67432
-57.95669
-61.55221
-64.30807
-66.96250
-65.11574
-63.10982
-63.04033
-62.55567
-64.67194
-57.52675
-55.18725
-59.90458
-61.59844
-62.08640
-63.26031
-57.44559
-55.69953
-59.53054
-59.42868
-60.67356
-60.04395
-60.74946
-59.61304
-60.87463
-63.30218
-63.11991
-64.74812
-64.93194
-64.69811
-65.02853
-65.63578
-65.21017
-66.74252
-66.05785
-67.50556
-64.84859
-66.68630
-63.83954
-62.83818
-63.80295
-64.96517
-64.03085
-64.62658
-63.50320
-64.65054
-64.23361
-68.39274
-64.07325
-52.58724
-52.79804
-53.95280
-53.52158
-55.01430
-55.43614
-56.40045
-57.10484
-57.06000
-58.21557
-59.59002
-59.69532
-60.77415
-61.10382
-60.77490
-62.60976
-55.26685
-54.35216
-59.77605
-59.94942
-62.58758
-62.95388
-61.74071
-62.12724
-61.31061
-62.48531
-59.45420
-55.41500
-57.44834
-64.45146
-62.87929
-70.28244
-63.14781
-52.72409
-53.80124
-54.14219
-54.62914
-56.67054
-56.90737
-58.28397
-58.50492
-60.83321
-59.51979
-59.62691
-59.24087
-60.14230
-59.71762
-61.84712
-61.56546
-54.04999
-56.22297
-60.28851
-61.47033
-65.45483
-64.61756
-65.72791
-65.27572
-63.95369
-65.99133
-59.66326
-54.91756
-59.23614
-62.54592
-63.34622
-67.54289
-58.93124
-54.01919
-54.31795
-55.44487
-56.67112
-56.79747
-57.58094
-59.06447
-59.28505
-61.42991
-60.99386
-61.72565
-59.74746
-62.89240
-62.66523
-67.93670
-60.48910
-53.35716
-56.21904
-57.12325
-58.53981
-59.05089
-58.46337
-59.23035
-59.80061
-59.97760
-60.44963
-56.65118
-54.99340
-59.33822
-60.60482
-61.86542
-63.26877
-54.56156
-52.56941
-54.61364
-54.87453
-57.15079
-56.83219
-57.46869
-57.98246
-59.08210
-59.62715
-58.98086
-59.54545
-59.62538
-60.93658
-60.56209
-63.90399
-56.93483
-55.21340
-58.66763
-59.52791
-60.80013
-61.27019
-60.52317
-60.90379
-60.21582
-60.80083
-60.18890
-54.88475
-56.37280
-61.74970
-61.61799
-63.92981
-61.56332
-53.87113
-53.32796
-54.19215
-55.00648
-56.17838
-55.66058
-57.88088
-58.20037
-59.74889
-59.43502
-60.23623
-59.75611
-60.75037
-62.34878
-63.19855
-65.42097
-56.45523
-55.31456
-59.42988
-62.22106
-64.07099
-64.59704
-63.38667
-65.08940
-62.70024
-64.05515
-60.02053
-54.76051
-58.60491
-63.65213
-64.12756
-71.61600
-61.69638
-54.68432
-54.94448
-55.55395
-56.28123
-57.06252
-57.56708
-57.93883
-57.56637
-58.77584
-58.42761
-59.97373
-60.08033
-61.52339
-61.13307
-62.48170
-61.46758
-54.70143
-56.56187
-61.26237
-63.26603
-65.11062
-64.96591
-65.18386
-66.32672
-65.31096
-68.49529
-58.95017
-55.05028
-60.21800
-63.89939
-68.40984
-67.29147
-57.42370
-52.90062
-54.42767
-55.49667
-56.34460
-57.22745
-58.09916
-58.54663
-58.20507
-59.36097
-58.24703
-59.96782
-59.42119
-61.19202
-60.74716
-64.92880
-58.47505
-54.17234
-58.37863
-60.61546
-62.86588
-64.79032
-64.08811
-64.92752
-65.53106
-61.30764
-60.71076
-55.87279
-55.20775
-59.57305
-59.99018
-59.23078
-59.55270
-55.01236
-52.78339
-55.58087
-55.55266
-57.20517
-57.49287
-57.51748
-58.36711
-58.26527
-58.72882
-58.76180
-60.42107
-60.86062
-61.30648
-60.96050
-63.33945
-56.27993
-54.26555
-57.54860
-58.59336
-60.46882
-62.05063
-62.40287
-62.72273
-61.69332
-63.31789
-61.23697
-55.03534
-56.23142
-60.02428
-59.58137
-62.08484
-60.72828
-53.97967
-53.33715
-55.33308
-55.76174
-56.97987
-57.86605
-58.06362
-57.23354
-58.95057
-59.89420
-62.82817
-63.18660
-64.07598
-64.99957
-62.69909
-61.29415
-54.85597
-56.02551
-59.87254
-60.39381
-62.22306
-63.44403
-64.00045
-64.16620
-62.79828
-65.59531
-59.86650
-54.95977
-59.33690
-63.67087
-64.00626
-65.28340
-59.53799
-54.32506
-56.34546
-57.05297
-56.57095
-58.09251
-58.74758
-59.90823
-60.03429
-61.50435
-60.46410
-61.52296
-59.85638
-62.03689
-61.50994
-63.71963
-60.79718
-54.60908
-57.54060
-61.78903
-62.97168
-65.48750
-65.59681
-65.48803
-65.60877
-65.28340
-68.42462
-58.50302
-55.18319
-61.16127
-63.80709
-65.80210
-65.82245
-55.62064
-52.99196
-54.37061
-55.64391
-56.53997
-55.74121
-55.80664
-57.04065
-58.45427
-59.51361
-60.76942
-63.26444
-62.52814
-62.37990
-60.28022
-63.42164
-57.86104
-54.35221
-60.19100
-62.68975
-64.48311
-65.44662
-61.69198
-62.68007
-62.52984
-63.35184
-63.87001
-56.42715
-56.12635
-63.55124
-66.00192
-73.63831
-69.86989
-54.26412
-53.73367
-56.71551
-56.29724
-58.42952
-58.23307
-59.95034
-59.79522
-61.18395
-61.73394
-62.15858
-61.85965
-62.62786
-64.28012
-63.77060
-66.17452
-56.25857
-55.62067
-59.85876
-62.75199
-65.97129
-65.52225
-63.40977
-63.96984
-62.46679
-63.78147
-60.89909
-54.72353
-57.52307
-63.07900
-63.15531
-70.08322
-63.42037
-52.57048
-52.96917
-54.63810
-54.66988
-55.91057
-55.49257
-56.45418
-56.73622
-57.81839
-55.78535
-56.51697
-56.77681
-57.09798
-57.10671
-57.14487
-56.64602
-54.21663
-55.47110
-57.80688
-58.15626
-58.20437
-59.18591
-59.16804
-59.58065
-58.71352
-59.79464
-56.17377
-54.16296
-56.55130
-58.70600
-61.05247
-64.16951
-57.47931
-52.85502
-54.40648
-54.54959
-55.35191
-55.85257
-56.39797
-57.49107
-57.84536
-58.99043
-58.80981
-59.07412
-58.14049
-59.36773
-59.10303
-61.20456
-58.12043
-53.91577
-56.40317
-58.98804
-58.51312
-59.71930
-60.09769
-60.24390
-60.07976
-59.61347
-60.25210
-55.70811
-54.66539
-58.23172
-59.45293
-60.20086
-60.84086
-55.20361
-53.29231
-55.90876
-56.68550
-57.72831
-58.10956
-59.28057
-59.63299
-60.56376
-60.93779
-60.87338
-61.75105
-61.11522
-62.98729
-61.31443
-64.26009
-56.75393
-53.08293
-56.04433
-57.25643
-57.71184
-58.13645
-58.28269
-59.61659
-58.52768
-58.30761
-58.24169
-54.72890
-55.41904
-58.48635
-58.28363
-59.01527
-57.61053
-52.55755
-52.93139
-54.49547
-54.59576
-56.38884
-55.91421
-57.32704
-57.70145
-58.27828
-58.09622
-58.90303
-58.15776
-58.56014
-58.96526
-59.19904
-60.89136
-53.84274
-54.93468
-59.12650
-61.11013
-60.61658
-57.91614
-58.49187
-58.02472
-57.88466
-58.63897
-57.54081
-54.42261
-57.06499
-59.79277
-58.45887
-61.45460
-57.58226
-53.12267
-54.04879
-54.19995
-55.08566
-56.03106
-56.20615
-57.60846
-57.87723
-58.79091
-58.15917
-59.15868
-57.97525
-59.28679
-58.69523
-60.68918
-60.13290
-54.11512
-56.23733
-59.46310
-60.93568
-62.66702
-62.09426
-62.41148
-62.45671
-60.68944
-62.15487
-57.10996
-54.84304
-58.92373
-61.35361
-62.25392
-63.51137
-57.02698
-53.03644
-55.67660
-55.81470
-55.58468
-56.18941
-56.82184
-57.47316
-57.92275
-58.93135
-59.65468
-62.11671
-60.58460
-61.48768
-60.69282
-63.02900
-57.78233
-53.82505
-56.74019
-59.19210
-60.92681
-63.14241
-62.02580
-60.77020
-59.83327
-59.67663
-61.24648
-55.95893
-55.34511
-60.18270
-59.99373
-62.18809
-62.16051
-54.42662
-52.76486
-54.50854
-54.35320
-55.83804
-56.51911
-57.79395
-58.39081
-58.68439
-59.10767
-59.06108
-59.21314
-59.21966
-60.40089
-59.45530
-61.47617
-55.61773
-54.45895
-58.17594
-59.45701
-60.70743
-60.35814
-59.73639
-61.15193
-60.49562
-59.39382
-58.00925
-54.44550
-55.80518
-58.81966
-59.61486
-62.34035
-59.97903
-53.97092
-54.12913
-55.11498
-55.48062
-57.25438
-57.15629
-58.51144
-58.41149
-59.44213
-59.51559
-60.30881
-59.66890
-60.47974
-60.74714
-61.80127
-61.30988
-54.08462
-55.40328
-59.12209
-59.38034
-60.85398
-60.45957
-60.04704
-60.39389
-60.47417
-62.14709
-57.79651
-54.39243
-58.03304
-60.72218
-60.55960
-62.95800
-58.28758
-53.19750
-54.58723
-55.48827
-56.25560
-57.08808
-56.02417
-55.95245
-56.16039
-59.42964
-60.23961
-62.10356
-61.44666
-63.20374
-61.14009
-62.15498
-59.62645
-54.09798
-56.71293
-58.92278
-59.45264
-60.38480
-59.98314
-59.92379
-60.05370
-60.10978
-61.80721
-56.77449
-54.79500
-58.85253
-60.38218
-62.22431
-63.61074
-56.27505
-53.48733
-55.39816
-54.90268
-56.36117
-57.33004
-57.45590
-58.61917
-58.61380
-59.56326
-60.22705
-60.89030
-60.33510
-61.58691
-60.48922
-63.85479
-57.66146
-54.39449
-58.22828
-60.69666
-61.98234
-63.08180
-61.93835
-62.20649
-61.99459
-62.16152
-62.06846
-55.72107
-56.04734
-61.56866
-61.92582
-64.24323
-63.69566
-54.43784
-54.36953
-56.22607
-55.68816
-57.36836
-55.94567
-56.68074
-56.80815
-57.59968
-57.97790
-58.72232
-60.29114
-60.86122
-61.68032
-60.89608
-62.88060
-55.79835
-54.69469
-60.82186
-60.86468
-63.07589
-63.14652
-60.79609
-62.38181
-62.30895
-65.66457
-61.55025
-54.94473
-57.33414
-62.75788
-62.78958
-66.94933
-62.53130
-54.65471
-54.06701
-56.27218
-56.70038
-57.53740
-57.63415
-58.36347
-58.13413
-59.52226
-59.98149
-61.91742
-62.08410
-63.85234
-63.35261
-65.62862
-64.42870
-55.03446
-57.44154
-61.74450
-62.30566
-62.35423
-59.43190
-59.43702
-59.79263
-58.62362
-59.27168
-56.80041
-54.36713
-58.37142
-63.00171
-61.86301
-66.72437
-57.72684
-52.65010
-54.11880
-54.62723
-55.93354
-55.73519
-56.79547
-57.62317
-57.26658
-58.26479
-59.10368
-60.10988
-58.49105
-59.98829
-58.69359
-61.58672
-58.41703
-53.85612
-56.56550
-58.76728
-60.01704
-60.80692
-60.12883
-59.28300
-59.38144
-59.51661
-61.14710
-56.29609
-55.32891
-60.30540
-62.16395
-64.99157
-67.61885
-56.46724
-52.76969
-54.88178
-55.03334
-56.09520
-56.02896
-57.31859
-57.44895
-58.21193
-58.39035
-58.30399
-59.06937
-58.48290
-60.17307
-59.47336
-63.80489
-56.80049
-54.94786
-58.88149
-60.27889
-62.34868
-63.11188
-61.51040
-61.00148
-60.66807
-61.71205
-62.56570
-55.51628
-56.70745
-61.69171
-61.83010
-63.94032
-62.07215
-56.13397
-54.51386
-56.38059
-56.96458
-58.29603
-58.18517
-59.10684
-58.78946
-59.85253
-59.89255
-60.60112
-62.46763
-63.31882
-64.96763
-64.86432
-67.49823
-55.98113
-54.82004
-57.51082
-58.41392
-59.56050
-59.16478
-59.46162
-59.68587
-59.40544
-60.40254
-58.04488
-54.16622
-57.02791
-59.44398
-59.85448
-61.55290
-59.41074
-53.83176
-53.98375
-55.51189
-55.51674
-56.24962
-56.33391
-57.68264
-57.17971
-58.39188
-57.54432
-58.24008
-57.95653
-59.46764
-60.42222
-62.50906
-61.54327
-55.18734
-56.50184
-59.80306
-59.21187
-59.87617
-59.82607
-59.61350
-60.59601
-59.85402
-61.90207
-56.31616
-54.89399
-59.27722
-60.87958
-62.24948
-63.65935
-57.00698
-53.21005
-55.33772
-55.70096
-56.27370
-56.78258
-57.82095
-58.22427
-58.03085
-59.92767
-59.90842
-60.16840
-59.79030
-61.70214
-59.70140
-62.67083
-59.02285
-54.67331
-57.17320
-61.29270
-62.54843
-62.89654
-65.17427
-66.59559
-65.98706
-63.72422
-63.98461
-55.70098
-55.74622
-62.18680
-63.10258
-68.31860
-70.11587
-55.32333
-53.00326
-56.12528
-56.53006
-57.92529
-57.21872
-58.56583
-58.21143
-59.06041
-59.05233
-59.54851
-59.55993
-59.54976
-61.01400
-60.41628
-63.46177
-56.45716
-54.96218
-58.77940
-60.72354
-61.46320
-62.42813
-62.49947
-65.83956
-64.78314
-66.74259
-63.36504
-55.50979
-56.83313
-63.14856
-63.98209
-69.97849
-64.52506
-52.84011
-53.68786
-55.90724
-56.10569
-57.87257
-57.28139
-58.74898
-58.41479
-60.07008
-58.94043
-59.87279
-59.79730
-60.42288
-60.13747
-60.00363
-59.33927
-53.71877
-55.15738
-58.76627
-60.50113
-62.09364
-61.43557
-62.43107
-65.73841
-63.30788
-61.14650
-57.23231
-54.23252
-57.59520
-60.20805
-59.98522
-63.09874
-56.64813
-52.31350
-55.00680
-56.12463
-57.07244
-57.86441
-57.58380
-58.80873
-58.15875
-59.38022
-59.05765
-60.20622
-59.40540
-61.04802
-60.73418
-63.46831
-60.54107
-53.88298
-56.70203
-59.86250
-59.81829
-60.63730
-59.99562
-60.06146
-60.26286
-60.73515
-62.97732
-57.23957
-54.88630
-59.20141
-60.59613
-61.05024
-64.70597
-55.63811
-52.58538
-56.59777
-57.18906
-58.08751
-58.07809
-58.04203
-58.59694
-59.66514
-60.96012
-60.85024
-62.85166
-62.86682
-65.75297
-62.34784
-63.21599
-58.11965
-54.65127
-58.53116
-62.09970
-63.38947
-65.08849
-65.37783
-66.70392
-67.01654
-68.04425
-66.81240
-56.67931
-56.17741
-61.12309
-60.31069
-62.87037
-62.06576
-54.66686
-54.13899
-56.24441
-56.81674
-57.44895
-56.89927
-58.66370
-59.58274
-60.04196
-59.72752
-61.38902
-61.95538
-61.66315
-61.78213
-61.70252
-63.66415
-55.57164
-55.23600
-60.15091
-60.94423
-61.87163
-63.60453
-63.62963
-64.29127
-62.74820
-63.86655
-60.87614
-54.83337
-56.82528
-61.61279
-62.75350
-65.72531
-60.73713
-52.95952
-54.18036
-57.31337
-57.13623
-56.88695
-55.72307
-56.72970
-57.20728
-58.59987
-58.93379
-61.31677
-61.27015
-62.11209
-61.39927
-61.50444
-60.88805
-54.80810
-55.56225
-61.10509
-62.10417
-62.93940
-61.68276
-60.66389
-62.43413
-62.42556
-67.28529
-59.46606
-54.88084
-59.29652
-62.19033
-62.34297
-71.00055
-59.03222
-53.42396
-55.92468
-56.45828
-57.68981
-58.99163
-59.39036
-60.92938
-60.36396
-60.73703
-59.57174
-60.18879
-59.26022
-60.96976
-60.26338
-62.90363
-58.27310
-53.92376
-57.65605
-59.32869
-61.86421
-64.20453
-62.30897
-62.65399
-61.96763
-62.18898
-62.86212
-56.51456
-54.83877
-59.52717
-60.24900
-61.42502
-64.99958
-54.48750
-52.39632
-55.38676
-55.67568
-57.13477
-56.69175
-56.91001
-57.98459
-58.31054
-58.36966
-58.45968
-59.69224
-59.72887
-59.86447
-59.12712
-61.29341
-57.02031
-54.31844
-57.98862
-60.11294
-60.48616
-61.96901
-61.89972
-63.17992
-62.35308
-63.07066
-61.17396
-55.00324
-56.50941
-61.23773
-62.30722
-66.43742
-63.42022
-54.93943
-54.37510
-55.63817
-55.67209
-57.65282
-57.48274
-58.56272
-58.65582
-60.06127
-59.95891
-60.05102
-59.94895
-60.23480
-60.92010
-60.89907
-61.96190
-54.93050
-54.64578
-59.43479
-59.03293
-60.29867
-61.55597
-62.30055
-62.19230
-60.69595
-62.97439
-59.03333
-54.77157
-57.84483
-60.00439
-60.21172
-62.33381
-58.15058
-54.10955
-54.51728
-56.54282
-57.22849
-58.79624
-59.39733
-61.04045
-61.20487
-63.13553
-62.05957
-63.42124
-63.10787
-65.47201
-65.32617
-66.89637
-63.23785
-53.62192
-55.18027
-57.94785
-58.33099
-59.61391
-59.38203
-60.22920
-60.53236
-59.95111
-61.13474
-57.02299
-54.85057
-58.31254
-60.46459
-60.14939
-62.49864
-56.29553
-52.97566
-55.23787
-55.01889
-56.67151
-57.09811
-57.84181
-59.08776
-59.41040
-60.19524
-60.18844
-60.93912
-59.77726
-61.90697
-60.80610
-64.73719
-57.96535
-54.21819
-59.09915
-59.81583
-59.88394
-60.86818
-59.96474
-59.95377
-60.29675
-60.82215
-61.42594
-55.82700
-55.97121
-60.52236
-60.75419
-62.92346
-62.47614
-55.83776
-53.81080
-55.63331
-55.15914
-56.09213
-55.96757
-58.08028
-59.42470
-60.24439
-60.94417
-60.29821
-60.22956
-60.35699
-62.77726
-61.27889
-64.80081
-57.50790
-55.91560
-58.74425
-61.31431
-64.08181
-63.88135
-64.26744
-65.49160
-64.78434
-63.77504
-62.16501
-54.68055
-57.05963
-63.83467
-63.75865
-70.59902
-64.84147
-55.78805
-55.50540
-56.15699
-55.53538
-57.30740
-57.34689
-58.59763
-58.87384
-60.59339
-60.41294
-60.90128
-60.10849
-60.67242
-60.85739
-62.03940
-62.98695
-55.57610
-56.12987
-60.95962
-62.51373
-63.54661
-64.93705
-64.78512
-66.50821
-64.56451
-68.36801
-60.41580
-55.01054
-59.12732
-64.20326
-66.45944
-78.43193
-61.86364
-53.78436
-55.92081
-56.23330
-56.13446
-57.19130
-57.09730
-58.78201
-58.96280
-59.66925
-59.52821
-60.60228
-58.40502
-58.36491
-58.36493
-60.88316
-57.39935
-53.47294
-56.22429
-58.85208
-59.95036
-59.78978
-58.87621
-59.71681
-60.95923
-59.43062
-59.84011
-55.42849
-53.78687
-57.48225
-59.40604
-60.92113
-62.76066
-56.58693
-53.63854
-55.38895
-54.92847
-55.83987
-55.99039
-56.55474
-57.04649
-57.57126
-58.91969
-58.42270
-60.26972
-59.50143
-60.86842
-62.02804
-65.72239
-57.54938
-53.76242
-58.12991
-60.03579
-60.04821
-60.90003
-59.86939
-60.23590
-60.56694
-61.26043
-61.79101
-55.39378
-55.69801
-60.10583
-59.67797
-60.93402
-61.50414
-55.19069
-53.35087
-54.06318
-53.49117
-55.28540
-55.68081
-57.92410
-58.76304
-59.35719
-59.07078
-59.37299
-59.98889
-60.10474
-63.17687
-62.13864
-64.28683
-55.95064
-55.18836
-59.78957
-60.54938
-62.32984
-63.38053
-64.44044
-65.95642
-64.80154
-66.16937
-62.52219
-55.21043
-57.62249
-62.32980
-62.69446
-64.54279
-60.94973
-55.91116
-56.67067
-57.50152
-57.14173
-59.35553
-59.63924
-60.14765
-58.79593
-61.87758
-61.10635
-62.53649
-60.83843
-62.08683
-62.34150
-62.20674
-62.56779
-54.95075
-56.74682
-60.36186
-62.67318
-65.51792
-66.15733
-65.92708
-65.35840
-63.61960
-66.59975
-59.00027
-55.02152
-59.50621
-64.22234
-65.37678
-72.47365
-58.88339
-53.61511
-55.53774
-54.32972
-54.79838
-55.34758
-56.55751
-58.02016
-58.99745
-60.98336
-60.84127
-61.94752
-60.71851
-61.04436
-59.89255
-62.29965
-59.27131
-54.31812
-57.58502
-63.41034
-62.94875
-64.74726
-64.86866
-67.53245
-69.38637
-67.15613
-67.71142
-56.65127
-55.65229
-61.80231
-65.21594
-67.76496
-72.37896
-56.67441
-52.33037
-55.62535
-56.70389
-57.78750
-58.40481
-59.26754
-58.93576
-60.35660
-61.35598
-62.51911
-63.62638
-64.08749
-64.60002
-64.99767
-65.33858
-63.91580
-63.17892
-62.93348
-64.97423
-64.54884
-64.11645
-62.00943
-62.82726
-61.77702
-62.44127
-62.75885
-65.02742
-64.89905
-67.38879
-65.88600
-71.45989
-67.68904
-55.41037
-56.76887
-58.65531
-58.65213
-60.62284
-60.30755
-61.07299
-62.14561
-63.00997
-62.88641
-64.58725
-64.59655
-65.31482
-64.04858
-62.91956
-63.71663
-55.34977
-55.84829
-60.96640
-62.83771
-66.25244
-67.52051
-66.61210
-66.92567
-66.23670
-70.31713
-63.57840
-55.18618
-58.35579
-63.84658
-64.83503
-70.55951
-61.78996
-54.60816
-55.63498
-56.81991
-57.52557
-59.69415
-60.32840
-62.57519
-62.15633
-63.57769
-62.69562
-64.00236
-62.29388
-63.57476
-62.25776
-64.68414
-62.74570
-54.74926
-57.17418
-62.15019
-61.64592
-64.35548
-67.42787
-66.43763
-68.35642
-67.91588
-73.09782
-60.14789
-55.25919
-60.89915
-63.95914
-67.84465
-74.11096
-58.79590
-55.70937
-58.37451
-58.51137
-59.77893
-60.39143
-61.27355
-61.46990
-62.23312
-63.60206
-63.09408
-65.22778
-63.63648
-67.85081
-65.34399
-71.59739
-60.76111
-54.83333
-59.02164
-63.03740
-66.30347
-68.65383
-68.12168
-69.97668
-69.58559
-70.66947
-73.69527
-57.46176
-55.98073
-62.80738
-65.73222
-71.01155
-70.61252
-56.50634
-54.82431
-58.14782
-57.68108
-59.99339
-60.14050
-61.53604
-61.72639
-63.55425
-64.46506
-65.48436
-66.75431
-64.70832
-66.92024
-64.68804
-68.79133
-57.18488
-55.37444
-61.14410
-63.64966
-67.38400
-68.15015
-68.88314
-69.49712
-68.84577
-72.51520
-67.81926
-56.02435
-57.32387
-64.93601
-66.25486
-77.52218
-65.13507
-56.01709
-56.52235
-58.79412
-58.93828
-60.30002
-60.57319
-62.38070
-61.67693
-63.73039
-63.02783
-65.07384
-64.61358
-66.09177
-64.85838
-65.15265
-66.17116
-55.40358
-56.35966
-61.23360
-63.42366
-65.62095
-67.68863
-71.91827
-74.14778
-71.31964
-79.29978
-62.24526
-55.10215
-59.21649
-65.18707
-67.63956
-84.43839
-61.24248
-54.17444
-56.84436
-57.77521
-58.63166
-60.53865
-60.51930
-62.25327
-62.21947
-64.25261
-64.07606
-66.48994
-64.95644
-68.93171
-66.45671
-71.52337
-63.32932
-54.67914
-58.07998
-63.29762
-66.47631
-70.54256
-69.60626
-68.81993
-69.48806
-68.68438
-71.58249
-58.62535
-55.37690
-61.69974
-66.20349
-70.73237
-76.94969
-58.28565
-54.18683
-56.85365
-57.25554
-59.16576
-59.50571
-60.66233
-61.60453
-61.83179
-63.04434
-63.27838
-64.45388
-60.89844
-59.93658
-59.44998
-62.66260
-56.20268
-54.02387
-58.86519
-61.08809
-62.16955
-61.34709
-59.94720
-59.21035
-59.61432
-60.11334
-60.65406
-55.87469
-55.80969
-61.11808
-63.63463
-68.99702
-67.28269
-56.77559
-54.61709
-57.08182
-57.88003
-59.96773
-59.36427
-59.61317
-58.77299
-60.35114
-61.18688
-62.52468
-63.47246
-61.81420
-64.45467
-64.47658
-69.10338
-56.43377
-55.25470
-60.71202
-64.16699
-66.86469
-65.20450
-64.15767
-64.10770
-63.66980
-67.44285
-63.41931
-55.03205
-57.71186
-60.62211
-60.43831
-64.35298
-61.37076
-54.36521
-54.59581
-56.39615
-56.51701
-59.88381
-60.08331
-62.68689
-62.48133
-64.09744
-63.64241
-64.96689
-63.71630
-64.59334
-63.89787
-64.81795
-64.62532
-54.99840
-56.36665
-61.33004
-64.09577
-67.72059
-70.24742
-69.07231
-67.79172
-66.32817
-69.83934
-60.19553
-55.15245
-59.51452
-61.44457
-61.90723
-65.24549
-59.41975
-54.42281
-56.40072
-58.06513
-59.42830
-60.16811
-59.93906
-61.01931
-61.63605
-64.05337
-63.46542
-65.65567
-63.53410
-66.48759
-63.62144
-68.41093
-61.54968
-54.69719
-58.59483
-62.01499
-64.64587
-68.10983
-68.37854
-68.71558
-66.33368
-64.98693
-67.84295
-57.91075
-55.46048
-62.00458
-65.04306
-71.29569
-68.33848
-56.77971
-54.67028
-57.32032
-58.56797
-59.66381
-59.83746
-60.75463
-61.46491
-63.18836
-64.29489
-64.34980
-66.03782
-64.76953
-67.91684
-65.39089
-74.77814
-58.57275
-55.49320
-60.95545
-62.50404
-70.71637
-71.77474
-69.27901
-72.03657
-71.15400
-75.85436
-72.01938
-56.24553
-56.74428
-64.22845
-65.38828
-71.27776
-66.78545
-54.98740
-54.12675
-56.86629
-57.38755
-59.77792
-59.43907
-61.71708
-61.49444
-63.12369
-62.72790
-65.79430
-66.27201
-67.82402
-68.10852
-68.58496
-70.75484
-56.94196
-56.07845
-60.92681
-67.44743
-68.65163
-70.26908
-68.76642
-69.26486
-68.66431
-75.07329
-64.17167
-55.18898
-58.89919
-64.66927
-66.71095
-77.02091
-61.81086
-54.43213
-55.63849
-57.71950
-58.04299
-59.36704
-60.08873
-61.67811
-61.91857
-63.65785
-62.71092
-64.50546
-63.32898
-64.44754
-63.69542
-67.28517
-63.73994
-54.96471
-57.18497
-62.33908
-63.94031
-67.24914
-69.07563
-67.56829
-67.33396
-66.60969
-71.97973
-59.68565
-54.97898
-60.20777
-64.58055
-67.12136
-75.02165
-58.95471
-54.89495
-57.35897
-57.07902
-58.90644
-59.08808
-59.82288
-61.37494
-61.56342
-62.99524
-63.01210
-65.84966
-65.22001
-67.87807
-64.52631
-70.25916
-60.63043
-54.75261
-59.32264
-63.01389
-64.20406
-66.32697
-67.54120
-68.78131
-68.44046
-69.26454
-70.55397
-57.11038
-55.90711
-62.56601
-64.20029
-69.62425
-68.97881
-57.25619
-55.05360
-57.24733
-57.00827
-58.88331
-59.14655
-60.73557
-61.53937
-63.32303
-64.55792
-64.90200
-65.53015
-65.56591
-67.49386
-65.03200
-70.47296
-57.29979
-55.31143
-61.30658
-64.17286
-69.05288
-73.18710
-68.20624
-70.57937
-69.85085
-73.69691
-68.12883
-55.87134
-57.39678
-64.59856
-66.18588
-77.13178
-65.84824
-55.19084
-55.96554
-58.78110
-58.67873
-60.31620
-60.33405
-62.05194
-62.34284
-64.18350
-63.75458
-64.77912
-63.85839
-67.10431
-66.75348
-68.70581
-69.38876
-55.60924
-56.49230
-62.62198
-65.89140
-70.89942
-71.03377
-71.22484
-73.62189
-70.14061
-75.49440
-63.16457
-55.18051
-59.48401
-64.83220
-67.33286
-74.06769
-61.06488
-55.14443
-56.06762
-57.58349
-58.64400
-59.84688
-60.64305
-63.05481
-62.42460
-65.27724
-64.81136
-66.29073
-63.98072
-66.46835
-64.96997
-68.49614
-62.38877
-54.69118
-58.21810
-62.84210
-66.56253
-70.24548
-69.47705
-69.27007
-69.05179
-67.51150
-73.85942
-58.83032
-55.35825
-61.60613
-65.22407
-69.51515
-74.57346
-57.98796
-53.91668
-57.36355
-57.46545
-58.74052
-59.49664
-60.57070
-61.20400
-61.58588
-62.91011
-62.56134
-63.79230
-63.19302
-66.80237
-64.66284
-71.19560
-59.91710
-54.87728
-59.89562
-64.58172
-67.90074
-71.70240
-67.85014
-67.11967
-67.47992
-67.97985
-68.65431
-56.70797
-56.42505
-63.25167
-65.28161
-70.21223
-64.74428
-55.97502
-54.65601
-57.58235
-57.38617
-59.28550
-59.80111
-60.52586
-61.81242
-62.65790
-63.17874
-63.40807
-60.51775
-57.56043
-58.01666
-60.43817
-61.85912
-54.71513
-55.19714
-60.33864
-62.54117
-63.56963
-62.40913
-60.15151
-59.16297
-59.09854
-59.92015
-59.29476
-55.06725
-57.59875
-62.75514
-64.80078
-71.43410
-62.75634
-54.33721
-54.97701
-58.10706
-58.35201
-58.74588
-58.43656
-59.43003
-59.01557
-61.36558
-60.42469
-62.80094
-60.85448
-61.02761
-62.08105
-64.11733
-65.42125
-55.30234
-56.91682
-62.54531
-65.24531
-67.01049
-65.48036
-63.57734
-64.72901
-65.02737
-70.23636
-60.35270
-54.83879
-59.57686
-62.63940
-63.93917
-69.90225
-59.42630
-53.62957
-56.02152
-56.92371
-56.97383
-57.91175
-58.33045
-59.65257
-59.25008
-61.57600
-62.06214
-63.96552
-62.64810
-63.36830
-62.03263
-65.34971
-61.08216
-54.77603
-58.47012
-64.03510
-66.90041
-70.39462
-69.03005
-65.95062
-64.45716
-64.30995
-66.37604
-57.62022
-55.72283
-62.02300
-63.51543
-65.97797
-66.84178
-56.76105
-54.57052
-57.81335
-57.90602
-58.92318
-59.07918
-60.73058
-61.52719
-63.09516
-63.42708
-63.17989
-64.95696
-64.01940
-65.95516
-63.73737
-70.13188
-57.91810
-54.89402
-60.23387
-63.68769
-67.14921
-69.92504
-69.19252
-69.67304
-67.03901
-68.55655
-66.70916
-56.07544
-56.69526
-63.78158
-64.98849
-74.80048
-64.73731
-54.73192
-56.08654
-57.31817
-57.38169
-59.82335
-59.48486
-61.84574
-61.52405
-64.14321
-63.52526
-64.68504
-64.84998
-65.69859
-66.41715
-66.18621
-70.84391
-55.67629
-55.92533
-62.38373
-63.38692
-71.30171
-72.63174
-70.60857
-73.01713
-70.32856
-77.54355
-64.72946
-55.25911
-58.66185
-65.54937
-66.79150
-78.59889
-63.01287
-54.98874
-55.90656
-58.10660
-59.22522
-60.40236
-60.69502
-62.26650
-62.39840
-64.31418
-64.15790
-65.82229
-65.02261
-68.21852
-67.27200
-69.99158
-68.11795
-57.04292
-59.95678
-66.64029
-67.84193
-73.18831
-69.55658
-71.85596
-72.02110
-75.03182
-73.22407
-74.49546
-75.27213
-76.24189
-80.73147
-74.59480
-98.15895
-60.90082
-55.97830
-57.41030
-57.78073
-59.61350
-59.73179
-61.12481
-62.21383
-62.69333
-63.72341
-64.77920
-65.24105
-64.91251
-64.62004
-64.88827
-66.64109
-66.52460
-66.78154
-67.26728
-67.51162
-67.25616
-69.09995
-69.04802
-68.27119
-68.05597
-70.11192
-71.97401
-71.58535
-69.24471
-68.64949
-70.63097
-69.55218
-71.87569
-60.78344
-56.71455
-57.88053
-58.21204
-58.97817
-60.02970
-62.03220
-62.25829
-63.18266
-64.49438
-64.56767
-64.40589
-64.85165
-65.32482
-65.32328
-65.46176
-66.03443
-67.66669
-67.33884
-66.40243
-65.71692
-67.06304
-67.23147
-68.49835
-67.96039
-69.24883
-69.39483
-70.81278
-70.61217
-70.33435
-70.23489
-74.01223
-69.61436
-58.09599
-56.60756
-57.02605
-58.26719
-59.26931
-60.28817
-61.96226
-62.52650
-64.50011
-64.58739
-65.75541
-65.72168
-67.48126
-67.98672
-67.82144
-67.47446
-68.68510
-70.10851
-70.44095
-70.76079
-72.71078
-73.39906
-71.37942
-70.54704
-68.88999
-69.56130
-69.36966
-74.80462
-75.03134
-78.41127
-73.84957
-77.53401
-64.49535
-55.80759
-56.61283
-58.46760
-59.41215
-59.92422
-60.71350
-61.48687
-62.32003
-63.38124
-63.28313
-64.44488
-65.79531
-66.55255
-66.54880
-68.18378
-67.70146
-68.93854
-68.89242
-69.45687
-69.71353
-71.03326
-69.86762
-70.76310
-72.10613
-70.97308
-70.09415
-69.53530
-68.47901
-69.75151
-76.39663
-71.66727
-80.56363
-60.76425
-56.03700
-57.21152
-57.47066
-59.06868
-60.26668
-61.92338
-62.37370
-63.77236
-63.80419
-65.06266
-66.62837
-66.96327
-68.45819
-69.24616
-70.43682
-71.03834
-72.10569
-71.80628
-73.22739
-72.29326
-75.42021
-71.53866
-70.68777
-70.46999
-70.15585
-68.71116
-68.12890
-67.63963
-66.45635
-69.18738
-77.49859
-78.48845
-57.29399
-55.23417
-57.01035
-57.56371
-59.09992
-59.66588
-60.88441
-61.30817
-62.93761
-63.48983
-64.82266
-64.08473
-64.90933
-65.98721
-67.00577
-67.30776
-67.85475
-68.51116
-68.55431
-70.65308
-73.49884
-72.99894
-69.03696
-67.70601
-67.69411
-67.41903
-67.44802
-67.21887
-67.25121
-67.51990
-67.86027
-66.47015
-62.99552
-62.47110
-63.87361
-65.34909
-65.73624
-66.10104
-65.30141
-66.61162
-68.42377
-68.23764
-68.19111
-66.44832
-63.91677
-62.93235
-64.29223
-66.43480
-65.55505
-64.68517
-65.31950
-66.50288
-66.42949
-65.67328
-63.82683
-62.18983
-62.29889
-62.84574
-65.09749
-67.05898
-68.55471
-67.23130
-67.03291
-65.56023
-65.56929
-61.73318
-59.65820
-61.08429
-62.52622
-65.56539
-65.52139
-64.54010
-63.72901
-65.21490
-65.09447
-65.77742
-66.18692
-65.26825
-65.68330
-68.56271
-70.63258
-70.58099
-69.93626
-69.31916
-69.99003
-67.66626
-66.90641
-64.68548
-65.08214
-65.78197
-67.51044
-68.86262
-68.53612
-67.85441
-67.09106
-65.96659
-66.14146
-67.96240
-64.10410
-61.15855
-60.00697
-62.44703
-64.26978
-65.03706
-66.73154
-66.32161
-67.62988
-70.98969
-71.88421
-72.25803
-72.56645
-71.69971
-75.10393
-74.43380
-76.38031
-76.55281
-76.86794
-76.30259
-74.49531
-73.41147
-69.40654
-67.45186
-68.97338
-70.12230
-70.59420
-70.48461
-71.09463
-71.79849
-71.29794
-72.09456
-65.11099
-60.95569
-60.64944
-62.13631
-63.90713
-65.95812
-68.92498
-68.96289
-68.43832
-69.22536
-70.56679
-71.18636
-70.76022
-70.39585
-71.33583
-72.28032
-72.30133
-72.78238
-72.88820
-73.39614
-72.37793
-72.81093
-71.69813
-70.88512
-70.24287
-70.12230
-71.41499
-74.95541
-74.74340
-77.10216
-77.46873
-79.53837
-78.36416
-64.40536
-61.98751
-61.07620
-61.66837
-64.17531
-65.73878
-68.42898
-68.66223
-68.58455
-69.41729
-71.79298
-71.98579
-71.53132
-71.79284
-71.99089
-73.35849
-73.62607
-74.95850
-75.24627
-76.87270
-76.57255
-79.84318
-74.75419
-71.22696
-71.75079
-72.12424
-72.66297
-73.22562
-72.99170
-73.17824
-75.29906
-74.17334
-78.18364
-64.60922
-61.91883
-60.29269
-59.28275
-62.14122
-63.77520
-65.94499
-67.27518
-67.98207
-67.94471
-70.54097
-70.07957
-70.47857
-70.82914
-71.54278
-72.05433
-72.49816
-71.91980
-72.44143
-73.39516
-74.15615
-75.56381
-70.48202
-69.27035
-69.50330
-70.17724
-71.30683
-72.25303
-73.24226
-74.47571
-75.52123
-77.56718
-78.51452
-78.11349
-75.64902
-72.83241
-72.28429
-71.68796
-71.21374
-71.50356
-70.83956
-72.23059
-78.72660
-80.51291
-75.97876
-75.30804
-75.68073
-76.09758
-76.27929
-76.45290
-76.65483
-76.93792
-77.73955
-78.82597
-79.46317
-80.14523
-79.90685
-78.72697
-79.71570
-79.81171
-80.59403
-80.44817
-80.86064
-80.59912
-81.20720
-80.92334
-79.18879
-75.20933
-72.74867
-73.30820
-73.36017
-73.95553
-74.47881
-75.94201
-77.00693
-79.00996
-80.94998
-82.07501
-82.78069
-82.87075
-83.50043
-83.33759
-84.04670
-83.46744
-83.42846
-82.28043
-82.26241
-81.80112
-80.84642
-78.85772
-78.01854
-78.60911
-79.36235
-80.32188
-81.45569
-83.17250
-84.13579
-85.87887
-87.50676
-88.74589
-88.82080
-86.50926
-84.07011
-83.19730
-82.41780
-81.62066
-81.48217
-82.74512
-85.65483
-88.61129
-88.65059
-85.98510
-85.54292
-86.12524
-86.78570
-87.23711
-87.66829
-88.62149
-88.68243
-89.23736
-89.89894
-90.08070
-91.97371
-93.81587
-92.38857
-92.15755
-91.11000
-90.78480
-90.98994
-93.50838
-94.57972
-91.30447
-90.01320
-88.59720
-86.39911
-84.38545
-84.57851
-84.80628
-85.60266
-86.38504
-87.50772
-88.33290
-90.19660
-92.91498
-94.58907
-96.53700
-95.25626
-96.04174
-94.45189
-94.98897
-94.50687
-97.95741
-95.89836
-93.61514
-92.23679
-91.57100
-90.25098
-90.00651
-90.88379
-92.01245
-93.37606
-94.72365
-96.65079
-96.35457
-98.83697
-98.69385
-92.11075
-81.96070
-73.88903
-65.83554
-60.92010
-58.50439
-58.46917
-59.54140
-60.15163
-61.06106
-62.19359
-64.15943
-67.89948
-73.46211
-76.31908
-74.43440
-70.89290
-68.44112
-66.04655
-62.32600
-58.99315
-57.55867
-57.52532
-57.99857
-58.77881
-59.79329
-61.01544
-62.44644
-63.96636
-64.38708
-63.92339
-62.69101
-62.42827
-63.10833
-63.35033
-63.83435
-63.40888
-62.49425
-62.28987
-61.66214
-60.52670
-59.98952
-60.06947
-60.22896
-60.35467
-60.61469
-60.93456
-61.16172
-61.67081
-62.38206
-62.98206
-63.88766
-65.00758
-66.57995
-67.85215
-69.19089
-72.86657
-75.91711
-72.74906
-68.39325
-65.41425
-63.39820
-62.07734
-61.31456
-61.09377
-61.34727
-61.99459
-62.43194
-63.33237
-64.64856
-66.00257
-68.45768
-72.64382
-78.59103
-74.72838
-70.06874
-67.48627
-65.85212
-64.98699
-64.09387
-63.42778
-62.87512
-62.44385
-62.11232
-62.15323
-62.73892
-64.05970
-65.85863
-67.93234
-69.04895
-68.89219
-68.41657
-68.49590
-68.99550
-69.41960
-70.19032
-71.74611
-73.82417
-74.69457
-75.14578
-75.49739
-74.97098
-74.16539
-72.66883
-71.43674
-70.84841
-71.16521
-72.12224
-73.17647
-74.29151
-74.57906
-74.76211
-74.78508
-75.24658
-74.66891
-75.01686
-74.82030
-74.28029
-74.22654
-74.97211
-76.25982
-77.57675
-78.40953
-78.49525
-78.30042
-78.16363
-76.49308
-75.67406
-76.27303
-76.83853
-75.82800
-76.69297
-74.81646
-68.19540
-65.54753
-66.08952
-68.21272
-67.76587
-66.92680
-67.27260
-67.79613
-68.13158
-71.03099
-70.42070
-72.07054
-71.75853
-70.17369
-70.36220
-68.98887
-67.71942
-65.67119
-65.89900
-65.14132
-65.09019
-65.16865
-66.44489
-66.85558
-69.25992
-69.81403
-68.33248
-67.19531
-67.14035
-66.47337
-66.98376
-68.33726
-69.79861
-71.79229
-70.06738
-70.26804
-69.92767
-68.86177
-66.89058
-67.95991
-67.44021
-68.68471
-69.62505
-69.76211
-69.19231
-68.30953
-68.18195
-69.16589
-67.92954
-66.78949
-66.40602
-66.83839
-66.84223
-66.03501
-67.93611
-68.27323
-69.79929
-68.73112
-67.18678
-65.58704
-65.64225
-65.84610
-67.10626
-67.65198
-68.90814
-70.01423
-68.17967
-68.42288
-68.29455
-69.34100
-69.27793
-69.66586
-69.48448
-68.28528
-68.75476
-70.20605
-71.37239
-72.02085
-71.68130
-70.95989
-70.56297
-71.31788
-71.55060
-70.52879
-70.80749
-75.05766
-77.67842
-73.96492
-70.99336
-69.91856
-69.46019
-67.75797
-67.15791
-66.83245
-67.27594
-68.00922
-68.60213
-71.16336
-73.38420
-74.49303
-73.17761
-72.76628
-73.72453
-73.29274
-70.13817
-69.22572
-71.76135
-71.66069
-71.15551
-71.28879
-71.75507
-73.37263
-75.63205
-78.07403
-80.52342
-76.53637
-71.93810
-71.81064
-71.64070
-72.02323
-72.88892
-74.39262
-74.75005
-74.72131
-76.00863
-76.72837
-77.54212
-73.73527
-73.56378
-71.35643
-69.57152
-67.29730
-64.18528
-60.67658
-58.41316
-58.44548
-58.76650
-59.26395
-60.61300
-61.57446
-61.70916
-61.79613
-61.69714
-61.39808
-61.66620
-62.31794
-62.54393
-61.92246
-60.00879
-58.71022
-58.30411
-58.93312
-59.27977
-60.10336
-59.99432
-59.87889
-59.66905
-59.32619
-58.91579
-58.56409
-57.59168
-57.02319
-56.89898
-56.51553
-57.73788
-57.15863
-57.89110
-59.34143
-61.20746
-63.23493
-63.72235
-64.23984
-63.50478
-62.88813
-62.82908
-63.32846
-63.12715
-62.45865
-61.71971
-60.50838
-59.57032
-60.02264
-60.18124
-59.79394
-59.13044
-58.63906
-58.88258
-58.99836
-58.58008
-59.14995
-59.75696
-60.67373
-61.44980
-62.13595
-63.42740
-65.01890
-66.55684
-65.30518
-63.70705
-63.27940
-62.86567
-63.00192
-63.08333
-62.63434
-63.31714
-63.14834
-63.35935
-63.60747
-63.87281
-64.00928
-64.45007
-65.53823
-63.88500
-62.98009
-61.80289
-60.68420
-61.35240
-62.49534
-63.41811
-65.25870
-67.46904
-68.97459
-70.37900
-70.10745
-68.82534
-68.49272
-68.19434
-67.92043
-67.68939
-68.77339
-72.47082
-74.32121
-73.62960
-71.00138
-72.16163
-68.58892
-68.51373
-70.71210
-69.12123
-69.23830
-68.39674
-68.55455
-67.88782
-68.90431
-68.55346
-67.98631
-67.59345
-69.08344
-70.54606
-72.19442
-72.68045
-71.48974
-71.86126
-70.59825
-71.50910
-71.33118
-72.06093
-71.92668
-70.94867
-66.05730
-63.12090
-63.14884
-61.71149
-59.86800
-60.17522
-61.57320
-60.36209
-60.23981
-60.11339
-60.33075
-61.86451
-62.59116
-64.17930
-64.23826
-63.75610
-63.01120
-63.24744
-62.04875
-61.39303
-62.16204
-63.49683
-64.70175
-63.93097
-63.04261
-62.31907
-60.94863
-60.02884
-60.02995
-61.00171
-62.58228
-64.03684
-64.75002
-63.20939
-62.37289
-61.45177
-61.82999
-61.91938
-62.42427
-62.34384
-64.50019
-62.66401
-60.50925
-62.09539
-62.53047
-62.00169
-62.06116
-61.57678
-62.57336
-62.99547
-62.24045
-62.07024
-59.83454
-60.66274
-60.79179
-60.94233
-60.41168
-62.00286
-64.03780
-64.05512
-63.09882
-62.97627
-62.71380
-63.48931
-63.00833
-63.26758
-62.89553
-63.70977
-63.66146
-61.13294
-61.98887
-59.68116
-62.00407
-61.57947
-61.38775
-62.29484
-63.22323
-64.06666
-63.67186
-64.67934
-65.30441
-67.14154
-68.71096
-67.32577
-67.07158
-69.52157
-66.73202
-66.04759
-65.47855
-65.18300
-63.89021
-64.07973
-64.02208
-64.47693
-64.20610
-64.74058
-64.09341
-62.36141
-63.14927
-63.50083
-62.60744
-60.91150
-61.43168
-62.41717
-63.07892
-63.47109
-64.17634
-65.39766
-65.68618
-65.02790
-64.92819
-65.21062
-64.95395
-64.70185
-61.78546
-63.44904
-65.32433
-63.30738
-64.73849
-62.78102
-63.38576
-63.21538
-64.05230
-60.62724
-54.80190
-58.54883
-62.07578
-60.83255
-65.87383
-59.65281
-55.25485
-56.06388
-57.54893
-57.74690
-58.70453
-59.11504
-59.89368
-59.96950
-61.27742
-61.02812
-61.76054
-62.32555
-64.59773
-64.82655
-66.31907
-63.44995
-57.59424
-60.25544
-61.21498
-61.13656
-61.16711
-61.53913
-61.59223
-64.62900
-63.21846
-60.95411
-60.07495
-58.45524
-61.18676
-61.05517
-59.39805
-61.79187
-59.72115
-55.77105
-57.13933
-57.53240
-58.46538
-59.06403
-59.91919
-59.77407
-60.34640
-60.58254
-60.12921
-62.31590
-61.97082
-62.85420
-61.70537
-66.02774
-61.79164
-58.62057
-60.81089
-61.24163
-61.02776
-60.98050
-62.09863
-63.98861
-64.31474
-64.63850
-63.33515
-58.45992
-58.66839
-61.31587
-63.15562
-64.04752
-65.88024
-58.40781
-55.62569
-57.40935
-57.77515
-59.22289
-59.17610
-60.38399
-60.86440
-61.75004
-62.44015
-63.23078
-63.37400
-65.19675
-65.72902
-65.26632
-68.00450
-60.22872
-59.30631
-61.92525
-65.43189
-64.97471
-64.51236
-67.15961
-68.24325
-69.59757
-70.82641
-66.94625
-58.92684
-60.70854
-66.47640
-66.44632
-69.85990
-63.56515
-56.11895
-56.39200
-58.15917
-58.39348
-59.85000
-60.08144
-61.39248
-60.96764
-62.80994
-62.42300
-63.94462
-64.22916
-65.07698
-66.49190
-67.51240
-68.97779
-56.70901
-54.94897
-57.30485
-58.51624
-59.37962
-59.76606
-60.68392
-61.64682
-61.72731
-63.24371
-61.62032
-58.42894
-61.57279
-64.54560
-64.53936
-67.01309
-59.92573
-54.98454
-56.32433
-57.49868
-58.33489
-59.03230
-59.65253
-60.47217
-61.41288
-63.15020
-61.78818
-62.48002
-60.71302
-61.59843
-61.72442
-65.62136
-63.66780
-58.22751
-60.47111
-64.47768
-67.64985
-66.43450
-67.43376
-66.94342
-65.56173
-64.38247
-65.73119
-61.21893
-59.10437
-64.30690
-66.44523
-66.54105
-70.51349
-59.39560
-54.63524
-56.35945
-56.69386
-57.85073
-58.80754
-59.49290
-59.92140
-60.79184
-61.81752
-61.88197
-63.01055
-62.96365
-64.64423
-64.38817
-69.23751
-61.78452
-58.85208
-62.76576
-65.51627
-65.19780
-64.73004
-65.73242
-66.66337
-66.22011
-66.27135
-66.62030
-59.30847
-59.78056
-64.87853
-65.81695
-68.78371
-68.11694
-57.68246
-55.82478
-58.67162
-58.84072
-60.29065
-60.68845
-61.62307
-61.59003
-62.86575
-62.86879
-64.08492
-64.66868
-65.76093
-68.14598
-67.47820
-70.31030
-60.24588
-59.43750
-64.42989
-66.19454
-67.65921
-69.23511
-68.92062
-69.33775
-68.48129
-71.14162
-66.84211
-59.18911
-61.63314
-68.31263
-68.30502
-74.38954
-66.28447
-56.85552
-57.04202
-58.92307
-59.28190
-60.63297
-60.98040
-62.39016
-62.88017
-64.86909
-64.70996
-66.30852
-65.43920
-66.73816
-66.25941
-67.59086
-67.88180
-58.34958
-58.30350
-59.55060
-58.62238
-59.34922
-60.11198
-60.98251
-61.46462
-61.61722
-61.94813
-59.83420
-58.19100
-61.15854
-65.88385
-67.30778
-72.66517
-61.49465
-55.47751
-57.43995
-58.15773
-58.72386
-59.36094
-60.51491
-62.17033
-61.91639
-62.07197
-63.24721
-65.95531
-64.81921
-66.89469
-64.95281
-67.76917
-62.52544
-58.03994
-61.24541
-64.30833
-65.59636
-66.98232
-65.46695
-64.69826
-64.69804
-64.48800
-64.82852
-59.38247
-58.81474
-63.75980
-66.81693
-68.44113
-71.94955
-59.46568
-55.98045
-57.68709
-57.79622
-59.58310
-59.90809
-61.37971
-62.48861
-62.01114
-60.20624
-60.26079
-61.28191
-63.68502
-68.34282
-66.95801
-72.30667
-61.17465
-57.84265
-61.01191
-61.88835
-64.15635
-65.68102
-65.52548
-66.05522
-66.05836
-66.46758
-64.94615
-59.74669
-59.64825
-63.56154
-63.61337
-66.72511
-65.12976
-57.18873
-57.07027
-58.96531
-59.03371
-60.23167
-60.39225
-61.75443
-61.78782
-63.00820
-63.51975
-65.01447
-64.52260
-64.65531
-64.90390
-64.00422
-65.28085
-59.02582
-59.07166
-63.72537
-65.96191
-68.99569
-70.07440
-70.09939
-70.28445
-68.64452
-72.11907
-66.17294
-59.12967
-61.58001
-66.90933
-67.01325
-72.79315
-63.92267
-56.64396
-56.93982
-57.37594
-58.23609
-59.33623
-59.95472
-61.62225
-61.41145
-62.68408
-62.34492
-63.38297
-62.71625
-63.69723
-63.21577
-64.66496
-63.39587
-57.62677
-58.92224
-61.26891
-60.35367
-61.40250
-63.92793
-65.00192
-65.71307
-63.37048
-62.69527
-59.99612
-58.33496
-62.03483
-64.67431
-64.55800
-69.80187
-59.60839
-54.91840
-56.96953
-57.32947
-58.03609
-58.27734
-58.39306
-59.18063
-60.54859
-61.78637
-62.39441
-63.41829
-61.85103
-61.95440
-62.09995
-65.25236
-61.19037
-58.09641
-62.26438
-64.53540
-65.17396
-65.27569
-63.87139
-66.46211
-66.10071
-65.97163
-67.99589
-60.01388
-59.52408
-64.38815
-64.32977
-68.19423
-66.80628
-57.14311
-54.89875
-56.45998
-56.71726
-58.07146
-59.35772
-60.63963
-60.72887
-61.47623
-60.95280
-60.21003
-61.96521
-63.00162
-64.80387
-63.71358
-66.23137
-59.96972
-57.27476
-60.36870
-61.33973
-61.83597
-62.12824
-63.10106
-64.12295
-63.95284
-66.05923
-63.45496
-58.38563
-59.93382
-62.75028
-63.62129
-62.97085
-60.86445
-56.65377
-56.42171
-58.00944
-58.37665
-60.26600
-60.11928
-61.18980
-61.24226
-62.47827
-60.89732
-61.42813
-61.69795
-61.73139
-62.17694
-64.64438
-64.94982
-58.93338
-59.64397
-62.37711
-64.04718
-64.47007
-64.35683
-63.87469
-65.87949
-63.49463
-67.94985
-63.59822
-58.63990
-61.76376
-65.30731
-64.18183
-65.01449
-64.28421
-56.46434
-56.33243
-57.82333
-58.36888
-59.34386
-59.94003
-61.62462
-61.26601
-60.72836
-61.41701
-63.34033
-64.25358
-64.55465
-64.01672
-63.97355
-65.27398
-57.09309
-55.60132
-57.81020
-57.87009
-58.71996
-59.05294
-60.15875
-59.55493
-59.67449
-60.92539
-59.11180
-57.54143
-60.65784
-61.47194
-64.01672
-59.69692
-55.18529
-55.59307
-56.17993
-57.00225
-56.90674
-57.74451
-59.33829
-58.47937
-58.13107
-58.36657
-59.53309
-58.95747
-60.79896
-61.80469
-60.96008
-60.50754
-58.55388
-59.54262
-59.62119
-62.73904
-61.39495
-59.56719
-60.86619
-67.59771
-61.04722
-57.93612
-58.04393
-57.78697
-59.74596
-59.87114
-60.51111
-58.85371
-57.07767
-55.01695
-56.34572
-56.99311
-58.12389
-58.41725
-58.62628
-59.62696
-60.28542
-60.76393
-61.37035
-62.64349
-62.57292
-62.36960
-61.83558
-65.99205
-60.47938
-58.11552
-59.27386
-59.86888
-61.08341
-61.43934
-61.94415
-64.55289
-64.09897
-63.87686
-62.79207
-58.03831
-58.75903
-61.03616
-62.70264
-63.36744
-62.00351
-56.72317
-55.62405
-57.53723
-57.99935
-59.22149
-58.40738
-59.71690
-60.26181
-60.92986
-61.48586
-63.63637
-62.96412
-62.54670
-63.14978
-62.87020
-63.90183
-57.74934
-59.20913
-63.37626
-64.12908
-63.53351
-63.44025
-64.17057
-65.16170
-66.80736
-66.87862
-63.02071
-58.67651
-61.77865
-63.58726
-65.86156
-67.93243
-62.75650
-56.55640
-56.77507
-58.28900
-58.39944
-60.22869
-59.71373
-60.89905
-60.29255
-63.32763
-62.47317
-63.88624
-63.65175
-64.23720
-62.90586
-64.96081
-64.27851
-55.07263
-55.03810
-56.45843
-57.54781
-58.67255
-59.10312
-59.54317
-60.83453
-61.29657
-62.60696
-60.57633
-58.47033
-61.04109
-62.50462
-63.86358
-66.09527
-57.80998
-54.65437
-56.28143
-56.44378
-57.47518
-57.33567
-58.05195
-58.50443
-59.82174
-60.57355
-60.24859
-61.50304
-60.72434
-62.16188
-62.08117
-64.35147
-61.05463
-57.87240
-60.94497
-63.50465
-65.73046
-64.68002
-62.85976
-62.87736
-62.68789
-62.99203
-61.93309
-59.02517
-58.06845
-60.62820
-61.58847
-62.34961
-63.63233
-57.04295
-55.16050
-56.61887
-56.66571
-58.05119
-58.43159
-58.98342
-59.51049
-60.73059
-61.47491
-61.93667
-62.21148
-62.27462
-63.89201
-64.07330
-65.03547
-59.49274
-58.30434
-61.59551
-62.36961
-62.55225
-62.00237
-61.58252
-63.77062
-63.32947
-63.37822
-63.50266
-58.87150
-59.57749
-63.22593
-63.72741
-67.29141
-63.91295
-56.30812
-56.45744
-58.32360
-59.18638
-59.91771
-59.37074
-61.41146
-61.17403
-62.39576
-62.14968
-63.29215
-63.21165
-64.82936
-65.48449
-65.47634
-66.13152
-59.05070
-59.98380
-64.39815
-65.73321
-66.82209
-68.63543
-68.22567
-66.83567
-66.40940
-69.63936
-64.07646
-58.78917
-62.21350
-67.72034
-66.87033
-70.25237
-62.52428
-56.11187
-57.35337
-58.94487
-59.44204
-60.40169
-60.79207
-62.49788
-62.60077
-64.14222
-64.12930
-66.00728
-65.65116
-66.06509
-64.28014
-66.61408
-64.41039
-55.58278
-56.50033
-58.36172
-58.41457
-59.98038
-59.90589
-61.11063
-60.87796
-61.03307
-61.19481
-58.55099
-58.15681
-60.54886
-63.25414
-64.77506
-67.88185
-57.58102
-54.51085
-57.09732
-56.86100
-58.91222
-58.99080
-59.86062
-60.71979
-60.16720
-60.75185
-62.45284
-64.00017
-64.13488
-64.15481
-62.81999
-63.31900
-58.75832
-57.23296
-58.97748
-60.14287
-61.34243
-62.08692
-61.03955
-62.23862
-63.98836
-65.70892
-65.05331
-59.26961
-59.77134
-64.13306
-64.10040
-64.99067
-63.53804
-56.92284
-56.08636
-58.31989
-58.63856
-59.37150
-59.73960
-60.00457
-61.03131
-60.81202
-59.34050
-59.54315
-58.93611
-62.37348
-66.13578
-66.13207
-69.56400
-59.63619
-58.04621
-60.25847
-60.30883
-62.26458
-62.76661
-63.02923
-63.19361
-62.19131
-62.56580
-61.77306
-58.70658
-59.47060
-62.14484
-61.71273
-64.32537
-61.19293
-55.70358
-56.59635
-57.86840
-58.19819
-59.50038
-60.02949
-61.55874
-61.75639
-63.04184
-63.58479
-65.01409
-63.69632
-64.62367
-65.07617
-64.59063
-63.48658
-58.38655
-59.80508
-63.96681
-66.03208
-66.20520
-65.54396
-66.22231
-67.33326
-67.22483
-69.72511
-63.12744
-59.06363
-62.57969
-64.91830
-65.62887
-69.82899
-62.20970
-56.12519
-56.99589
-58.03914
-59.04747
-60.07114
-60.07767
-61.14650
-61.46505
-62.31611
-62.37328
-63.53971
-62.80625
-63.33022
-62.75607
-65.14006
-61.97865
-57.62831
-59.70555
-60.99808
-61.20941
-62.84957
-62.61799
-62.85500
-63.65691
-61.87672
-61.62958
-59.09435
-58.69925
-62.45082
-63.87625
-64.49457
-67.35265
-58.16719
-54.82401
-57.20103
-57.03855
-58.14002
-58.62166
-58.63797
-58.92516
-60.17577
-61.34203
-62.62838
-63.46143
-62.29169
-62.59235
-61.25348
-64.00319
-60.14191
-58.51748
-62.51245
-64.59259
-65.42479
-65.18244
-65.37345
-68.53931
-65.77541
-66.30441
-66.12073
-58.69083
-60.18498
-63.04314
-64.08955
-66.24613
-64.27452
-56.95321
-54.72550
-56.80029
-57.10391
-58.59578
-59.30137
-60.43879
-60.84779
-62.31477
-61.01470
-61.08573
-62.08076
-62.59396
-64.24160
-63.79086
-65.55672
-58.44313
-57.93368
-61.13010
-61.05302
-61.47481
-62.16163
-63.09647
-62.90748
-63.53835
-65.99837
-61.81981
-58.19898
-58.96414
-60.87605
-62.50891
-63.08941
-59.24675
-55.31465
-56.41961
-57.18648
-58.47364
-59.78991
-59.62281
-60.95611
-61.47710
-61.63338
-60.71461
-63.03878
-62.42304
-62.22271
-62.37466
-64.70437
-62.51438
-58.06885
-60.71832
-63.42900
-63.47892
-64.70420
-64.26071
-65.45053
-64.91180
-64.43081
-66.59021
-60.81202
-58.30187
-61.59356
-65.44294
-64.75885
-66.04375
-58.86423
-55.59082
-57.03971
-57.90872
-58.77870
-59.00612
-60.16188
-60.77215
-61.59127
-61.29488
-62.03822
-63.89901
-64.55228
-65.75829
-64.35729
-67.16071
-62.56072
-56.29908
-57.03172
-57.72560
-58.24041
-59.45961
-60.38173
-60.96949
-60.56535
-61.53929
-61.07498
-58.66653
-57.69902
-60.44013
-61.74290
-63.24427
-60.72632
-56.30818
-55.69502
-57.03674
-58.58202
-58.60781
-58.50754
-58.95164
-59.23086
-59.82336
-60.77655
-61.33695
-61.97842
-63.24165
-62.63962
-64.91947
-61.93682
-59.07515
-61.14571
-63.10566
-64.57218
-65.12700
-65.52975
-65.60108
-64.34107
-63.50491
-62.22322
-57.97604
-58.29490
-60.19811
-61.09497
-63.07999
-63.64674
-60.21482
-56.24407
-56.24954
-57.04202
-57.84497
-58.49770
-59.09836
-59.94603
-61.15589
-62.22057
-62.50501
-63.19333
-63.52830
-64.22844
-64.27472
-64.48846
-60.21980
-58.82215
-62.60090
-64.42170
-64.26267
-63.70563
-62.25900
-62.75244
-62.20417
-62.78899
-61.74557
-58.30689
-59.83382
-61.27890
-61.58942
-61.71754
-60.78613
-58.42392
-56.75207
-57.57714
-57.72510
-58.80396
-59.19384
-60.49547
-61.28711
-62.32081
-63.09271
-64.06752
-64.47886
-64.03334
-64.04036
-66.02278
-65.60868
-58.35853
-59.58628
-63.50054
-64.20096
-65.00622
-67.32345
-69.12653
-71.88113
-70.15471
-72.70723
-63.36330
-59.05603
-63.40331
-65.59052
-66.61977
-66.11636
-63.39464
-57.20927
-56.41642
-57.45404
-58.35025
-59.49176
-59.92652
-61.48879
-62.11601
-62.91088
-63.51299
-64.51456
-64.73214
-65.91265
-66.60030
-68.97422
-65.86010
-57.58839
-55.64462
-57.39630
-57.83832
-58.94914
-59.67550
-60.72393
-61.61196
-62.44073
-63.35610
-59.21385
-58.84080
-62.94744
-63.32728
-66.00728
-66.61094
-63.02444
-58.04632
-56.66217
-59.15369
-58.82711
-60.08634
-61.46345
-61.41577
-62.73146
-62.99589
-63.89525
-65.36458
-64.66659
-66.51959
-66.08829
-68.72423
-61.61112
-59.00763
-64.20704
-68.05007
-70.82626
-70.62729
-72.60152
-73.57260
-73.05212
-75.10528
-72.18437
-59.91953
-60.86956
-65.57201
-65.83736
-68.40610
-66.10605
-61.86947
-57.22877
-57.79621
-58.92809
-58.86216
-59.79647
-61.40964
-61.92978
-63.12996
-63.48606
-64.86966
-65.75780
-67.05739
-67.50783
-67.50924
-69.20426
-59.77761
-59.90828
-65.70513
-68.91170
-70.68225
-71.37752
-70.69002
-70.12940
-69.20720
-71.96995
-65.95710
-59.03644
-63.05234
-66.75779
-68.84091
-71.78926
-66.16446
-60.52227
-57.65109
-58.68515
-59.13104
-60.00275
-60.80886
-62.04077
-62.54557
-63.86941
-64.32384
-65.46811
-65.75744
-67.39017
-66.96327
-69.33201
-66.96826
-58.81332
-61.57745
-66.97130
-69.70736
-71.41249
-72.91041
-74.91709
-76.70295
-73.44440
-79.01629
-64.00445
-59.19489
-65.67596
-68.40574
-74.79750
-74.73175
-66.03580
-58.72688
-57.57288
-59.13273
-59.12063
-60.09540
-61.37105
-62.66965
-63.40351
-64.60894
-65.02948
-66.64805
-66.25442
-68.95473
-67.71428
-72.03988
-64.08990
-57.58296
-57.82552
-58.48972
-60.08750
-60.60334
-61.51754
-62.95198
-63.90746
-64.85580
-65.89375
-60.01979
-59.73844
-65.26851
-66.33007
-70.87110
-69.10514
-62.94154
-57.62327
-57.26101
-58.78468
-59.38694
-59.35318
-59.47591
-60.93751
-62.00793
-63.05652
-64.01983
-65.16063
-65.22981
-66.61077
-66.00884
-70.13614
-60.96404
-59.07178
-64.55577
-66.77801
-68.67818
-66.89767
-67.23224
-68.47119
-68.90387
-68.92537
-65.12454
-58.74887
-60.91947
-64.27501
-64.28822
-66.62080
-64.68802
-59.47510
-56.65191
-57.97608
-58.47351
-59.05089
-59.97241
-61.01159
-61.00614
-61.93041
-61.86368
-61.69289
-61.59874
-61.64918
-61.25596
-60.89969
-61.44347
-57.92242
-59.60732
-64.34714
-66.04834
-68.42144
-69.17839
-70.17479
-71.46334
-69.90320
-68.88456
-62.75481
-58.58094
-62.34705
-64.31189
-66.00344
-67.52311
-63.85725
-59.30017
-56.79617
-57.73062
-58.61164
-59.89169
-60.54386
-61.05119
-60.98016
-61.68383
-62.18779
-63.51612
-63.62762
-64.30290
-63.36241
-63.92913
-61.11161
-57.61992
-60.17009
-61.75533
-63.08090
-64.09624
-65.04567
-65.88389
-67.13599
-67.60379
-67.60100
-60.47626
-58.33993
-61.92453
-62.85131
-64.34295
-65.79585
-62.68919
-57.94381
-57.74055
-58.40330
-59.25222
-60.15539
-60.49527
-61.62659
-62.04670
-62.69351
-63.08627
-63.27473
-63.93481
-66.02295
-63.13001
-63.95823
-60.76193
-58.71631
-61.86505
-62.51720
-66.38288
-68.45487
-64.27038
-65.21696
-67.23842
-66.56587
-64.56749
-59.54762
-60.31767
-65.74807
-65.09791
-67.96103
-67.55006
-61.79253
-63.69126
-68.94656
-68.56928
-69.84259
-69.08225
-71.07793
-68.90753
-68.70762
-68.58730
-70.87431
-71.73071
-71.00321
-70.82498
-68.76069
-73.46079
-60.31083
-59.85614
-64.89030
-68.13099
-69.48997
-66.82930
-66.68067
-70.90735
-70.61583
-70.96870
-65.03353
-57.90125
-62.13212
-64.46198
-64.41064
-64.71439
-65.56942
-69.06414
-73.01416
-69.40434
-65.04351
-64.28204
-64.64959
-67.51963
-67.54995
-67.25155
-65.98241
-65.83434
-64.07786
-63.43498
-65.50660
-69.04097
-64.88002
-61.18643
-60.34868
-63.60891
-67.15102
-63.69741
-62.10347
-64.52323
-65.04111
-59.51842
-56.28245
-55.93046
-58.24494
-64.76479
-67.42354
-63.38369
-64.34228
-66.84668
-66.13942
-63.96204
-63.56233
-64.98919
-68.29813
-71.06538
-71.07125
-69.59084
-70.87075
-70.96219
-69.92909
-69.80422
-71.14267
-69.43011
-68.66065
-72.52984
-70.48837
-66.43644
-66.90031
-73.18970
-71.21518
-67.27455
-70.09253
-76.04742
-73.58509
-71.26638
-74.14580
-78.39192
-75.83104
-73.74851
-74.26552
-75.10229
-76.28981
-77.80883
-78.49818
-77.61662
-78.70833
-80.70129
-78.91977
-76.52332
-77.59563
-78.66385
-80.33381
-80.73101
-79.81822
-78.88711
-80.00279
-81.48360
-79.77189
-78.37642
-80.48219
-84.65977
-81.95930
-80.25019
-82.27163
-84.79126
-83.50369
-81.91226
-82.05663
-82.03991
-83.10852
-85.25161
-85.27647
-85.01744
-86.59298
-89.53625
-86.07089
-83.37628
-79.80210
-74.96268
-69.60167
-67.62037
-64.70964
-63.48294
-64.48701
-65.49049
-68.20187
-70.23915
-70.79255
-69.61494
-70.32161
-71.91584
-77.12692
-81.61210
-83.91640
-77.12638
-74.40972
-74.22011
-70.26102
-69.50814
-67.65792
-66.96446
-65.65773
-64.34845
-63.61947
-63.58593
-64.31954
-66.36733
-67.50727
-65.70504
-65.52438
-65.80485
-67.69601
-69.07374
-70.68415
-70.98462
-68.39804
-67.77942
-65.69957
-65.37480
-67.11774
-68.22574
-68.33648
-70.34517
-72.79695
-73.89747
-78.20338
-77.57854
-70.88314
-66.76443
-65.87748
-66.36803
-68.98334
-72.05814
-74.55241
-75.84777
-73.87724
-73.07940
-72.39347
-69.77467
-66.98156
-65.13415
-64.53278
-65.07144
-66.33106
-68.82283
-71.57179
-73.55244
-75.72958
-78.45400
-75.73268
-70.56467
-68.38742
-68.73975
-71.11022
-75.70923
-78.80786
-79.31014
-79.91364
-74.77288
-69.86680
-68.41111
-67.93669
-66.93956
-65.61170
-65.13987
-65.12561
-65.30703
-64.95275
-63.39207
-62.73816
-63.07511
-64.68878
-67.57344
-70.62080
-72.91256
-74.73003
-75.84290
-72.75869
-68.88622
-67.15486
-66.86956
-67.26621
-67.32379
-67.24855
-67.91544
-68.75473
-69.83845
-70.69499
-71.34557
-71.36627
-71.09708
-70.84764
-70.20824
-68.57987
-67.54849
-68.46781
-70.63114
-71.87379
-72.03214
-71.49617
-69.82114
-69.94538
-69.06076
-67.69307
-66.56744
-64.87117
-64.03676
-63.51463
-63.25047
-63.49799
-63.81402
-64.68273
-66.03762
-66.77308
-67.55677
-67.86844
-67.94733
-68.23525
-69.63903
-70.53590
-71.09163
-72.57883
-73.68431
-73.42558
-71.91306
-69.67248
-67.70584
-67.40364
-68.01421
-69.55089
-71.08993
-72.55578
-69.65968
-65.07012
-62.81927
-62.25310
-62.77445
-64.35635
-66.16891
-67.63639
-67.66267
-67.77839
-67.81310
-68.57251
-70.41413
-70.65330
-70.66528
-72.34799
-71.79628
-72.17812
-72.35552
-71.55569
-68.46862
-61.09211
-58.75037
-56.07035
-54.60239
-55.40972
-56.71258
-58.98166
-61.18663
-63.48837
-62.16279
-60.77473
-60.31755
-61.87684
-64.89710
-66.53159
-63.94263
-61.12200
-59.63162
-57.22896
-56.32503
-56.49408
-56.48881
-57.35570
-58.33020
-57.96050
-57.90827
-57.54763
-56.41264
-54.61040
-54.09289
-54.67866
-54.99674
-55.53441
-56.55681
-57.69967
-58.21424
-58.37769
-58.44098
-58.82165
-57.92994
-56.95382
-56.78264
-57.35991
-57.97499
-59.64413
-59.99328
-58.10074
-57.09156
-54.96997
-53.53178
-53.82384
-55.99382
-56.70356
-56.06176
-56.62377
-57.07673
-57.92242
-58.14439
-58.22110
-58.30606
-58.29020
-57.77519
-57.34227
-57.36262
-57.09932
-57.41157
-57.79566
-57.44800
-57.93467
-57.56076
-57.44616
-57.25567
-56.71799
-57.10268
-57.29863
-56.89781
-56.20082
-56.46454
-56.25545
-56.40684
-55.85968
-55.65579
-55.68271
-56.04439
-56.64294
-57.05942
-57.94670
-58.14798
-58.60569
-58.92931
-60.73837
-61.82014
-62.27789
-62.96013
-62.86792
-62.11335
-60.61577
-59.94184
-59.71589
-60.28404
-60.34370
-60.33206
-60.66726
-59.95280
-60.12701
-59.95411
-59.47202
-59.74342
-60.10536
-60.19677
-61.65371
-62.50168
-60.67354
-59.19679
-58.11144
-57.52033
-57.64098
-58.81661
-60.35881
-60.80572
-61.23356
-61.60619
-61.72751
-62.07411
-60.45824
-59.33953
-58.81870
-59.10062
-60.76868
-61.59257
-60.98336
-60.80310
-61.29879
-62.15903
-62.10153
-62.15897
-62.10261
-61.65047
-61.59273
-61.34523
-61.56954
-61.22077
-61.26132
-61.32847
-61.30603
-61.62327
-61.79794
-62.00206
-63.31618
-64.00825
-64.36974
-64.73139
-65.54010
-66.71713
-66.33956
-66.48366
-67.18461
-67.14321
-66.17837
-65.67905
-64.72078
-63.50693
-62.47577
-61.99294
-61.98245
-62.44704
-62.69209
-62.75183
-63.33694
-64.10700
-65.03634
-65.99610
-66.39482
-67.00039
-66.92751
-67.25475
-67.52589
-66.92232
-66.19781
-66.44761
-67.38869
-67.19091
-67.10387
-67.17046
-67.31376
-67.05849
-67.57355
-67.59843
-67.69721
-67.62680
-67.83719
-68.10941
-68.41815
-68.52197
-68.97339
-69.81326
-69.99536
-70.46317
-70.59964
-71.63224
-71.26144
-71.59359
-71.18607
-71.78162
-73.41398
-74.36995
-74.84439
-76.13845
-76.72896
-76.07060
-76.82010
-75.89898
-76.42437
-76.12237
-76.42028
-73.94045
-72.92217
-68.99129
-64.30539
-61.92169
-60.97209
-63.63594
-66.89040
-68.99434
-69.03579
-65.63040
-63.22855
-61.85106
-62.31680
-62.14059
-61.57984
-60.66766
-60.03957
-58.86792
-58.83787
-59.69836
-59.65155
-60.61139
-61.96494
-63.29208
-62.45810
-61.26498
-60.94315
-63.71085
-65.41860
-61.69899
-58.23985
-57.21502
-57.31874
-57.80314
-58.81650
-59.04091
-58.51507
-58.18849
-58.38576
-56.97212
-56.42733
-56.57787
-57.39876
-58.04831
-57.89393
-57.81884
-57.58295
-57.50607
-57.94570
-59.62167
-62.04239
-65.25541
-65.81999
-63.71690
-62.06866
-61.58273
-62.77503
-65.12549
-66.54344
-66.41991
-65.80853
-66.07721
-67.33322
-68.71410
-66.90728
-64.12432
-62.77804
-62.06771
-61.55857
-61.41101
-60.65558
-59.40246
-58.61049
-58.10631
-58.66468
-60.70802
-64.26704
-68.95455
-66.88646
-61.68946
-58.95349
-57.38737
-56.80509
-56.57575
-56.44876
-56.22581
-55.99933
-56.60635
-57.95179
-59.82913
-62.66630
-65.42605
-67.50648
-68.23658
-67.60703
-66.99244
-67.61200
-69.42169
-68.76066
-66.36828
-64.71984
-64.21499
-63.74824
-63.38552
-62.81953
-62.89381
-63.53994
-65.42856
-66.36189
-64.43675
-60.93489
-58.42792
-57.21506
-56.33096
-56.02826
-56.03665
-56.69540
-57.72420
-59.82284
-62.43006
-64.93736
-65.67215
-64.18738
-62.95962
-62.62947
-63.62985
-65.37422
-67.19829
-66.60395
-64.77913
-63.35883
-62.41187
-62.19874
-63.15934
-64.37180
-65.08350
-64.88637
-64.76227
-64.71604
-65.80540
-68.22337
-71.17248
-74.30022
-73.53911
-71.54372
-68.37660
-66.32830
-65.04814
-63.26995
-61.82555
-61.49187
-62.43250
-64.42918
-67.01185
-69.45753
-69.16697
-68.76325
-69.24873
-71.06836
-69.92391
-65.26269
-62.28903
-60.24758
-59.23065
-58.71781
-59.49837
-61.39958
-64.24044
-66.58136
-66.82734
-65.75045
-64.88724
-64.06377
-63.59250
-62.41595
-61.97173
-60.58696
-59.57729
-59.53112
-57.46712
-57.67775
-58.42871
-58.99231
-58.40363
-57.44428
-57.05923
-57.55856
-58.35950
-58.39418
-58.07769
-57.18252
-56.42271
-55.22158
-54.80159
-54.74847
-54.75752
-55.76805
-57.52265
-59.27852
-61.48284
-60.60254
-59.15662
-57.38652
-56.24594
-55.58784
-54.52243
-55.00596
-56.36656
-56.57864
-55.93152
-54.72520
-54.56875
-54.47325
-54.29172
-54.27148
-54.35958
-55.55591
-55.27801
-55.05846
-54.98214
-54.63962
-53.73298
-52.91394
-52.59349
-52.45721
-52.11674
-52.41485
-53.80145
-56.04381
-56.11651
-55.93331
-56.81718
-56.75382
-56.36077
-56.12559
-56.44466
-56.79936
-57.73151
-58.34222
-58.08549
-57.79153
-58.13649
-57.21208
-57.70580
-56.10100
-56.77503
-57.12676
-56.68531
-57.27105
-56.40116
-55.89022
-54.74665
-55.12076
-54.40967
-54.82458
-54.65836
-55.00688
-55.50528
-55.39898
-56.56444
-56.83105
-57.59993
-57.85231
-58.09560
-57.45306
-57.75258
-56.51328
-56.05617
-55.91279
-56.51640
-57.34279
-56.90561
-57.01208
-56.85681
-58.02644
-57.39118
-59.11605
-59.37852
-60.76323
-59.69078
-59.45625
-60.50052
-60.35609
-58.96931
-57.30807
-57.33754
-56.41250
-57.27872
-56.15087
-55.62191
-54.65818
-54.93303
-55.38822
-55.99759
-56.73918
-57.13260
-57.63637
-57.86479
-58.26290
-58.76596
-58.78107
-58.35081
-56.79415
-55.87012
-56.09081
-56.54766
-58.63600
-60.02626
-62.60509
-63.87072
-64.98146
-63.58722
-62.41814
-61.11482
-60.62543
-60.29287
-59.92112
-59.85212
-59.66067
-59.81348
-59.42960
-59.11726
-58.48971
-58.49326
-58.79022
-60.28242
-61.36384
-62.44203
-63.00163
-62.83805
-62.66841
-62.42123
-62.52010
-62.91421
-62.91641
-63.19810
-63.02701
-63.03114
-63.05470
-62.68479
-62.71110
-62.62876
-62.05717
-61.40676
-61.29740
-60.70267
-60.47256
-60.04609
-59.88594
-60.01367
-60.45734
-61.89517
-63.23106
-63.68730
-64.64607
-66.29169
-67.14123
-67.59647
-67.65346
-67.97243
-69.76388
-71.35397
-71.90256
-71.92263
-71.00493
-69.67881
-69.12326
-69.41790
-69.11830
-69.51897
-69.60884
-69.96765
-70.84063
-70.59594
-70.27438
-70.61871
-71.59752
-72.63006
-73.88537
-73.73194
-72.80386
-71.16713
-71.78464
-73.23220
-74.84665
-75.54217
-74.63049
-73.59384
-73.69014
-73.60842
-72.62563
-71.83029
-71.37891
-69.70037
-63.54205
-61.51465
-61.75868
-63.32793
-65.54317
-65.73689
-66.64709
-66.86216
-66.53130
-66.62627
-67.15880
-68.72340
-69.70168
-68.29063
-66.91511
-64.71030
-64.23880
-64.21704
-63.02122
-62.44314
-62.20000
-60.89928
-58.54433
-57.47103
-57.09410
-57.35157
-58.52380
-59.86407
-61.02442
-59.65166
-59.02295
-59.86491
-60.89014
-62.12371
-63.20448
-63.93275
-62.59177
-62.00467
-61.58201
-60.80801
-60.97806
-61.66272
-61.96256
-62.69083
-63.67596
-63.91959
-64.04256
-64.36575
-65.65905
-65.70833
-65.00423
-64.30188
-62.21794
-60.51459
-59.55470
-58.90900
-58.57988
-58.61734
-58.34492
-57.63970
-57.39123
-57.52482
-58.17562
-59.34756
-60.44904
-61.56912
-62.52136
-62.58267
-62.09947
-61.72383
-61.32278
-61.59912
-62.53966
-63.08490
-63.07417
-62.67041
-62.33796
-62.30847
-61.41064
-60.16058
-59.14279
-59.19173
-61.04512
-64.06737
-64.86148
-62.35534
-60.44769
-59.60477
-60.04349
-60.66764
-61.32088
-61.94349
-62.76116
-63.73495
-64.57129
-65.82584
-65.84900
-65.20508
-66.32865
-67.22650
-65.57591
-64.04702
-62.95807
-62.60611
-62.40661
-62.26309
-63.14545
-64.63469
-65.33972
-66.33689
-65.79535
-64.74939
-64.22318
-64.10827
-64.71812
-65.54062
-65.67607
-64.89732
-64.54222
-64.05307
-63.94831
-63.86608
-64.57030
-66.05561
-67.13654
-67.72851
-67.47090
-67.37969
-68.24074
-68.63387
-68.01818
-67.92205
-69.15601
-70.33882
-69.06305
-67.63498
-66.72262
-67.02154
-68.58086
-69.87936
-71.38951
-69.40662
-68.92479
-70.74039
-70.64674
-70.13214
-69.85825
-69.73165
-68.82653
-68.83568
-70.22514
-72.10323
-72.87000
-72.32787
-70.86097
-70.36139
-71.76610
-71.89911
-71.58774
-70.95653
-69.87397
-68.79723
-67.74752
-68.10051
-68.16111
-68.47632
-68.54593
-68.88859
-69.11820
-69.13019
-69.04746
-64.50186
-61.11880
-60.46574
-58.55442
-57.20939
-57.60259
-57.92313
-59.32180
-62.11852
-66.16331
-68.16556
-67.61506
-67.08001
-67.34637
-69.34932
-72.09037
-70.72710
-65.11037
-62.41854
-60.04878
-58.50233
-58.57677
-58.45237
-58.65493
-59.40483
-60.57139
-62.34762
-65.60669
-68.40069
-67.71954
-67.08856
-64.46093
-59.83938
-57.60449
-57.63749
-59.00705
-61.28765
-64.53739
-67.22801
-64.74017
-63.85427
-65.05760
-65.31712
-67.65011
-72.35784
-69.56363
-65.25684
-62.10709
-61.22143
-61.27218
-61.10099
-63.45158
-67.76294
-66.89349
-62.91045
-59.92743
-60.39427
-58.04554
-54.56442
-54.42061
-53.78803
-52.94819
-51.67954
-50.51914
-50.69393
-51.37882
-52.06501
-53.07133
-53.75165
-54.23886
-54.59492
-54.92665
-56.09813
-57.77019
-58.83886
-59.22846
-58.01833
-55.61019
-54.90377
-54.64173
-54.90220
-55.41767
-55.72789
-55.63636
-55.92331
-55.13177
-53.66506
-54.35314
-55.77804
-56.94635
-57.87926
-58.88677
-58.96758
-56.96013
-55.09554
-54.21112
-52.86753
-51.42697
-50.61345
-50.45101
-51.33658
-52.54158
-53.65764
-54.73390
-55.55994
-57.40335
-60.43723
-59.93912
-57.36487
-56.08811
-55.78741
-56.99974
-59.05646
-56.63923
-52.91993
-51.52926
-51.66996
-52.89781
-53.96451
-54.48398
-54.66365
-54.52604
-56.08243
-60.33569
-61.44540
-58.53871
-56.85934
-56.93441
-57.02948
-57.57379
-57.73110
-57.32435
-58.88791
-60.26520
-61.32451
-60.91662
-61.38600
-63.09690
-64.12323
-62.47516
-61.13189
-62.19697
-63.63335
-64.51359
-64.27354
-65.24940
-65.72719
-66.16776
-67.14876
-66.50283
-64.16219
-63.41842
-63.31414
-64.09154
-65.24440
-64.61236
-64.34730
-65.85067
-67.19048
-66.73766
-67.41576
-68.37605
-68.17401
-65.45744
-65.43513
-67.09653
-68.20926
-67.59607
-66.65622
-66.97111
-66.30662
-65.43063
-64.30657
-63.53110
-63.49922
-64.23250
-63.87346
-64.14367
-64.50298
-64.50473
-64.24995
-64.72585
-65.95908
-66.88602
-69.73386
-71.44791
-71.70838
-73.11029
-74.96981
-75.16484
-74.67922
-74.86554
-73.84018
-72.16430
-71.86003
-71.43940
-70.44420
-70.13626
-70.93500
-71.92840
-72.90245
-72.12547
-71.48163
-71.61943
-72.34120
-73.74035
-73.41754
-73.36285
-73.82958
-75.24636
-75.95154
-77.16781
-77.46620
-76.65770
-75.10395
-74.40485
-73.62570
-73.49280
-71.12306
-67.55109
-64.68203
-62.23971
-61.04841
-59.67754
-58.57874
-58.70511
-59.42655
-59.55422
-59.75770
-59.10445
-59.13108
-60.00683
-59.97179
-60.04197
-61.07844
-61.57846
-60.91196
-60.35211
-60.72705
-61.47184
-61.28865
-62.20957
-64.57727
-66.14707
-65.06736
-64.34995
-63.06550
-62.77221
-63.03733
-63.59709
-63.73014
-64.15189
-66.25666
-66.97774
-65.90672
-65.18951
-64.05821
-63.30474
-62.58119
-59.74367
-58.11281
-58.16437
-58.74672
-59.60017
-61.07714
-62.91465
-64.69449
-63.66737
-62.12365
-61.61490
-62.88754
-63.06434
-63.71869
-66.82891
-66.48080
-64.58632
-62.93651
-62.01671
-61.74971
-62.06275
-61.55061
-60.83456
-61.13663
-62.33962
-63.41085
-64.38852
-66.75755
-66.98721
-64.39858
-64.63211
-63.80036
-61.67537
-60.48366
-60.58425
-61.83681
-63.51803
-64.29640
-63.99058
-64.38630
-65.32514
-66.50265
-64.24030
-61.59773
-60.79940
-62.52615
-63.93992
-64.07770
-63.65619
-62.77942
-63.22855
-64.02693
-62.77095
-60.99765
-60.91030
-60.69176
-60.81251
-61.60065
-62.60997
-62.81566
-63.04033
-63.15698
-62.41228
-62.02833
-62.33705
-62.83527
-62.16429
-61.54162
-61.34131
-61.20496
-61.60013
-62.19227
-62.43523
-62.01204
-61.62825
-62.27927
-62.58655
-63.26308
-64.76482
-65.76709
-65.69199
-66.00635
-65.71850
-64.70156
-64.71106
-64.97677
-66.27274
-66.21707
-66.24168
-66.54315
-66.59874
-66.91891
-67.39110
-67.25723
-67.09996
-68.72963
-69.95967
-69.58038
-69.01606
-69.25677
-68.58045
-67.55541
-67.90618
-68.92348
-67.08707
-66.63520
-67.25423
-67.14723
-67.91731
-70.19225
-71.50713
-71.69971
-71.20429
-70.20810
-70.02182
-70.27733
-70.80088
-70.10179
-70.38825
-70.47727
-70.17319
-68.72277
-67.64849
-66.64800
-66.56371
-66.97984
-68.25040
-68.72223
-69.51966
-69.73782
-69.35270
-68.58553
-68.42895
-63.18839
-58.34202
-60.03120
-60.75631
-59.14838
-59.26039
-60.13982
-61.54841
-62.74094
-63.92503
-64.55930
-66.07699
-67.20867
-67.21938
-66.95408
-65.88532
-62.81329
-58.66349
-55.64159
-55.64103
-57.81621
-59.59551
-58.54633
-54.94344
-52.93388
-52.89585
-53.94041
-55.49949
-56.90269
-58.93688
-61.42716
-65.74438
-65.53015
-61.93098
-60.71891
-60.70292
-61.16086
-59.46450
-57.95119
-58.23491
-58.35775
-58.26093
-57.88616
-57.42023
-58.39616
-58.47402
-58.53310
-58.68060
-58.62057
-58.15014
-58.07400
-59.46531
-60.95004
-63.24272
-67.09564
-64.91964
-61.74899
-61.58603
-57.81831
-56.12414
-55.95506
-54.39405
-53.00393
-52.19979
-52.87644
-53.25046
-52.98050
-53.44934
-54.36310
-55.64375
-55.90112
-56.61485
-57.54202
-56.92894
-56.97325
-57.01547
-56.07981
-55.31909
-54.00244
-54.05647
-55.41889
-55.54477
-55.25866
-54.83771
-54.53220
-54.59884
-54.70835
-54.46329
-54.95552
-55.13403
-54.95489
-54.94597
-55.14627
-55.13452
-54.96720
-55.62809
-57.00871
-57.52874
-55.93320
-54.83453
-55.04675
-57.42100
-58.34396
-56.28080
-55.59012
-55.69061
-56.50441
-56.24432
-56.35852
-56.22580
-54.87232
-55.34811
-55.89341
-56.11948
-55.68757
-54.56592
-53.52177
-54.20667
-55.41534
-55.62053
-55.86435
-56.22557
-57.22025
-58.16777
-59.18987
-60.00693
-59.68592
-57.78499
-57.17152
-56.79030
-56.37419
-57.59964
-59.74305
-59.02209
-57.96125
-58.67877
-59.31981
-59.50509
-59.77170
-60.08145
-59.27926
-58.86250
-59.25721
-59.90058
-59.76621
-59.24876
-59.42249
-60.25847
-61.73642
-63.54638
-63.81430
-64.43327
-64.83875
-65.15628
-67.05284
-67.08351
-66.15402
-65.77170
-67.37645
-66.54633
-65.64155
-67.11127
-67.19798
-66.90831
-67.70939
-68.35982
-66.66594
-65.77069
-66.02639
-66.51037
-66.38664
-67.20754
-66.84815
-66.23441
-66.70027
-66.97382
-67.62495
-67.59186
-66.99046
-66.81858
-66.95489
-66.28202
-66.32551
-66.95907
-67.95561
-68.77432
-68.63485
-68.12725
-69.42563
-70.18501
-70.45056
-70.50430
-70.94974
-70.92847
-70.95348
-70.60344
-70.01340
-69.37169
-69.65822
-69.69731
-69.69892
-69.44379
-68.82502
-69.28316
-69.04616
-70.33101
-70.86460
-71.68201
-71.25182
-71.22382
-69.85003
-72.12719
-71.68001
-74.49361
-72.59774
-75.65167
-71.65052
-75.97035
-65.14570
-55.37741
-57.25826
-59.62366
-61.51909
-64.09049
-65.95419
-65.17998
-65.45889
-70.12858
-69.75067
-71.72433
-71.21643
-71.47318
-69.11256
-68.28388
-66.86348
-66.12749
-65.30091
-64.90972
-64.56661
-64.34018
-64.19480
-64.08489
-64.20976
-64.56520
-64.75700
-65.18492
-65.80270
-66.44410
-67.53197
-68.13615
-69.53161
-68.79852
-69.43923
-70.75336
-70.85703
-71.59265
-72.24684
-73.09950
-73.67491
-74.41317
-74.66073
-73.73352
-72.46723
-72.04118
-71.77663
-71.79391
-71.76506
-71.14391
-70.84905
-70.88490
-70.72991
-70.42400
-70.59504
-71.43817
-72.18031
-72.51530
-73.55232
-74.16984
-74.78351
-74.91239
-75.30586
-75.16940
-74.93099
-75.00815
-71.20981
-68.96634
-69.59550
-70.26601
-71.30119
-71.55766
-72.15741
-72.07955
-72.40638
-72.59909
-73.61573
-73.71036
-73.89036
-74.38937
-75.02111
-76.32255
-75.91865
-76.34701
-74.88585
-75.71087
-74.16123
-74.86095
-73.99018
-75.84919
-74.42901
-76.20155
-74.77701
-77.17317
-75.16021
-78.12241
-75.43957
-80.34032
-70.78666
-55.94743
-56.32048
-59.44397
-61.15428
-64.41769
-65.73618
-68.59697
-69.39012
-72.51763
-72.36435
-74.59281
-74.57333
-76.07348
-74.83599
-77.97100
-76.02590
-77.31572
-77.97337
-77.77896
-77.99142
-77.57117
-77.73836
-77.83668
-81.00920
-78.06389
-81.83737
-78.71751
-86.09909
-77.85703
-90.97878
-76.64725
-85.18853
-63.84292
-55.08161
-57.68719
-59.70057
-61.86535
-63.28530
-65.14828
-67.66553
-69.44677
-69.75923
-68.33182
-68.11021
-69.23046
-70.62023
-70.24712
-71.10124
-68.86343
-68.14567
-67.67127
-67.39277
-66.03375
-65.30691
-64.49939
-64.94325
-65.29308
-65.30474
-64.70550
-64.64202
-65.01748
-64.41360
-64.62537
-64.89716
-64.52671
-63.95856
-63.74716
-63.24202
-63.36451
-63.61160
-64.22586
-64.50390
-64.30512
-64.50388
-64.33635
-64.45784
-63.70671
-63.56238
-63.24152
-63.28459
-63.32035
-62.89152
-63.54838
-63.67281
-63.70650
-63.86356
-64.45459
-64.61184
-64.68063
-64.36174
-63.76875
-63.55551
-63.18447
-62.82431
-62.48141
-62.38419
-62.27748
-61.59605
-61.90450
-62.56184
-63.30100
-63.51544
-63.82253
-63.37934
-63.21961
-65.53541
-65.40930
-66.32652
-68.34442
-69.54925
-69.84769
-70.05287
-71.55978
-71.86547
-72.28622
-72.46473
-72.56409
-72.49548
-73.31598
-73.54717
-74.45166
-75.04344
-74.96777
-75.14519
-75.00682
-74.57997
-74.48945
-75.04041
-74.95428
-75.48995
-74.46126
-71.54098
-72.77263
-74.98616
-74.95624
-76.18988
-76.00883
-77.15261
-76.98838
-77.77768
-77.28899
-77.71683
-77.50843
-78.22722
-77.38993
-78.20406
-78.54742
-79.12658
-79.59142
-79.92459
-78.98914
-78.61317
-79.52482
-78.66020
-80.52830
-78.01801
-79.58014
-77.68473
-80.92541
-76.93126
-83.24691
-74.22918
-84.86737
-62.18028
-55.20300
-57.78797
-59.49484
-62.08051
-64.58947
-65.99244
-67.24135
-69.14083
-70.09079
-69.42599
-68.75691
-69.00977
-69.37426
-68.88601
-69.24013
-68.75594
-68.23439
-66.93767
-66.92426
-66.56721
-67.27814
-68.03458
-68.83654
-67.89109
-67.82657
-66.59616
-65.77977
-65.25842
-65.17772
-65.42819
-65.21854
-65.56048
-64.17472
-63.68184
-63.83302
-64.21178
-64.31484
-64.64741
-65.84544
-66.11771
-65.98077
-65.93948
-66.92129
-66.93256
-66.58598
-67.08429
-66.70461
-67.14346
-67.46757
-67.49336
-67.21853
-67.35808
-67.00700
-67.26451
-68.28884
-68.11488
-68.10905
-67.89253
-68.31969
-68.69149
-68.14539
-67.82904
-68.49005
-69.84994
-70.49994
-69.42356
-70.21958
-72.08294
-73.02388
-73.34692
-73.19013
-73.36778
-73.52319
-74.24791
-74.65208
-75.20797
-75.21133
-76.31247
-76.53999
-76.22483
-75.83612
-75.86137
-76.04802
-77.02102
-77.00173
-76.26540
-76.35453
-76.14214
-76.32626
-77.01676
-77.10532
-76.73865
-76.79835
-76.60019
-77.37638
-77.17640
-77.67509
-76.23397
-75.73339
-79.55257
-80.58686
-79.89221
-78.44612
-77.53616
-79.53605
-80.22180
-81.11980
-80.43797
-80.74658
-79.90691
-82.78177
-81.80577
-83.62816
-82.76171
-83.38423
-83.54207
-85.55527
-85.02587
-85.89658
-85.99627
-85.19977
-89.89272
-86.96845
-94.10688
-86.18619
-101.63919
-83.78737
-94.34148
-79.68318
-79.38024
-61.63651
-54.78880
-58.01503
-59.31906
-61.40501
-62.09934
-63.60570
-64.28049
-65.34667
-66.04965
-65.59510
-65.53706
-65.85657
-68.44313
-70.13342
-70.71883
-68.55587
-67.50512
-65.27391
-66.04568
-67.50075
-68.17684
-68.08458
-68.89096
-66.55635
-65.49927
-65.63165
-66.54046
-65.89799
-64.74058
-63.49555
-63.04634
-63.01994
-56.09827
-55.00775
-57.47556
-57.61056
-58.24756
-58.61034
-58.83336
-58.28508
-58.62707
-59.30245
-59.79356
-60.54819
-59.94903
-59.48929
-59.81530
-60.91045
-61.99095
-62.33827
-62.44552
-62.15037
-62.33025
-63.27477
-64.03640
-64.81558
-65.24937
-65.73820
-63.70910
-63.64040
-62.94507
-63.02814
-63.13448
-63.49575
-61.29524
-56.11561
-57.38287
-60.21195
-62.35379
-64.45934
-64.38681
-65.17025
-64.35456
-64.41707
-65.30094
-66.46485
-65.15355
-65.17610
-65.73503
-67.48681
-68.07969
-69.44199
-69.70899
-69.19773
-69.16662
-69.56607
-69.68499
-70.15048
-72.00252
-72.08083
-73.14810
-72.66061
-74.08550
-72.33243
-74.27783
-72.14463
-79.12985
-66.71431
-59.10831
-61.55378
-64.22306
-66.44959
-68.22135
-68.43102
-70.24388
-70.29837
-72.99542
-72.76245
-75.99106
-73.99097
-74.11260
-72.79814
-77.61004
-74.24270
-61.85485
-61.56005
-65.46046
-65.91617
-67.95539
-68.10753
-70.26452
-70.82994
-71.92435
-73.24511
-72.95412
-77.38476
-74.62641
-85.65558
-73.17632
-79.54805
-55.68992
-50.08488
-53.06597
-55.15454
-58.24276
-59.83346
-63.07660
-64.32717
-66.17493
-67.05887
-67.81800
-68.39449
-67.88633
-67.11164
-66.22406
-65.41319
-64.09058
-63.84015
-63.00602
-62.39339
-61.91296
-61.89556
-61.38213
-61.37391
-61.03463
-61.63458
-61.81681
-62.19360
-62.42038
-63.02031
-63.77002
-64.54563
-64.77671
-63.74706
-63.03635
-64.20017
-65.73266
-66.43215
-66.97686
-67.80986
-67.96704
-67.94951
-68.40836
-67.88875
-67.36917
-66.44498
-65.76290
-65.56981
-64.96907
-64.38163
-64.17454
-64.06257
-64.76187
-64.73075
-65.45810
-64.19517
-64.11411
-67.51230
-67.47773
-68.30595
-69.22670
-67.16954
-68.34472
-67.39598
-68.22507
-64.85529
-59.81933
-60.07668
-61.20506
-62.20900
-62.83008
-62.46159
-63.84248
-65.24994
-66.28915
-66.24782
-67.40953
-67.14987
-67.55860
-67.91353
-68.21575
-69.29286
-61.38220
-59.88946
-62.79247
-64.74542
-66.60756
-66.41694
-68.05813
-69.41658
-68.71681
-68.43998
-69.16121
-70.96543
-68.87990
-70.08364
-67.57526
-73.93206
-61.65836
-54.88671
-57.48844
-59.49796
-61.83830
-63.37250
-64.39240
-65.88778
-67.42838
-69.77624
-69.53637
-70.29386
-69.37311
-70.90126
-70.40240
-71.75322
-69.69003
-69.58019
-68.67266
-70.03662
-69.56376
-70.80913
-70.80887
-71.28556
-69.71775
-70.33843
-70.56913
-70.44211
-71.25238
-69.65489
-75.01816
-69.50241
-96.98723
-56.03958
-51.93572
-55.84344
-57.42177
-59.95301
-60.85676
-62.86807
-65.52678
-60.85654
-57.04220
-59.70052
-61.26480
-63.31674
-64.69379
-66.81014
-67.41164
-65.69439
-67.81527
-65.27866
-65.49105
-64.15609
-64.73592
-63.78097
-63.72878
-62.57942
-57.78606
-55.93983
-57.09080
-59.37422
-60.39702
-61.43888
-62.60067
-63.30310
-61.83679
-61.78274
-62.60777
-62.56589
-63.81619
-63.62234
-63.29099
-62.87122
-62.83390
-62.55222
-62.13249
-61.84780
-61.44126
-61.47987
-61.98350
-62.14281
-62.69340
-62.67769
-63.26990
-63.62035
-63.57145
-64.12428
-63.30097
-63.80363
-63.06334
-63.01478
-63.48450
-62.19045
-61.87462
-62.08880
-62.09781
-62.13913
-61.65987
-61.25731
-61.27616
-61.87705
-62.31279
-63.04990
-63.12559
-63.10078
-64.68212
-63.38005
-64.96333
-66.12763
-66.20611
-68.06768
-67.08803
-68.52835
-67.57384
-68.06623
-68.57597
-69.86393
-69.37558
-69.54518
-69.26044
-70.20223
-70.83476
-70.78404
-69.16177
-68.01434
-68.83227
-68.93039
-70.54744
-69.08485
-73.00480
-62.17762
-58.71692
-61.70934
-64.32342
-66.14133
-67.99867
-67.57494
-71.08649
-64.02545
-58.35234
-61.02620
-63.18162
-64.12495
-66.79689
-65.95516
-70.61888
-64.97946
-57.79774
-59.34571
-62.20542
-63.32235
-66.73703
-67.03712
-69.60940
-69.11790
-69.56073
-68.71924
-69.84600
-70.54106
-69.79830
-70.96659
-69.12505
-72.58080
-54.83879
-51.96920
-55.18910
-57.01353
-60.67047
-61.19385
-63.33803
-67.34385
-57.87309
-54.00101
-56.26431
-59.44209
-59.26040
-57.82939
-61.30982
-62.97496
-63.97989
-63.11320
-62.88517
-64.85271
-65.15339
-65.86446
-66.21302
-66.94559
-65.57776
-65.39755
-64.67762
-64.60944
-63.40162
-63.45065
-63.48142
-63.56621
-63.03904
-62.55703
-61.68188
-61.98215
-62.63349
-63.57368
-64.08385
-64.22751
-64.84582
-62.90289
-62.93683
-64.58911
-65.31038
-64.67990
-64.31121
-65.17780
-65.59773
-64.50727
-64.46208
-64.95792
-64.91725
-65.08834
-66.31467
-66.41805
-66.40876
-66.29888
-66.28098
-66.49120
-66.72033
-66.00456
-66.08330
-66.84961
-67.39714
-66.84710
-64.08983
-66.06814
-67.32743
-67.86979
-67.99075
-68.56620
-68.70135
-67.52869
-66.77337
-64.64913
-66.38452
-69.60926
-68.57863
-68.29292
-69.77109
-68.08883
-68.41716
-68.44693
-69.62356
-69.21764
-69.38986
-69.90427
-69.72042
-69.79812
-69.25814
-69.76972
-70.14569
-71.73896
-71.13682
-71.50792
-70.84505
-71.87218
-68.98261
-67.23128
-70.17085
-70.17024
-70.29618
-70.83059
-71.34766
-72.06188
-70.00541
-67.83268
-69.13622
-71.08676
-70.81950
-70.76180
-70.62039
-71.76778
-71.71992
-70.67488
-71.76384
-74.07001
-73.33928
-78.01288
-75.61337
-78.42910
-76.58491
-80.32455
-76.47611
-79.68249
-78.28207
-79.51258
-79.16673
-77.93670
-83.02019
-54.22497
-52.41311
-55.15684
-56.20700
-59.58877
-59.55041
-62.11846
-62.54947
-59.76730
-58.54490
-60.33876
-60.86466
-59.94438
-60.23889
-59.90883
-60.23286
-59.01625
-57.76407
-59.32922
-60.41015
-59.71333
-60.24414
-59.81076
-60.94577
-58.47931
-55.45464
-57.68618
-58.80827
-60.29162
-62.27918
-62.32038
-62.56387
-61.71210
-60.04615
-60.81870
-61.86173
-61.53619
-62.90345
-62.45392
-62.45337
-62.13511
-62.04713
-61.48984
-62.61087
-62.53788
-61.65764
-61.62129
-62.43203
-63.52483
-61.33755
-61.05207
-62.73562
-62.76009
-62.45691
-62.75598
-62.99260
-63.43545
-62.95518
-61.75616
-62.37603
-62.59657
-63.29692
-64.53877
-63.75775
-64.81389
-63.69580
-62.68032
-63.74524
-63.87095
-64.48401
-66.62147
-66.97219
-67.56234
-66.95930
-65.16864
-65.97308
-67.12772
-65.79218
-66.76451
-66.82595
-67.46484
-66.62261
-60.91251
-61.68254
-63.68818
-63.55861
-64.43200
-64.77796
-65.60418
-66.35341
-66.02445
-66.78103
-68.20962
-67.15529
-67.67233
-67.39605
-67.58241
-68.11791
-68.37739
-66.97195
-68.34617
-69.24672
-68.80240
-69.29563
-69.56194
-70.33215
-68.87087
-68.21595
-69.84509
-71.17491
-71.19915
-71.45103
-70.47291
-71.39079
-69.43126
-69.28679
-69.11524
-69.60553
-69.28633
-70.75869
-69.42128
-71.85538
-71.01429
-72.83263
-73.32936
-76.41574
-74.74585
-77.09648
-77.46167
-78.81231
-74.38543
-51.68892
-50.68298
-54.02501
-54.17643
-55.87030
-56.26292
-57.11875
-56.83674
-58.19777
-59.41295
-59.87836
-57.22564
-56.76995
-57.65907
-57.65012
-58.54986
-57.77069
-57.52095
-57.98844
-57.08758
-57.89568
-57.85812
-57.05598
-56.61094
-56.72916
-57.69918
-57.43188
-56.86595
-56.07212
-56.43758
-56.14145
-55.25001
-54.62314
-54.47247
-55.40139
-56.28145
-57.08503
-58.43705
-59.48169
-59.57853
-58.79720
-58.01867
-57.51927
-56.87506
-56.32288
-55.24667
-54.76617
-54.89345
-54.58292
-53.64561
-54.10310
-55.30122
-55.97073
-55.11161
-53.49235
-54.90118
-56.70869
-57.06921
-56.98243
-57.89764
-57.97552
-57.42083
-55.96885
-55.79089
-56.48067
-55.32257
-54.51653
-54.45381
-55.12374
-54.94444
-54.78702
-54.35217
-54.91134
-55.42654
-56.37328
-56.35217
-56.10184
-55.76971
-56.69127
-57.78944
-59.05000
-57.16909
-53.58399
-53.65612
-53.37371
-54.49464
-55.59893
-56.56391
-58.35341
-58.28656
-57.28052
-56.13430
-56.46320
-58.08399
-58.54685
-59.44385
-58.59864
-57.87552
-54.61253
-54.04912
-55.97376
-56.16216
-58.36808
-58.73719
-61.19960
-61.73536
-60.65625
-59.44750
-59.70664
-60.58412
-60.73527
-60.58207
-60.80688
-61.93626
-61.99446
-62.08496
-62.03947
-64.26162
-64.23344
-62.62791
-61.12345
-60.03469
-60.63324
-63.21452
-65.17754
-64.71729
-64.16796
-67.01623
-63.56306
-63.04442
-60.76112
-53.05268
-52.19383
-52.54370
-51.69627
-52.79954
-52.05700
-52.47039
-53.84103
-54.29560
-55.57812
-57.23625
-58.79189
-59.43896
-59.75006
-59.87114
-60.57575
-60.55813
-60.39760
-58.65710
-57.44147
-58.13423
-57.20822
-57.58469
-58.55714
-57.11634
-55.36201
-53.83558
-56.16826
-57.87157
-57.71338
-58.45948
-58.89918
-58.46230
-57.50977
-58.02652
-58.73191
-59.48911
-58.38939
-58.25416
-57.27416
-57.21622
-57.42196
-58.10974
-57.72988
-57.07324
-57.06429
-56.90184
-57.52002
-56.82890
-58.22656
-58.88385
-58.35053
-58.08292
-57.08057
-56.47509
-56.13004
-56.59758
-55.43644
-55.02801
-54.79234
-53.88768
-54.14916
-53.92710
-54.91744
-55.32241
-54.75422
-55.16590
-54.90282
-55.78544
-57.29817
-57.82402
-57.86829
-57.75036
-58.01997
-57.13048
-56.33124
-55.41894
-53.91658
-53.44991
-53.45698
-53.80786
-54.37118
-54.36031
-55.46406
-55.31636
-56.31919
-56.79069
-56.38259
-58.94955
-60.12857
-59.81063
-58.33280
-58.22400
-58.61200
-58.65964
-57.19533
-56.61013
-56.55059
-56.08378
-55.29704
-56.18275
-56.83882
-56.12827
-55.01188
-54.61750
-56.29666
-55.74343
-55.44972
-55.98185
-56.61287
-57.03839
-57.07470
-56.97997
-57.54422
-56.38558
-54.92086
-56.42856
-57.58303
-57.63379
-59.12721
-59.30972
-59.40152
-59.21328
-60.02055
-59.50201
-59.91182
-60.18045
-60.74927
-61.11479
-61.87824
-58.78360
-50.39178
-51.33513
-54.65401
-54.92397
-55.06355
-54.07447
-56.86867
-55.63225
-52.32866
-51.49146
-52.48810
-54.21391
-54.00026
-53.06049
-55.14489
-56.07559
-56.31205
-56.42073
-56.16623
-57.14779
-57.34647
-57.21524
-58.26069
-58.12726
-57.58244
-59.50263
-58.67521
-57.81292
-57.02914
-55.83475
-55.59315
-55.74872
-55.86594
-56.57430
-56.33482
-55.41164
-55.84923
-55.18072
-54.91750
-54.63392
-55.50339
-55.64476
-54.15083
-55.79091
-54.31097
-54.31088
-56.09504
-55.78563
-57.91921
-57.26598
-56.70011
-57.32404
-57.50497
-58.01599
-57.15480
-56.98177
-56.92110
-56.42223
-57.06446
-56.44404
-56.23958
-55.60302
-55.53024
-56.60370
-56.84523
-57.79222
-56.81626
-56.67687
-57.24542
-56.15663
-56.66497
-57.27843
-56.96308
-58.40812
-58.53618
-60.23758
-60.36499
-60.10767
-60.89392
-60.96522
-61.62584
-60.92918
-61.19317
-61.41090
-62.72028
-62.64807
-62.74130
-61.01365
-61.71946
-61.44432
-61.45138
-62.29135
-61.91843
-63.86813
-64.30529
-64.10496
-65.65824
-65.31869
-63.54203
-64.17222
-64.97052
-64.82597
-62.78920
-60.13035
-58.20435
-58.33443
-57.79618
-57.75233
-58.77673
-60.12377
-61.14397
-61.57633
-63.86067
-65.59932
-65.89585
-66.78022
-67.90347
-65.82386
-65.47414
-65.03920
-64.53698
-65.74523
-64.99846
-66.02491
-64.07282
-62.64839
-61.34970
-64.30728
-63.90894
-74.26863
-59.34575
-50.14662
-52.87730
-53.52646
-52.84390
-54.20168
-54.55822
-53.17674
-52.04537
-52.75811
-52.54701
-53.07260
-52.55357
-53.21155
-53.54623
-54.68153
-55.20944
-54.50239
-54.82978
-55.72440
-55.41609
-55.71882
-55.75483
-54.73639
-55.75420
-52.97267
-53.07543
-55.66312
-55.83854
-56.30673
-57.13019
-57.39148
-56.80552
-56.11928
-55.64246
-56.41690
-56.08764
-55.74113
-56.07492
-55.67865
-55.16575
-55.19311
-55.22596
-55.71656
-56.36261
-57.25351
-57.19559
-57.14983
-58.77780
-58.75738
-57.40424
-57.49697
-56.78921
-56.03045
-54.27432
-53.05824
-53.68423
-54.35595
-55.37286
-55.23724
-55.57730
-55.69736
-55.38568
-55.83429
-56.89953
-55.81546
-54.92912
-55.66828
-56.40508
-56.21072
-55.84750
-55.76019
-55.93634
-56.48740
-56.48201
-57.79870
-58.00551
-58.29681
-57.61687
-57.30408
-57.77760
-57.81688
-57.42960
-56.48468
-56.66680
-55.80229
-55.45629
-55.87089
-55.51459
-55.53550
-56.09379
-56.47149
-56.79246
-57.40462
-57.11828
-56.63002
-55.68096
-56.56899
-57.74721
-56.94342
-57.51561
-56.92841
-56.84268
-57.08777
-57.17941
-57.50273
-58.05182
-58.53532
-58.47249
-58.35843
-58.88864
-59.30999
-59.16453
-58.60438
-58.72901
-59.26219
-59.43348
-60.74543
-61.24564
-61.24603
-61.37710
-62.61769
-62.00437
-62.40597
-63.31467
-62.42691
-61.94066
-62.04815
-62.90772
-63.09338
-64.16951
-64.18261
-59.64296
-57.86203
-58.12936
-58.17191
-58.29573
-57.44844
-56.39445
-56.02770
-57.94109
-59.76810
-60.37210
-59.90719
-60.02331
-59.55307
-59.63104
-60.40414
-59.16594
-59.33397
-59.61639
-59.09434
-58.60310
-58.87565
-58.45255
-57.83994
-57.74064
-59.13938
-60.64802
-60.28958
-59.89970
-59.38650
-59.86861
-60.58493
-60.99574
-61.41511
-60.88383
-61.09578
-61.25022
-61.84999
-63.37587
-63.82109
-64.20682
-64.13892
-64.46185
-64.53520
-64.86893
-63.50177
-64.82243
-61.53834
-57.74337
-58.40112
-58.58133
-59.22029
-60.33102
-59.77433
-59.53319
-59.79254
-60.98872
-61.10033
-60.59312
-60.91839
-59.69278
-60.88205
-61.98796
-63.08572
-62.53008
-61.21607
-60.56230
-59.66614
-59.25315
-59.05909
-59.38446
-58.82191
-59.08321
-59.72038
-60.39321
-60.31612
-61.74222
-61.49765
-62.77910
-64.94315
-66.29797
-63.00806
-58.91121
-58.42767
-58.16953
-60.12431
-60.83944
-61.72328
-60.89218
-59.45640
-59.23020
-59.76534
-61.32203
-60.61356
-60.84641
-61.75974
-60.99093
-61.13002
-61.43220
-61.24343
-62.92669
-63.43372
-62.67433
-62.01300
-64.36775
-64.52922
-63.04507
-63.31840
-64.20534
-64.70101
-64.25618
-64.48642
-66.10815
-68.74351
-66.39957
-66.38660
-67.45716
-67.41343
-66.25192
-65.99888
-69.29497
-70.26305
-68.96054
-70.17843
-69.01441
-68.92918
-68.82615
-70.72862
-71.23534
-73.31774
-68.21965
-60.87774
-59.72995
-60.93865
-60.86027
-60.31866
-60.20765
-60.31841
-61.12156
-61.20888
-62.33765
-61.67851
-61.04986
-60.91786
-62.18129
-63.18611
-63.95500
-63.99547
-62.94963
-63.13397
-62.52756
-62.04878
-61.61858
-62.97454
-62.77629
-62.49683
-62.85404
-62.52423
-62.52289
-63.35157
-64.85416
-64.98578
-64.37502
-65.37356
-65.07540
-64.78309
-64.62105
-64.68238
-64.61704
-64.24396
-64.18076
-64.20895
-65.43690
-65.99708
-66.38968
-66.49180
-66.85257
-66.04012
-66.20113
-66.36502
-66.68858
-66.55408
-66.17202
-66.78359
-67.61931
-67.49301
-67.18642
-66.27325
-62.11358
-60.98123
-60.65054
-59.51169
-60.25015
-61.90461
-63.37765
-62.20493
-62.01397
-62.10969
-60.07137
-61.74439
-63.36639
-63.08117
-63.85658
-64.30971
-66.12897
-64.56048
-64.80900
-65.10669
-63.79615
-64.58102
-64.61212
-65.59198
-65.54265
-66.35963
-66.68479
-67.03812
-69.17231
-68.36366
-68.06490
-68.76300
-69.33910
-68.67256
-66.88345
-65.79539
-66.92959
-67.82173
-67.93771
-67.05369
-67.27725
-67.35675
-67.16061
-68.23495
-68.72375
-68.54387
-67.47418
-67.73032
-68.10848
-68.82043
-68.59363
-67.57154
-67.01372
-67.48748
-67.83848
-67.60426
-67.72035
-68.04373
-68.34169
-67.60323
-67.86614
-68.76736
-68.94041
-69.13748
-69.00707
-69.68630
-71.35617
-70.43600
-70.40596
-71.11367
-71.86672
-71.07950
-72.41380
-69.88388
-64.75717
-62.77952
-61.52353
-61.75588
-62.01911
-62.17653
-62.83922
-64.69050
-63.42038
-62.92443
-62.82422
-61.12392
-61.29302
-61.91034
-63.39617
-62.08715
-61.66284
-62.08614
-62.18784
-62.89745
-64.05755
-66.16607
-67.17967
-67.35543
-67.54119
-67.70868
-67.29855
-67.61579
-67.41274
-66.92132
-66.65441
-66.62873
-66.37226
-65.26926
-64.21943
-65.01882
-65.62427
-65.34282
-65.08256
-65.73708
-67.89161
-68.34156
-68.20916
-68.04312
-67.88160
-68.44261
-68.34159
-68.88226
-70.00844
-69.80141
-68.31149
-67.58609
-68.17283
-68.80661
-68.63407
-68.25174
-67.82336
-68.03705
-68.36472
-68.94677
-70.52009
-70.03586
-70.39941
-70.53961
-70.29482
-70.74230
-71.44956
-71.37011
-70.91529
-69.93121
-69.84019
-71.46704
-71.99112
-71.66852
-72.10290
-73.37512
-73.30424
-73.23447
-73.45704
-74.11673
-73.18022
-72.02234
-72.01294
-73.39949
-73.87143
-74.02636
-73.88523
-74.18317
-74.22099
-74.05404
-75.46723
-74.32910
-72.98249
-74.88516
-76.03019
-75.95755
-76.36629
-76.11317
-77.24852
-75.79463
-75.78114
-76.00367
-75.73352
-75.91269
-76.51957
-76.99474
-77.48137
-76.94836
-76.53193
-77.14212
-78.02382
-78.91934
-78.95803
-79.63171
-81.96094
-81.39628
-79.67458
-78.55550
-77.61653
-76.51710
-77.29953
-77.91514
-77.47744
-78.82512
-77.53481
-79.30712
-79.84495
-83.18223
-81.43526
-86.24505
-68.67393
-62.39311
-62.61789
-62.68191
-63.90977
-65.05008
-65.16862
-64.05993
-64.15900
-65.17349
-65.09194
-64.18841
-64.31342
-65.50366
-65.61014
-66.11639
-66.67927
-66.17181
-65.56421
-66.15825
-66.76835
-66.57521
-65.99024
-66.37454
-67.72894
-67.89606
-67.39309
-67.56455
-68.60741
-68.11760
-68.10978
-69.99703
-69.91073
-69.47433
-69.17156
-69.11408
-69.10567
-69.36158
-68.54448
-68.55593
-69.21078
-69.21684
-69.76948
-70.36650
-71.05943
-70.48852
-71.87837
-73.41527
-74.26672
-73.55162
-73.15233
-70.18732
-68.86817
-68.48654
-66.24132
-65.31095
-65.97272
-67.67630
-67.24880
-67.51173
-67.95818
-68.68386
-68.58394
-68.86488
-68.17638
-67.40075
-69.05532
-71.11710
-70.21374
-69.20937
-69.58705
-68.67731
-68.67296
-68.15412
-70.79133
-71.54609
-70.09281
-70.22157
-70.79101
-71.56819
-70.31922
-70.01353
-70.84722
-71.74164
-71.08565
-70.32375
-71.23909
-71.92823
-71.07130
-71.53123
-72.40844
-72.98693
-74.58068
-74.93492
-74.78592
-74.28292
-73.30684
-75.34242
-75.78271
-75.87669
-74.96377
-74.69301
-75.77818
-75.09833
-75.70250
-75.86800
-76.48243
-76.57990
-75.32317
-74.26406
-74.99532
-74.81257
-75.30627
-75.96093
-75.77924
-76.58753
-76.54089
-77.61606
-76.97132
-76.29252
-77.10525
-78.24880
-78.24025
-79.03732
-79.22619
-77.72553
-77.94910
-78.43983
-81.28771
-81.80203
-83.93993
-77.67153
-72.15851
-72.37251
-72.52917
-72.73085
-73.72097
-73.38361
-72.09267
-72.64510
-74.93066
-75.98930
-75.54031
-75.22507
-74.85940
-73.83758
-74.50903
-75.88320
-75.93483
-77.93576
-76.71229
-74.90424
-76.26706
-77.14673
-76.09351
-74.29092
-74.07657
-75.23325
-75.83336
-75.79636
-75.95516
-76.13988
-76.91871
-78.09074
-80.01865
-79.98334
-78.43059
-78.76540
-78.66239
-79.21369
-79.87770
-80.53787
-80.10376
-80.24697
-81.18360
-82.27629
-84.06046
-82.95040
-86.76092
-73.61841
-69.30035
-70.96402
-72.65140
-73.37010
-73.57832
-74.74980
-75.86217
-77.47578
-76.57668
-75.90304
-75.70493
-73.78276
-72.51228
-74.65367
-76.78835
-77.58592
-75.40643
-74.61519
-75.63601
-76.99179
-76.71338
-77.13795
-78.94154
-78.75813
-79.19157
-77.29619
-76.45386
-76.56493
-77.97034
-76.08622
-78.95856
-81.85388
-80.17025
-73.46811
-71.44471
-71.92572
-71.55727
-74.12741
-74.92188
-76.27079
-72.87366
-71.76281
-71.74042
-73.10230
-74.67856
-74.04020
-74.26947
-74.33809
-75.02402
-74.35677
-74.34653
-74.17371
-76.20722
-76.67533
-76.42187
-76.70237
-78.24175
-78.93678
-77.20083
-78.65018
-79.37649
-79.89778
-78.99368
-78.61185
-82.45609
-82.18596
-81.15619
-81.47383
-81.31398
-81.88089
-80.76990
-79.54189
-81.03313
-81.71168
-81.08367
-81.79976
-80.81453
-80.41855
-80.19088
-83.38585
-83.55462
-87.28532
-75.08433
-69.04120
-70.27366
-70.85750
-71.44415
-72.01537
-72.12050
-73.78800
-75.10035
-75.79598
-75.38701
-74.80440
-74.27299
-73.97398
-73.07680
-73.27644
-75.23248
-74.19561
-74.28238
-75.67603
-76.52253
-75.88868
-75.47098
-76.47347
-76.03093
-76.37094
-76.41861
-76.19050
-76.82027
-78.07792
-78.52340
-79.31326
-78.83943
-78.92884
-79.96095
-79.84183
-80.31496
-80.69937
-80.35838
-78.04356
-76.79117
-78.19572
-78.54713
-78.18123
-78.87498
-78.77794
-80.29662
-81.69780
-81.60610
-81.85993
-81.64571
-80.02297
-79.61514
-80.01682
-81.03858
-80.70087
-81.48542
-76.35541
-72.24320
-71.96937
-70.75668
-70.60153
-71.31371
-72.20497
-72.98452
-74.16741
-75.19584
-74.96470
-74.49052
-74.41769
-73.83932
-74.57106
-73.81310
-74.03167
-76.87583
-75.27076
-76.38152
-75.21861
-73.66414
-74.56969
-75.65931
-76.17471
-75.75681
-75.32849
-76.05662
-78.85908
-78.81682
-77.71756
-78.29859
-80.96863
-81.57041
-80.03541
-77.40331
-77.64594
-79.83433
-79.46213
-79.06475
-77.66586
-77.21721
-77.87315
-79.08350
-81.74691
-82.25623
-81.26120
-81.83826
-82.24169
-84.12055
-84.15597
-82.87978
-80.85854
-79.92422
-82.29011
-83.86898
-84.76698
-84.29001
-85.14040
-83.72705
-82.54609
-83.64719
-84.10075
-85.55803
-84.22137
-82.22508
-83.84148
-82.66865
-80.17541
-82.41276
-84.56461
-83.01846
-83.23641
-87.64654
-80.41523
-75.01671
-73.03845
-72.94070
-73.69469
-73.27586
-73.11138
-73.55613
-74.80282
-74.48859
-72.37630
-72.20722
-72.93019
-72.65689
-72.97143
-73.64692
-75.67183
-76.82483
-76.24897
-75.15670
-75.62950
-75.20478
-76.13253
-78.56433
-77.14244
-77.08046
-76.59534
-76.38041
-76.59065
-75.15052
-75.69917
-77.71151
-77.10148
-75.92173
-74.27172
-74.17325
-75.21371
-76.72184
-77.40050
-78.03454
-78.59122
-79.65097
-79.73981
-80.39732
-80.98190
-80.55950
-81.86541
-80.02483
-79.89089
-79.32469
-77.77200
-76.79251
-77.84427
-79.02321
-79.49987
-79.89814
-79.79109
-80.76309
-81.25399
-80.34909
-82.33668
-83.71005
-83.38739
-83.35231
-81.54754
-82.30222
-81.35696
-80.42102
-80.01851
-80.21134
-81.85186
-83.49171
-84.13128
-82.39340
-81.56763
-83.52089
-83.04555
-82.39240
-83.89380
-84.34680
-84.10399
-85.61822
-85.17714
-84.05025
-83.27617
-82.77630
-83.60853
-83.36094
-84.88375
-85.14741
-85.61144
-86.16478
-83.15478
-82.58742
-85.42465
-84.61550
-87.33309
-88.23409
-86.21357
-85.29656
-84.46139
-87.04663
-86.08133
-84.31814
-83.36952
-85.52090
-86.92333
-86.95509
-86.80887
-84.63203
-83.28065
-84.87274
-86.26472
-86.54834
-87.94793
-89.67169
-87.54181
-86.57597
-84.97455
-83.72437
-84.43961
-88.05752
-88.72211
-87.13413
-86.88745
-86.06236
-86.12396
-86.94773
-90.23455
-87.91344
-86.98022
-72.98868
-69.31396
-69.12013
-68.37898
-69.11726
-69.94800
-70.75657
-70.52083
-72.69921
-73.49200
-72.58265
-72.89697
-74.10465
-73.28130
-72.20556
-73.38438
-73.52293
-75.70639
-74.89675
-73.60221
-74.43420
-74.63040
-75.00427
-75.01693
-75.48933
-74.77778
-74.67569
-75.83148
-77.53536
-77.13874
-76.37718
-76.71046
-77.37049
-76.10347
-77.29939
-77.44669
-77.05256
-79.05752
-78.53356
-80.36627
-78.58526
-79.44122
-80.87488
-80.02800
-78.33023
-78.33141
-78.38603
-80.50840
-82.44281
-83.32960
-82.13236
-74.58165
-70.68669
-69.33675
-69.43450
-70.21315
-71.11617
-70.97830
-71.58765
-73.31687
-74.17992
-72.49611
-73.69821
-74.77958
-72.67842
-71.78423
-74.68715
-73.79371
-73.27463
-74.88230
-74.85611
-76.71392
-74.63973
-76.33745
-75.57312
-74.04774
-73.43378
-73.87151
-75.41236
-78.17509
-79.69403
-78.13249
-75.65192
-73.09015
-73.09852
-75.15278
-77.69045
-76.95049
-76.95651
-75.66089
-74.76112
-73.60182
-73.58759
-73.51838
-74.03135
-77.71617
-79.29745
-77.41484
-79.28700
-82.49042
-81.19034
-79.40829
-78.21635
-76.43811
-75.99551
-77.95987
-78.76927
-80.06727
-80.22197
-80.22212
-79.66039
-79.79554
-80.27517
-81.05417
-80.91072
-80.97449
-81.49637
-78.80452
-77.94047
-79.33374
-81.27538
-84.32540
-84.83645
-83.62265
-82.11838
-78.83573
-78.75737
-80.58635
-81.89948
-83.44437
-83.76988
-79.22595
-77.99138
-77.47753
-77.65482
-79.29418
-79.04325
-79.08733
-78.27261
-78.89676
-78.64083
-79.26162
-80.05088
-80.64439
-81.09434
-80.91261
-82.02435
-79.49627
-77.64690
-77.94432
-76.76171
-75.57434
-74.57117
-75.03003
-77.54953
-79.41620
-81.58048
-81.13111
-82.19173
-81.92915
-82.46702
-81.89805
-81.82816
-80.55919
-75.68465
-74.47059
-74.09375
-73.25413
-73.29240
-73.69640
-74.32696
-76.60195
-79.15715
-80.75831
-81.51294
-81.65744
-80.46943
-80.05794
-78.82922
-79.54757
-75.92088
-72.77012
-72.08635
-71.44810
-71.61633
-72.59944
-74.23039
-75.74672
-77.25379
-76.89767
-77.17158
-75.00202
-75.54158
-76.86340
-76.82931
-77.54530
-76.87703
-75.07304
-73.09165
-73.14814
-73.08666
-72.89318
-73.39313
-74.20098
-74.13452
-74.22105
-74.55673
-75.70680
-75.33864
-75.28643
-75.61785
-75.20732
-76.58020
-74.77911
-73.17200
-71.24305
-69.86400
-71.01220
-72.36557
-72.73099
-74.16552
-74.57864
-74.80754
-75.78426
-73.19385
-73.84905
-77.25219
-75.84900
-75.96447
-79.23969
-77.23526
-77.60984
-77.33264
-73.96626
-75.34678
-78.88604
-78.09106
-77.44570
-77.77945
-77.45309
-76.15200
-76.68411
-79.02134
-78.84424
-80.56021
-80.33533
-82.15901
-80.80903
-78.68620
-79.01243
-78.11598
-79.98091
-80.95855
-81.72317
-85.58815
-82.99417
-78.41271
-78.87854
-80.27236
-82.32326
-84.72885
-86.15948
-87.33533
-87.89978
-86.88857
-85.61325
-86.95229
-86.28984
-86.64040
-87.06499
-89.66158
-91.03749
-89.37422
-89.06683
-88.25096
-90.08425
-90.50174
-91.06677
-91.79948
-91.56310
-92.48641
-91.32750
-89.87455
-90.21315
-90.88541
-92.81810
-95.15769
-95.09471
-94.83010
-94.36691
-92.37667
-92.89593
-95.73246
-97.56518
-97.40597
-99.54630
-100.31364
-98.54651
-96.19025
-93.78964
-93.73536
-93.82772
-99.21779
-102.93423
-104.90074
-102.13720
-99.83566
-99.89776
-99.80888
-101.71530
-101.39295
-104.39191
-104.24815
-105.63283
-103.65354
-101.30571
-102.29835
-105.51383
-105.84643
-107.91675
-109.16421
-106.96061
-108.86257
-107.72043
-110.60455
-110.27442
-108.04476
-110.43251
-113.54721
-111.37297
-107.54362
-109.86581
-110.45405
-111.43264
-114.13994
-116.11993
-113.40788
-112.67071
-114.54829
-112.69121
-117.41336
-120.37882
-122.60670
-124.60605
-124.43499
-123.82167
-125.96457
-125.63474
-127.32125
-132.60491
-134.64590
-137.10549
-139.67867
-140.27117
-139.17032
-144.51645
-142.50236
-147.46683
-144.11249
-151.11811
-146.33564
-152.45183
-146.06754
