-70.11613
-49.63652
-48.26126
-56.15641
-56.18839
-63.48590
-63.77709
-69.13095
-69.27578
-72.40388
-72.31125
-80.37529
-71.69154
-82.95221
-75.34329
-79.04549
-80.59136
-78.40232
-83.84160
-77.17141
-78.74251
-76.48334
-73.42999
-56.87751
-58.75447
-62.26934
-64.78144
-64.18095
-65.85026
-64.12437
-64.02388
-73.27005
-77.25428
-74.64070
-53.38919
-55.83612
-59.77907
-63.55125
-65.96793
-67.39848
-72.88114
-67.34442
-75.47555
-67.49813
-71.59837
-68.25670
-66.51328
-67.99612
-66.57136
-64.55875
-66.93499
-63.84490
-65.58436
-85.19469
-95.06877
-76.00408
-70.43539
-73.28277
-76.35646
-88.31928
-76.14582
-125.73941
-73.34182
-72.23521
-66.40753
-72.80580
-61.31424
-53.07517
-63.28945
-82.49037
-73.33843
-85.98861
-86.27439
-80.89478
-99.58052
-77.27176
-87.26258
-91.42130
-88.35929
-88.19309
-82.25825
-90.31842
-70.54452
-73.71626
-65.07795
-69.64543
-63.64111
-76.75566
-63.56322
-58.13005
-66.55590
-70.88099
-66.64041
-69.95500
-67.62207
-66.41574
-66.78229
-65.71718
-62.64484
-49.00758
-53.37491
-58.40445
-58.76127
-68.70801
-65.74763
-75.76743
-69.73347
-80.55359
-71.69898
-82.29707
-65.49230
-71.86703
-71.25832
-71.00950
-69.52016
-71.21169
-67.83653
-69.86218
-69.03490
-70.02187
-68.48754
-57.73258
-74.53651
-71.88004
-95.53684
-83.09997
-83.14675
-83.10459
-83.04717
-77.04060
-68.40686
-62.24971
-47.27444
-51.30917
-61.05277
-69.73259
-79.65018
-71.81339
-98.08013
-75.58596
-85.25891
-75.59623
-115.09663
-83.97750
-105.12152
-76.83010
-78.08253
-65.33239
-66.06319
-62.22873
-62.46149
-60.74912
-62.23436
-59.49724
-56.65372
-61.61840
-74.50120
-100.32333
-94.64423
-91.78097
-93.58114
-96.53009
-92.41899
-80.99147
-65.55750
-48.16864
-50.62581
-59.49333
-55.55773
-62.18874
-65.70492
-67.32822
-68.37010
-70.33599
-66.21585
-104.99462
-71.45947
-74.44503
-70.10214
-70.17710
-67.52915
-73.59367
-63.29232
-82.02544
-61.05227
-88.96417
-58.34142
-57.92281
-60.09851
-66.44726
-65.73931
-70.74075
-79.91547
-60.44668
-64.92349
-53.34027
-52.09514
-35.51735
-35.06830
-57.77045
-52.49466
-62.89498
-72.41554
-79.83168
-68.30577
-63.95112
-61.33240
-58.99683
-58.32877
-54.70562
-54.87156
-51.66587
-49.47489
-40.45806
-28.84552
-40.69787
-70.25430
-63.92055
-64.93078
-67.38291
-74.95971
-72.17657
-59.73284
-50.86907
-32.93369
-32.03683
-52.45858
-53.02848
-57.74546
-109.43206
-39.29768
-39.95041
-73.33853
-52.33957
-57.47399
-61.12445
-66.84167
-75.65334
-74.86896
-65.74557
-61.32601
-61.26882
-54.04048
-53.00908
-49.54215
-45.82859
-33.99060
-30.18934
-48.12753
-60.92748
-79.81918
-67.21490
-63.62637
-61.98636
-61.33569
-61.27898
-57.74704
-30.60230
-36.70884
-48.80488
-50.19979
-50.66625
-48.69317
-36.85985
-42.56625
-73.10320
-54.06708
-55.16798
-56.09808
-57.20439
-58.33265
-60.18321
-62.53348
-66.38183
-75.58224
-73.21091
-62.75093
-56.43851
-50.42717
-30.61225
-33.23737
-61.13178
-56.38666
-65.95951
-85.24750
-65.16368
-59.39462
-55.17314
-50.48824
-41.09579
-28.36476
-42.53301
-54.84671
-53.87605
-51.21527
-43.93345
-38.20663
-47.86360
-72.93321
-57.27845
-56.48594
-55.90658
-55.55132
-55.36166
-55.31238
-55.41229
-56.18528
-53.92966
-57.24633
-54.67597
-55.64789
-47.86231
-28.47379
-37.18959
-60.81165
-56.90526
-61.50334
-68.13857
-80.65562
-62.93499
-55.51345
-48.51085
-35.05802
-29.97992
-57.65033
-59.96503
-79.15732
-58.23166
-40.05269
-38.21917
-58.88284
-57.78895
-74.06502
-74.45308
-65.89503
-62.09997
-59.54308
-58.22290
-55.34095
-55.44161
-53.21055
-51.79809
-49.79361
-46.42902
-37.16141
-29.27151
-44.88169
-68.33936
-65.80392
-66.27991
-67.04510
-70.46762
-117.10262
-64.39574
-53.87597
-31.79792
-32.94048
-51.43648
-51.55314
-54.10870
-57.97427
-38.90739
-40.74266
-71.10863
-52.87115
-56.78993
-59.23705
-62.12043
-66.22671
-74.36240
-78.53262
-66.86504
-62.55985
-55.54155
-54.70444
-50.37718
-45.77960
-32.15134
-31.16857
-51.96229
-53.69633
-63.38871
-77.72065
-72.15745
-65.35647
-61.94611
-58.87363
-51.36831
-29.64405
-37.38091
-50.34332
-50.91356
-50.38293
-46.50683
-38.65784
-44.19991
-70.49755
-56.06136
-56.33669
-56.59772
-57.03999
-56.97823
-60.49675
-58.37800
-63.60605
-63.00974
-71.27687
-81.07477
-58.83453
-56.08037
-30.36886
-33.70267
-64.84629
-55.43000
-62.56806
-74.91302
-69.46461
-60.86164
-55.50115
-49.98486
-39.36420
-29.85311
-45.04706
-60.01410
-55.35611
-50.59741
-40.98737
-36.99684
-53.02283
-59.35885
-67.23413
-61.55690
-59.11351
-57.62442
-56.59036
-55.81834
-55.20680
-54.72626
-54.20993
-53.63935
-52.28889
-51.37865
-43.59453
-28.82009
-38.20344
-82.91434
-61.80494
-64.37827
-69.64149
-87.15578
-64.59033
-56.45480
-48.98230
-34.03327
-31.00219
-58.52060
-56.13701
-65.11676
-60.84556
-37.84554
-38.65381
-78.75820
-52.62913
-59.96520
-65.79332
-79.78790
-72.13340
-64.88860
-61.11789
-58.13684
-57.61027
-52.84884
-53.95640
-48.42020
-47.18596
-35.27072
-29.79027
-45.73562
-58.70080
-76.74372
-67.91309
-65.75179
-65.69490
-68.03657
-82.60582
-64.46189
-31.38975
-34.57098
-51.52851
-51.33474
-52.74734
-53.43560
-38.53717
-40.95934
-79.61336
-54.03212
-56.18249
-57.87653
-59.80022
-62.28825
-65.98791
-73.31642
-79.46806
-75.26838
-57.51411
-57.99254
-50.27479
-47.45229
-31.15842
-31.68707
-75.50743
-55.05236
-63.39310
-81.13682
-68.49611
-61.94440
-57.96072
-53.96045
-45.76453
-30.03659
-39.75705
-52.22668
-51.35913
-49.45634
-43.47477
-36.03811
-46.61631
-64.07243
-55.74181
-58.10249
-56.50538
-57.23816
-55.58783
-57.75724
-57.21741
-60.36719
-53.79207
-80.83455
-55.66499
-73.86338
-57.52061
-30.28671
-36.18580
-71.35705
-56.28471
-61.55302
-69.02196
-77.86738
-63.04826
-56.21499
-49.79060
-37.63218
-30.62190
-51.58523
-78.20941
-60.57442
-52.57744
-40.01338
-37.76859
-50.62411
-55.43961
-74.08668
-71.49897
-64.31160
-61.44440
-57.67569
-59.41314
-53.54984
-58.57941
-52.38664
-54.92772
-49.86078
-49.81770
-39.97642
-29.85630
-42.95147
-60.51564
-66.04675
-67.15497
-70.04927
-82.27178
-69.57435
-59.29783
-50.89274
-33.29458
-32.45041
-52.39767
-53.16064
-57.47586
-73.03467
-38.74886
-38.96260
-63.95275
-53.43791
-60.39702
-63.88392
-69.89660
-95.34507
-70.79105
-64.23455
-56.80389
-65.10449
-49.32601
-61.22126
-49.08537
-46.52071
-34.64594
-31.21194
-48.86020
-57.10727
-77.26816
-74.12961
-68.32034
-74.75655
-59.33478
-66.58814
-61.95879
-31.10418
-36.99800
-49.86026
-51.38987
-52.15232
-50.38433
-37.26475
-41.95098
-77.52434
-51.93248
-54.68320
-55.37426
-58.00677
-58.58747
-60.50565
-63.15743
-70.21029
-57.01582
-53.31302
-57.60029
-51.18447
-52.93681
-31.17770
-34.02966
-61.39840
-55.84286
-64.00918
-79.25732
-69.62594
-62.50646
-56.87178
-53.27961
-43.76150
-30.57189
-43.95450
-55.20077
-53.59412
-50.63221
-42.72745
-36.13913
-47.35490
-73.04445
-57.57801
-57.16984
-56.58361
-56.21918
-55.70531
-56.28637
-54.61421
-57.25074
-54.84774
-60.82218
-54.56888
-56.85654
-50.12668
-29.53706
-37.22222
-71.50294
-58.09583
-63.08922
-71.27933
-73.94801
-61.74457
-54.97164
-48.25287
-35.11302
-30.27128
-76.25947
-59.50054
-81.09580
-57.39866
-38.76913
-37.74648
-59.99227
-55.76148
-73.90176
-76.16271
-66.25594
-62.20819
-59.54964
-57.66648
-56.16515
-57.77030
-51.02918
-52.30769
-49.45831
-46.32344
-37.50359
-29.44912
-42.89385
-56.15858
-74.41440
-69.29290
-69.24587
-73.35888
-81.25635
-63.07177
-53.36242
-32.20762
-33.20314
-51.10643
-51.77242
-54.58141
-58.45869
-36.96232
-39.25102
-71.25328
-52.64743
-56.75873
-59.36010
-62.56898
-67.37153
-79.12325
-72.86576
-63.71512
-95.72148
-55.49328
-55.62757
-49.59768
-46.58644
-32.59855
-30.93320
-53.37747
-57.25094
-72.12584
-73.51555
-65.45200
-62.11859
-60.01548
-58.00054
-50.78749
-30.18956
-37.61525
-49.90679
-50.50187
-50.07007
-46.10298
-36.16535
-43.18853
-80.04658
-55.53712
-55.79036
-56.14522
-56.78842
-57.21008
-63.44561
-56.42693
-65.81730
-63.30298
-76.27892
-78.84994
-62.17486
-56.21204
-30.25493
-33.84875
-70.18050
-57.26412
-63.66827
-77.09367
-69.21008
-61.04279
-55.78489
-50.34657
-39.66963
-30.35011
-48.34414
-64.59579
-58.66076
-53.40510
-43.50105
-37.89473
-49.08914
-64.27461
-59.92447
-61.48239
-56.59938
-59.98065
-55.45231
-56.63304
-55.57194
-55.08438
-54.49046
-53.85655
-52.75266
-50.86158
-42.98381
-29.88156
-39.81262
-58.24176
-65.85954
-69.16495
-77.39309
-75.00785
-63.67659
-56.39749
-50.19254
-34.33753
-31.76807
-55.22010
-55.08746
-61.57148
-67.93115
-39.61649
-39.75449
-63.25915
-53.80461
-62.93613
-65.05067
-86.44432
-72.29482
-65.02861
-62.46488
-57.67445
-57.39833
-53.06112
-52.42277
-49.33082
-46.67682
-34.54008
-30.21050
-49.33278
-56.23561
-91.55330
-76.27079
-70.02833
-69.24014
-72.49560
-81.23383
-61.82475
-31.90863
-35.77817
-48.68860
-50.66280
-52.15105
-52.05723
-37.20418
-41.54396
-68.80650
-50.62287
-58.20902
-57.87087
-62.44233
-60.76778
-67.10506
-61.70457
-50.99538
-57.62148
-66.40768
-58.93851
-53.52659
-47.77524
-32.24718
-32.82521
-75.51977
-55.61774
-63.70743
-76.76696
-63.68829
-66.14488
-60.49305
-56.74058
-48.93115
-31.70417
-41.27677
-51.68142
-51.43171
-49.63241
-43.41664
-36.47793
-47.01651
-59.97599
-54.16331
-63.11504
-58.46484
-60.59057
-57.96023
-61.36445
-56.71272
-66.60707
-50.52596
-66.71951
-51.85104
-87.12208
-66.43186
-31.89986
-38.97321
-68.74747
-59.13254
-64.72834
-75.11416
-72.44759
-62.76594
-56.71683
-51.96760
-38.16440
-31.60126
-58.47467
-102.76323
-64.15247
-55.57005
-42.68657
-37.18236
-44.72839
-55.10835
-66.84452
-63.58489
-57.61682
-67.36704
-56.48113
-57.57650
-55.66973
-56.83232
-52.49391
-53.57919
-51.05838
-49.88464
-40.73965
-30.30784
-42.93219
-59.20400
-71.42238
-73.04622
-81.03685
-74.84246
-68.22673
-57.14473
-51.42301
-34.23693
-34.03725
-53.05974
-55.50018
-61.88294
-67.79063
-37.92491
-39.13982
-60.18033
-51.56016
-62.33876
-55.57759
-72.27347
-54.91234
-73.98439
-75.81882
-92.59374
-89.43681
-71.63357
-87.97353
-63.64621
-77.17176
-61.64210
-66.77320
-62.00918
-62.26774
-55.66145
-63.79793
-49.92432
-54.65894
-56.58792
-69.92170
-55.59638
-83.52720
-54.58863
-67.76368
-56.71459
-56.92832
-48.45098
-27.36383
-31.20677
-39.97585
-40.86243
-49.23866
-44.34154
-54.63470
-47.03946
-61.91608
-53.50848
-70.06941
-58.18028
-61.77624
-71.18554
-55.78461
-55.16717
-32.31663
-35.21930
-59.90653
-55.77360
-64.38957
-91.89901
-65.80364
-63.35119
-53.46659
-55.43029
-42.72598
-32.57419
-45.45187
-51.90985
-50.14872
-47.02292
-39.14654
-28.60509
-35.13151
-38.46585
-41.32511
-49.34830
-45.16578
-60.68818
-48.98049
-63.49932
-50.36902
-85.48594
-48.91268
-67.93369
-50.18005
-58.28529
-48.15488
-31.36385
-40.63017
-79.46520
-60.26107
-63.11719
-68.90820
-84.82380
-64.34557
-55.89604
-50.69934
-36.64314
-32.03637
-61.54724
-78.70237
-57.41518
-48.82036
-35.15022
-29.96583
-36.51648
-40.54019
-46.09035
-44.98251
-49.94536
-52.33008
-54.40238
-74.31814
-53.21027
-73.77074
-48.00791
-54.70497
-48.46200
-46.87869
-37.95373
-31.15358
-44.40922
-53.03662
-71.31249
-68.70194
-62.52044
-68.27377
-66.27633
-70.64008
-59.56446
-34.89419
-36.90593
-52.35837
-55.17938
-62.21320
-61.75698
-31.25322
-31.08055
-39.69558
-39.60485
-52.16330
-45.90081
-57.17153
-50.33242
-69.78647
-57.87764
-57.52436
-59.45561
-54.93574
-74.23391
-50.68722
-48.55833
-34.94368
-34.43501
-53.87511
-63.33774
-88.78117
-66.00105
-61.17994
-59.59387
-54.80720
-56.31628
-48.84340
-32.48036
-41.64688
-49.99091
-50.47016
-49.76870
-45.88600
-29.66189
-34.11341
-40.69845
-41.84030
-47.10769
-44.56584
-59.13224
-46.26665
-81.19932
-53.18518
-64.79235
-52.61465
-73.24776
-60.66781
-68.21294
-68.32472
-33.36236
-36.63569
-56.77389
-65.47521
-81.36184
-71.92696
-63.25632
-59.26275
-52.57050
-51.24116
-39.71051
-31.87494
-52.25609
-59.06996
-54.21053
-49.13756
-38.69440
-31.08533
-37.89310
-43.86696
-49.86649
-55.96851
-50.71208
-88.90016
-50.56099
-63.73935
-53.56485
-58.20030
-54.90377
-55.36306
-53.74589
-52.96812
-45.63243
-31.65309
-41.27129
-67.79085
-65.60577
-71.40055
-95.27092
-68.14550
-60.67334
-54.88124
-48.59623
-34.30487
-32.33009
-57.28921
-59.62245
-78.85784
-53.96277
-34.85050
-28.30112
-37.77545
-43.06190
-41.82255
-43.33708
-47.61496
-50.97285
-47.20009
-66.30214
-49.74904
-89.76816
-48.71476
-60.09391
-48.47762
-47.87283
-36.92363
-32.66165
-55.16304
-81.39844
-70.43930
-67.81073
-67.73685
-69.96749
-75.69172
-51.40170
-64.93978
-32.76946
-36.91003
-53.07854
-57.73734
-71.52732
-57.85036
-31.87214
-30.85183
-51.78570
-39.57465
-43.21761
-42.86341
-49.22982
-48.73195
-53.47951
-52.94444
-53.72912
-58.05923
-54.38868
-78.08648
-50.14922
-50.16997
-33.27687
-34.31725
-73.22444
-60.43297
-79.06729
-71.42408
-64.47169
-61.58289
-56.88617
-54.98436
-46.80985
-31.60203
-42.34408
-54.08063
-54.82331
-54.13732
-48.06501
-30.91121
-33.59458
-44.59773
-38.41299
-44.28186
-44.07922
-54.25827
-45.13062
-56.11845
-49.79346
-68.83406
-53.39800
-70.00796
-54.67662
-57.54644
-54.67114
-32.30396
-40.07958
-65.43822
-63.54585
-99.10686
-68.66599
-62.08464
-58.44570
-52.53109
-48.88982
-37.71597
-32.11138
-59.30696
-73.13852
-60.76084
-53.65053
-41.15670
-29.92499
-39.23669
-42.46034
-39.03341
-44.80112
-43.48016
-53.93021
-45.60208
-59.86295
-47.59437
-61.61304
-48.26469
-67.37552
-50.72336
-55.67601
-43.23306
-32.01321
-44.54122
-62.37266
-61.56092
-64.17639
-67.18225
-75.39011
-73.82604
-60.24333
-51.79374
-33.85478
-33.21035
-52.23687
-53.81379
-58.57417
-88.57458
-33.79570
-28.90670
-36.52958
-45.19602
-42.65269
-45.57556
-46.85938
-50.20174
-50.99141
-58.58744
-51.67400
-66.94159
-49.79929
-60.94245
-46.85381
-47.80114
-35.67875
-33.05847
-90.14281
-53.85340
-72.44301
-74.05807
-61.93442
-64.70801
-60.96804
-67.79822
-63.28887
-32.12312
-37.69571
-50.61899
-53.27862
-55.83551
-54.98192
-27.69202
-31.60668
-44.24954
-36.41270
-52.00544
-42.52008
-60.23028
-45.74799
-62.32122
-49.18058
-56.96800
-52.00214
-57.60008
-62.65405
-53.76521
-57.83577
-32.46373
-36.11486
-55.30443
-69.46278
-79.15283
-65.75303
-60.58160
-58.49799
-53.06833
-52.77957
-41.97642
-31.23317
-45.70812
-55.72694
-55.08123
-52.58724
-43.57686
-28.93291
-32.60366
-39.84008
-40.65970
-49.82131
-44.46103
-55.20713
-48.83397
-83.46340
-48.51626
-81.97124
-52.23878
-81.29904
-54.83634
-71.11453
-51.72978
-35.41590
-41.42213
-61.05270
-65.83997
-80.81757
-68.20072
-60.91406
-58.02737
-52.27575
-49.77496
-36.38079
-33.95014
-61.73306
-66.64866
-65.47771
-54.55782
-37.78058
-29.83636
-36.96640
-39.95559
-43.02088
-48.81251
-48.34040
-56.79884
-51.58227
-114.06303
-52.20330
-66.40610
-51.06244
-58.70582
-49.64635
-50.30821
-40.48340
-32.59998
-45.92257
-80.15380
-62.12292
-64.69916
-66.42806
-71.08817
-78.82284
-61.05950
-59.55655
-34.04096
-36.52903
-53.85435
-58.45894
-74.47006
-57.95409
-33.00152
-31.18483
-41.83611
-41.00327
-49.37354
-44.96683
-56.77265
-49.42928
-55.52785
-55.80020
-53.97629
-68.94766
-52.27216
-59.30347
-48.26085
-48.18478
-34.06608
-32.40427
-53.60127
-57.67713
-68.31569
-66.43958
-59.61110
-60.30207
-54.38325
-64.30936
-50.06058
-33.48884
-43.53211
-52.21777
-52.60154
-52.39213
-47.64264
-29.68720
-33.93087
-43.17828
-40.30537
-60.48525
-44.71665
-85.12929
-51.49894
-81.24158
-51.73554
-88.11913
-52.54734
-67.80034
-64.35837
-59.58024
-61.82412
-31.56161
-37.30008
-55.91048
-58.52085
-82.10042
-64.46292
-57.84748
-72.69112
-53.31041
-53.44969
-41.82380
-33.84774
-53.28438
-57.53210
-53.30519
-48.80141
-39.01702
-29.20383
-36.97560
-40.78341
-42.98426
-50.89200
-46.32812
-71.79600
-48.88319
-71.99901
-49.94703
-61.61541
-48.36953
-58.61753
-51.64789
-54.05128
-46.07776
-31.22581
-42.41611
-73.37982
-60.93029
-64.19864
-66.49091
-77.10220
-65.71414
-54.19551
-53.36076
-35.20555
-33.56776
-55.92997
-60.25766
-75.91696
-54.19361
-36.19120
-31.57978
-41.77033
-42.27694
-49.00029
-53.47852
-59.54229
-76.31389
-58.05772
-63.40285
-56.63190
-55.88404
-52.90841
-54.20961
-49.91725
-47.87933
-37.71657
-32.34087
-50.23183
-63.82526
-68.88601
-65.08164
-64.13901
-68.95227
-59.98165
-68.83580
-66.97477
-32.96891
-37.46993
-50.19148
-52.95725
-55.80543
-57.12426
-32.66556
-32.71236
-36.07904
-35.17016
-45.45748
-44.47759
-53.51057
-48.31091
-56.24822
-52.18796
-53.15833
-55.15508
-54.29720
-66.13650
-50.68207
-54.90939
-33.76816
-35.00122
-55.78891
-56.01981
-74.65260
-71.00707
-63.43753
-60.18476
-55.74917
-69.79440
-45.77348
-32.53403
-43.93762
-53.01196
-52.88190
-51.33128
-44.83222
-32.44722
-34.70259
-36.26002
-38.35326
-47.94397
-44.11380
-52.67555
-45.55617
-57.02929
-49.40997
-63.48114
-50.29398
-67.89619
-52.30884
-81.49075
-51.62513
-32.36881
-40.35564
-57.19268
-56.27612
-70.95482
-77.21815
-64.64201
-61.98645
-54.50137
-50.20236
-38.33711
-32.53289
-62.91485
-69.97470
-58.70718
-51.70067
-38.73560
-30.81210
-35.27444
-36.05305
-41.10138
-47.50375
-45.07377
-50.04109
-46.52191
-75.20123
-49.78541
-75.39045
-49.63050
-59.66368
-49.22271
-54.92330
-41.18389
-31.74527
-43.29508
-56.72376
-63.27376
-66.66267
-70.90766
-91.33919
-73.36381
-58.73290
-52.12100
-34.70377
-35.05841
-53.25466
-57.02416
-68.83122
-58.79203
-34.76595
-29.94268
-35.32539
-36.19088
-46.63971
-47.72221
-48.43750
-51.00087
-51.24555
-54.76469
-50.85354
-83.79879
-49.60535
-59.88966
-48.11110
-49.48269
-35.37729
-33.43359
-52.39366
-57.32017
-69.52052
-63.58022
-61.42446
-62.63511
-59.01012
-62.92172
-56.99218
-32.57769
-38.37408
-50.14343
-52.18428
-53.99955
-53.73681
-29.82006
-34.23175
-37.26768
-37.81079
-50.82397
-41.94752
-55.47896
-45.65290
-61.41839
-48.78053
-65.16744
-55.47220
-61.07920
-64.45479
-54.35927
-53.82791
-32.73776
-34.66119
-54.99973
-55.23387
-65.92896
-79.21816
-62.18887
-60.92017
-56.32315
-51.87616
-42.69953
-31.46874
-46.38263
-56.56436
-54.55984
-51.23149
-42.42791
-31.63853
-30.54047
-40.64277
-42.22374
-44.01671
-46.26275
-51.38108
-48.06087
-56.14171
-51.29268
-68.28740
-53.48138
-71.74581
-52.86432
-62.91928
-48.55307
-31.28189
-42.98065
-56.90638
-56.38764
-61.78678
-63.81222
-68.78166
-81.03823
-52.58894
-55.91588
-37.87293
-33.59869
-59.68913
-62.86962
-71.78879
-54.23762
-36.55515
-29.55868
-34.98019
-40.45655
-43.94933
-47.95839
-48.58752
-52.63531
-49.10395
-77.61649
-52.43225
-67.33570
-50.36339
-68.79965
-49.30333
-49.87422
-39.95460
-32.73526
-46.82625
-59.22813
-68.35526
-69.24556
-71.34860
-73.50241
-74.38623
-58.38186
-53.93641
-34.29972
-36.49307
-54.03143
-57.88420
-71.35585
-57.94845
-34.52877
-30.57314
-38.26154
-39.22093
-46.65275
-45.26379
-54.59020
-51.01684
-60.29865
-59.39327
-56.19062
-83.58892
-52.71034
-58.82252
-49.96553
-48.22402
-35.78311
-35.18571
-55.35231
-54.13198
-71.03595
-92.79311
-63.96304
-68.91543
-56.56244
-65.00254
-51.12785
-32.11560
-41.20559
-56.95532
-58.44891
-61.41615
-58.37801
-34.01167
-32.07044
-39.59043
-39.41184
-50.04851
-45.36610
-61.18858
-48.95145
-58.96735
-50.86447
-58.05511
-58.31881
-60.72927
-69.88155
-56.74311
-58.90316
-32.39178
-36.07584
-52.62235
-58.49571
-76.42639
-79.48327
-61.39045
-61.53479
-53.43129
-52.49969
-40.74908
-32.96949
-56.31913
-77.50697
-66.90437
-61.06847
-46.99619
-31.12132
-33.92676
-41.34421
-41.53822
-46.67049
-44.71344
-58.15222
-48.56126
-63.69164
-47.90412
-75.81080
-51.34304
-61.80254
-53.47482
-55.86106
-47.22607
-32.80300
-40.62755
-62.32141
-63.46449
-70.93595
-112.96138
-64.99220
-63.97646
-54.37973
-49.41347
-34.85428
-35.08912
-54.16134
-59.34914
-89.97179
-55.94211
-36.85381
-29.67961
-37.72444
-40.75590
-44.03696
-45.81654
-49.32696
-54.44599
-50.62350
-69.50571
-52.25639
-70.69683
-50.71888
-61.18472
-48.91277
-51.84223
-39.87377
-33.38357
-45.07760
-72.97500
-62.93633
-62.64274
-63.08371
-64.82723
-69.77430
-67.29517
-70.37172
-31.45050
-36.22900
-48.32243
-52.04512
-56.01477
-63.92342
-30.99037
-31.34605
-45.30254
-44.44278
-66.33971
-49.57146
-64.38208
-54.47295
-69.80246
-58.69437
-74.83380
-74.15477
-58.75323
-61.07516
-53.69160
-49.78404
-34.13473
-35.19576
-57.22248
-62.59561
-69.32447
-62.18702
-58.75922
-56.43422
-54.37205
-51.80381
-45.38675
-31.13546
-41.15194
-50.53909
-50.27610
-48.68687
-42.63750
-26.31475
-30.86659
-40.99618
-42.45201
-50.65985
-42.49088
-53.88312
-46.05310
-86.15518
-47.17035
-69.83490
-50.61665
-69.48838
-51.75277
-71.14156
-50.47296
-31.93075
-37.53615
-73.61846
-63.76645
-72.72025
-72.67741
-62.34550
-56.85899
-51.43030
-53.63551
-36.64688
-32.42047
-55.06965
-57.48466
-50.88307
-44.94635
-33.54375
-26.93894
-36.95524
-41.28034
-46.81211
-44.79068
-44.80821
-51.69913
-47.56327
-59.45611
-48.70007
-71.02800
-49.24306
-59.08736
-49.20544
-50.48966
-41.53103
-31.87746
-43.34833
-76.90693
-62.07775
-63.03622
-65.28638
-92.22741
-80.34422
-58.68869
-51.32251
-34.74677
-34.39775
-53.88033
-60.98830
-63.22615
-48.87805
-29.88255
-27.74820
-39.65447
-41.66238
-54.65124
-43.80770
-46.90189
-47.85428
-50.82433
-53.93537
-53.01404
-65.67166
-49.65171
-59.66690
-47.43443
-51.15451
-36.15646
-32.71179
-51.26087
-79.01859
-63.96896
-60.97930
-59.63521
-59.15263
-59.44584
-60.90198
-60.70447
-31.68064
-36.46335
-49.71503
-50.54902
-51.82283
-51.22109
-28.34647
-30.37016
-40.38167
-43.60026
-48.58928
-41.83255
-53.67024
-47.14245
-58.34610
-49.92352
-60.86231
-53.11663
-59.72663
-56.76629
-55.56684
-58.37895
-32.66974
-35.53738
-68.72165
-65.13804
-83.75216
-69.00736
-62.53085
-58.86031
-54.52070
-52.79606
-42.25638
-31.32800
-45.70297
-55.42012
-53.49361
-50.09813
-41.06872
-28.14597
-32.72784
-46.36288
-40.49475
-48.75713
-42.79009
-51.61555
-47.48225
-62.23331
-50.59116
-70.64143
-52.39439
-81.95704
-54.25405
-70.86161
-51.00786
-32.14164
-39.73612
-75.44570
-59.83470
-66.17100
-68.36010
-62.84653
-59.03226
-53.68294
-48.18236
-36.37675
-32.53241
-60.70747
-61.71241
-52.65964
-45.78803
-32.72929
-29.04075
-42.18640
-35.66514
-47.02913
-46.86836
-46.35020
-52.59934
-48.65838
-58.73002
-47.61997
-64.71545
-47.78050
-57.00544
-46.75662
-48.90927
-37.95631
-31.71374
-47.08203
-66.47744
-64.71670
-63.37619
-63.20298
-65.37461
-66.74701
-67.54186
-58.14126
-33.51125
-34.93793
-49.58139
-52.10634
-56.06469
-70.34172
-30.54650
-30.92357
-40.34817
-41.14029
-46.59923
-45.53993
-52.19083
-50.41730
-56.13999
-56.48240
-58.22435
-62.32312
-56.26403
-68.03374
-50.14835
-51.11317
-35.65009
-33.94040
-54.02361
-66.14238
-72.27254
-64.60319
-60.84628
-60.85672
-56.53908
-61.72194
-47.58376
-31.98364
-41.07244
-52.80825
-52.23693
-51.18809
-46.43047
-30.66230
-33.58369
-39.07948
-39.72522
-52.43195
-45.80527
-59.31354
-47.20059
-73.06899
-50.38675
-57.60851
-52.28422
-58.45269
-58.30936
-55.71507
-71.04669
-31.89507
-36.39814
-63.15295
-51.62522
-65.29979
-67.26506
-74.95019
-74.74372
-52.73357
-53.92486
-39.72086
-33.14839
-52.65815
-67.94559
-63.00580
-57.32864
-43.26592
-31.81784
-34.71480
-42.51386
-42.48967
-50.29640
-45.98803
-59.98488
-49.29208
-64.66587
-50.27991
-62.85380
-50.95228
-58.58934
-50.68587
-54.12094
-43.34447
-30.19222
-41.63996
-56.02414
-60.98615
-68.26499
-66.03964
-76.33002
-67.21533
-55.28886
-51.12263
-35.75888
-34.82691
-57.91430
-59.98683
-71.96762
-53.33137
-36.08610
-31.06165
-38.72920
-39.17150
-46.49862
-44.38508
-51.06711
-56.21589
-54.15458
-62.98986
-53.46794
-67.53221
-49.59961
-56.02164
-48.56790
-47.51806
-36.96657
-32.64316
-51.89302
-54.49371
-69.67368
-65.68466
-64.21092
-74.58993
-65.73846
-99.53365
-70.09638
-33.00963
-38.89996
-53.13522
-55.90082
-61.25365
-82.48460
-34.56881
-31.32273
-38.63215
-38.79664
-48.05586
-45.31886
-60.79286
-50.27553
-59.28784
-56.72300
-57.46837
-57.36788
-53.70143
-67.89848
-51.40738
-51.05239
-34.88896
-35.58320
-50.17741
-60.61404
-80.76576
-65.79458
-61.48801
-59.43253
-56.32364
-56.16276
-45.22844
-30.62914
-42.49035
-50.44262
-50.84766
-49.35618
-43.48808
-32.48592
-37.47924
-42.30715
-42.63302
-58.83139
-50.06724
-64.85213
-56.03587
-60.95931
-55.20329
-65.58160
-55.76939
-70.01760
-61.21249
-77.40240
-70.13650
-32.71540
-37.99606
-80.58765
-60.99469
-71.66175
-73.71867
-63.28683
-57.98367
-53.55415
-48.42061
-37.46936
-31.34799
-57.80438
-71.06324
-58.65847
-51.45002
-38.46615
-31.07080
-39.12980
-39.27011
-38.68271
-43.38730
-44.02975
-51.16238
-46.93242
-57.11900
-47.75395
-66.89608
-46.98099
-66.31409
-48.23382
-52.10987
-40.79503
-32.22319
-46.99337
-78.90496
-67.07462
-69.49657
-71.18712
-90.55019
-68.70003
-55.11999
-54.43116
-34.59741
-35.26367
-53.99757
-57.31868
-66.98979
-61.24880
-37.53644
-33.47263
-40.90670
-36.62057
-40.03051
-43.21991
-48.55410
-49.33835
-49.04201
-54.53832
-47.71742
-66.60140
-49.53930
-60.49680
-48.69280
-48.46542
-35.89739
-33.11807
-71.20529
-61.11549
-69.22248
-68.32579
-62.75576
-66.52462
-61.38432
-66.07780
-62.54939
-32.27084
-39.05290
-51.07514
-53.18055
-55.05128
-54.49112
-33.43398
-33.81805
-41.26877
-37.61776
-44.18559
-44.12218
-54.16325
-47.17391
-54.48594
-48.97351
-54.88672
-58.69994
-53.24787
-86.77361
-52.16392
-56.45479
-33.41867
-36.34825
-65.80253
-57.71673
-72.90662
-78.91288
-65.14912
-60.08872
-56.16934
-51.90764
-42.45404
-31.04273
-45.40361
-57.99490
-55.85314
-52.51385
-43.51900
-33.37003
-38.18141
-38.52940
-37.26991
-46.34794
-42.40631
-51.55310
-45.46855
-61.89886
-48.15820
-75.39706
-50.00946
-99.50305
-52.60532
-64.41770
-49.08033
-31.88751
-41.39127
-75.53547
-57.63233
-65.57687
-78.87587
-68.75101
-60.19472
-53.59654
-48.47980
-35.80183
-32.46744
-73.43187
-77.50594
-56.64462
-48.69241
-35.72705
-32.15670
-35.64489
-34.98445
-43.45645
-43.05794
-49.23548
-48.73936
-51.19499
-65.81126
-52.88135
-68.21072
-50.09252
-70.84847
-48.29332
-54.41933
-40.96976
-31.95019
-45.80776
-59.57904
-56.98718
-60.40131
-62.81416
-66.97487
-84.34494
-64.72462
-57.79399
-32.05056
-34.86977
-51.54871
-54.60474
-60.49741
-70.81970
-32.73807
-28.03930
-37.33971
-41.95161
-42.17329
-46.81403
-50.13220
-48.43286
-51.61662
-53.44404
-56.32135
-56.92593
-55.72857
-58.96210
-61.39042
-61.93913
-57.27743
-59.78471
-56.93324
-78.12976
-59.30795
-81.59937
-52.20686
-66.85660
-54.73654
-81.12943
-59.20312
-61.52081
-59.14972
-58.63831
-56.99122
-54.54690
-45.94787
-30.12188
-34.82401
-39.71834
-39.64835
-44.88638
-43.04269
-46.89018
-46.39039
-55.34814
-47.92990
-56.73593
-51.75108
-57.31600
-54.03333
-53.52888
-67.31648
-32.43294
-37.35742
-77.52160
-61.32226
-69.60345
-80.12728
-65.37883
-59.51922
-54.94317
-49.82568
-39.56858
-30.70902
-47.99075
-59.85243
-55.03757
-49.83942
-39.15183
-29.23782
-32.55193
-36.19661
-40.07764
-45.55054
-45.08845
-53.44640
-46.56644
-65.06150
-47.34408
-62.48731
-47.73736
-73.25523
-49.19911
-57.58643
-44.90186
-31.27798
-42.49345
-69.50348
-61.74378
-64.85457
-70.54277
-80.56806
-64.28404
-56.57989
-49.36737
-34.79527
-32.05299
-56.76055
-57.38356
-68.88844
-59.08256
-35.96027
-32.72196
-39.61599
-39.46657
-42.84709
-43.28973
-45.34161
-47.49437
-47.83501
-54.35871
-48.11778
-63.54949
-48.47897
-60.73486
-47.65064
-49.44951
-37.25142
-31.88229
-45.55728
-61.12012
-70.04730
-65.63198
-64.46171
-65.06259
-68.28405
-127.27196
-62.37088
-31.41485
-34.87690
-50.95225
-53.07118
-57.18958
-72.89067
-29.82371
-29.40626
-38.04600
-38.10090
-45.69791
-43.22228
-50.49828
-47.27406
-54.04941
-52.12315
-54.32357
-54.92778
-53.31684
-65.64914
-50.11846
-52.37133
-32.92388
-33.78758
-69.93857
-59.38335
-70.94217
-74.45127
-64.93174
-60.89201
-57.71659
-54.34911
-46.62015
-30.47432
-40.36277
-51.98948
-51.76879
-49.96698
-43.05013
-31.94635
-34.81761
-40.05901
-39.07660
-44.97178
-42.43341
-51.47070
-45.06938
-52.96290
-48.34393
-59.59860
-49.96873
-63.05578
-52.02124
-65.07232
-57.02975
-31.60258
-37.47745
-58.16824
-61.53985
-70.47797
-79.44346
-64.96784
-58.84157
-53.95514
-48.59362
-36.94275
-30.71678
-51.79833
-64.27282
-55.22849
-48.45789
-35.96688
-29.55482
-38.31947
-40.29112
-44.45826
-54.33187
-48.54348
-61.57024
-50.57667
-69.08258
-52.25698
-60.25325
-51.24319
-53.77120
-49.56191
-49.44063
-40.77774
-30.73992
-44.00920
-61.97216
-62.89767
-64.87428
-68.29804
-81.38426
-68.18545
-58.29430
-50.60664
-33.20855
-32.82193
-55.03922
-59.05433
-73.67996
-52.40957
-32.83821
-29.09834
-35.29823
-37.59032
-48.31782
-43.28805
-49.77350
-47.68234
-50.66277
-52.77164
-49.56229
-65.71137
-47.66847
-72.97274
-46.64982
-49.52480
-34.87824
-32.69850
-53.25366
-55.95655
-82.84037
-70.35371
-62.11167
-73.20933
-58.77843
-68.45201
-63.32434
-33.45985
-38.97674
-50.63765
-52.88208
-55.20467
-58.05914
-30.72501
-30.50778
-37.64148
-39.09657
-51.44606
-43.74563
-49.92997
-45.44097
-56.93448
-50.23553
-55.33230
-54.06178
-54.41214
-68.25533
-52.47236
-53.43903
-32.07318
-35.38797
-59.41564
-55.90114
-66.99078
-79.16904
-63.06172
-59.89460
-54.70415
-51.25514
-42.53256
-30.92124
-44.15107
-56.04247
-53.44356
-50.90120
-43.25064
-28.94959
-32.37605
-37.62141
-40.22354
-54.13110
-44.31504
-57.72061
-46.50821
-70.50983
-47.74935
-64.34978
-48.21001
-89.28019
-50.23744
-71.93355
-50.18760
-30.96827
-38.14741
-60.27512
-59.94112
-66.46399
-88.11126
-66.99092
-59.42476
-53.37117
-48.57368
-35.80375
-31.82547
-67.70930
-92.51027
-57.71293
-48.98483
-35.31353
-28.80224
-34.77963
-37.80493
-46.41919
-46.06458
-45.42888
-52.14669
-48.11608
-55.41828
-49.74057
-83.00180
-48.21022
-61.50626
-46.90107
-50.69068
-38.90321
-31.12467
-44.08536
-55.43088
-70.66816
-66.05575
-65.36124
-66.82357
-71.40900
-62.42221
-55.78047
-32.98804
-33.85729
-49.47747
-50.69965
-52.57722
-54.00894
-33.58706
-30.25674
-36.18676
-42.70045
-43.69822
-45.80045
-48.59341
-48.07364
-53.30652
-54.74817
-51.65404
-62.73316
-50.64498
-60.85777
-48.15984
-47.40799
-33.38454
-34.02396
-61.84972
-49.79757
-61.58445
-75.86453
-71.99682
-65.27483
-62.12141
-59.29728
-51.67961
-30.14961
-37.97340
-52.39380
-54.10824
-55.30940
-51.72984
-28.14654
-31.73008
-47.64412
-37.18629
-51.21993
-42.77085
-57.44390
-47.30917
-57.70019
-48.96997
-71.35412
-51.78973
-63.86417
-56.46588
-60.56883
-74.87038
-32.90624
-36.16916
-50.53519
-76.01726
-66.02960
-63.12910
-59.55697
-56.40737
-53.14258
-48.83349
-39.14118
-30.32851
-48.09898
-60.50119
-56.00587
-50.94658
-39.56902
-29.69638
-33.00047
-38.18633
-40.14489
-45.35107
-43.73802
-51.73723
-46.09049
-60.88382
-48.26507
-62.04210
-48.56105
-80.00268
-50.06322
-56.74033
-44.66632
-31.16031
-39.79600
-58.28356
-58.87425
-66.04495
-76.72638
-71.04903
-61.22911
-54.77337
-48.47740
-34.11426
-32.12479
-63.79500
-70.70659
-58.47773
-48.36745
-33.04082
-29.43733
-41.33359
-38.95151
-43.61195
-43.14280
-47.62388
-49.81460
-47.89700
-53.30143
-49.07465
-65.93658
-48.80344
-60.09341
-46.86350
-48.59291
-36.43163
-32.36293
-55.91277
-66.34864
-76.36985
-69.12824
-67.79767
-69.15118
-76.09707
-71.88463
-59.96220
-31.34118
-35.32650
-51.48517
-54.24346
-59.22792
-75.33357
-32.89797
-29.35975
-37.03199
-37.76565
-44.50949
-43.56269
-48.68105
-47.22763
-55.89456
-50.88067
-52.86643
-55.54946
-51.47660
-76.16778
-48.56663
-50.87612
-32.96950
-33.81969
-54.46920
-56.80991
-76.15747
-63.63169
-59.23365
-56.79112
-54.43110
-51.63844
-44.85496
-30.50653
-39.95980
-50.76058
-50.29338
-48.74192
-42.79979
-28.43707
-35.04462
-44.44394
-39.70455
-46.74358
-43.29861
-50.07925
-46.25126
-59.25540
-47.32082
-61.76339
-48.28623
-65.68598
-52.27634
-66.08343
-54.43802
-31.29706
-38.49866
-59.37144
-61.43492
-68.95160
-79.98081
-64.62901
-58.56801
-53.78990
-48.54584
-37.10576
-30.59873
-52.73643
-76.73942
-60.76725
-53.10281
-38.96708
-29.19667
-32.47303
-37.36210
-41.03995
-45.26216
-44.54271
-53.72318
-46.48052
-65.48337
-47.51952
-67.98367
-47.83365
-64.63468
-48.06312
-53.57058
-40.94616
-30.69875
-42.60620
-69.75639
-64.24498
-68.79889
-78.09900
-73.66617
-63.25941
-55.52517
-49.16892
-33.00186
-32.94067
-54.62692
-56.86574
-69.56376
-58.37751
-34.27013
-29.78508
-39.84771
-39.83790
-47.78022
-48.61036
-51.48803
-55.58431
-53.56376
-93.43544
-53.54888
-62.04409
-54.10076
-54.29849
-50.35652
-47.24252
-36.02757
-32.49893
-49.60166
-58.86625
-78.07603
-66.87036
-63.85484
-63.09947
-62.28116
-63.86859
-61.45994
-31.28118
-36.77499
-50.25600
-51.32382
-52.10839
-50.34954
-30.79028
-30.56780
-41.95539
-41.30711
-44.24880
-44.66240
-47.16279
-47.63379
-53.04798
-51.36916
-55.23320
-50.89121
-47.53529
-53.32219
-53.95597
-56.63883
-32.88159
-35.35402
-63.56131
-62.92170
-72.96146
-78.07094
-60.04238
-68.40356
-53.34093
-55.38223
-45.25430
-33.12978
-48.16180
-55.90919
-54.57473
-51.43160
-42.39597
-28.73396
-32.93503
-45.07440
-40.38346
-44.61208
-42.57102
-51.00898
-45.08640
-63.07584
-47.81083
-68.05919
-50.29735
-61.66679
-52.60580
-67.72624
-51.20006
-31.72254
-39.56679
-63.12077
-64.78167
-74.64330
-79.28854
-63.21990
-59.02297
-53.47218
-48.03677
-35.88628
-31.73379
-69.84135
-77.00467
-59.93705
-50.65167
-35.73794
-28.73196
-38.11383
-42.37167
-41.26569
-44.98721
-44.36441
-50.93807
-47.50655
-58.07432
-49.11983
-79.70894
-48.20561
-62.14874
-48.00405
-52.37161
-39.98940
-31.80013
-46.90708
-76.20596
-66.91453
-68.73291
-73.22206
-75.26204
-83.74744
-58.00109
-55.64729
-33.04509
-34.95116
-52.03390
-56.27391
-67.16740
-58.34160
-32.91484
-30.19870
-42.17696
-39.63892
-44.81533
-42.11032
-49.42909
-47.92334
-50.66240
-51.19099
-49.69275
-60.16339
-50.20051
-66.28031
-47.40678
-48.68335
-34.24629
-33.60716
-57.37417
-69.06266
-68.33991
-62.46306
-59.62512
-57.90472
-56.47059
-55.58248
-49.50227
-30.88108
-38.40176
-49.59301
-50.20363
-49.61921
-44.85101
-28.83968
-34.86676
-39.63333
-38.99629
-50.53595
-42.22796
-59.96934
-45.71990
-66.48926
-48.62802
-65.08190
-51.87158
-63.34895
-57.09383
-57.15937
-61.71562
-30.79330
-35.72550
-60.31780
-56.84594
-63.48351
-76.88130
-68.85330
-60.72969
-55.53747
-50.16213
-39.71217
-30.26116
-46.19588
-58.60417
-54.98570
-50.44487
-40.20044
-31.78696
-32.33608
-37.40663
-43.93378
-44.63857
-47.02903
-51.91571
-47.89849
-54.51589
-51.02139
-64.11037
-51.17458
-81.28561
-52.65084
-65.08846
-49.64141
-35.40511
-46.69878
-60.15996
-53.22314
-57.41520
-58.98830
-60.60527
-62.33362
-64.58388
-67.34505
-75.67908
-82.73663
-67.25452
-60.68169
-54.98511
-48.47046
-31.89783
-29.38122
-36.03711
-37.84709
-43.53644
-42.22415
-46.88209
-47.03090
-50.93050
-49.65515
-54.33755
-52.97520
-52.53114
-56.03598
-54.68477
-60.35004
-56.87341
-63.96754
-59.11804
-79.70779
-60.67484
-74.61597
-64.67561
-106.77569
-62.59475
-73.43247
-71.86507
-77.92689
-66.51261
-59.62843
-66.53078
-57.80217
-54.90140
-32.47719
-30.15811
-36.50319
-38.17879
-42.70905
-42.99856
-47.99586
-46.25978
-51.26249
-50.02676
-53.35436
-53.30806
-55.02526
-56.79118
-54.59000
-60.06697
-60.17032
-76.42048
-59.51955
-69.76672
-59.27711
-87.20795
-61.72087
-72.10038
-61.67302
-64.27488
-60.55733
-61.65729
-58.19456
-60.07167
-57.07644
-54.48889
-46.50910
-29.13947
-32.73075
-36.55938
-38.81952
-43.36167
-43.60063
-48.32582
-47.27177
-53.80029
-52.33747
-56.52593
-53.19641
-59.87722
-54.92837
-58.82241
-56.66054
-64.76025
-60.97035
-66.44952
-64.95957
-66.91501
-87.73107
-63.61842
-72.15194
-60.22944
-90.45164
-59.64879
-63.13365
-61.32198
-59.33225
-56.33455
-54.05112
-38.65403
-28.76836
-33.79603
-37.43700
-40.10243
-43.55376
-44.47658
-49.13971
-48.01417
-52.71649
-50.43144
-55.27677
-53.13223
-59.43361
-54.49937
-66.81988
-56.96029
-65.22709
-57.92691
-68.35279
-60.68425
-77.75195
-62.42071
-72.94233
-79.44109
-66.14443
-71.58177
-60.28283
-64.01993
-59.22759
-57.46436
-53.28456
-47.87399
-31.91063
-29.49229
-36.10891
-36.63587
-42.74036
-42.11870
-49.34723
-46.46803
-52.07357
-50.25320
-52.16771
-54.89955
-54.18233
-58.54909
-56.64172
-61.33006
-57.24914
-69.40861
-56.64809
-70.95910
-60.17240
-72.63741
-59.33610
-81.07165
-61.95826
-67.17647
-57.06035
-62.10155
-54.82295
-57.42589
-65.46305
-79.39754
-69.34435
-30.40414
-31.75554
-39.04549
-40.62969
-49.13764
-47.28329
-52.31623
-51.27825
-60.92395
-55.38469
-64.70163
-58.16811
-68.47984
-63.55286
-74.92736
-67.68432
-75.03404
-75.24389
-71.09282
-96.80270
-96.14584
-75.94739
-62.05344
-63.78410
-61.70158
-62.29312
-60.31045
-61.80388
-61.23036
-66.02178
-63.14012
-59.26493
-50.26853
-52.21561
-65.15158
-77.98746
-76.39670
-66.83182
-59.54370
-70.41404
-83.72427
-75.26698
-68.82447
-56.15281
-49.33235
-51.16956
-62.01528
-78.48989
-63.94447
-60.66756
-70.29272
-101.93965
-68.44228
-65.51898
-53.55315
-50.98973
-54.71990
-63.18998
-83.17779
-82.21186
-81.55589
-69.49584
-69.59226
-57.68189
-59.09156
-45.66600
-46.39845
-58.34688
-66.20101
-69.76609
-70.52553
-60.61878
-57.38339
-72.53599
-63.07604
-80.82757
-64.80267
-60.64772
-64.39908
-80.23513
-83.09970
-88.41177
-72.41228
-71.37741
-67.94820
-57.69714
-55.89344
-50.67651
-55.69183
-59.73865
-79.78962
-83.24059
-88.79315
-65.49623
-59.15538
-54.26163
-61.10401
-73.77175
-49.43157
-46.12025
-48.55657
-78.27237
-77.15987
-79.76256
-87.04246
-69.57101
-86.07142
-86.62043
-83.86646
-83.04686
-90.31440
-74.71667
-78.97815
-78.86033
-79.14494
-77.52517
-78.94176
-72.46643
-67.75734
-62.30134
-52.74881
-52.64220
-62.87178
-66.51093
-68.77265
-66.01111
-73.26203
-78.83017
-81.52724
-94.28975
-47.68269
-43.92477
-47.46804
-58.31972
-73.70588
-78.55460
-77.78486
-76.61632
-81.02993
-79.95879
-80.96755
-78.99479
-79.16151
-75.04070
-81.25056
-82.70469
-77.75636
-85.89293
-75.73264
-85.03945
-66.57673
-75.77428
-63.43438
-65.19893
-61.40009
-67.34682
-69.09213
-72.32929
-71.95466
-71.42752
-70.72745
-69.54194
-64.95727
-43.67222
-44.86985
-45.76593
-54.46182
-88.44141
-73.50068
-73.97656
-74.40434
-76.96771
-75.61661
-77.46677
-76.61587
-95.72798
-81.61177
-93.93733
-99.16321
-86.13297
-85.08168
-80.12865
-78.03420
-75.39855
-72.10452
-60.07964
-57.68012
-61.86115
-70.18515
-70.99029
-85.65786
-71.27949
-90.10259
-91.58768
-75.67101
-67.01158
-44.06627
-45.09342
-43.72752
-46.77046
-89.19981
-66.65212
-68.04833
-69.27590
-70.47747
-71.67811
-72.87939
-73.36656
-78.44393
-76.86648
-82.33863
-78.48416
-124.96709
-74.81553
-93.68991
-87.74311
-102.87805
-101.86250
-56.45836
-58.36384
-62.51729
-71.89737
-77.85820
-92.19464
-86.41187
-89.86759
-87.12215
-85.94716
-84.24286
-83.26338
-68.67916
-60.01916
-62.17306
-61.29754
-63.40806
-65.99357
-65.69719
-75.22133
-91.96704
-99.45365
-78.26076
-77.61120
-83.46473
-88.85040
-86.97797
-89.11343
-89.21656
-103.01007
-98.92777
-99.46500
-97.55479
-96.29940
-81.98007
-77.09045
-86.53330
-83.59192
-88.45371
-81.58684
-86.44000
-80.91199
-87.86424
-74.81276
-71.10418
-59.03608
-57.76539
-64.00962
-65.96600
-73.20545
-74.44116
-108.57620
-89.62145
-92.51262
-94.65219
-96.93107
-99.44342
-103.82696
-108.11902
-100.27205
-93.05841
-84.36222
-84.57133
-77.78572
-83.97304
-77.57290
-74.51991
-66.70665
-68.43944
-75.29789
-83.03139
-93.94187
-95.66479
-105.14676
-110.24705
-120.26313
-118.08516
-107.61351
-100.39487
-84.04920
-72.95433
-73.29886
-72.09615
-72.43867
-74.30510
-91.92523
-104.86749
-106.36476
-109.82311
-81.38076
-84.20669
-88.58420
-96.37317
-94.37985
-99.14357
-114.48839
-120.10783
-116.51827
-117.47026
-116.20045
-115.09459
-108.20730
-99.31608
-93.59210
-86.61591
-85.36418
-88.41198
-100.64822
-97.13211
-84.55148
-79.78678
-77.39418
-72.18910
-70.52939
-75.51062
-78.28050
-86.08694
-89.67801
-104.10565
-104.99450
-113.92752
-119.76573
-140.80731
-117.94778
-112.00036
-109.52285
-97.92094
-100.72018
-95.26530
-97.26113
-90.97651
-85.60157
-81.36858
-82.78082
-78.84644
-83.34324
-88.77315
-108.47173
-97.60251
-98.10205
-97.65007
-97.37232
-96.84936
-95.46126
-72.76555
-60.60641
-51.75014
-44.28982
-40.24864
-39.59655
-43.85307
-51.78071
-57.10006
-65.01203
-75.38223
-109.27668
-106.65098
-120.96672
-112.33889
-113.50664
-69.87050
-57.34790
-51.27887
-44.61451
-40.99754
-41.59188
-45.36604
-52.55484
-63.49925
-75.79498
-89.07134
-104.90629
-109.60928
-86.40270
-67.28232
-57.78090
-58.25316
-65.55324
-66.45966
-68.98710
-60.26260
-57.43843
-60.05872
-57.53665
-52.74457
-52.03745
-54.03123
-55.79525
-58.84203
-61.38509
-64.59783
-66.95123
-72.35085
-79.71133
-88.17346
-134.14809
-106.42901
-104.29545
-103.32454
-102.79631
-101.55783
-95.92681
-74.99486
-54.72718
-48.88836
-47.25589
-46.95952
-48.31921
-51.00954
-56.26109
-62.26814
-67.65803
-77.85113
-95.76850
-96.93159
-101.90003
-126.06090
-99.57557
-92.21472
-63.41471
-54.15914
-52.33608
-52.82101
-52.40137
-52.37021
-52.66980
-53.59180
-54.57077
-57.35759
-65.59503
-84.08368
-101.63542
-114.04901
-111.49005
-94.47749
-71.48856
-68.95223
-73.30817
-75.89392
-81.27923
-100.57462
-109.13488
-104.61624
-98.22826
-96.00663
-79.66886
-67.65642
-61.98076
-59.93135
-60.85926
-67.10706
-78.95635
-89.04067
-108.99520
-85.58340
-87.28109
-79.66635
-85.38238
-75.54003
-83.09280
-74.87366
-71.38912
-71.64277
-80.39134
-87.79764
-92.00467
-92.52508
-102.62256
-87.43080
-75.56285
-68.32886
-67.48551
-74.61888
-75.41324
-70.65206
-75.50586
-62.87979
-50.22546
-48.77790
-56.46673
-80.73178
-63.04262
-61.80668
-66.14568
-74.96843
-73.94331
-79.95782
-72.43285
-74.43156
-69.97742
-73.04820
-65.39001
-60.74852
-56.52435
-52.83627
-58.55447
-55.05183
-58.64479
-60.99449
-71.75360
-74.14397
-94.05330
-81.51910
-68.50029
-60.81747
-63.57823
-58.88817
-63.29718
-87.10758
-75.63684
-85.72366
-86.42745
-74.56268
-72.02498
-60.17929
-55.83465
-66.07481
-61.72897
-76.51275
-80.90894
-82.81759
-67.27754
-64.77433
-67.26940
-74.14394
-60.11234
-59.44844
-61.86843
-69.65626
-63.94087
-62.92973
-85.49701
-73.79405
-81.65544
-65.84836
-59.06854
-53.85876
-59.50556
-63.69624
-78.46320
-84.35875
-83.42438
-94.24177
-67.50884
-69.75407
-73.85896
-124.46566
-71.56305
-79.83572
-68.61221
-62.39849
-70.71071
-92.38275
-89.81866
-91.89694
-86.63252
-71.90184
-68.92042
-81.31249
-81.03434
-67.96764
-71.87653
-88.28338
-94.47847
-70.91225
-57.78736
-58.29723
-57.90148
-53.98150
-55.70614
-57.75862
-65.52674
-72.94307
-85.12251
-92.19510
-88.36605
-84.81558
-79.38244
-82.58324
-80.42287
-80.12840
-56.29315
-58.42066
-77.85914
-73.41300
-73.17113
-72.69794
-87.76976
-96.04621
-104.08479
-104.27831
-93.38108
-67.99445
-55.92354
-59.74073
-62.68286
-69.62514
-82.60649
-87.07488
-91.37542
-84.36215
-87.75724
-88.40302
-84.50988
-61.98773
-71.18531
-58.31498
-56.91219
-51.73164
-47.12398
-41.89521
-40.84514
-45.39147
-49.00997
-55.82218
-64.80106
-66.59861
-68.28983
-68.34748
-65.85538
-61.55336
-65.16032
-71.35727
-63.90951
-60.93972
-50.52273
-46.35919
-47.84504
-53.85460
-59.26696
-69.83363
-62.70715
-60.33685
-56.76985
-55.01628
-52.00803
-51.97883
-47.97228
-48.74134
-50.34123
-51.01746
-65.95736
-55.60534
-64.03750
-74.06844
-93.05919
-113.20197
-96.48483
-80.22726
-68.60659
-60.08331
-61.60324
-63.82921
-59.61786
-57.22220
-53.79457
-50.34961
-49.64762
-56.08985
-56.75440
-55.05548
-54.00627
-53.55256
-55.39849
-55.01537
-55.55151
-61.28136
-67.13743
-76.76691
-98.67376
-80.18785
-80.08394
-75.97381
-76.65626
-66.78033
-56.09982
-58.34249
-56.08793
-60.59692
-61.91157
-61.63230
-66.39400
-62.96910
-66.10437
-68.52771
-69.01035
-71.66968
-69.86409
-94.07377
-58.09424
-54.62991
-51.36934
-50.06571
-59.48609
-65.14779
-75.31242
-86.59708
-94.11491
-99.25897
-86.76148
-86.08155
-70.17965
-69.78459
-65.98197
-64.85542
-67.02743
-75.96223
-94.45922
-98.63887
-81.89380
-67.45151
-73.47424
-54.85924
-62.64797
-82.44490
-63.17593
-65.95063
-62.22649
-66.26326
-61.23641
-69.29581
-64.26636
-64.02892
-64.44849
-85.02159
-88.11898
-90.82676
-73.61313
-71.66700
-76.83004
-67.39342
-73.08620
-69.50563
-75.19807
-70.54740
-63.37216
-47.37538
-45.53955
-50.46844
-47.76222
-45.66980
-51.22875
-59.63104
-52.62870
-55.47469
-54.00886
-59.95746
-70.04156
-73.96165
-77.58491
-67.53381
-68.00340
-58.07865
-60.56045
-52.43186
-53.78580
-58.17520
-77.35444
-82.25730
-64.01253
-57.57655
-54.28571
-49.69712
-49.02010
-52.24945
-60.52380
-73.74367
-73.15056
-74.72665
-63.26261
-59.18941
-55.60412
-61.87253
-59.28490
-69.13279
-63.54218
-66.36798
-53.00016
-48.84249
-67.04365
-62.15601
-57.36552
-60.95041
-56.03030
-63.26803
-63.19109
-60.21789
-59.14647
-49.02902
-56.89141
-62.94122
-59.80415
-54.99245
-65.93237
-91.21378
-75.56008
-55.62271
-57.40548
-54.50526
-58.37632
-54.05887
-58.83744
-56.49807
-70.55344
-58.98915
-49.17329
-53.59190
-45.90659
-57.77475
-51.57660
-55.55843
-57.28966
-63.77541
-64.37871
-60.42648
-65.75795
-75.30145
-85.69452
-76.58582
-82.70085
-66.77135
-73.13479
-57.49435
-57.22376
-58.14239
-59.17179
-53.94540
-58.29176
-58.74319
-62.63548
-58.59513
-64.63184
-56.55286
-54.05860
-59.94447
-65.53504
-56.51969
-51.30522
-58.77491
-69.80925
-71.48377
-73.40617
-71.71458
-95.64468
-73.29280
-63.23162
-63.52740
-64.57906
-62.35709
-59.88837
-47.17346
-54.80633
-81.74832
-54.82204
-65.29094
-51.99390
-66.61208
-53.56459
-55.39489
-43.25654
-34.72483
-51.18007
-57.74465
-52.18035
-50.16153
-40.63548
-30.14226
-36.11842
-41.05720
-41.86077
-48.21893
-47.32953
-53.48177
-50.26192
-77.67433
-50.92980
-74.23971
-52.87952
-60.87799
-53.76349
-58.43254
-47.91980
-36.03283
-49.17126
-59.91128
-63.51922
-81.77000
-78.29505
-69.46973
-63.85885
-55.40063
-67.73556
-41.55425
-39.60587
-68.09605
-75.22859
-57.24093
-50.53726
-36.66820
-30.55949
-37.33123
-38.73572
-44.64184
-46.52597
-50.41877
-50.07482
-52.04499
-55.68336
-53.49011
-67.25775
-54.09807
-69.47216
-52.38822
-53.55074
-42.60834
-39.80047
-49.97238
-63.11033
-83.93562
-77.13740
-69.80575
-69.14955
-69.70006
-76.56790
-65.76130
-37.12072
-41.84427
-55.21035
-59.26982
-66.88838
-63.78761
-32.15323
-31.38928
-38.40824
-39.91841
-48.00352
-44.75863
-52.13366
-51.22241
-56.99523
-55.32297
-60.92338
-57.17085
-60.65990
-67.32198
-57.73600
-61.93111
-39.71079
-40.82123
-52.48602
-85.92888
-70.45981
-67.81282
-63.99061
-61.55741
-59.36959
-56.64292
-49.40895
-35.07118
-46.32717
-55.89601
-55.62708
-53.59434
-45.92543
-30.78382
-34.03263
-41.34558
-42.05091
-49.82992
-47.52252
-59.44027
-50.91099
-68.44111
-52.91883
-85.05060
-56.19218
-77.28479
-63.11090
-80.15526
-74.32002
-32.31719
-32.62213
-42.36057
-45.13894
-55.43292
-52.82239
-59.10919
-63.36643
-58.37476
-59.68185
-49.06180
-43.67905
-56.63902
-58.43835
-53.75393
-48.57546
-37.17289
-29.63551
-35.14146
-41.16889
-43.44947
-42.99985
-47.01363
-48.63468
-49.04882
-53.66569
-48.86602
-58.21735
-49.43669
-64.51358
-52.33715
-61.61751
-46.54036
-37.30840
-47.95757
-69.16897
-68.18194
-73.92508
-72.64624
-82.00466
-81.01834
-59.02505
-56.17500
-38.65238
-38.72778
-60.12604
-68.56956
-63.92972
-51.68162
-32.48619
-28.94408
-37.33799
-39.98738
-44.48394
-43.20562
-47.62570
-48.16024
-50.75202
-53.89303
-50.82268
-56.06920
-51.97135
-66.56315
-51.77394
-57.00292
-40.86712
-38.46409
-56.71934
-74.80191
-68.26001
-69.59600
-65.19564
-65.10097
-64.13963
-71.93595
-66.75168
-36.36617
-42.25909
-54.57018
-56.92654
-59.12693
-58.58455
-30.60496
-30.37329
-40.89544
-40.04234
-43.82238
-43.70587
-47.53348
-46.26538
-53.95233
-50.34582
-55.12844
-54.21012
-56.87879
-61.44119
-55.17241
-69.35413
-37.39037
-40.93801
-75.56853
-93.06684
-71.10106
-66.41313
-62.82628
-60.63351
-57.30255
-54.95531
-46.68053
-35.14957
-47.46927
-55.59418
-54.51564
-51.52386
-42.79277
-29.57709
-32.93689
-39.80427
-40.38893
-43.78097
-44.33695
-48.34214
-46.97215
-51.98668
-50.12516
-58.16855
-51.97209
-57.49464
-55.82650
-57.02951
-64.46299
-34.37252
-33.78966
-40.46609
-38.05760
-43.52021
-45.17221
-46.77693
-48.43232
-48.63788
-54.87556
-45.04757
-44.24001
-54.31448
-59.51558
-51.48442
-48.89679
-36.42063
-29.95502
-37.93366
-40.75362
-41.85052
-43.30910
-47.36583
-47.74188
-48.92044
-51.52027
-50.25381
-70.00241
-50.02537
-70.57448
-49.95352
-59.72838
-43.12985
-37.01824
-53.48926
-67.63991
-66.75966
-66.98998
-66.42615
-81.78769
-73.14967
-65.05680
-61.12633
-37.27056
-40.48920
-56.99315
-63.26928
-78.28016
-56.66594
-33.17158
-29.90563
-35.26522
-36.84784
-43.96327
-42.48470
-48.75091
-47.43894
-49.90895
-49.43110
-51.63781
-55.44779
-53.28008
-116.26137
-50.68166
-55.03455
-38.57685
-37.87451
-53.37232
-64.02572
-71.82085
-69.84725
-64.88226
-64.40989
-62.27489
-62.72420
-55.73439
-36.62289
-44.57230
-56.62957
-57.83895
-58.99729
-56.16927
-31.44713
-33.13695
-41.13801
-39.68881
-44.24452
-42.67081
-49.50597
-46.06043
-54.20977
-47.72805
-54.57796
-51.88682
-58.12738
-55.27211
-56.42534
-60.71288
-38.41596
-42.70939
-69.28457
-97.03763
-71.57490
-65.79771
-62.09660
-59.05668
-55.93497
-52.05833
-43.04501
-35.39511
-50.29944
-58.33929
-54.83165
-50.24677
-39.83147
-29.91221
-33.46177
-35.72134
-40.21271
-43.74799
-43.89513
-49.39711
-46.44763
-55.14930
-49.45543
-59.51547
-49.55914
-76.13391
-51.38382
-74.34321
-48.71353
-36.51134
-46.30577
-83.47917
-64.16720
-74.83846
-76.02590
-79.83961
-66.83921
-57.53542
-60.22344
-40.38677
-38.62510
-66.99432
-75.70131
-58.75746
-50.53397
-35.44263
-30.78152
-39.13121
-40.63547
-45.74248
-46.72410
-53.24191
-52.82624
-54.53002
-60.94406
-55.07189
-79.49600
-54.11014
-61.76134
-52.13949
-52.25132
-42.05005
-38.15432
-57.78049
-70.78036
-66.86673
-66.69383
-65.51298
-66.46547
-68.07393
-87.06668
-66.81836
-36.77389
-40.64126
-54.77698
-58.11588
-64.11261
-78.98144
-32.08782
-31.62768
-40.20874
-40.68858
-48.71404
-47.39196
-57.11148
-52.90285
-61.71916
-54.18967
-57.80279
-65.65128
-60.71911
-69.65968
-55.36383
-54.13734
-39.21793
-39.17073
-58.82325
-58.25670
-80.76695
-69.03169
-64.37678
-61.87062
-59.58228
-57.23994
-50.40263
-36.57957
-47.70546
-57.49763
-57.49311
-56.87719
-49.98818
-32.73356
-34.63782
-41.21427
-42.68321
-50.70362
-46.53654
-57.80563
-51.30942
-72.81975
-51.99653
-68.99845
-57.17660
-67.01771
-63.94152
-68.80583
-73.79031
-38.14404
-42.58744
-60.45182
-69.94015
-76.52131
-66.62458
-62.24058
-59.07018
-55.42803
-51.99196
-42.60760
-36.63503
-57.30584
-63.62142
-59.42051
-55.05283
-44.67034
-30.86689
-34.78904
-40.68619
-43.16179
-48.59397
-48.28978
-58.88799
-52.60042
-64.85819
-54.99126
-77.11546
-59.11051
-70.34124
-62.57848
-61.83363
-72.63844
-32.74101
-32.25764
-37.63971
-39.71008
-44.17192
-42.96319
-49.22294
-46.12083
-51.58040
-50.57804
-45.15791
-43.73548
-68.35828
-54.39141
-59.26208
-41.54562
-31.85340
-36.89031
-39.91671
-44.35347
-46.28504
-48.00464
-58.11235
-50.55293
-55.22793
-55.24205
-72.47228
-53.60477
-82.67664
-57.42687
-78.38696
-49.92764
-40.28948
-47.95242
-63.72035
-77.29658
-83.61515
-71.37794
-69.38983
-60.89610
-47.86142
-48.80973
-39.01539
-42.53655
-57.66906
-62.76993
-72.75780
-64.51820
-35.52557
-31.73045
-38.98274
-40.83701
-45.88275
-45.38128
-51.80100
-50.37720
-54.99508
-55.33175
-55.82397
-62.85070
-55.45536
-86.86644
-53.74239
-54.83954
-41.16945
-38.29607
-51.48032
-71.73069
-62.85555
-62.84559
-61.39468
-60.91684
-60.33489
-60.31983
-52.94729
-36.27754
-45.77698
-57.87242
-59.62223
-61.15475
-56.58122
-32.18224
-32.49101
-40.27026
-40.33794
-47.29120
-46.10282
-52.33648
-49.78788
-58.03926
-52.19113
-64.77257
-56.48683
-60.70518
-61.52072
-60.31430
-87.17629
-37.13798
-42.60754
-60.42215
-62.58038
-92.82151
-74.75721
-65.78700
-63.09010
-59.25392
-54.99443
-44.68809
-36.49831
-54.85654
-65.23036
-60.36167
-55.21949
-44.10503
-31.17841
-34.75832
-41.40378
-43.31524
-50.67867
-47.41137
-60.19622
-50.30711
-73.36097
-51.38276
-62.28755
-52.40609
-58.56143
-51.90114
-53.40490
-45.19211
-31.45585
-36.38542
-41.89370
-47.80180
-52.09868
-53.91164
-57.36479
-62.97026
-59.03342
-68.48105
-46.16361
-43.79156
-65.30214
-72.86402
-57.46193
-50.05083
-34.24700
-29.45758
-36.77606
-40.98021
-43.95830
-43.80321
-49.15209
-47.40211
-53.53100
-51.50966
-51.77328
-56.74074
-50.61738
-80.85464
-52.79747
-61.43592
-42.98619
-38.15673
-51.38909
-70.42759
-67.44133
-69.77428
-61.64107
-92.63174
-62.16253
-68.86906
-67.84079
-38.43866
-41.01653
-57.10560
-58.65705
-63.04648
-83.15708
-32.02632
-31.14332
-38.62591
-40.13599
-44.01054
-43.18979
-49.13871
-48.02311
-52.95508
-51.18462
-54.73043
-54.40035
-52.89447
-63.43931
-53.79519
-64.03805
-38.99357
-40.11369
-65.08365
-71.28938
-88.03145
-72.49278
-59.83815
-61.47439
-58.98116
-58.93197
-51.41114
-37.06537
-46.56455
-54.01240
-53.33132
-51.00695
-43.74311
-29.43536
-32.66004
-39.62284
-42.11850
-44.52644
-42.92099
-50.20207
-46.43797
-54.78425
-48.68133
-56.62580
-51.36547
-62.03488
-55.32496
-65.35095
-55.62841
-37.41202
-43.67157
-65.40420
-69.34873
-84.09910
-76.44567
-66.55845
-63.33951
-56.90691
-52.52100
-41.80504
-36.16502
-56.61303
-61.70832
-55.76046
-49.74882
-37.36722
-29.10517
-35.25886
-40.99948
-40.80932
-43.13085
-44.12136
-50.07256
-46.13911
-55.48104
-48.67443
-65.36988
-50.27826
-74.41893
-50.83091
-68.19121
-46.92870
-29.52746
-33.52793
-40.79850
-42.51535
-47.48763
-44.87956
-55.00240
-49.55893
-52.88578
-53.88785
-43.71743
-45.63096
-63.66696
-66.79107
-57.30043
-51.99081
-32.52024
-31.00310
-39.68861
-37.65039
-46.94511
-42.29617
-49.66888
-48.28203
-47.82092
-51.80027
-50.58300
-58.39623
-51.06007
-64.89806
-51.66684
-59.66661
-41.05684
-40.30386
-73.03747
-71.87212
-68.94423
-66.69568
-62.35839
-65.01776
-64.62719
-65.12003
-62.36121
-37.03293
-44.10724
-55.19526
-57.43149
-59.05460
-56.05910
-32.40375
-32.09555
-37.55407
-37.74021
-45.06618
-43.04020
-48.07759
-46.29629
-49.81607
-48.98597
-52.74511
-53.15413
-58.23100
-63.75659
-57.62102
-71.34856
-37.96605
-40.67557
-50.75814
-54.60957
-95.48861
-88.64690
-65.92964
-67.59508
-56.08184
-70.65251
-47.67612
-38.56406
-48.24116
-55.30959
-52.63199
-49.71430
-41.30487
-30.01155
-36.34573
-39.24895
-40.36803
-44.80090
-43.55612
-49.34967
-46.83360
-53.99495
-49.14003
-59.01543
-50.54294
-62.08398
-52.26302
-77.91411
-50.03969
-37.61220
-48.48436
-64.24101
-69.62275
-81.27106
-80.03670
-67.73806
-62.87007
-57.81591
-52.78443
-40.02167
-37.14433
-73.77348
-98.39900
-63.18602
-54.72142
-38.69803
-29.46261
-33.71480
-37.61354
-41.41713
-45.00044
-44.39358
-49.02489
-47.89773
-52.24256
-48.53955
-59.63421
-51.06312
-94.71887
-50.16651
-60.26747
-44.97205
-37.09281
-47.72256
-57.14462
-62.63164
-67.87602
-65.25291
-85.78469
-85.01727
-59.28268
-70.91964
-38.94277
-42.06155
-58.47907
-64.75210
-82.07501
-60.07035
-34.48771
-31.23862
-39.63814
-40.88724
-48.44326
-47.25174
-52.12323
-53.05997
-57.58524
-61.54248
-59.18643
-72.65163
-57.51818
-75.09478
-53.44440
-55.00273
-40.83779
-40.06150
-57.76537
-70.51340
-74.52579
-68.27917
-65.54382
-63.57696
-60.33028
-65.28273
-55.16277
-35.81632
-45.24950
-59.67875
-61.35062
-63.20060
-59.43006
-32.91389
-32.13478
-40.49060
-41.22287
-50.52415
-46.85416
-56.08185
-51.53913
-65.50352
-54.32779
-67.43961
-59.08317
-70.56393
-66.25089
-67.82584
-94.50918
-36.93746
-42.20991
-63.28135
-68.69544
-94.48305
-71.87211
-66.17243
-63.73514
-57.46104
-53.48651
-43.72743
-36.64806
-52.77170
-71.40989
-60.42105
-54.36246
-42.90523
-31.84965
-37.14674
-40.29039
-43.18005
-51.95323
-48.67665
-60.03403
-50.85789
-72.46048
-52.54690
-67.12139
-55.17269
-68.08064
-53.74755
-59.55126
-49.38977
-37.03751
-48.89840
-64.87057
-66.31433
-69.62647
-76.55832
-79.67266
-68.11873
-59.40776
-53.76573
-38.91198
-37.76141
-62.06905
-68.58268
-66.33221
-54.10084
-35.25460
-31.79828
-37.67101
-40.13161
-46.50796
-47.07490
-53.12533
-53.50076
-57.77768
-61.07560
-57.56278
-90.13546
-57.47356
-64.25067
-54.19438
-54.35258
-41.39167
-31.54920
-36.14702
-40.91344
-40.92317
-42.94642
-44.80256
-46.90206
-46.90789
-49.02601
-50.55690
-44.16279
-48.37022
-67.22224
-55.27932
-67.65194
-44.47452
-33.34559
-33.42158
-40.27100
-43.04685
-46.93947
-47.52135
-49.11365
-51.41753
-56.00196
-53.27360
-57.46350
-57.05712
-71.95133
-57.27868
-62.65722
-44.42022
-39.99657
-53.06567
-63.48659
-91.83925
-78.82663
-74.50305
-73.24525
-65.84044
-66.14546
-55.34254
-35.76642
-45.37367
-66.04481
-63.27517
-65.68540
-66.52260
-42.33894
-31.99932
-34.69469
-38.66670
-42.74371
-45.26296
-47.88174
-49.95402
-52.63977
-54.40517
-55.17295
-58.09930
-57.26369
-62.01666
-56.11106
-73.78043
-40.89325
-41.04466
-70.74032
-69.56777
-75.56521
-72.22302
-62.97599
-69.69156
-58.94878
-62.64410
-47.21064
-37.23541
-55.47529
-67.02200
-87.39417
-78.45906
-55.09790
-37.54959
-31.80942
-36.99438
-39.32102
-43.59821
-45.29689
-50.94546
-51.18888
-57.77308
-54.83617
-58.56131
-57.47182
-59.29736
-60.34318
-67.31120
-58.33439
-36.43439
-44.64383
-66.24810
-63.96349
-93.04498
-71.67952
-66.00698
-61.90705
-57.81879
-52.67409
-39.64034
-36.42018
-70.53170
-60.45926
-63.37100
-67.60011
-50.23841
-32.27695
-32.58964
-39.65503
-42.87157
-47.38449
-47.09688
-56.32947
-54.07572
-58.98919
-57.69396
-60.87272
-58.64658
-68.05416
-64.39845
-80.05200
-48.82652
-33.70989
-34.27580
-42.59445
-43.92429
-50.81080
-53.26876
-58.68188
-61.13426
-63.62365
-71.91903
-43.14882
-45.61222
-67.48257
-61.01526
-61.08438
-58.66019
-50.55706
-31.83805
-33.00994
-41.99275
-38.03789
-43.87576
-44.65838
-46.87524
-48.43610
-51.01494
-50.54997
-56.47075
-51.06303
-66.13629
-52.61055
-64.00167
-40.42137
-39.19977
-71.07284
-67.73199
-70.14562
-68.15772
-76.40012
-79.33847
-95.88693
-85.81285
-57.62968
-34.41763
-44.45196
-64.70027
-65.34310
-65.06915
-58.13859
-39.56345
-29.98365
-36.39385
-38.95957
-39.18714
-42.61833
-46.17258
-48.24117
-48.07708
-52.15793
-52.68340
-53.49802
-54.62687
-58.01850
-54.69435
-64.40212
-37.26517
-42.90519
-71.25310
-76.03807
-91.35001
-88.43013
-71.88924
-67.00084
-60.64764
-57.25189
-44.07062
-34.91405
-62.23028
-61.06406
-61.83410
-62.86287
-57.68795
-35.14860
-30.79953
-38.58326
-38.30139
-40.98510
-42.58708
-46.77863
-45.84855
-50.04387
-50.74511
-54.38843
-51.75328
-56.75709
-53.37833
-66.28004
-48.79142
-36.70425
-49.63234
-101.81642
-74.60513
-69.69368
-69.50219
-65.66384
-62.40007
-58.23956
-53.31305
-38.27810
-36.13199
-56.75806
-55.39460
-56.20777
-56.27037
-49.09645
-31.79396
-32.54200
-39.47592
-36.98854
-41.48951
-44.20399
-47.50439
-48.07865
-52.06680
-49.94677
-54.25265
-52.08403
-60.06033
-52.83568
-86.52242
-43.99763
-34.02798
-33.20733
-37.22111
-42.40229
-42.17639
-47.18576
-49.76903
-50.88100
-51.97879
-54.98406
-42.54379
-48.04531
-73.56688
-56.33838
-69.10894
-56.24896
-45.18791
-31.46015
-32.80722
-38.90077
-39.50094
-44.08637
-44.33849
-48.16714
-49.30331
-50.43252
-50.79332
-53.93502
-51.47051
-60.34217
-52.52177
-62.45426
-38.48846
-39.42706
-55.79700
-54.16182
-71.80241
-71.05342
-89.07595
-77.04356
-68.17656
-63.93796
-49.30655
-35.23854
-49.01207
-74.30393
-80.36427
-83.29671
-63.04068
-36.79396
-31.32065
-36.48722
-37.62588
-40.61645
-42.12518
-46.45344
-45.74082
-49.86906
-49.69803
-52.41894
-51.21095
-55.74281
-52.37936
-55.86149
-54.55598
-38.31876
-50.91332
-66.36783
-73.46086
-85.67049
-80.88207
-71.93908
-66.42429
-60.38645
-60.22764
-41.08960
-35.64526
-71.96270
-58.51995
-59.88502
-61.16245
-56.23962
-34.63812
-29.84394
-35.25948
-38.31145
-42.67859
-43.99801
-47.16074
-46.24414
-49.93660
-49.98518
-52.98202
-52.05230
-59.07194
-51.49746
-83.57766
-44.82906
-37.25653
-48.86486
-53.89220
-74.43217
-77.85304
-75.07046
-70.77625
-66.72586
-61.79245
-56.24245
-37.73501
-38.64780
-57.08617
-57.76059
-59.76889
-62.29402
-46.84986
-32.77142
-33.99628
-37.42439
-40.17048
-43.10180
-43.62281
-47.29282
-46.57488
-51.07308
-49.29808
-52.57535
-51.29578
-60.68122
-50.24238
-70.62367
-40.99079
-40.85778
-74.59200
-71.44053
-92.04753
-79.01061
-67.93235
-90.13603
-70.60421
-80.90641
-55.33279
-36.51084
-43.74318
-55.02596
-56.70041
-57.15465
-55.04430
-42.59047
-48.87407
-69.83545
-59.32018
-60.35213
-61.17654
-62.12288
-63.00727
-70.73913
-64.13410
-69.25687
-75.11646
-81.16854
-119.64564
-59.32201
-56.26750
-34.52055
-37.97969
-66.69052
-60.27867
-69.10453
-96.75432
-69.22471
-62.93479
-58.23628
-53.09331
-42.72534
-33.52639
-51.63683
-58.30466
-73.93940
-91.35058
-79.25905
-73.71026
-71.45288
-76.78856
-53.94621
-56.36183
-60.72746
-66.85859
-66.51431
-75.50642
-60.36418
-68.70529
-53.07048
-57.71154
-68.67660
-70.38101
-55.25806
-46.19683
-49.67870
-81.50322
-79.14251
-58.63024
-54.10402
-78.84859
-65.65293
-43.96095
-39.91295
-44.47749
-68.69985
-124.25004
-88.84308
-83.66278
-86.57399
-86.01153
-102.43920
-60.65913
-62.38958
-92.61107
-109.39067
-120.12855
-111.96503
-105.30437
-100.30606
-88.04055
-71.39985
-75.62235
-84.98741
-63.29652
-63.53133
-73.08636
-62.36115
-53.28866
-60.01894
-70.45488
-63.65920
-58.24124
-78.04160
-81.06430
-73.92703
-72.37815
-90.06796
-87.80066
-79.15666
-71.14019
-75.45693
-90.14624
-86.96555
-88.50421
-88.43315
-99.24714
-86.72723
-86.38771
-75.47571
-68.95720
-78.84796
-97.51502
-97.13046
-104.41153
-80.72299
-78.83735
-92.59377
-104.94286
-75.02039
-72.24515
-92.98599
-101.19935
-83.00615
-76.66343
-101.59968
-100.50691
-92.01095
-77.48730
-83.45906
-83.03649
-115.45409
-102.38998
-106.76689
-98.93373
-107.72646
-97.65880
-81.34654
-71.09766
-63.87079
-55.99180
-49.99317
-50.23503
-47.10036
-48.81719
-57.90218
-69.66998
-78.08937
-79.58020
-80.05357
-79.35601
-80.78159
-79.66914
-78.56577
-76.94231
-74.17356
-65.66434
-66.16627
-64.14442
-54.77437
-56.18966
-53.59352
-54.84276
-53.21851
-51.72393
-53.01265
-56.96804
-69.42816
-94.20605
-106.61992
-66.85111
-66.88257
-74.05174
-84.03924
-85.18081
-86.36769
-85.52348
-65.42795
-62.41001
-53.53874
-57.66228
-88.18617
-81.24527
-105.98357
-92.16323
-106.62858
-94.76374
-86.23517
-81.86348
-55.81007
-49.85941
-51.84993
-59.13597
-83.96003
-87.70221
-94.21526
-111.70381
-91.15526
-82.28838
-69.29510
-57.01830
-51.94650
-50.44692
-52.58246
-60.64217
-76.99938
-86.83178
-88.18563
-88.66923
-88.70528
-87.43462
-76.49334
-56.44650
-54.22274
-61.19118
-95.30913
-115.12590
-148.55805
-102.55146
-91.26911
-62.32853
-52.75814
-53.86674
-55.59350
-54.83296
-53.17469
-55.16399
-58.96484
-64.02020
-60.67768
-53.74716
-54.70229
-62.38462
-117.12050
-97.81308
-103.45603
-129.44937
-101.25875
-89.94982
-71.21547
-55.76823
-53.91411
-57.30829
-62.85388
-65.38576
-65.94815
-76.27062
-80.15404
-101.77468
-94.75922
-96.15518
-90.36035
-81.74672
-75.33426
-65.59917
-58.68295
-58.29751
-67.15716
-107.32385
-99.57514
-83.12500
-68.99719
-63.63860
-65.48188
-61.35045
-57.51327
-55.10892
-52.16941
-52.84405
-54.20659
-56.52349
-61.49438
-67.00478
-84.06604
-96.90712
-95.33865
-93.28083
-86.85489
-81.94932
-87.44460
-106.16231
-96.43434
-87.15149
-89.99737
-103.04147
-90.28750
-68.23217
-58.08829
-54.68043
-57.76614
-64.83586
-73.33292
-87.46843
-94.31005
-60.01388
-48.78652
-47.34720
-49.80093
-56.78071
-90.46917
-80.62437
-80.80060
-74.88641
-85.38334
-73.41910
-91.02757
-77.81310
-94.02028
-76.21752
-78.12532
-75.81350
-90.94413
-72.54518
-75.10268
-53.27470
-41.43852
-41.15942
-38.42828
-39.32752
-46.82909
-56.02490
-79.44860
-74.52920
-75.95172
-73.22447
-68.89532
-61.53138
-92.20540
-79.40221
-84.52064
-59.15137
-50.10069
-46.85673
-42.05141
-42.91247
-45.36684
-46.70370
-53.72407
-53.76107
-52.98871
-56.26549
-55.58863
-48.41453
-43.33349
-44.43200
-46.57975
-47.82473
-52.15910
-58.36062
-64.37897
-68.80426
-61.68584
-58.56875
-61.81703
-53.93466
-49.31702
-51.69979
-54.95961
-56.81394
-66.25016
-61.51567
-53.27400
-49.69253
-43.30475
-41.80252
-47.20823
-57.29098
-55.16286
-51.40064
-59.92326
-65.53053
-67.95096
-73.37783
-60.37526
-59.84386
-56.53554
-51.35631
-50.93115
-52.63833
-50.51779
-54.13962
-55.89436
-57.71116
-60.43879
-55.55995
-56.35772
-51.85066
-53.43168
-54.28246
-51.64802
-46.82878
-44.64050
-46.70797
-45.73117
-46.53255
-46.56919
-45.95856
-46.57107
-48.93024
-48.95278
-50.72708
-55.79800
-53.09228
-56.15496
-57.88593
-67.01007
-65.69989
-65.77720
-70.97396
-61.84254
-57.67142
-52.84205
-52.46527
-51.98826
-52.28600
-53.30693
-51.47353
-50.88567
-48.17575
-47.83861
-49.69516
-48.85327
-52.59052
-55.80946
-55.41883
-62.98773
-67.09426
-62.93635
-55.69310
-51.68700
-51.18467
-51.81495
-59.27893
-60.02826
-55.51013
-56.59425
-54.33499
-54.12602
-56.33314
-53.33887
-50.28983
-52.71775
-55.97982
-58.60248
-61.32831
-54.74781
-52.68326
-53.24773
-52.37452
-51.67697
-51.67792
-50.66764
-50.44216
-50.06478
-49.49789
-51.66420
-50.94840
-52.25604
-53.78085
-54.85870
-58.32545
-59.86185
-63.84532
-68.39944
-82.39327
-82.28229
-99.20860
-91.05573
-103.73653
-73.48305
-63.16389
-58.52344
-54.36466
-51.27205
-50.68941
-50.87743
-48.74582
-47.90819
-49.03900
-49.49041
-50.63315
-50.48189
-51.72814
-54.19821
-57.14482
-63.91350
-67.98522
-73.58444
-95.19327
-108.63351
-96.64262
-84.22610
-67.38913
-61.43270
-60.07203
-59.98871
-56.04469
-54.79385
-55.22986
-56.77913
-57.19650
-59.11233
-58.86774
-58.39885
-57.61564
-57.98028
-61.04027
-61.93208
-63.37125
-65.77556
-68.14998
-67.65727
-69.60377
-67.68584
-67.65792
-63.89853
-67.57233
-66.24059
-71.91457
-79.60028
-85.54232
-80.49192
-82.96482
-107.50459
-81.75065
-88.56725
-80.22640
-89.10485
-76.39697
-75.14789
-59.09550
-59.25170
-50.21704
-45.28836
-44.12152
-46.49347
-73.73110
-84.48353
-96.97068
-84.30004
-57.19038
-50.16057
-49.44294
-55.98412
-55.72759
-53.75208
-51.34680
-50.40855
-47.77206
-52.01604
-62.36202
-61.87120
-84.55044
-95.34267
-85.02373
-75.71354
-57.91414
-60.14001
-99.58325
-78.75662
-52.04278
-42.34415
-43.70510
-47.56452
-55.38220
-70.01705
-67.20947
-59.59122
-57.42593
-58.68671
-49.13047
-49.74467
-53.59840
-64.35487
-69.80440
-65.45554
-60.92858
-57.67424
-58.52026
-67.55591
-89.02185
-91.03992
-91.11348
-91.06647
-80.99230
-58.00538
-58.97489
-79.06155
-102.92097
-95.03489
-105.20819
-74.06806
-81.90490
-79.60568
-78.31762
-60.48412
-50.63055
-48.95431
-50.74769
-51.97930
-54.38323
-50.98718
-48.47732
-48.53199
-49.21416
-56.70831
-79.53660
-98.66754
-86.46941
-70.86586
-48.95325
-43.32572
-42.44866
-44.22717
-47.18427
-50.07918
-50.68132
-51.81912
-59.23541
-73.31361
-91.81968
-94.66038
-97.66297
-102.18205
-111.09910
-114.62246
-90.78701
-110.77900
-100.41108
-78.11308
-56.73289
-52.33350
-53.58806
-54.73473
-55.11362
-54.30323
-57.87882
-65.20804
-79.30315
-92.78288
-56.17886
-45.39198
-42.43257
-42.34678
-43.01688
-45.07564
-49.42088
-57.16418
-64.28111
-78.49880
-96.65265
-100.49773
-91.09377
-63.54456
-56.98644
-58.80998
-70.00189
-102.49062
-91.08709
-72.57406
-57.61912
-52.57424
-50.85269
-52.83863
-61.18667
-74.76272
-78.23336
-66.30364
-63.30262
-61.51358
-71.47565
-95.00950
-93.29897
-90.40362
-85.97681
-74.95325
-55.74061
-52.52851
-50.73153
-48.68297
-47.59233
-51.08886
-61.06587
-69.35221
-87.84036
-96.69288
-88.66551
-84.30174
-81.72585
-83.27220
-64.55747
-49.64029
-45.26090
-43.95516
-44.38514
-46.58825
-55.44373
-93.90310
-97.14170
-110.25873
-91.08417
-71.66407
-64.02548
-58.70534
-56.51448
-52.52409
-53.50533
-49.44700
-50.41455
-51.30371
-45.57319
-51.26956
-54.32943
-60.43949
-55.17115
-49.65082
-49.80429
-55.19455
-64.76531
-62.45528
-57.16158
-51.67633
-48.58357
-44.98450
-46.73678
-49.40797
-52.82449
-64.87426
-77.65876
-76.03730
-73.27773
-61.98948
-53.99092
-47.15137
-45.47086
-45.89864
-45.60844
-50.36268
-54.25696
-50.94168
-48.34844
-45.63631
-48.20779
-48.97202
-50.93707
-52.53017
-52.21651
-57.00992
-50.02108
-51.33063
-50.44606
-47.84269
-43.44195
-43.40077
-44.94389
-46.88300
-47.53759
-51.57973
-64.70750
-61.98482
-67.48869
-56.96040
-57.53576
-56.06349
-54.52613
-53.10072
-53.26808
-56.54991
-53.73225
-62.81535
-53.26588
-54.03650
-56.38793
-47.56062
-54.05967
-44.64920
-47.22759
-51.38909
-48.07050
-50.15322
-48.31930
-50.03513
-48.03377
-51.56442
-49.57264
-49.26598
-48.42334
-52.48362
-55.19048
-52.63874
-57.69128
-52.52504
-50.78218
-48.88597
-50.19192
-48.17012
-47.73664
-47.18495
-48.78926
-48.91512
-51.69210
-55.89833
-52.23950
-52.67445
-52.85045
-59.83967
-55.41243
-69.04667
-68.15601
-72.81444
-59.69899
-59.41470
-55.33816
-53.69495
-45.99855
-45.49298
-44.27278
-43.58989
-46.99426
-44.93698
-45.12108
-43.88918
-47.62674
-49.91372
-53.98216
-53.85076
-60.27355
-63.90619
-65.60455
-66.65301
-69.21394
-55.12969
-53.36923
-46.20495
-47.28900
-50.56622
-53.17890
-71.25836
-64.77703
-67.62321
-65.26764
-72.79660
-55.69551
-51.60455
-47.68525
-48.25942
-46.93372
-45.88528
-46.85973
-48.20192
-47.95928
-47.10808
-47.57558
-49.22543
-50.92283
-53.16827
-57.86098
-55.32082
-63.94448
-66.73334
-64.65936
-60.91680
-63.21502
-61.54667
-63.81612
-61.14806
-63.10255
-57.20038
-55.39096
-54.20508
-50.42523
-49.64009
-47.94322
-46.23348
-47.11828
-47.71176
-46.19490
-47.30005
-47.50749
-48.65968
-50.58967
-54.99282
-64.37144
-78.07576
-99.47210
-114.61522
-104.36592
-99.88082
-95.96585
-85.74326
-86.41062
-81.23197
-103.00784
-76.71752
-77.00398
-65.44182
-57.31470
-56.69182
-58.72179
-57.80212
-60.10072
-59.48464
-62.34530
-62.96985
-62.07590
-65.97767
-64.49924
-69.37596
-70.16931
-79.65008
-78.81163
-73.10046
-65.50943
-69.51847
-70.63510
-82.49156
-74.36837
-73.99650
-66.50864
-66.64436
-64.50431
-63.13641
-63.87339
-67.63894
-60.44350
-46.26909
-45.93454
-50.45351
-62.72884
-78.54775
-77.94976
-85.91727
-70.64640
-66.04896
-64.86956
-72.19039
-87.18186
-80.74145
-68.60961
-59.24799
-51.94011
-53.93428
-55.70208
-53.80049
-54.46560
-57.15139
-49.65177
-44.01994
-44.16865
-46.91815
-54.35450
-81.69409
-81.75639
-82.14249
-63.31169
-60.57352
-73.95421
-80.77538
-84.71547
-84.32431
-83.67392
-66.76415
-62.34450
-55.80567
-51.79391
-55.08519
-62.35891
-67.23489
-73.88353
-83.79541
-77.98521
-74.02037
-73.59184
-117.20609
-72.29983
-71.26287
-57.60305
-50.04785
-47.97514
-48.49421
-49.66824
-51.18117
-53.78405
-51.87397
-49.89461
-51.53845
-55.91285
-63.84627
-98.58119
-95.80691
-112.37553
-103.98941
-98.60364
-79.45645
-62.25842
-58.82081
-61.81646
-72.00644
-72.91030
-66.08027
-63.82159
-60.27200
-59.15455
-54.10512
-49.97150
-48.87941
-53.97583
-78.57551
-83.97340
-100.94768
-56.88305
-49.27343
-50.43638
-55.93558
-60.87005
-68.23081
-75.52825
-84.51804
-102.45977
-121.71590
-101.50662
-87.38216
-76.31902
-84.27487
-97.53304
-62.15710
-55.69376
-52.75126
-53.90979
-54.90485
-58.07625
-67.73055
-75.85105
-95.17033
-74.88446
-69.57226
-64.16224
-60.63382
-61.95698
-65.71592
-65.84352
-61.27304
-59.60273
-59.47841
-58.33760
-58.73790
-59.51974
-66.43174
-81.59431
-88.03018
-78.45503
-68.75174
-76.41650
-74.76809
-79.96493
-72.31549
-73.68756
-83.65497
-76.34454
-65.59250
-58.24896
-58.14874
-62.19284
-69.91681
-79.19428
-86.60416
-68.33393
-69.19192
-92.79559
-79.06927
-70.22631
-69.52893
-68.31455
-64.43992
-72.55214
-104.81933
-98.02522
-87.52322
-80.35454
-67.19644
-68.12930
-77.59082
-69.68427
-69.87532
-67.53326
-63.50359
-59.49030
-58.51141
-62.90949
-65.71977
-65.80943
-68.98468
-68.56733
-68.13748
-72.57772
-66.00359
-49.19746
-44.73639
-46.66552
-43.70062
-43.94046
-50.08679
-54.88913
-79.06149
-91.87646
-92.93381
-97.03811
-104.89549
-117.37228
-95.31650
-99.38458
-124.00195
-73.35423
-49.95590
-46.76452
-44.17993
-43.92512
-48.55436
-50.91436
-57.19283
-68.71238
-85.86401
-92.30235
-89.81066
-87.21024
-83.96848
-81.53858
-54.03099
-43.26612
-41.83245
-46.85655
-61.70673
-93.13070
-87.39268
-83.36469
-73.99063
-72.02875
-81.32720
-97.08091
-81.74496
-77.71913
-68.37915
-52.43539
-46.47450
-48.63844
-51.77732
-55.99528
-79.02943
-77.33282
-72.71053
-51.88753
-45.47147
-52.52889
-42.52281
-38.16243
-43.27000
-42.92000
-42.40754
-39.81249
-39.58719
-44.44306
-50.93336
-56.72872
-59.53610
-58.29472
-55.39320
-53.60096
-52.44901
-53.22721
-51.99936
-50.16158
-49.15604
-46.55795
-42.83368
-43.87942
-44.31983
-44.66442
-48.67327
-51.21333
-53.94831
-60.95516
-52.59870
-48.74271
-55.23011
-63.82255
-65.91071
-70.11925
-71.71735
-59.36528
-48.02386
-42.60767
-42.51310
-41.07035
-38.58773
-39.68337
-43.02786
-48.14270
-55.65599
-69.71840
-74.34898
-82.12156
-76.51764
-86.41099
-100.94830
-59.48780
-51.68105
-53.28193
-61.20600
-86.03001
-48.04536
-38.07619
-38.13912
-42.85545
-50.02090
-53.56622
-55.95637
-60.94444
-62.15505
-76.33655
-79.65453
-80.26499
-61.19574
-50.94703
-52.21263
-54.97250
-60.80008
-59.53780
-55.16976
-64.26995
-67.77344
-81.54276
-74.09973
-87.40309
-81.99163
-79.37857
-63.29825
-55.61588
-69.62811
-80.69714
-69.95643
-65.97314
-70.54848
-63.67957
-65.13473
-65.67889
-59.84860
-53.47729
-51.80688
-51.09680
-52.81718
-53.95454
-52.49736
-54.64634
-62.35492
-73.64118
-85.66414
-96.09383
-98.76081
-79.93172
-60.49768
-62.66062
-63.89158
-67.86631
-56.62372
-55.15066
-53.60020
-53.19549
-52.20332
-49.66951
-50.29185
-52.41303
-55.75975
-53.38891
-55.70448
-56.29322
-57.44293
-58.72085
-65.44115
-81.33556
-87.44065
-87.84392
-87.89948
-88.21052
-88.83365
-89.92714
-92.05364
-93.04182
-71.60648
-64.58872
-62.16076
-62.25967
-63.21581
-62.74940
-63.60794
-67.84040
-75.54240
-74.96330
-65.74802
-61.98753
-61.20059
-63.30948
-67.09435
-71.47755
-78.09345
-85.70068
-96.86952
-94.25711
-96.51572
-92.34417
-80.49315
-67.43463
-63.33114
-61.87082
-60.76351
-56.27186
-51.19020
-48.43741
-45.77994
-46.76500
-46.49565
-46.38376
-52.94689
-61.76368
-62.69682
-62.14922
-57.00632
-59.34714
-65.65482
-63.09795
-68.37755
-78.08616
-80.77227
-61.20749
-57.95031
-60.98933
-65.87121
-63.81904
-70.36136
-76.82734
-77.43086
-83.34169
-63.94113
-55.07588
-58.20084
-58.95077
-64.76856
-69.84461
-71.07040
-85.93698
-90.46473
-73.78444
-62.69911
-56.92458
-58.87727
-54.72117
-45.97907
-45.14790
-49.70442
-57.06748
-63.38221
-84.35971
-90.98849
-95.00556
-66.40006
-57.49657
-54.98680
-66.28694
-74.48966
-69.91215
-73.92578
-71.10160
-62.91200
-53.67140
-52.32250
-54.58261
-57.96361
-54.04885
-53.55746
-59.51700
-68.92167
-80.88596
-91.39448
-99.39018
-80.71729
-65.72307
-66.11456
-57.86247
-50.31183
-49.45311
-52.85963
-64.23581
-87.37525
-76.62011
-84.70442
-78.81866
-116.32007
-82.62708
-57.35384
-49.92891
-51.15413
-65.17308
-69.05997
-67.62491
-58.78580
-57.78327
-62.54781
-66.68073
-58.32956
-51.98555
-53.73829
-54.18389
-59.82136
-67.34411
-86.09570
-72.39198
-73.94176
-74.54579
-61.83459
-61.70361
-63.00828
-62.51633
-55.66563
-55.51880
-55.50807
-57.36184
-63.10646
-66.05989
-67.86747
-61.74527
-61.12873
-65.80720
-66.81966
-69.70016
-88.10033
-102.52002
-89.36049
-86.39312
-69.46390
-60.49759
-60.72087
-65.66836
-69.07680
-70.50264
-73.55935
-75.59799
-75.47306
-77.51759
-74.88354
-68.98993
-73.72931
-78.31799
-77.75259
-76.84625
-70.60222
-68.21012
-64.30707
-59.91881
-63.85559
-64.96664
-56.17346
-58.90183
-63.80988
-68.81297
-78.83853
-94.72004
-93.94294
-92.13377
-84.62004
-70.99970
-68.21409
-72.32258
-79.99470
-71.08844
-76.26653
-66.73208
-62.67003
-59.84544
-59.22857
-57.25996
-58.78191
-66.27290
-81.81657
-76.90064
-85.33687
-71.36155
-67.23074
-61.08197
-69.23494
-46.26535
-41.28157
-52.63558
-53.07209
-48.53476
-54.06393
-62.72638
-108.77368
-82.87727
-82.39981
-81.92586
-81.64837
-81.38969
-80.95476
-76.68976
-68.36816
-50.26418
-42.29259
-39.43090
-44.69861
-64.92225
-99.67516
-58.88061
-42.24450
-39.89705
-44.76033
-59.65349
-77.45390
-81.30625
-84.20330
-87.11210
-91.38451
-109.49208
-66.68209
-54.85666
-59.06713
-61.47582
-50.24865
-46.88821
-53.12852
-55.61498
-57.19668
-55.75393
-55.16794
-90.29430
-65.72271
-72.83828
-62.77652
-66.66614
-56.22422
-59.87845
-74.10702
-77.47772
-76.30860
-74.76137
-68.49877
-55.72787
-52.65312
-41.40369
-41.16829
-41.33776
-38.87739
-37.21740
-39.37769
-47.37795
-49.25438
-49.13582
-53.93383
-71.03795
-81.25931
-90.80206
-81.57614
-83.53505
-63.60337
-58.68782
-54.34785
-50.52762
-47.93839
-42.66778
-45.67642
-51.95329
-46.59948
-43.67122
-41.62403
-41.66686
-41.69284
-43.51980
-44.39454
-46.80238
-48.00213
-48.50507
-52.81914
-54.41142
-59.78721
-62.06854
-75.18826
-77.64561
-82.81545
-57.22323
-49.71310
-49.76837
-58.49711
-55.60523
-48.79437
-48.28019
-47.82100
-52.98304
-48.24770
-48.55567
-49.81427
-43.86694
-46.21646
-48.74061
-50.25070
-54.52883
-48.70118
-48.18292
-61.16472
-65.69264
-60.82180
-59.98707
-65.08106
-81.54114
-109.22217
-98.31328
-73.84659
-60.78174
-51.23155
-50.58671
-49.14575
-49.23918
-55.84442
-68.48043
-53.43940
-49.31269
-48.48042
-49.98265
-51.31291
-51.49465
-53.68046
-52.31124
-50.67031
-52.25561
-56.65389
-53.65476
-54.87235
-57.70107
-59.92203
-66.12174
-78.20876
-77.98261
-109.19980
-95.73880
-81.89613
-102.10558
-82.24649
-82.21175
-67.88472
-73.73637
-58.67813
-55.40967
-58.55195
-58.54252
-60.44807
-59.75254
-59.01311
-54.92048
-53.65789
-55.63239
-54.57142
-55.75941
-58.95393
-54.80640
-57.04265
-63.59788
-68.44474
-84.57642
-73.33878
-70.52428
-69.91191
-68.47662
-65.45381
-69.26498
-74.04570
-72.34753
-71.09891
-63.37065
-58.05510
-61.52175
-61.32781
-64.26221
-64.55014
-64.89481
-61.92200
-65.05201
-62.76703
-61.83139
-62.88817
-67.63158
-65.88198
-68.55165
-63.56668
-61.71953
-63.72696
-61.20554
-66.51131
-63.67383
-69.91994
-66.74193
-73.05874
-61.93229
-68.55486
-64.85587
-64.63709
-62.57653
-61.74000
-57.41481
-57.16806
-41.89321
-33.26786
-42.80079
-50.11745
-59.76114
-61.34146
-74.28059
-51.19320
-53.09644
-61.76418
-64.76525
-66.95797
-60.37411
-60.45716
-49.67509
-50.11233
-48.16865
-48.11999
-46.16042
-46.28587
-47.29372
-47.13078
-47.26081
-47.98250
-49.90854
-52.21806
-53.44433
-54.85658
-56.08452
-58.80035
-62.85455
-63.43258
-66.09949
-63.11366
-73.75349
-67.87369
-71.92221
-71.68850
-71.00376
-68.44016
-68.78864
-67.59664
-67.04491
-60.66088
-56.90885
-56.00438
-54.42111
-56.76405
-57.28376
-55.41735
-54.74386
-57.04688
-58.22631
-60.81779
-61.24340
-61.93220
-64.18270
-65.30227
-77.67886
-79.17464
-95.66226
-70.26384
-73.49489
-68.76912
-65.80440
-59.54422
-53.58830
-52.75894
-54.89330
-54.84339
-55.22837
-56.92309
-57.64930
-56.65385
-61.00649
-63.20863
-73.85634
-71.73855
-75.94526
-83.92332
-92.70388
-123.04573
-78.20697
-94.12806
-70.25970
-80.19864
-63.33237
-69.07455
-61.87569
-79.13252
-62.44076
-83.85821
-61.46655
-76.10598
-61.23108
-66.08578
-58.29004
-58.65911
-47.08660
-33.19117
-40.76027
-56.35574
-67.87650
-69.85877
-68.47655
-68.26412
-67.80564
-68.07374
-67.98487
-69.16697
-69.25275
-73.60198
-66.04284
-68.60534
-63.11827
-78.48816
-71.91650
-74.42319
-71.53365
-74.17446
-67.57986
-72.95886
-89.94077
-64.94241
-81.88971
-65.81855
-68.21029
-61.65485
-60.96650
-56.27980
-52.05314
-38.86234
-33.73516
-45.10132
-50.71518
-54.85011
-51.61186
-66.86498
-65.36261
-72.58381
-65.12228
-55.63188
-59.11656
-70.57274
-71.22428
-62.82654
-63.72298
-54.57009
-52.24830
-51.98090
-50.64948
-46.79712
-47.48947
-46.62203
-48.38366
-49.05858
-49.75495
-48.12969
-48.83838
-49.68698
-47.11612
-50.00927
-51.30352
-50.65815
-50.49050
-51.94255
-52.85594
-53.02739
-54.56753
-55.50704
-54.01512
-54.38813
-54.62593
-52.77917
-53.63649
-51.61928
-52.30593
-51.83143
-52.09996
-52.01112
-52.27851
-55.74575
-55.20490
-55.28233
-55.30215
-57.64716
-53.65966
-51.53585
-50.35629
-49.98400
-50.70877
-48.88340
-48.46296
-47.56187
-48.76441
-48.97911
-47.34983
-50.16619
-51.71767
-53.85962
-53.13945
-55.08131
-47.38038
-46.95402
-59.53942
-52.50509
-56.20238
-63.25587
-61.08933
-62.37551
-62.68532
-64.82185
-63.50864
-63.84643
-65.97215
-67.27448
-63.26420
-64.67733
-60.85301
-63.19468
-64.24550
-65.09421
-65.23165
-61.71690
-61.03472
-61.57934
-61.38105
-63.78445
-63.32970
-61.77801
-60.16795
-65.02749
-67.03437
-63.79272
-70.06355
-64.82444
-68.01708
-65.89866
-68.90795
-64.86040
-67.54242
-65.09121
-68.39729
-64.11566
-71.94042
-67.29522
-70.98379
-70.11312
-72.98777
-67.39905
-71.16646
-69.33388
-69.68746
-77.34073
-66.76907
-86.41152
-65.39527
-72.61262
-62.80025
-63.16086
-56.64944
-60.96797
-36.71767
-33.49365
-45.55080
-52.54060
-79.89733
-64.73290
-74.11057
-68.35280
-86.87830
-72.15799
-66.02294
-62.58538
-65.62753
-61.66130
-64.72254
-63.82928
-60.12421
-58.20604
-55.75883
-59.18279
-56.03360
-57.49757
-54.41496
-56.64042
-53.23927
-56.11382
-52.62036
-52.36380
-50.83433
-50.53290
-51.21533
-52.68562
-52.78122
-50.08504
-50.70685
-49.55153
-51.00715
-51.46838
-54.08113
-57.42474
-55.42147
-54.00736
-56.29324
-60.87117
-59.38941
-58.16907
-64.55958
-59.93604
-59.71808
-58.71583
-55.86722
-54.46460
-53.16381
-52.60044
-55.59935
-58.73232
-57.72251
-58.70352
-57.85723
-63.84508
-61.05713
-57.96119
-56.22598
-60.03443
-65.74664
-65.46382
-67.58180
-72.79641
-82.97737
-78.09818
-77.41897
-66.49271
-65.99902
-70.36003
-73.65390
-71.30538
-71.35637
-68.29329
-78.27781
-73.73587
-71.99531
-71.31456
-72.07112
-74.36730
-84.37576
-78.97989
-76.90655
-74.53582
-73.32395
-77.35673
-89.37160
-79.12517
-75.75740
-73.59787
-74.33853
-81.41609
-76.75287
-80.62658
-66.57509
-66.71645
-85.20203
-88.10264
-78.87494
-70.92027
-69.15465
-85.55198
-78.74322
-107.71025
-75.25676
-86.01001
-71.48846
-80.34924
-75.10652
-79.18209
-73.44358
-82.28241
-75.69793
-79.59415
-77.58345
-101.83613
-74.28361
-84.49612
-94.64239
-81.51010
-76.14152
-71.94487
-69.23835
-65.10289
-62.15684
-57.34633
-52.09517
-36.03398
-33.34289
-46.38879
-48.57430
-56.88298
-53.45112
-63.01110
-54.51793
-59.30954
-58.92338
-61.63683
-59.79868
-62.37397
-75.85623
-75.32250
-66.32397
-58.99982
-58.17750
-53.65201
-61.27205
-62.21177
-63.57031
-59.69094
-59.01012
-51.62181
-52.42730
-51.96758
-55.06751
-51.05917
-48.03780
-46.09023
-48.43931
-46.14505
-37.88282
-41.08811
-48.03205
-45.04241
-47.46444
-49.00513
-48.22453
-46.01902
-45.94367
-47.37898
-47.92282
-50.25259
-49.14247
-47.61265
-46.66768
-48.90470
-53.42233
-53.37857
-54.77089
-52.67405
-52.22999
-59.58734
-60.13893
-57.89807
-56.20236
-54.78369
-54.75357
-54.93340
-54.90608
-58.38296
-55.54231
-65.03359
-49.40456
-42.47774
-53.01661
-75.47827
-87.60834
-79.45589
-69.89075
-67.86715
-58.24706
-61.16111
-72.25267
-79.29327
-63.13116
-64.20149
-65.41990
-117.71594
-71.28614
-82.92269
-71.82268
-74.90298
-69.11434
-70.30306
-66.63149
-70.35032
-78.64644
-74.33421
-80.52643
-73.53393
-97.53697
-64.86528
-73.24995
-63.10897
-59.68515
-46.49452
-40.80634
-55.92364
-69.02977
-92.26913
-86.51170
-77.87670
-74.95816
-71.83565
-70.54255
-69.20421
-69.24058
-64.97815
-79.35695
-63.38978
-65.05028
-57.80629
-42.81723
-49.12612
-67.41854
-65.60215
-67.12802
-68.16474
-69.66060
-71.78524
-75.55706
-83.46202
-82.44545
-71.96496
-66.08152
-61.43967
-56.37494
-50.73836
-31.70731
-30.07237
-43.50539
-50.36987
-63.06394
-62.03689
-64.25258
-66.61699
-69.24375
-72.12454
-91.42693
-65.34132
-54.60058
-49.10977
-46.35677
-44.52952
-44.45827
-45.01004
-43.82159
-43.78932
-44.75889
-45.43656
-45.67593
-46.46964
-46.50454
-49.53235
-49.60438
-50.76711
-51.21126
-53.98829
-56.73924
-57.99584
-56.39879
-61.18352
-59.33935
-61.02803
-65.48333
-70.01485
-65.63333
-64.22705
-67.60290
-63.73881
-58.15309
-54.56854
-52.45947
-50.03827
-48.79228
-48.88502
-47.70284
-47.41217
-48.10664
-50.26984
-53.78481
-53.05301
-58.10613
-48.14665
-50.95522
-79.75806
-61.02455
-79.09651
-63.54368
-55.53250
-56.20375
-53.29296
-54.07389
-47.97826
-44.88464
-47.42241
-48.13048
-50.96430
-53.07458
-52.59987
-53.42782
-55.82031
-67.45991
-62.46338
-76.53417
-67.47436
-84.44411
-73.89155
-83.03076
-81.40978
-46.53542
-50.09488
-77.86325
-70.41756
-78.43924
-68.29772
-78.02265
-69.38886
-66.01259
-66.66884
-63.22573
-83.16841
-59.30565
-76.38696
-55.74971
-53.45504
-39.47584
-34.44413
-48.83064
-56.60934
-69.64564
-69.81527
-82.51304
-104.62825
-80.13072
-75.05765
-70.76246
-74.93468
-69.67119
-74.20840
-66.32858
-68.50576
-61.36296
-100.88168
-62.12390
-90.73414
-64.08199
-78.74503
-66.93684
-75.50574
-62.13711
-72.09837
-68.06240
-73.49142
-70.81095
-65.73750
-63.31740
-56.84194
-51.59801
-32.59986
-33.02079
-51.58341
-52.32107
-62.40426
-51.92926
-70.14575
-68.93146
-51.86147
-46.21600
-62.09191
-63.49576
-74.55441
-69.60017
-87.43960
-63.20185
-56.27812
-58.05375
-51.18470
-49.09727
-48.21722
-48.97144
-47.39403
-48.85436
-46.56610
-43.92945
-44.15999
-49.25813
-51.03359
-52.44790
-55.36240
-54.58325
-53.85435
-50.91872
-50.30792
-52.85643
-52.57194
-56.15294
-53.28474
-53.40984
-53.71165
-53.54836
-52.62660
-49.65703
-51.72466
-49.97788
-52.18247
-53.74383
-53.92783
-55.92760
-54.09703
-57.24446
-58.15400
-56.25522
-56.50615
-53.29891
-51.54135
-51.42377
-52.75864
-49.48300
-46.53010
-47.60164
-47.92332
-48.86448
-48.12234
-48.44295
-50.07132
-52.77879
-52.90623
-52.17591
-53.08415
-47.60386
-51.01472
-56.81082
-51.14988
-61.53915
-64.46023
-59.53614
-65.06958
-59.39770
-67.78388
-61.09706
-64.88312
-65.31372
-70.27458
-62.85374
-63.48336
-59.68980
-65.40798
-64.68358
-67.91081
-60.80411
-59.65783
-59.79164
-60.81107
-68.13321
-61.61735
-72.02415
-43.58994
-44.08747
-66.08602
-75.32060
-77.06133
-71.15624
-63.98280
-61.16610
-47.30653
-42.41877
-65.16072
-81.64337
-67.18892
-68.41684
-61.56706
-59.00240
-49.57240
-40.75397
-54.36498
-71.23422
-66.04446
-65.93494
-65.62441
-65.52419
-65.65008
-69.51720
-63.58988
-71.97300
-68.96810
-80.64449
-72.84380
-68.51059
-61.74427
-32.15886
-33.43472
-50.52763
-58.36081
-66.61250
-65.38779
-79.52316
-63.89270
-41.58525
-39.43101
-59.59042
-65.51946
-59.60310
-57.05694
-67.87146
-68.27933
-76.39915
-62.73447
-63.58725
-86.97788
-64.00171
-61.74800
-61.93461
-59.09243
-53.36444
-55.41773
-54.33762
-51.70608
-49.10159
-50.82345
-50.11274
-53.14745
-51.05486
-51.81885
-48.58959
-49.27097
-52.84714
-54.68055
-57.52814
-56.65928
-58.06751
-54.33491
-57.39266
-62.11031
-57.46175
-58.03994
-62.25586
-59.64579
-58.65148
-56.91956
-54.28461
-55.14629
-56.35052
-54.31783
-58.29774
-58.67600
-59.59397
-58.11378
-61.44263
-61.04293
-57.38029
-55.65145
-57.81064
-63.41590
-62.74344
-66.40854
-59.09277
-68.66762
-79.67299
-75.61742
-65.79930
-76.00154
-64.74478
-68.03491
-61.72434
-56.91945
-74.38082
-87.96454
-69.87075
-71.50453
-69.85255
-62.00591
-67.78715
-66.71448
-80.46715
-69.98515
-83.51058
-70.50755
-70.52347
-69.60574
-69.35950
-73.20534
-76.75111
-81.42097
-76.95219
-82.34543
-71.80673
-87.37897
-56.99250
-56.66936
-82.96719
-73.66854
-74.62440
-71.50060
-79.78894
-91.28184
-62.38833
-58.43380
-75.22594
-101.81792
-72.60935
-84.88600
-70.60364
-75.13870
-69.84121
-75.33587
-68.34425
-69.83963
-67.40975
-67.29848
-66.13130
-67.07486
-66.26677
-66.99544
-65.79799
-67.68865
-66.87545
-70.75649
-66.88824
-74.20526
-60.70240
-30.34455
-33.90873
-47.52351
-52.63285
-64.31307
-57.24633
-72.76062
-52.28730
-47.99829
-44.71377
-49.78455
-45.72053
-45.17814
-44.80635
-44.39182
-45.04316
-44.74979
-43.28898
-46.88703
-46.31608
-45.74389
-48.87165
-47.12728
-48.42539
-45.88477
-43.89717
-49.97674
-50.25940
-52.42387
-54.12847
-52.73253
-52.91154
-50.07382
-49.90865
-50.39566
-55.65627
-55.37259
-56.36246
-54.16370
-53.82855
-54.60645
-53.85787
-51.49731
-55.37255
-52.09021
-53.88215
-55.09974
-64.05346
-68.36132
-59.93457
-60.95388
-58.76489
-58.89706
-57.43200
-58.20766
-59.00544
-57.93706
-56.07831
-54.90295
-56.91580
-56.23968
-63.16731
-61.33821
-55.31115
-61.71219
-49.50978
-52.03355
-54.19864
-58.40336
-65.31727
-87.72145
-89.43431
-81.21414
-70.27576
-60.14103
-66.55991
-63.52014
-57.55510
-61.55066
-63.98003
-63.68739
-55.17507
-46.56202
-56.71626
-62.33266
-59.67482
-61.68456
-58.13472
-61.22471
-60.56330
-63.12753
-67.46589
-73.33109
-65.92855
-69.59078
-65.05780
-73.69168
-71.07716
-68.11860
-60.82674
-78.20494
-70.78102
-77.71336
-69.25516
-76.13102
-76.25499
-66.23034
-63.90328
-99.19969
-84.50300
-78.48148
-82.24022
-67.05275
-77.24779
-61.67813
-66.94515
-65.70695
-79.31252
-65.49877
-70.04256
-63.66670
-65.82785
-64.31290
-64.31744
-63.40600
-62.84987
-62.15653
-61.84826
-60.23542
-57.99067
-48.99476
-28.90487
-33.40000
-45.45414
-46.91396
-59.26803
-56.06987
-86.98876
-61.13550
-69.51072
-66.22387
-71.47519
-47.22340
-46.52306
-47.07880
-47.33672
-45.43795
-43.11359
-44.02455
-43.16664
-41.82806
-42.42158
-43.59585
-42.92673
-42.70591
-45.20033
-46.87745
-47.65334
-46.19776
-47.54878
-50.40030
-51.49389
-49.68809
-46.76595
-47.38299
-51.74063
-60.54736
-63.99601
-63.93435
-64.34625
-63.06937
-57.40737
-52.57263
-51.77843
-48.89207
-47.87786
-43.86964
-43.10780
-45.33796
-42.90247
-43.86836
-45.36787
-49.61595
-49.34605
-47.98587
-48.24891
-50.66365
-56.30801
-59.43411
-62.96014
-67.74555
-61.94081
-56.01785
-49.49312
-50.25434
-47.92242
-42.21290
-39.83515
-38.83470
-40.09542
-39.73489
-39.30746
-39.76607
-41.73970
-41.97830
-43.68970
-45.50106
-49.04412
-55.35724
-68.68220
-68.75896
-72.11169
-59.47299
-46.55135
-49.08186
-47.78144
-49.26691
-50.76666
-49.66532
-49.27799
-46.49103
-45.76298
-44.07936
-47.63494
-49.87441
-48.80464
-53.27837
-49.58697
-53.28393
-41.84262
-47.79352
-63.01568
-55.58926
-66.15221
-48.31964
-102.01332
-53.90937
-56.51651
-52.19056
-47.94551
-49.64967
-51.07058
-49.63609
-55.92211
-66.82423
-59.53236
-84.46945
-67.53667
-67.40707
-65.59115
-78.27107
-52.74610
-52.39973
-58.99019
-78.15614
-68.43669
-77.92886
-56.73036
-64.06879
-51.79760
-64.75727
-46.77327
-33.08692
-37.12417
-39.97592
-41.80591
-43.28014
-44.20671
-51.73461
-57.32201
-74.43481
-66.24806
-103.25877
-72.81757
-81.76683
-70.57221
-74.87511
-57.01766
-52.50116
-51.51461
-48.37261
-43.44901
-47.86450
-44.11445
-49.84101
-47.37738
-45.24686
-44.07390
-42.65467
-51.63826
-48.03895
-51.47748
-47.58142
-50.29251
-47.97814
-50.22722
-48.15912
-49.82585
-50.39292
-46.74472
-53.01249
-48.46296
-49.00373
-48.70097
-51.21469
-48.80026
-47.22585
-48.10984
-49.37269
-51.62414
-50.14873
-54.96492
-52.70453
-51.96317
-51.11382
-48.56798
-47.15384
-47.22644
-48.15768
-45.92288
-47.21960
-44.51688
-44.09991
-45.47196
-45.09553
-46.64136
-47.84409
-46.10974
-45.76041
-46.36600
-48.09308
-51.67045
-51.08558
-48.58385
-48.79951
-49.73606
-48.01480
-47.46404
-45.82854
-46.15914
-43.87265
-45.56432
-48.14105
-47.72430
-50.66754
-53.55851
-49.87771
-50.18855
-52.04187
-52.59085
-58.00805
-54.33950
-51.61908
-49.84376
-50.33286
-50.70142
-48.83366
-44.80906
-45.60993
-47.70437
-45.16102
-45.34717
-49.54675
-48.02022
-46.72191
-44.64530
-44.87291
-48.34699
-46.78698
-46.29679
-46.54704
-45.94628
-48.45095
-45.47845
-45.89314
-47.09135
-44.17122
-45.03650
-49.92693
-47.79373
-42.92864
-49.24820
-49.36472
-48.75651
-48.75861
-52.36992
-49.64324
-51.31857
-51.11755
-55.91952
-54.33177
-77.64916
-42.50071
-31.82881
-40.52648
-69.07826
-52.46170
-58.35574
-48.63565
-61.61171
-49.23669
-40.59723
-42.37975
-50.36188
-65.55164
-51.97331
-54.89842
-76.90227
-65.05750
-77.10812
-58.73100
-64.28177
-76.49939
-62.02409
-58.56008
-63.24250
-58.38199
-56.51916
-61.69285
-53.55969
-48.43319
-45.53142
-44.41934
-46.43622
-47.81862
-47.51584
-48.97968
-47.27954
-46.04762
-46.98441
-44.54873
-46.52638
-47.66334
-51.89975
-49.44238
-45.39284
-53.70916
-44.84022
-49.45275
-62.59941
-54.44368
-66.11038
-53.13879
-49.65332
-46.36476
-45.45834
-47.51719
-45.87437
-45.14056
-44.38065
-44.34469
-50.54712
-46.08794
-46.34610
-43.59576
-44.69831
-48.71854
-51.09510
-58.94628
-52.84788
-54.20090
-53.33626
-53.43720
-51.37133
-50.76005
-49.78621
-57.15220
-56.52945
-61.44243
-51.29642
-53.56150
-54.92640
-53.60094
-53.10507
-52.99276
-56.29301
-58.31016
-79.76287
-65.24560
-67.59320
-54.37051
-56.39909
-52.77076
-60.48478
-58.44262
-58.23780
-60.92441
-59.08439
-60.73173
-79.92972
-59.87588
-55.45303
-61.01785
-59.22907
-53.61805
-51.67906
-47.07587
-45.95469
-49.35610
-48.28819
-53.62047
-61.14994
-66.38059
-73.87246
-72.58201
-80.83825
-77.93016
-86.06656
-74.41894
-82.03496
-64.83115
-59.26017
-56.78133
-55.65465
-70.42719
-61.42610
-65.36301
-52.94451
-53.01105
-50.10720
-59.48043
-53.72522
-49.15891
-37.57923
-30.19511
-43.44595
-44.65226
-46.51076
-48.74637
-53.45909
-44.53128
-42.34079
-44.75310
-44.16284
-44.71642
-40.89628
-43.09738
-42.37263
-46.19804
-44.51677
-43.66088
-44.33571
-43.54368
-43.67890
-45.41377
-45.45839
-44.47313
-45.74670
-42.74765
-44.46378
-48.82000
-47.11566
-49.52125
-49.55207
-49.58268
-49.54667
-46.69063
-49.84313
-51.11175
-48.88956
-50.02341
-48.72741
-49.56935
-48.17011
-51.88798
-49.44567
-52.38299
-55.71446
-53.40007
-57.58307
-52.84295
-98.73076
-60.60720
-55.27895
-59.73643
-52.08741
-52.64080
-45.12825
-44.38863
-50.26749
-52.44888
-61.70889
-56.99537
-60.28294
-54.36357
-53.89421
-58.63145
-60.94301
-50.95182
-50.28557
-55.26812
-62.27012
-62.49289
-54.22336
-52.92184
-55.77318
-59.63632
-57.96870
-61.32537
-57.45758
-56.20260
-50.22800
-53.50881
-53.03422
-52.44320
-48.67814
-45.79898
-48.39560
-48.01438
-49.22281
-51.84983
-48.57420
-47.47110
-49.59035
-51.63678
-52.62813
-53.97656
-48.52768
-46.61543
-47.97310
-51.34971
-55.20352
-53.02628
-55.69207
-51.45737
-52.49485
-51.62234
-52.16685
-52.94268
-50.57425
-49.32873
-48.40679
-51.96510
-54.20934
-50.54063
-48.31205
-46.18770
-46.03606
-46.37275
-50.10557
-67.73278
-79.21386
-63.64699
-88.92847
-68.42421
-64.93603
-61.16773
-56.03850
-56.13349
-54.15835
-55.59490
-56.50448
-62.12428
-59.86731
-68.71998
-44.52684
-45.54034
-47.44411
-48.87004
-54.99926
-51.35420
-50.97602
-50.39303
-62.57436
-58.23762
-74.98633
-51.53524
-53.58672
-47.07248
-45.84634
-46.24689
-43.81049
-44.75817
-43.94395
-45.87744
-43.88626
-45.29830
-44.31806
-47.85196
-46.47273
-50.06959
-52.07374
-52.43493
-52.19642
-51.92452
-56.61828
-57.56042
-61.33877
-59.85759
-59.39620
-59.04117
-60.09897
-63.03295
-73.00483
-63.02215
-66.32845
-63.37230
-63.42698
-54.82776
-55.54806
-48.71960
-51.46677
-44.92410
-43.21513
-48.88799
-49.26597
-51.23442
-50.48630
-52.51367
-52.29508
-53.59049
-57.46811
-58.62422
-62.27627
-69.62003
-58.32621
-63.66699
-76.65878
-56.37898
-48.04016
-45.25393
-43.17081
-41.46341
-41.06811
-41.94530
-42.68068
-44.00978
-45.39092
-47.99302
-49.22920
-52.37752
-57.50009
-58.71446
-86.40577
-71.06894
-73.08924
-65.65814
-53.96048
-50.20175
-52.70575
-56.67173
-53.74511
-51.38288
-48.88835
-47.61450
-48.82680
-50.62757
-53.28430
-53.00180
-54.54963
-56.67233
-55.37611
-63.69673
-66.46707
-82.21277
-69.40098
-78.84398
-51.77285
-53.85111
-80.48570
-56.01064
-59.60542
-51.35174
-54.14778
-52.94170
-54.17057
-60.14706
-64.32313
-74.68429
-65.40390
-76.63923
-79.61279
-77.42499
-63.81072
-65.83238
-88.45581
-88.61633
-69.43599
-77.99633
-66.47921
-67.20068
-63.90300
-76.94893
-65.09654
-65.92565
-51.85464
-42.49112
-43.98197
-49.71207
-49.81426
-48.78266
-53.81797
-56.29959
-63.07153
-60.60261
-65.31192
-60.37810
-61.74702
-57.64591
-80.04587
-69.53590
-75.53752
-57.19014
-59.84684
-54.03317
-51.97942
-54.39773
-50.37385
-57.89818
-52.82712
-54.28100
-53.62545
-57.43407
-54.42973
-58.33959
-58.12003
-57.56535
-59.01098
-58.50434
-60.64626
-55.19628
-56.93118
-57.97630
-60.88316
-58.95823
-58.95450
-57.78641
-61.18269
-61.49711
-59.31433
-58.91123
-56.56552
-57.32702
-58.83075
-58.35578
-63.14749
-61.30151
-62.56074
-60.29096
-63.55175
-59.56554
-57.01034
-54.71379
-48.88422
-50.34754
-50.08555
-50.14219
-53.46410
-55.41165
-59.14621
-56.70755
-56.40240
-54.48260
-50.96389
-55.92698
-58.97451
-58.75456
-61.69415
-60.50575
-61.84513
-60.40474
-61.70540
-58.88972
-56.50042
-58.92558
-59.71155
-61.78268
-61.66975
-63.27928
-64.22152
-59.86742
-61.74056
-60.15178
-60.00598
-63.84549
-62.79229
-60.29986
-56.65596
-56.72478
-57.27361
-60.73398
-60.06250
-56.69488
-57.63884
-56.32872
-59.42489
-59.56941
-59.70470
-56.89527
-55.41827
-56.69255
-56.43448
-57.48861
-55.99546
-55.35360
-56.00518
-55.66636
-55.27243
-58.29161
-56.10930
-58.62163
-60.85307
-59.16525
-56.49450
-54.70740
-59.73146
-57.31044
-58.32289
-64.02327
-65.66715
-60.70155
-62.30322
-64.34383
-67.54988
-64.23963
-66.64069
-54.76836
-49.32852
-49.79208
-49.17435
-54.67724
-59.95647
-61.70038
-66.98373
-78.79250
-55.86671
-55.83734
-52.49284
-48.86732
-52.50453
-56.68656
-63.12170
-55.40866
-58.05909
-63.28416
-65.65146
-70.75030
-77.90174
-86.07642
-87.69413
-78.87634
-74.16424
-70.09995
-63.26530
-58.99981
-61.16833
-56.42612
-55.34548
-60.31033
-57.89723
-57.76680
-53.47990
-59.32030
-63.74914
-60.07357
-63.71376
-63.45327
-72.30169
-70.69387
-71.35637
-73.34533
-72.77785
-74.07888
-72.95536
-68.19244
-69.82681
-65.54567
-55.86142
-55.91617
-59.05061
-58.96670
-60.78054
-64.48528
-61.68391
-60.07764
-64.75625
-64.77388
-64.90454
-60.91042
-62.76993
-65.07710
-68.97593
-70.33217
-68.12635
-68.05789
-64.84749
-62.23375
-61.99803
-68.44728
-71.54958
-71.76596
-72.77627
-86.26217
-70.42214
-69.41419
-70.74270
-70.28430
-68.07164
-62.39877
-65.50406
-76.24532
-76.61638
-79.25720
-77.31334
-82.83021
-73.89853
-73.18481
-80.99972
-72.58676
-68.45765
-82.66704
-81.48723
-76.28918
-77.79631
-72.17003
-82.22035
-67.83395
-67.59639
-68.09413
-69.89586
-73.27609
-72.15739
-74.31960
-80.44889
-80.07312
-79.66415
-82.12686
-106.93336
-87.42096
-97.22358
-85.43666
-96.99335
-84.13133
-71.11616
-68.00736
-67.46283
-66.90298
-74.43049
-74.53484
-75.91759
-107.57695
-75.83556
-94.49096
-76.45245
-77.25107
-72.55283
-68.54733
-46.75833
-42.94259
-47.77128
-51.20870
-64.90966
-74.77052
-67.51063
-60.47373
-70.66598
-61.21268
-62.98293
-63.39104
-61.15927
-84.71605
-68.06366
-67.65133
-72.72658
-61.36566
-59.95264
-63.22787
-66.80669
-65.44806
-59.27651
-67.09996
-75.07581
-76.16858
-74.16660
-71.99800
-77.10835
-73.69912
-67.44812
-75.28936
-67.08421
-67.67692
-69.06715
-64.36818
-66.97351
-75.35255
-67.12633
-66.26442
-74.42645
-73.61969
-86.98292
-77.63218
-86.16893
-76.37888
-104.20528
-81.19497
-91.46913
-77.74774
-72.83652
-57.25090
-58.25927
-58.65920
-53.42402
-55.34334
-62.24545
-79.24961
-67.59868
-75.17396
-70.45856
-81.99131
-80.14495
-97.93224
-68.42675
-68.60528
-99.47896
-90.74606
-72.53335
-67.28060
-71.24130
-65.11895
-64.06845
-64.39709
-98.13136
-85.70706
-73.09160
-71.36021
-78.97176
-84.47731
-69.28886
-68.30509
-75.36765
-80.09016
-69.85119
-67.71822
-78.04987
-78.01552
-72.42534
-77.52176
-83.67914
-114.15860
-85.80557
-92.58067
-84.13913
-73.52993
-72.96886
-86.22165
-86.22591
-118.49686
-72.04344
-71.67632
-76.25602
-74.58932
-77.96499
-76.16613
-76.65692
-81.54604
-71.26278
-68.91596
-73.22568
-74.91817
-83.11956
-89.42570
-79.60692
-83.69032
-83.51338
-86.12556
-76.35635
-73.97779
-88.19481
-83.14581
-85.13591
-88.05900
-99.17754
-76.64934
-80.80454
-82.89889
-85.49812
-81.38233
-75.89257
-61.05557
-54.19701
-59.72774
-63.13225
-68.32437
-77.89144
-73.78945
-67.97692
-76.98193
-108.42655
-100.90888
-86.91089
-84.13252
-73.77036
-70.98098
-83.94252
-89.72394
-90.86956
-94.91212
-76.22435
-69.71877
-82.37866
-82.52322
-75.35027
-66.70347
-69.77369
-87.51529
-84.14266
-85.92641
-80.55768
-87.24549
-87.68495
-96.33025
-95.53371
-107.83476
-77.56161
-84.78077
-82.31564
-88.07399
-90.33441
-104.11807
-85.98759
-95.23518
-114.43852
-90.52582
-86.56652
-80.76617
-75.67300
-53.22352
-51.24383
-62.45556
-75.02930
-84.92516
-78.18438
-91.08314
-90.02336
-101.32663
-101.63783
-79.40190
-76.49303
-64.14575
-63.85488
-91.96363
-86.38312
-91.63615
-71.27278
-73.01273
-86.62181
-89.76920
-87.69474
-96.22819
-99.24130
-94.95240
-94.08112
-71.68478
-71.18492
-78.49371
-82.44967
-72.72059
-116.06480
-94.70304
-84.02850
-56.27160
-56.82871
-61.86871
-64.91671
-82.41445
-81.69610
-83.97505
-64.61193
-63.99757
-68.52712
-84.92137
-106.02655
-80.07159
-81.85391
-85.46653
-86.60998
-79.08812
-77.95562
-79.45301
-93.88279
-88.39554
-105.04993
-93.27489
-94.62090
-94.06828
-86.48650
-92.18923
-100.51838
-94.66113
-80.25541
-79.13710
-87.25514
-90.04155
-100.35254
-84.48987
-84.11084
-95.70387
-77.01456
-73.74812
-90.84153
-90.54439
-84.57131
-127.88295
-78.66185
-78.72403
-76.48167
-83.19550
-78.92110
-72.77691
-54.62922
-50.17799
-57.90435
-61.68216
-69.98364
-73.21065
-76.66107
-95.48760
-105.56273
-104.64447
-82.30772
-81.92723
-74.98173
-72.04350
-68.73521
-75.40625
-120.30387
-74.63706
-77.39140
-93.60835
-92.22969
-77.53639
-78.52986
-107.80628
-79.41637
-90.47292
-81.44002
-77.56786
-88.53723
-105.65591
-88.52655
-94.85889
-83.02404
-84.00578
-101.57284
-88.20598
-92.43406
-93.42357
-85.36238
-68.51834
-68.30046
-83.32804
-81.32507
-77.53919
-79.70051
-82.43994
-93.17118
-112.26424
-92.89937
-94.99534
-85.22490
-72.40827
-76.19028
-80.10686
-93.66956
-78.58778
-95.34931
-60.24436
-55.49496
-58.75233
-58.35694
-62.43754
-71.49256
-99.66641
-93.20958
-98.85135
-103.09664
-102.58353
-90.77035
-80.12061
-76.77676
-88.22939
-74.48104
-74.51516
-84.36447
-77.13923
-91.98029
-72.49848
-68.67601
-79.10032
-92.54412
-91.93199
-77.27015
-81.16122
-94.91238
-111.21670
-101.39520
-83.32131
-90.82127
-103.63008
-123.67592
-78.24487
-66.87791
-75.79389
-93.17161
-84.53665
-83.12469
-69.54174
-71.75097
-81.02683
-96.73259
-112.89725
-121.18618
-84.75251
-88.83654
-102.94324
-106.88882
-95.00799
-81.88960
-70.34042
-72.56397
-91.49920
-92.33837
-94.55529
-91.13589
-94.86059
-77.16066
-76.18190
-87.44907
-105.11912
-100.86330
-82.03408
-73.92244
-114.81468
-75.72974
-69.70219
-91.26512
-96.49754
-87.19604
-82.67325
-79.87853
-60.63989
-56.17196
-57.63657
-61.45914
-69.72357
-68.79777
-74.27479
-81.55738
-103.68145
-70.68375
-63.33063
-66.55717
-75.18678
-72.82144
-76.91262
-91.10695
-96.61022
-102.22804
-87.55065
-78.12227
-82.71766
-76.09300
-83.58305
-90.17393
-89.07445
-93.16025
-77.14939
-77.30406
-75.23063
-67.74282
-74.66856
-100.25596
-83.04661
-73.66027
-65.84160
-69.64134
-79.35553
-94.97126
-99.51642
-127.44635
-102.69986
-115.13826
-111.87249
-103.19115
-104.15142
-88.77964
-107.98498
-76.31185
-81.33867
-74.01121
-67.89790
-68.27981
-78.82587
-99.15787
-83.39259
-107.49545
-89.40432
-109.64769
-96.68048
-88.42057
-101.11342
-97.10361
-106.75337
-86.54797
-78.03681
-83.53039
-75.81755
-72.55281
-73.52245
-79.30346
-101.02136
-109.58685
-140.32466
-79.93900
-79.86885
-116.51766
-86.55398
-86.45137
-100.89737
-95.13909
-93.35355
-106.21684
-90.31371
-83.40378
-78.21442
-77.90684
-83.03044
-84.04858
-113.04570
-98.01195
-101.65359
-95.36604
-72.80020
-75.86417
-106.12578
-86.33744
-95.99564
-92.69524
-97.45444
-79.08966
-80.82500
-101.99588
-90.75238
-75.00166
-75.91342
-106.08609
-100.35971
-108.49624
-92.02110
-74.96215
-73.38056
-93.64483
-93.52072
-96.90834
-94.72769
-94.63404
-84.76698
-82.14051
-76.23026
-74.72524
-82.49566
-93.92959
-96.02960
-93.37984
-86.10831
-83.83765
-82.50708
-109.33385
-106.69482
-112.58534
-71.47332
-51.72440
-51.27100
-54.27366
-55.40039
-63.73463
-72.10870
-88.13711
-80.17166
-88.06193
-89.28773
-90.98221
-86.45354
-87.78643
-76.05444
-72.21841
-99.49269
-82.53334
-86.98895
-77.05138
-74.43588
-86.59596
-84.05422
-88.70744
-86.60990
-89.68840
-77.08420
-76.58324
-100.45632
-109.48205
-85.27981
-80.37464
-86.43297
-88.93145
-77.64557
-98.00096
-84.53542
-85.22631
-101.17143
-92.68042
-102.87709
-83.65468
-86.02997
-93.78550
-80.54450
-71.28446
-79.57857
-80.29275
-99.90616
-105.71397
-103.64864
-78.75073
-56.25588
-52.60932
-54.78235
-58.38982
-68.84363
-81.07838
-80.25600
-92.95209
-110.29975
-97.51914
-76.26964
-86.85997
-99.10504
-68.91289
-69.19887
-82.90435
-73.25850
-79.82319
-92.69157
-89.50250
-99.54240
-76.55327
-95.96547
-73.53583
-67.94894
-66.93846
-76.18845
-107.17191
-104.41679
-129.77951
-112.13881
-66.80335
-60.75840
-66.27919
-86.29789
-100.17584
-99.69878
-83.78158
-72.81280
-68.48155
-65.58398
-68.66163
-70.13076
-74.66136
-91.13344
-97.02569
-104.12949
-102.58238
-103.73892
-94.61124
-74.77639
-70.53896
-65.65207
-70.08583
-120.60181
-95.81923
-98.75862
-91.03429
-91.49301
-81.50367
-88.89936
-90.74552
-94.93030
-86.16398
-88.47340
-86.99205
-70.56804
-70.23982
-85.46264
-94.94591
-96.50462
-96.61640
-105.73777
-78.70348
-66.87542
-71.57783
-105.93518
-96.76579
-105.72215
-97.04866
-63.29134
-63.67315
-67.37916
-71.07045
-82.53269
-78.80547
-85.48071
-77.92920
-83.85188
-79.85610
-85.09294
-80.47996
-88.79401
-97.55340
-88.88870
-111.55522
-70.07908
-66.30726
-71.16499
-67.63152
-65.12886
-64.55387
-70.74839
-92.21585
-89.10438
-89.90498
-88.80483
-90.57267
-84.84063
-98.40898
-81.08327
-88.19061
-71.53615
-59.20710
-60.58138
-63.14474
-62.68517
-66.73756
-70.86893
-82.56150
-104.13566
-105.85243
-110.40368
-119.80566
-111.81699
-83.11558
-83.06534
-73.60081
-84.29717
-61.69953
-58.32310
-60.66706
-61.43469
-66.24115
-77.21264
-96.22243
-92.49944
-98.32943
-99.19456
-95.44971
-70.92099
-76.89291
-85.10537
-85.36323
-99.01650
-82.21357
-65.98692
-61.49104
-66.45887
-69.53548
-68.43287
-74.24082
-93.59573
-86.37491
-86.82147
-94.51512
-104.55199
-85.23791
-85.19512
-98.92573
-84.05676
-94.21461
-70.72910
-64.96999
-58.88643
-58.59982
-72.18916
-116.00262
-94.83316
-110.23653
-113.97237
-110.17195
-98.84258
-67.91024
-78.84176
-86.63325
-82.94889
-85.50450
-97.90314
-86.39329
-108.68728
-78.25288
-63.14905
-76.56987
-87.43877
-87.73064
-94.77745
-91.23464
-83.48128
-71.39200
-76.44830
-90.59988
-92.38928
-94.38114
-93.22246
-91.28540
-80.59977
-73.65250
-74.64549
-74.87560
-90.11355
-104.22661
-100.50430
-97.58767
-83.84360
-65.61489
-74.70216
-114.14834
-93.96458
-95.46365
-96.75209
-98.17303
-100.64632
-125.08404
-84.69071
-107.38633
-88.49613
-122.08827
-97.42370
-100.51817
-100.51697
-104.90464
-91.70143
-89.29980
-116.17643
-118.67233
-111.98519
-112.78333
-106.61223
-128.91132
-88.41805
-83.30503
-93.36623
-111.57698
-117.19111
-115.25495
-114.56354
-105.88245
-106.07586
-86.56193
-95.16788
-116.84453
-133.85973
-124.24527
-119.14116
-112.07969
-114.69977
-85.27538
-80.90021
-82.64289
-90.65175
-102.60702
-105.34870
-105.93076
-101.95759
-104.12931
-96.82775
-106.31694
-116.28810
-118.03255
-118.13958
-116.62723
-113.63538
-102.12596
-91.88171
-105.85530
-117.41347
-119.74994
-122.51240
-124.14807
-118.41159
-122.68794
-120.71314
-162.15015
-115.50662
-106.20218
-134.78274
-124.95210
-107.37285
-96.73878
-120.64081
-114.99205
-156.32050
-139.40741
-135.03509
-115.84212
-116.88307
-156.85677
-113.72973
-121.95294
-123.36614
-124.21799
-124.94130
-125.67592
-126.48494
-127.40591
-128.46869
-129.70436
-131.15214
-132.86848
-134.94320
-137.53577
-140.97576
-146.14969
-157.77800
-154.27182
-146.50556
-142.99561
-140.91557
-139.58150
-138.70506
-137.89925
